2025-04-30 00:30:21,232 INFO o.s.b.StartupInfoLogger {logStarting} [main] Starting BikeControllerTests using Java 21 on DESKTOP-A2Q7539 with PID 1580 (started by 34618 in C:\Users\34618\Documents\2DAM Gdo. Superior\Acceso a datos 2DAM\hellospring)
2025-04-30 00:30:21,240 INFO o.s.b.SpringApplication {logStartupProfileInfo} [main] The following 1 profile is active: "test"
2025-04-30 00:30:21,261 INFO o.h.v.i.u.Version {<clinit>} [background-preinit] HV000001: Hibernate Validator 6.2.5.Final
2025-04-30 00:30:25,690 INFO o.s.s.w.DefaultSecurityFilterChain {<init>} [main] Will secure any request with [org.springframework.security.web.session.DisableEncodeUrlFilter@1b560eb0, org.springframework.security.web.context.request.async.WebAsyncManagerIntegrationFilter@9e02f84, org.springframework.security.web.context.SecurityContextPersistenceFilter@5b29ab61, org.springframework.security.web.header.HeaderWriterFilter@42fc4ac4, org.springframework.security.web.authentication.logout.LogoutFilter@13250132, org.springframework.security.web.savedrequest.RequestCacheAwareFilter@4b957db0, org.springframework.security.web.servletapi.SecurityContextHolderAwareRequestFilter@5d71b500, org.springframework.security.web.authentication.AnonymousAuthenticationFilter@1e6060f1, org.springframework.security.web.session.SessionManagementFilter@6af609ea, org.springframework.security.web.access.ExceptionTranslationFilter@73bb1337, org.springframework.security.web.access.intercept.FilterSecurityInterceptor@1e76afeb]
2025-04-30 00:30:27,513 INFO o.s.m.w.MockServletContext {log} [main] Initializing Spring TestDispatcherServlet ''
2025-04-30 00:30:27,515 INFO o.s.w.s.FrameworkServlet {initServletBean} [main] Initializing Servlet ''
2025-04-30 00:30:27,524 INFO o.s.w.s.FrameworkServlet {initServletBean} [main] Completed initialization in 7 ms
2025-04-30 00:30:27,634 INFO o.s.b.StartupInfoLogger {logStarted} [main] Started BikeControllerTests in 7.457 seconds (JVM running for 9.019)
2025-04-30 00:30:28,101 INFO c.s.a.c.BikeController {filterBikes} [main] Filtrando bicicletas con parámetros: brand=, model=Alma, color=
2025-04-30 00:30:28,129 INFO c.s.a.c.BikeController {filterBikes} [main] Operación completada: Se obtuvieron 1 bicicletas filtradas
2025-04-30 00:30:28,481 INFO c.s.a.c.BikeController {filterBikes} [main] Filtrando bicicletas con parámetros: brand=Orbea, model=Alma, color=green
2025-04-30 00:30:28,483 INFO c.s.a.c.BikeController {filterBikes} [main] Operación completada: Se obtuvieron 1 bicicletas filtradas
2025-04-30 00:30:28,782 INFO c.s.a.c.BikeController {addBike} [main] BEGIN addBike
2025-04-30 00:30:28,854 INFO c.s.a.c.BikeController {filterBikes} [main] Filtrando bicicletas con parámetros: brand=Orbea, model=, color=
2025-04-30 00:30:28,860 INFO c.s.a.c.BikeController {filterBikes} [main] Operación completada: Se obtuvieron 2 bicicletas filtradas
2025-04-30 00:30:28,883 INFO c.s.a.c.BikeController {addBike} [main] BEGIN addBike
2025-04-30 00:30:28,885 INFO c.s.a.c.BikeController {addBike} [main] END addBike
2025-04-30 00:30:29,002 INFO c.s.a.c.BikeController {filterBikes} [main] Filtrando bicicletas con parámetros: brand=, model=, color=
2025-04-30 00:30:29,004 INFO c.s.a.c.BikeController {filterBikes} [main] Operación completada: Se obtuvieron 3 bicicletas filtradas
2025-04-30 00:30:29,025 INFO c.s.a.c.BikeController {filterBikes} [main] Filtrando bicicletas con parámetros: brand=, model=, color=green
2025-04-30 00:30:29,027 INFO c.s.a.c.BikeController {filterBikes} [main] Operación completada: Se obtuvieron 1 bicicletas filtradas
2025-04-30 00:30:29,051 INFO c.s.a.c.BikeController {getBike} [main] BEGIN getBike
2025-04-30 00:30:29,055 INFO c.s.a.c.BikeController {getBike} [main] END getBike
2025-04-30 00:30:29,164 INFO c.s.a.c.BikeController {removeBike} [main] BEGIN removeBike
2025-04-30 00:30:29,166 INFO c.s.a.c.BikeController {removeBike} [main] END removeBike
2025-04-30 00:30:29,201 INFO c.s.a.c.BikeController {modifyBike} [main] BEGIN modifyBike
2025-04-30 00:30:29,275 INFO c.s.a.c.BikeController {modifyBike} [main] BEGIN modifyBike
2025-04-30 00:30:29,278 INFO c.s.a.c.BikeController {modifyBike} [main] END modifyBike
2025-04-30 00:30:29,299 INFO c.s.a.c.BikeController {removeBike} [main] BEGIN removeBike
2025-04-30 00:30:29,323 INFO c.s.a.c.BikeController {getBike} [main] BEGIN getBike
2025-04-30 00:30:29,831 INFO o.s.t.c.s.AbstractTestContextBootstrapper {buildDefaultMergedContextConfiguration} [main] Neither @ContextConfiguration nor @ContextHierarchy found for test class [com.svalero.apibikes.MechanicControllerTests], using SpringBootContextLoader
2025-04-30 00:30:29,832 INFO o.s.t.c.s.AbstractContextLoader {generateDefaultLocations} [main] Could not detect default resource locations for test class [com.svalero.apibikes.MechanicControllerTests]: no resource found for suffixes {-context.xml, Context.groovy}.
2025-04-30 00:30:29,833 INFO o.s.t.c.s.AnnotationConfigContextLoaderUtils {detectDefaultConfigurationClasses} [main] Could not detect default configuration classes for test class [com.svalero.apibikes.MechanicControllerTests]: MechanicControllerTests does not declare any static, non-private, non-final, nested classes annotated with @Configuration.
2025-04-30 00:30:29,842 INFO o.s.b.t.c.SpringBootTestContextBootstrapper {getOrFindConfigurationClasses} [main] Found @SpringBootConfiguration com.svalero.apibikes.HellospringApplication for test class com.svalero.apibikes.MechanicControllerTests
2025-04-30 00:30:29,844 INFO o.s.t.c.s.AbstractTestContextBootstrapper {getDefaultTestExecutionListenerClassNames} [main] Loaded default TestExecutionListener class names from location [META-INF/spring.factories]: [org.springframework.boot.test.mock.mockito.MockitoTestExecutionListener, org.springframework.boot.test.mock.mockito.ResetMocksTestExecutionListener, org.springframework.boot.test.autoconfigure.restdocs.RestDocsTestExecutionListener, org.springframework.boot.test.autoconfigure.web.client.MockRestServiceServerResetTestExecutionListener, org.springframework.boot.test.autoconfigure.web.servlet.MockMvcPrintOnlyOnFailureTestExecutionListener, org.springframework.boot.test.autoconfigure.web.servlet.WebDriverTestExecutionListener, org.springframework.boot.test.autoconfigure.webservices.client.MockWebServiceServerTestExecutionListener, org.springframework.test.context.web.ServletTestExecutionListener, org.springframework.test.context.support.DirtiesContextBeforeModesTestExecutionListener, org.springframework.test.context.event.ApplicationEventsTestExecutionListener, org.springframework.test.context.support.DependencyInjectionTestExecutionListener, org.springframework.test.context.support.DirtiesContextTestExecutionListener, org.springframework.test.context.transaction.TransactionalTestExecutionListener, org.springframework.test.context.jdbc.SqlScriptsTestExecutionListener, org.springframework.test.context.event.EventPublishingTestExecutionListener]
2025-04-30 00:30:29,845 INFO o.s.t.c.s.AbstractTestContextBootstrapper {getTestExecutionListeners} [main] Using TestExecutionListeners: [org.springframework.test.context.web.ServletTestExecutionListener@1bea7b0, org.springframework.test.context.support.DirtiesContextBeforeModesTestExecutionListener@31433df9, org.springframework.test.context.event.ApplicationEventsTestExecutionListener@2d4a0671, org.springframework.boot.test.mock.mockito.MockitoTestExecutionListener@1ab9c735, org.springframework.boot.test.autoconfigure.SpringBootDependencyInjectionTestExecutionListener@6e4e60f5, org.springframework.test.context.support.DirtiesContextTestExecutionListener@464a3430, org.springframework.test.context.transaction.TransactionalTestExecutionListener@3bcedb06, org.springframework.test.context.jdbc.SqlScriptsTestExecutionListener@6f9a3325, org.springframework.test.context.event.EventPublishingTestExecutionListener@72ceafeb, org.springframework.boot.test.mock.mockito.ResetMocksTestExecutionListener@65b2ee36, org.springframework.boot.test.autoconfigure.restdocs.RestDocsTestExecutionListener@28e91f6d, org.springframework.boot.test.autoconfigure.web.client.MockRestServiceServerResetTestExecutionListener@16d4024e, org.springframework.boot.test.autoconfigure.web.servlet.MockMvcPrintOnlyOnFailureTestExecutionListener@11e24688, org.springframework.boot.test.autoconfigure.web.servlet.WebDriverTestExecutionListener@63d3c9dc, org.springframework.boot.test.autoconfigure.webservices.client.MockWebServiceServerTestExecutionListener@3a1a0bc]
2025-04-30 00:30:29,904 INFO o.s.b.StartupInfoLogger {logStarting} [main] Starting MechanicControllerTests using Java 21 on DESKTOP-A2Q7539 with PID 1580 (started by 34618 in C:\Users\34618\Documents\2DAM Gdo. Superior\Acceso a datos 2DAM\hellospring)
2025-04-30 00:30:29,905 INFO o.s.b.SpringApplication {logStartupProfileInfo} [main] The following 1 profile is active: "test"
2025-04-30 00:30:30,444 INFO o.s.s.w.DefaultSecurityFilterChain {<init>} [main] Will secure any request with [org.springframework.security.web.session.DisableEncodeUrlFilter@5dba3fdc, org.springframework.security.web.context.request.async.WebAsyncManagerIntegrationFilter@bea5941, org.springframework.security.web.context.SecurityContextPersistenceFilter@ab4d2ba, org.springframework.security.web.header.HeaderWriterFilter@270f7b4d, org.springframework.security.web.authentication.logout.LogoutFilter@278cb145, org.springframework.security.web.savedrequest.RequestCacheAwareFilter@39f68aec, org.springframework.security.web.servletapi.SecurityContextHolderAwareRequestFilter@65ff4b8c, org.springframework.security.web.authentication.AnonymousAuthenticationFilter@df6f19b, org.springframework.security.web.session.SessionManagementFilter@56b704ea, org.springframework.security.web.access.ExceptionTranslationFilter@103478b8, org.springframework.security.web.access.intercept.FilterSecurityInterceptor@70421a08]
2025-04-30 00:30:33,472 INFO o.s.m.w.MockServletContext {log} [main] Initializing Spring TestDispatcherServlet ''
2025-04-30 00:30:33,474 INFO o.s.w.s.FrameworkServlet {initServletBean} [main] Initializing Servlet ''
2025-04-30 00:30:33,477 INFO o.s.w.s.FrameworkServlet {initServletBean} [main] Completed initialization in 2 ms
2025-04-30 00:30:33,538 INFO o.s.b.StartupInfoLogger {logStarted} [main] Started MechanicControllerTests in 3.688 seconds (JVM running for 14.923)
2025-04-30 00:30:33,589 INFO c.s.a.c.MechanicController {filtermechanics} [main] BEGIN getAll
2025-04-30 00:30:33,591 INFO c.s.a.c.MechanicController {filtermechanics} [main] END getAll
2025-04-30 00:30:33,721 INFO c.s.a.c.MechanicController {modifyMechanic} [main] BEGIN modifyMechanic
2025-04-30 00:30:33,725 INFO c.s.a.c.MechanicController {modifyMechanic} [main] END modifyMechanic
2025-04-30 00:30:33,767 INFO c.s.a.c.MechanicController {filtermechanics} [main] BEGIN getAll
2025-04-30 00:30:33,771 INFO c.s.a.c.MechanicController {filtermechanics} [main] END getAll
2025-04-30 00:30:33,795 INFO c.s.a.c.MechanicController {getMechanic} [main] BEGIN getMechanic
2025-04-30 00:30:33,834 INFO c.s.a.c.MechanicController {filtermechanics} [main] BEGIN getAll
2025-04-30 00:30:33,843 INFO c.s.a.c.MechanicController {filtermechanics} [main] END getAll
2025-04-30 00:30:33,862 INFO c.s.a.c.MechanicController {removeMechanic} [main] BEGIN removeMechanic
2025-04-30 00:30:33,867 INFO c.s.a.c.MechanicController {removeMechanic} [main] END removeMechanic
2025-04-30 00:30:33,945 INFO c.s.a.c.MechanicController {addMechanic} [main] BEGIN addMechanic
2025-04-30 00:30:33,948 INFO c.s.a.c.MechanicController {addMechanic} [main] END addMechanic
2025-04-30 00:30:33,969 INFO c.s.a.c.MechanicController {getMechanic} [main] BEGIN getMechanic
2025-04-30 00:30:33,973 INFO c.s.a.c.MechanicController {getMechanic} [main] END getMechanic
2025-04-30 00:30:34,008 INFO c.s.a.c.MechanicController {modifyMechanic} [main] BEGIN modifyMechanic
2025-04-30 00:30:34,027 INFO c.s.a.c.MechanicController {filtermechanics} [main] BEGIN getAll
2025-04-30 00:30:34,029 INFO c.s.a.c.MechanicController {filtermechanics} [main] END getAll
2025-04-30 00:30:34,046 INFO c.s.a.c.MechanicController {removeMechanic} [main] BEGIN removeMechanic
2025-04-30 00:30:34,064 INFO c.s.a.c.MechanicController {filtermechanics} [main] BEGIN getAll
2025-04-30 00:30:34,065 INFO c.s.a.c.MechanicController {filtermechanics} [main] END getAll
2025-04-30 00:30:34,212 INFO o.s.t.c.s.AbstractTestContextBootstrapper {buildDefaultMergedContextConfiguration} [main] Neither @ContextConfiguration nor @ContextHierarchy found for test class [com.svalero.apibikes.UserControllerTests], using SpringBootContextLoader
2025-04-30 00:30:34,215 INFO o.s.t.c.s.AbstractContextLoader {generateDefaultLocations} [main] Could not detect default resource locations for test class [com.svalero.apibikes.UserControllerTests]: no resource found for suffixes {-context.xml, Context.groovy}.
2025-04-30 00:30:34,215 INFO o.s.t.c.s.AnnotationConfigContextLoaderUtils {detectDefaultConfigurationClasses} [main] Could not detect default configuration classes for test class [com.svalero.apibikes.UserControllerTests]: UserControllerTests does not declare any static, non-private, non-final, nested classes annotated with @Configuration.
2025-04-30 00:30:34,227 INFO o.s.b.t.c.SpringBootTestContextBootstrapper {getOrFindConfigurationClasses} [main] Found @SpringBootConfiguration com.svalero.apibikes.HellospringApplication for test class com.svalero.apibikes.UserControllerTests
2025-04-30 00:30:34,228 INFO o.s.t.c.s.AbstractTestContextBootstrapper {getDefaultTestExecutionListenerClassNames} [main] Loaded default TestExecutionListener class names from location [META-INF/spring.factories]: [org.springframework.boot.test.mock.mockito.MockitoTestExecutionListener, org.springframework.boot.test.mock.mockito.ResetMocksTestExecutionListener, org.springframework.boot.test.autoconfigure.restdocs.RestDocsTestExecutionListener, org.springframework.boot.test.autoconfigure.web.client.MockRestServiceServerResetTestExecutionListener, org.springframework.boot.test.autoconfigure.web.servlet.MockMvcPrintOnlyOnFailureTestExecutionListener, org.springframework.boot.test.autoconfigure.web.servlet.WebDriverTestExecutionListener, org.springframework.boot.test.autoconfigure.webservices.client.MockWebServiceServerTestExecutionListener, org.springframework.test.context.web.ServletTestExecutionListener, org.springframework.test.context.support.DirtiesContextBeforeModesTestExecutionListener, org.springframework.test.context.event.ApplicationEventsTestExecutionListener, org.springframework.test.context.support.DependencyInjectionTestExecutionListener, org.springframework.test.context.support.DirtiesContextTestExecutionListener, org.springframework.test.context.transaction.TransactionalTestExecutionListener, org.springframework.test.context.jdbc.SqlScriptsTestExecutionListener, org.springframework.test.context.event.EventPublishingTestExecutionListener]
2025-04-30 00:30:34,229 INFO o.s.t.c.s.AbstractTestContextBootstrapper {getTestExecutionListeners} [main] Using TestExecutionListeners: [org.springframework.test.context.web.ServletTestExecutionListener@3c1908c8, org.springframework.test.context.support.DirtiesContextBeforeModesTestExecutionListener@6bc62bb9, org.springframework.test.context.event.ApplicationEventsTestExecutionListener@47f0e078, org.springframework.boot.test.mock.mockito.MockitoTestExecutionListener@28db2afb, org.springframework.boot.test.autoconfigure.SpringBootDependencyInjectionTestExecutionListener@5c703860, org.springframework.test.context.support.DirtiesContextTestExecutionListener@6315bb4, org.springframework.test.context.transaction.TransactionalTestExecutionListener@4682882a, org.springframework.test.context.jdbc.SqlScriptsTestExecutionListener@37fffef3, org.springframework.test.context.event.EventPublishingTestExecutionListener@6a116354, org.springframework.boot.test.mock.mockito.ResetMocksTestExecutionListener@66716959, org.springframework.boot.test.autoconfigure.restdocs.RestDocsTestExecutionListener@34e07e65, org.springframework.boot.test.autoconfigure.web.client.MockRestServiceServerResetTestExecutionListener@7ca0166c, org.springframework.boot.test.autoconfigure.web.servlet.MockMvcPrintOnlyOnFailureTestExecutionListener@1dcad16f, org.springframework.boot.test.autoconfigure.web.servlet.WebDriverTestExecutionListener@701c482e, org.springframework.boot.test.autoconfigure.webservices.client.MockWebServiceServerTestExecutionListener@4738131e]
2025-04-30 00:30:34,260 INFO o.s.b.StartupInfoLogger {logStarting} [main] Starting UserControllerTests using Java 21 on DESKTOP-A2Q7539 with PID 1580 (started by 34618 in C:\Users\34618\Documents\2DAM Gdo. Superior\Acceso a datos 2DAM\hellospring)
2025-04-30 00:30:34,261 INFO o.s.b.SpringApplication {logStartupProfileInfo} [main] The following 1 profile is active: "test"
2025-04-30 00:30:34,648 INFO o.s.s.w.DefaultSecurityFilterChain {<init>} [main] Will secure any request with [org.springframework.security.web.session.DisableEncodeUrlFilter@51172948, org.springframework.security.web.context.request.async.WebAsyncManagerIntegrationFilter@6f2a3b37, org.springframework.security.web.context.SecurityContextPersistenceFilter@69ac5752, org.springframework.security.web.header.HeaderWriterFilter@5a58db42, org.springframework.security.web.authentication.logout.LogoutFilter@3df6494f, org.springframework.security.web.savedrequest.RequestCacheAwareFilter@1736273c, org.springframework.security.web.servletapi.SecurityContextHolderAwareRequestFilter@ba86c53, org.springframework.security.web.authentication.AnonymousAuthenticationFilter@323b0632, org.springframework.security.web.session.SessionManagementFilter@217fd3c, org.springframework.security.web.access.ExceptionTranslationFilter@2aaa89c2, org.springframework.security.web.access.intercept.FilterSecurityInterceptor@361f1647]
2025-04-30 00:30:34,979 INFO o.s.m.w.MockServletContext {log} [main] Initializing Spring TestDispatcherServlet ''
2025-04-30 00:30:34,979 INFO o.s.w.s.FrameworkServlet {initServletBean} [main] Initializing Servlet ''
2025-04-30 00:30:34,980 INFO o.s.w.s.FrameworkServlet {initServletBean} [main] Completed initialization in 0 ms
2025-04-30 00:30:34,994 INFO o.s.b.StartupInfoLogger {logStarted} [main] Started UserControllerTests in 0.762 seconds (JVM running for 16.379)
2025-04-30 00:30:35,004 INFO c.s.a.c.UserController {getUser} [main] BEGIN getUser
2025-04-30 00:30:35,016 INFO c.s.a.c.UserController {filterusers} [main] BEGIN getAll
2025-04-30 00:30:35,017 INFO c.s.a.c.UserController {filterusers} [main] END getAll
2025-04-30 00:30:35,047 INFO c.s.a.c.UserController {filterusers} [main] BEGIN getAll
2025-04-30 00:30:35,049 INFO c.s.a.c.UserController {filterusers} [main] END getAll
2025-04-30 00:30:35,056 INFO c.s.a.c.UserController {filterusers} [main] BEGIN getAll
2025-04-30 00:30:35,057 INFO c.s.a.c.UserController {filterusers} [main] END getAll
2025-04-30 00:30:35,084 INFO c.s.a.c.UserController {removeUser} [main] BEGIN removeUser
2025-04-30 00:30:35,085 INFO c.s.a.c.UserController {removeUser} [main] END removeUser
2025-04-30 00:30:35,094 INFO c.s.a.c.UserController {getUser} [main] BEGIN getUser
2025-04-30 00:30:35,095 INFO c.s.a.c.UserController {getUser} [main] END getUser
2025-04-30 00:30:35,115 INFO c.s.a.c.UserController {modifyUser} [main] BEGIN modifyUser
2025-04-30 00:30:35,124 INFO c.s.a.c.UserController {filterusers} [main] BEGIN getAll
2025-04-30 00:30:35,125 INFO c.s.a.c.UserController {filterusers} [main] END getAll
2025-04-30 00:30:35,132 INFO c.s.a.c.UserController {filterusers} [main] BEGIN getAll
2025-04-30 00:30:35,132 INFO c.s.a.c.UserController {filterusers} [main] END getAll
2025-04-30 00:30:35,141 INFO c.s.a.c.UserController {modifyUser} [main] BEGIN modifyUser
2025-04-30 00:30:35,142 INFO c.s.a.c.UserController {modifyUser} [main] END modifyUser
2025-04-30 00:30:35,150 INFO c.s.a.c.UserController {removeUser} [main] BEGIN removeUser
2025-04-30 01:10:31,642 INFO o.s.b.StartupInfoLogger {logStarting} [main] Starting BikeControllerTests using Java 21 on DESKTOP-A2Q7539 with PID 2984 (started by 34618 in C:\Users\34618\Documents\2DAM Gdo. Superior\Acceso a datos 2DAM\hellospring)
2025-04-30 01:10:31,649 INFO o.s.b.SpringApplication {logStartupProfileInfo} [main] The following 1 profile is active: "test"
2025-04-30 01:10:31,722 INFO o.h.v.i.u.Version {<clinit>} [background-preinit] HV000001: Hibernate Validator 6.2.5.Final
2025-04-30 01:10:35,443 INFO o.s.s.w.DefaultSecurityFilterChain {<init>} [main] Will secure any request with [org.springframework.security.web.session.DisableEncodeUrlFilter@2db86a7c, org.springframework.security.web.context.request.async.WebAsyncManagerIntegrationFilter@261f359f, org.springframework.security.web.context.SecurityContextPersistenceFilter@56a4abd0, org.springframework.security.web.header.HeaderWriterFilter@3757e8e2, org.springframework.security.web.authentication.logout.LogoutFilter@18dcb8a7, org.springframework.security.web.savedrequest.RequestCacheAwareFilter@551be9f6, org.springframework.security.web.servletapi.SecurityContextHolderAwareRequestFilter@269222ae, org.springframework.security.web.authentication.AnonymousAuthenticationFilter@5b02a984, org.springframework.security.web.session.SessionManagementFilter@4a642e4b, org.springframework.security.web.access.ExceptionTranslationFilter@14b275bd, org.springframework.security.web.access.intercept.FilterSecurityInterceptor@39023dbf]
2025-04-30 01:10:37,747 INFO o.s.m.w.MockServletContext {log} [main] Initializing Spring TestDispatcherServlet ''
2025-04-30 01:10:37,749 INFO o.s.w.s.FrameworkServlet {initServletBean} [main] Initializing Servlet ''
2025-04-30 01:10:37,755 INFO o.s.w.s.FrameworkServlet {initServletBean} [main] Completed initialization in 4 ms
2025-04-30 01:10:37,866 INFO o.s.b.StartupInfoLogger {logStarted} [main] Started BikeControllerTests in 8.182 seconds (JVM running for 9.852)
2025-04-30 01:10:38,333 INFO c.s.a.c.BikeController {filterBikes} [main] Filtrando bicicletas con parámetros: brand=, model=Alma, color=
2025-04-30 01:10:38,347 INFO c.s.a.c.BikeController {filterBikes} [main] Operación completada: Se obtuvieron 1 bicicletas filtradas
2025-04-30 01:10:38,653 INFO c.s.a.c.BikeController {filterBikes} [main] Filtrando bicicletas con parámetros: brand=Orbea, model=Alma, color=green
2025-04-30 01:10:38,656 INFO c.s.a.c.BikeController {filterBikes} [main] Operación completada: Se obtuvieron 1 bicicletas filtradas
2025-04-30 01:10:39,039 INFO c.s.a.c.BikeController {addBike} [main] BEGIN addBike
2025-04-30 01:10:39,074 INFO c.s.a.c.BikeController {filterBikes} [main] Filtrando bicicletas con parámetros: brand=Orbea, model=, color=
2025-04-30 01:10:39,076 INFO c.s.a.c.BikeController {filterBikes} [main] Operación completada: Se obtuvieron 2 bicicletas filtradas
2025-04-30 01:10:39,094 INFO c.s.a.c.BikeController {addBike} [main] BEGIN addBike
2025-04-30 01:10:39,096 INFO c.s.a.c.BikeController {addBike} [main] END addBike
2025-04-30 01:10:39,166 INFO c.s.a.c.BikeController {filterBikes} [main] Filtrando bicicletas con parámetros: brand=, model=, color=
2025-04-30 01:10:39,167 INFO c.s.a.c.BikeController {filterBikes} [main] Operación completada: Se obtuvieron 3 bicicletas filtradas
2025-04-30 01:10:39,178 INFO c.s.a.c.BikeController {filterBikes} [main] Filtrando bicicletas con parámetros: brand=, model=, color=green
2025-04-30 01:10:39,180 INFO c.s.a.c.BikeController {filterBikes} [main] Operación completada: Se obtuvieron 1 bicicletas filtradas
2025-04-30 01:10:39,195 INFO c.s.a.c.BikeController {getBike} [main] BEGIN getBike
2025-04-30 01:10:39,196 INFO c.s.a.c.BikeController {getBike} [main] END getBike
2025-04-30 01:10:39,250 INFO c.s.a.c.BikeController {removeBike} [main] BEGIN removeBike
2025-04-30 01:10:39,252 INFO c.s.a.c.BikeController {removeBike} [main] END removeBike
2025-04-30 01:10:39,280 INFO c.s.a.c.BikeController {modifyBike} [main] BEGIN modifyBike
2025-04-30 01:10:39,329 INFO c.s.a.c.BikeController {modifyBike} [main] BEGIN modifyBike
2025-04-30 01:10:39,331 INFO c.s.a.c.BikeController {modifyBike} [main] END modifyBike
2025-04-30 01:10:39,348 INFO c.s.a.c.BikeController {removeBike} [main] BEGIN removeBike
2025-04-30 01:10:39,362 INFO c.s.a.c.BikeController {getBike} [main] BEGIN getBike
2025-04-30 01:10:39,817 INFO o.s.t.c.s.AbstractTestContextBootstrapper {buildDefaultMergedContextConfiguration} [main] Neither @ContextConfiguration nor @ContextHierarchy found for test class [com.svalero.apibikes.MechanicControllerTests], using SpringBootContextLoader
2025-04-30 01:10:39,819 INFO o.s.t.c.s.AbstractContextLoader {generateDefaultLocations} [main] Could not detect default resource locations for test class [com.svalero.apibikes.MechanicControllerTests]: no resource found for suffixes {-context.xml, Context.groovy}.
2025-04-30 01:10:39,820 INFO o.s.t.c.s.AnnotationConfigContextLoaderUtils {detectDefaultConfigurationClasses} [main] Could not detect default configuration classes for test class [com.svalero.apibikes.MechanicControllerTests]: MechanicControllerTests does not declare any static, non-private, non-final, nested classes annotated with @Configuration.
2025-04-30 01:10:39,830 INFO o.s.b.t.c.SpringBootTestContextBootstrapper {getOrFindConfigurationClasses} [main] Found @SpringBootConfiguration com.svalero.apibikes.HellospringApplication for test class com.svalero.apibikes.MechanicControllerTests
2025-04-30 01:10:39,831 INFO o.s.t.c.s.AbstractTestContextBootstrapper {getDefaultTestExecutionListenerClassNames} [main] Loaded default TestExecutionListener class names from location [META-INF/spring.factories]: [org.springframework.boot.test.mock.mockito.MockitoTestExecutionListener, org.springframework.boot.test.mock.mockito.ResetMocksTestExecutionListener, org.springframework.boot.test.autoconfigure.restdocs.RestDocsTestExecutionListener, org.springframework.boot.test.autoconfigure.web.client.MockRestServiceServerResetTestExecutionListener, org.springframework.boot.test.autoconfigure.web.servlet.MockMvcPrintOnlyOnFailureTestExecutionListener, org.springframework.boot.test.autoconfigure.web.servlet.WebDriverTestExecutionListener, org.springframework.boot.test.autoconfigure.webservices.client.MockWebServiceServerTestExecutionListener, org.springframework.test.context.web.ServletTestExecutionListener, org.springframework.test.context.support.DirtiesContextBeforeModesTestExecutionListener, org.springframework.test.context.event.ApplicationEventsTestExecutionListener, org.springframework.test.context.support.DependencyInjectionTestExecutionListener, org.springframework.test.context.support.DirtiesContextTestExecutionListener, org.springframework.test.context.transaction.TransactionalTestExecutionListener, org.springframework.test.context.jdbc.SqlScriptsTestExecutionListener, org.springframework.test.context.event.EventPublishingTestExecutionListener]
2025-04-30 01:10:39,832 INFO o.s.t.c.s.AbstractTestContextBootstrapper {getTestExecutionListeners} [main] Using TestExecutionListeners: [org.springframework.test.context.web.ServletTestExecutionListener@574218f, org.springframework.test.context.support.DirtiesContextBeforeModesTestExecutionListener@735988cf, org.springframework.test.context.event.ApplicationEventsTestExecutionListener@2d3eecda, org.springframework.boot.test.mock.mockito.MockitoTestExecutionListener@236a4d30, org.springframework.boot.test.autoconfigure.SpringBootDependencyInjectionTestExecutionListener@736788b, org.springframework.test.context.support.DirtiesContextTestExecutionListener@38968752, org.springframework.test.context.transaction.TransactionalTestExecutionListener@6294e4a6, org.springframework.test.context.jdbc.SqlScriptsTestExecutionListener@13662609, org.springframework.test.context.event.EventPublishingTestExecutionListener@27a0e6ce, org.springframework.boot.test.mock.mockito.ResetMocksTestExecutionListener@2b80497f, org.springframework.boot.test.autoconfigure.restdocs.RestDocsTestExecutionListener@6ef4297d, org.springframework.boot.test.autoconfigure.web.client.MockRestServiceServerResetTestExecutionListener@4c000cc4, org.springframework.boot.test.autoconfigure.web.servlet.MockMvcPrintOnlyOnFailureTestExecutionListener@6c36051c, org.springframework.boot.test.autoconfigure.web.servlet.WebDriverTestExecutionListener@45d46254, org.springframework.boot.test.autoconfigure.webservices.client.MockWebServiceServerTestExecutionListener@a240452]
2025-04-30 01:10:39,912 INFO o.s.b.StartupInfoLogger {logStarting} [main] Starting MechanicControllerTests using Java 21 on DESKTOP-A2Q7539 with PID 2984 (started by 34618 in C:\Users\34618\Documents\2DAM Gdo. Superior\Acceso a datos 2DAM\hellospring)
2025-04-30 01:10:39,913 INFO o.s.b.SpringApplication {logStartupProfileInfo} [main] The following 1 profile is active: "test"
2025-04-30 01:10:40,438 INFO o.s.s.w.DefaultSecurityFilterChain {<init>} [main] Will secure any request with [org.springframework.security.web.session.DisableEncodeUrlFilter@505a8582, org.springframework.security.web.context.request.async.WebAsyncManagerIntegrationFilter@57afe44b, org.springframework.security.web.context.SecurityContextPersistenceFilter@4a5fab78, org.springframework.security.web.header.HeaderWriterFilter@399c408c, org.springframework.security.web.authentication.logout.LogoutFilter@34f48d1, org.springframework.security.web.savedrequest.RequestCacheAwareFilter@77a85e76, org.springframework.security.web.servletapi.SecurityContextHolderAwareRequestFilter@2cebf82f, org.springframework.security.web.authentication.AnonymousAuthenticationFilter@18887028, org.springframework.security.web.session.SessionManagementFilter@99223ac, org.springframework.security.web.access.ExceptionTranslationFilter@543d2ef3, org.springframework.security.web.access.intercept.FilterSecurityInterceptor@69ab2d6a]
2025-04-30 01:10:40,829 INFO o.s.m.w.MockServletContext {log} [main] Initializing Spring TestDispatcherServlet ''
2025-04-30 01:10:40,829 INFO o.s.w.s.FrameworkServlet {initServletBean} [main] Initializing Servlet ''
2025-04-30 01:10:40,831 INFO o.s.w.s.FrameworkServlet {initServletBean} [main] Completed initialization in 1 ms
2025-04-30 01:10:40,847 INFO o.s.b.StartupInfoLogger {logStarted} [main] Started MechanicControllerTests in 1.012 seconds (JVM running for 12.833)
2025-04-30 01:10:40,859 INFO c.s.a.c.MechanicController {filtermechanics} [main] BEGIN getAll
2025-04-30 01:10:40,861 INFO c.s.a.c.MechanicController {filtermechanics} [main] END getAll
2025-04-30 01:10:40,893 INFO c.s.a.c.MechanicController {modifyMechanic} [main] BEGIN modifyMechanic
2025-04-30 01:10:40,894 INFO c.s.a.c.MechanicController {modifyMechanic} [main] END modifyMechanic
2025-04-30 01:10:40,904 INFO c.s.a.c.MechanicController {filtermechanics} [main] BEGIN getAll
2025-04-30 01:10:40,905 INFO c.s.a.c.MechanicController {filtermechanics} [main] END getAll
2025-04-30 01:10:40,915 INFO c.s.a.c.MechanicController {getMechanic} [main] BEGIN getMechanic
2025-04-30 01:10:40,930 INFO c.s.a.c.MechanicController {filtermechanics} [main] BEGIN getAll
2025-04-30 01:10:40,931 INFO c.s.a.c.MechanicController {filtermechanics} [main] END getAll
2025-04-30 01:10:40,938 INFO c.s.a.c.MechanicController {removeMechanic} [main] BEGIN removeMechanic
2025-04-30 01:10:40,939 INFO c.s.a.c.MechanicController {removeMechanic} [main] END removeMechanic
2025-04-30 01:10:40,964 INFO c.s.a.c.MechanicController {addMechanic} [main] BEGIN addMechanic
2025-04-30 01:10:40,965 INFO c.s.a.c.MechanicController {addMechanic} [main] END addMechanic
2025-04-30 01:10:40,972 INFO c.s.a.c.MechanicController {getMechanic} [main] BEGIN getMechanic
2025-04-30 01:10:40,974 INFO c.s.a.c.MechanicController {getMechanic} [main] END getMechanic
2025-04-30 01:10:40,989 INFO c.s.a.c.MechanicController {modifyMechanic} [main] BEGIN modifyMechanic
2025-04-30 01:10:40,998 INFO c.s.a.c.MechanicController {filtermechanics} [main] BEGIN getAll
2025-04-30 01:10:40,999 INFO c.s.a.c.MechanicController {filtermechanics} [main] END getAll
2025-04-30 01:10:41,006 INFO c.s.a.c.MechanicController {removeMechanic} [main] BEGIN removeMechanic
2025-04-30 01:10:41,015 INFO c.s.a.c.MechanicController {filtermechanics} [main] BEGIN getAll
2025-04-30 01:10:41,016 INFO c.s.a.c.MechanicController {filtermechanics} [main] END getAll
2025-04-30 01:10:41,122 INFO o.s.t.c.s.AbstractTestContextBootstrapper {buildDefaultMergedContextConfiguration} [main] Neither @ContextConfiguration nor @ContextHierarchy found for test class [com.svalero.apibikes.UserControllerTests], using SpringBootContextLoader
2025-04-30 01:10:41,123 INFO o.s.t.c.s.AbstractContextLoader {generateDefaultLocations} [main] Could not detect default resource locations for test class [com.svalero.apibikes.UserControllerTests]: no resource found for suffixes {-context.xml, Context.groovy}.
2025-04-30 01:10:41,124 INFO o.s.t.c.s.AnnotationConfigContextLoaderUtils {detectDefaultConfigurationClasses} [main] Could not detect default configuration classes for test class [com.svalero.apibikes.UserControllerTests]: UserControllerTests does not declare any static, non-private, non-final, nested classes annotated with @Configuration.
2025-04-30 01:10:41,132 INFO o.s.b.t.c.SpringBootTestContextBootstrapper {getOrFindConfigurationClasses} [main] Found @SpringBootConfiguration com.svalero.apibikes.HellospringApplication for test class com.svalero.apibikes.UserControllerTests
2025-04-30 01:10:41,134 INFO o.s.t.c.s.AbstractTestContextBootstrapper {getDefaultTestExecutionListenerClassNames} [main] Loaded default TestExecutionListener class names from location [META-INF/spring.factories]: [org.springframework.boot.test.mock.mockito.MockitoTestExecutionListener, org.springframework.boot.test.mock.mockito.ResetMocksTestExecutionListener, org.springframework.boot.test.autoconfigure.restdocs.RestDocsTestExecutionListener, org.springframework.boot.test.autoconfigure.web.client.MockRestServiceServerResetTestExecutionListener, org.springframework.boot.test.autoconfigure.web.servlet.MockMvcPrintOnlyOnFailureTestExecutionListener, org.springframework.boot.test.autoconfigure.web.servlet.WebDriverTestExecutionListener, org.springframework.boot.test.autoconfigure.webservices.client.MockWebServiceServerTestExecutionListener, org.springframework.test.context.web.ServletTestExecutionListener, org.springframework.test.context.support.DirtiesContextBeforeModesTestExecutionListener, org.springframework.test.context.event.ApplicationEventsTestExecutionListener, org.springframework.test.context.support.DependencyInjectionTestExecutionListener, org.springframework.test.context.support.DirtiesContextTestExecutionListener, org.springframework.test.context.transaction.TransactionalTestExecutionListener, org.springframework.test.context.jdbc.SqlScriptsTestExecutionListener, org.springframework.test.context.event.EventPublishingTestExecutionListener]
2025-04-30 01:10:41,135 INFO o.s.t.c.s.AbstractTestContextBootstrapper {getTestExecutionListeners} [main] Using TestExecutionListeners: [org.springframework.test.context.web.ServletTestExecutionListener@41bbb219, org.springframework.test.context.support.DirtiesContextBeforeModesTestExecutionListener@3f2ae973, org.springframework.test.context.event.ApplicationEventsTestExecutionListener@1a8b22b5, org.springframework.boot.test.mock.mockito.MockitoTestExecutionListener@5f781173, org.springframework.boot.test.autoconfigure.SpringBootDependencyInjectionTestExecutionListener@43cf5bff, org.springframework.test.context.support.DirtiesContextTestExecutionListener@2b464384, org.springframework.test.context.transaction.TransactionalTestExecutionListener@681b42d3, org.springframework.test.context.jdbc.SqlScriptsTestExecutionListener@77f7352a, org.springframework.test.context.event.EventPublishingTestExecutionListener@4ede8888, org.springframework.boot.test.mock.mockito.ResetMocksTestExecutionListener@571db8b4, org.springframework.boot.test.autoconfigure.restdocs.RestDocsTestExecutionListener@65a2755e, org.springframework.boot.test.autoconfigure.web.client.MockRestServiceServerResetTestExecutionListener@2b3242a5, org.springframework.boot.test.autoconfigure.web.servlet.MockMvcPrintOnlyOnFailureTestExecutionListener@11120583, org.springframework.boot.test.autoconfigure.web.servlet.WebDriverTestExecutionListener@2bf0c70d, org.springframework.boot.test.autoconfigure.webservices.client.MockWebServiceServerTestExecutionListener@5d8e4fa8]
2025-04-30 01:10:41,168 INFO o.s.b.StartupInfoLogger {logStarting} [main] Starting UserControllerTests using Java 21 on DESKTOP-A2Q7539 with PID 2984 (started by 34618 in C:\Users\34618\Documents\2DAM Gdo. Superior\Acceso a datos 2DAM\hellospring)
2025-04-30 01:10:41,168 INFO o.s.b.SpringApplication {logStartupProfileInfo} [main] The following 1 profile is active: "test"
2025-04-30 01:10:41,938 INFO o.s.s.w.DefaultSecurityFilterChain {<init>} [main] Will secure any request with [org.springframework.security.web.session.DisableEncodeUrlFilter@582ea164, org.springframework.security.web.context.request.async.WebAsyncManagerIntegrationFilter@2fccf49e, org.springframework.security.web.context.SecurityContextPersistenceFilter@55317c63, org.springframework.security.web.header.HeaderWriterFilter@4dd752e8, org.springframework.security.web.authentication.logout.LogoutFilter@5d94ac8a, org.springframework.security.web.savedrequest.RequestCacheAwareFilter@35d81657, org.springframework.security.web.servletapi.SecurityContextHolderAwareRequestFilter@42ef5216, org.springframework.security.web.authentication.AnonymousAuthenticationFilter@7abcc0da, org.springframework.security.web.session.SessionManagementFilter@62c46e53, org.springframework.security.web.access.ExceptionTranslationFilter@7582a16b, org.springframework.security.web.access.intercept.FilterSecurityInterceptor@2bc8caa7]
2025-04-30 01:10:42,700 INFO o.s.m.w.MockServletContext {log} [main] Initializing Spring TestDispatcherServlet ''
2025-04-30 01:10:42,700 INFO o.s.w.s.FrameworkServlet {initServletBean} [main] Initializing Servlet ''
2025-04-30 01:10:42,703 INFO o.s.w.s.FrameworkServlet {initServletBean} [main] Completed initialization in 2 ms
2025-04-30 01:10:42,743 INFO o.s.b.StartupInfoLogger {logStarted} [main] Started UserControllerTests in 1.603 seconds (JVM running for 14.728)
2025-04-30 01:10:42,765 INFO c.s.a.c.UserController {getUser} [main] BEGIN getUser
2025-04-30 01:10:42,794 INFO c.s.a.c.UserController {filterusers} [main] BEGIN getAll
2025-04-30 01:10:42,796 INFO c.s.a.c.UserController {filterusers} [main] END getAll
2025-04-30 01:10:42,876 INFO c.s.a.c.UserController {filterusers} [main] BEGIN getAll
2025-04-30 01:10:42,879 INFO c.s.a.c.UserController {filterusers} [main] END getAll
2025-04-30 01:10:42,896 INFO c.s.a.c.UserController {filterusers} [main] BEGIN getAll
2025-04-30 01:10:42,898 INFO c.s.a.c.UserController {filterusers} [main] END getAll
2025-04-30 01:10:42,958 INFO c.s.a.c.UserController {removeUser} [main] BEGIN removeUser
2025-04-30 01:10:42,962 INFO c.s.a.c.UserController {removeUser} [main] END removeUser
2025-04-30 01:10:42,975 INFO c.s.a.c.UserController {getUser} [main] BEGIN getUser
2025-04-30 01:10:42,980 INFO c.s.a.c.UserController {getUser} [main] END getUser
2025-04-30 01:10:43,028 INFO c.s.a.c.UserController {modifyUser} [main] BEGIN modifyUser
2025-04-30 01:10:43,046 INFO c.s.a.c.UserController {filterusers} [main] BEGIN getAll
2025-04-30 01:10:43,047 INFO c.s.a.c.UserController {filterusers} [main] END getAll
2025-04-30 01:10:43,062 INFO c.s.a.c.UserController {filterusers} [main] BEGIN getAll
2025-04-30 01:10:43,063 INFO c.s.a.c.UserController {filterusers} [main] END getAll
2025-04-30 01:10:43,082 INFO c.s.a.c.UserController {modifyUser} [main] BEGIN modifyUser
2025-04-30 01:10:43,083 INFO c.s.a.c.UserController {modifyUser} [main] END modifyUser
2025-04-30 01:10:43,099 INFO c.s.a.c.UserController {removeUser} [main] BEGIN removeUser
2025-04-30 01:10:43,240 INFO o.s.t.c.s.AbstractTestContextBootstrapper {buildDefaultMergedContextConfiguration} [main] Neither @ContextConfiguration nor @ContextHierarchy found for test class [com.svalero.apibikes.WorkShopControllerTests], using SpringBootContextLoader
2025-04-30 01:10:43,243 INFO o.s.t.c.s.AbstractContextLoader {generateDefaultLocations} [main] Could not detect default resource locations for test class [com.svalero.apibikes.WorkShopControllerTests]: no resource found for suffixes {-context.xml, Context.groovy}.
2025-04-30 01:10:43,243 INFO o.s.t.c.s.AnnotationConfigContextLoaderUtils {detectDefaultConfigurationClasses} [main] Could not detect default configuration classes for test class [com.svalero.apibikes.WorkShopControllerTests]: WorkShopControllerTests does not declare any static, non-private, non-final, nested classes annotated with @Configuration.
2025-04-30 01:10:43,257 INFO o.s.b.t.c.SpringBootTestContextBootstrapper {getOrFindConfigurationClasses} [main] Found @SpringBootConfiguration com.svalero.apibikes.HellospringApplication for test class com.svalero.apibikes.WorkShopControllerTests
2025-04-30 01:10:43,259 INFO o.s.t.c.s.AbstractTestContextBootstrapper {getDefaultTestExecutionListenerClassNames} [main] Loaded default TestExecutionListener class names from location [META-INF/spring.factories]: [org.springframework.boot.test.mock.mockito.MockitoTestExecutionListener, org.springframework.boot.test.mock.mockito.ResetMocksTestExecutionListener, org.springframework.boot.test.autoconfigure.restdocs.RestDocsTestExecutionListener, org.springframework.boot.test.autoconfigure.web.client.MockRestServiceServerResetTestExecutionListener, org.springframework.boot.test.autoconfigure.web.servlet.MockMvcPrintOnlyOnFailureTestExecutionListener, org.springframework.boot.test.autoconfigure.web.servlet.WebDriverTestExecutionListener, org.springframework.boot.test.autoconfigure.webservices.client.MockWebServiceServerTestExecutionListener, org.springframework.test.context.web.ServletTestExecutionListener, org.springframework.test.context.support.DirtiesContextBeforeModesTestExecutionListener, org.springframework.test.context.event.ApplicationEventsTestExecutionListener, org.springframework.test.context.support.DependencyInjectionTestExecutionListener, org.springframework.test.context.support.DirtiesContextTestExecutionListener, org.springframework.test.context.transaction.TransactionalTestExecutionListener, org.springframework.test.context.jdbc.SqlScriptsTestExecutionListener, org.springframework.test.context.event.EventPublishingTestExecutionListener]
2025-04-30 01:10:43,272 INFO o.s.t.c.s.AbstractTestContextBootstrapper {getTestExecutionListeners} [main] Using TestExecutionListeners: [org.springframework.test.context.web.ServletTestExecutionListener@5111f814, org.springframework.test.context.support.DirtiesContextBeforeModesTestExecutionListener@71eafb64, org.springframework.test.context.event.ApplicationEventsTestExecutionListener@491cc0eb, org.springframework.boot.test.mock.mockito.MockitoTestExecutionListener@727f36dd, org.springframework.boot.test.autoconfigure.SpringBootDependencyInjectionTestExecutionListener@2c70a1de, org.springframework.test.context.support.DirtiesContextTestExecutionListener@ae74eef, org.springframework.test.context.transaction.TransactionalTestExecutionListener@2553dcc0, org.springframework.test.context.jdbc.SqlScriptsTestExecutionListener@2e91cf69, org.springframework.test.context.event.EventPublishingTestExecutionListener@746e534, org.springframework.boot.test.mock.mockito.ResetMocksTestExecutionListener@37665305, org.springframework.boot.test.autoconfigure.restdocs.RestDocsTestExecutionListener@c683cf5, org.springframework.boot.test.autoconfigure.web.client.MockRestServiceServerResetTestExecutionListener@2c224096, org.springframework.boot.test.autoconfigure.web.servlet.MockMvcPrintOnlyOnFailureTestExecutionListener@1cfd6f63, org.springframework.boot.test.autoconfigure.web.servlet.WebDriverTestExecutionListener@1906f982, org.springframework.boot.test.autoconfigure.webservices.client.MockWebServiceServerTestExecutionListener@5444f1c3]
2025-04-30 01:10:43,326 INFO o.s.b.StartupInfoLogger {logStarting} [main] Starting WorkShopControllerTests using Java 21 on DESKTOP-A2Q7539 with PID 2984 (started by 34618 in C:\Users\34618\Documents\2DAM Gdo. Superior\Acceso a datos 2DAM\hellospring)
2025-04-30 01:10:43,327 INFO o.s.b.SpringApplication {logStartupProfileInfo} [main] The following 1 profile is active: "test"
2025-04-30 01:10:43,989 INFO o.s.s.w.DefaultSecurityFilterChain {<init>} [main] Will secure any request with [org.springframework.security.web.session.DisableEncodeUrlFilter@22cb8e5f, org.springframework.security.web.context.request.async.WebAsyncManagerIntegrationFilter@45753c22, org.springframework.security.web.context.SecurityContextPersistenceFilter@3ccefe1b, org.springframework.security.web.header.HeaderWriterFilter@5810772a, org.springframework.security.web.authentication.logout.LogoutFilter@31a4db4f, org.springframework.security.web.savedrequest.RequestCacheAwareFilter@a926db4, org.springframework.security.web.servletapi.SecurityContextHolderAwareRequestFilter@51e0f2eb, org.springframework.security.web.authentication.AnonymousAuthenticationFilter@7341baa3, org.springframework.security.web.session.SessionManagementFilter@4eacb6d1, org.springframework.security.web.access.ExceptionTranslationFilter@571c2ed8, org.springframework.security.web.access.intercept.FilterSecurityInterceptor@1dce481b]
2025-04-30 01:10:44,662 INFO o.s.m.w.MockServletContext {log} [main] Initializing Spring TestDispatcherServlet ''
2025-04-30 01:10:44,662 INFO o.s.w.s.FrameworkServlet {initServletBean} [main] Initializing Servlet ''
2025-04-30 01:10:44,663 INFO o.s.w.s.FrameworkServlet {initServletBean} [main] Completed initialization in 0 ms
2025-04-30 01:10:44,676 INFO o.s.b.StartupInfoLogger {logStarted} [main] Started WorkShopControllerTests in 1.398 seconds (JVM running for 16.662)
2025-04-30 01:10:44,688 INFO c.s.a.c.WorkShopController {getWorkShop} [main] BEGIN getWorkShop
2025-04-30 01:10:44,689 INFO c.s.a.c.WorkShopController {getWorkShop} [main] END getWorkShop
2025-04-30 01:10:44,700 INFO c.s.a.c.WorkShopController {filterworkshops} [main] BEGIN getAll
2025-04-30 01:10:44,702 INFO c.s.a.c.WorkShopController {filterworkshops} [main] END getAll
2025-04-30 01:10:44,713 INFO c.s.a.c.WorkShopController {filterworkshops} [main] BEGIN getAll
2025-04-30 01:10:44,714 INFO c.s.a.c.WorkShopController {filterworkshops} [main] END getAll
2025-04-30 01:10:44,721 INFO c.s.a.c.WorkShopController {filterworkshops} [main] BEGIN getAll
2025-04-30 01:10:44,722 INFO c.s.a.c.WorkShopController {filterworkshops} [main] END getAll
2025-04-30 01:10:44,767 INFO c.s.a.c.WorkShopController {filterworkshops} [main] BEGIN getAll
2025-04-30 01:10:44,768 INFO c.s.a.c.WorkShopController {filterworkshops} [main] END getAll
2025-04-30 01:10:44,778 INFO c.s.a.c.WorkShopController {addWorkShop} [main] BEGIN addWorkShop
2025-04-30 01:10:44,779 INFO c.s.a.c.WorkShopController {addWorkShop} [main] END addWorkShop
2025-04-30 01:10:44,788 INFO c.s.a.c.WorkShopController {getWorkShop} [main] BEGIN getWorkShop
2025-04-30 01:10:44,798 INFO c.s.a.c.WorkShopController {filterworkshops} [main] BEGIN getAll
2025-04-30 01:10:44,799 INFO c.s.a.c.WorkShopController {filterworkshops} [main] END getAll
2025-04-30 01:10:44,805 INFO c.s.a.c.WorkShopController {addWorkShop} [main] BEGIN addWorkShop
2025-04-30 01:10:44,806 INFO c.s.a.c.WorkShopController {addWorkShop} [main] END addWorkShop
2025-04-30 01:11:23,585 INFO o.h.v.i.u.Version {<clinit>} [background-preinit] HV000001: Hibernate Validator 6.2.5.Final
2025-04-30 01:11:23,595 INFO o.s.b.StartupInfoLogger {logStarting} [main] Starting BikeControllerTests using Java 21 on DESKTOP-A2Q7539 with PID 3780 (started by 34618 in C:\Users\34618\Documents\2DAM Gdo. Superior\Acceso a datos 2DAM\hellospring)
2025-04-30 01:11:23,599 INFO o.s.b.SpringApplication {logStartupProfileInfo} [main] The following 1 profile is active: "test"
2025-04-30 01:11:27,387 INFO o.s.s.w.DefaultSecurityFilterChain {<init>} [main] Will secure any request with [org.springframework.security.web.session.DisableEncodeUrlFilter@492be039, org.springframework.security.web.context.request.async.WebAsyncManagerIntegrationFilter@1cd2143b, org.springframework.security.web.context.SecurityContextPersistenceFilter@4a642e4b, org.springframework.security.web.header.HeaderWriterFilter@273fa9e, org.springframework.security.web.authentication.logout.LogoutFilter@26e0d39c, org.springframework.security.web.savedrequest.RequestCacheAwareFilter@58aa1d72, org.springframework.security.web.servletapi.SecurityContextHolderAwareRequestFilter@33d7765a, org.springframework.security.web.authentication.AnonymousAuthenticationFilter@1118d539, org.springframework.security.web.session.SessionManagementFilter@7b14c61, org.springframework.security.web.access.ExceptionTranslationFilter@11df2829, org.springframework.security.web.access.intercept.FilterSecurityInterceptor@1b560eb0]
2025-04-30 01:11:28,456 INFO o.s.m.w.MockServletContext {log} [main] Initializing Spring TestDispatcherServlet ''
2025-04-30 01:11:28,457 INFO o.s.w.s.FrameworkServlet {initServletBean} [main] Initializing Servlet ''
2025-04-30 01:11:28,461 INFO o.s.w.s.FrameworkServlet {initServletBean} [main] Completed initialization in 2 ms
2025-04-30 01:11:28,516 INFO o.s.b.StartupInfoLogger {logStarted} [main] Started BikeControllerTests in 5.914 seconds (JVM running for 7.562)
2025-04-30 01:11:28,665 INFO c.s.a.c.BikeController {filterBikes} [main] Filtrando bicicletas con parámetros: brand=, model=Alma, color=
2025-04-30 01:11:28,675 INFO c.s.a.c.BikeController {filterBikes} [main] Operación completada: Se obtuvieron 1 bicicletas filtradas
2025-04-30 01:11:28,864 INFO c.s.a.c.BikeController {filterBikes} [main] Filtrando bicicletas con parámetros: brand=Orbea, model=Alma, color=green
2025-04-30 01:11:28,866 INFO c.s.a.c.BikeController {filterBikes} [main] Operación completada: Se obtuvieron 1 bicicletas filtradas
2025-04-30 01:11:29,297 INFO c.s.a.c.BikeController {addBike} [main] BEGIN addBike
2025-04-30 01:11:29,360 INFO c.s.a.c.BikeController {filterBikes} [main] Filtrando bicicletas con parámetros: brand=Orbea, model=, color=
2025-04-30 01:11:29,364 INFO c.s.a.c.BikeController {filterBikes} [main] Operación completada: Se obtuvieron 2 bicicletas filtradas
2025-04-30 01:11:29,386 INFO c.s.a.c.BikeController {addBike} [main] BEGIN addBike
2025-04-30 01:11:29,390 INFO c.s.a.c.BikeController {addBike} [main] END addBike
2025-04-30 01:11:29,553 INFO c.s.a.c.BikeController {filterBikes} [main] Filtrando bicicletas con parámetros: brand=, model=, color=
2025-04-30 01:11:29,555 INFO c.s.a.c.BikeController {filterBikes} [main] Operación completada: Se obtuvieron 3 bicicletas filtradas
2025-04-30 01:11:29,579 INFO c.s.a.c.BikeController {filterBikes} [main] Filtrando bicicletas con parámetros: brand=, model=, color=green
2025-04-30 01:11:29,583 INFO c.s.a.c.BikeController {filterBikes} [main] Operación completada: Se obtuvieron 1 bicicletas filtradas
2025-04-30 01:11:29,610 INFO c.s.a.c.BikeController {getBike} [main] BEGIN getBike
2025-04-30 01:11:29,613 INFO c.s.a.c.BikeController {getBike} [main] END getBike
2025-04-30 01:11:29,697 INFO c.s.a.c.BikeController {removeBike} [main] BEGIN removeBike
2025-04-30 01:11:29,700 INFO c.s.a.c.BikeController {removeBike} [main] END removeBike
2025-04-30 01:11:29,733 INFO c.s.a.c.BikeController {modifyBike} [main] BEGIN modifyBike
2025-04-30 01:11:29,816 INFO c.s.a.c.BikeController {modifyBike} [main] BEGIN modifyBike
2025-04-30 01:11:29,820 INFO c.s.a.c.BikeController {modifyBike} [main] END modifyBike
2025-04-30 01:11:29,861 INFO c.s.a.c.BikeController {removeBike} [main] BEGIN removeBike
2025-04-30 01:11:29,886 INFO c.s.a.c.BikeController {getBike} [main] BEGIN getBike
2025-04-30 01:11:31,185 INFO o.s.t.c.s.AbstractTestContextBootstrapper {buildDefaultMergedContextConfiguration} [main] Neither @ContextConfiguration nor @ContextHierarchy found for test class [com.svalero.apibikes.MechanicControllerTests], using SpringBootContextLoader
2025-04-30 01:11:31,192 INFO o.s.t.c.s.AbstractContextLoader {generateDefaultLocations} [main] Could not detect default resource locations for test class [com.svalero.apibikes.MechanicControllerTests]: no resource found for suffixes {-context.xml, Context.groovy}.
2025-04-30 01:11:31,194 INFO o.s.t.c.s.AnnotationConfigContextLoaderUtils {detectDefaultConfigurationClasses} [main] Could not detect default configuration classes for test class [com.svalero.apibikes.MechanicControllerTests]: MechanicControllerTests does not declare any static, non-private, non-final, nested classes annotated with @Configuration.
2025-04-30 01:11:31,218 INFO o.s.b.t.c.SpringBootTestContextBootstrapper {getOrFindConfigurationClasses} [main] Found @SpringBootConfiguration com.svalero.apibikes.HellospringApplication for test class com.svalero.apibikes.MechanicControllerTests
2025-04-30 01:11:31,228 INFO o.s.t.c.s.AbstractTestContextBootstrapper {getDefaultTestExecutionListenerClassNames} [main] Loaded default TestExecutionListener class names from location [META-INF/spring.factories]: [org.springframework.boot.test.mock.mockito.MockitoTestExecutionListener, org.springframework.boot.test.mock.mockito.ResetMocksTestExecutionListener, org.springframework.boot.test.autoconfigure.restdocs.RestDocsTestExecutionListener, org.springframework.boot.test.autoconfigure.web.client.MockRestServiceServerResetTestExecutionListener, org.springframework.boot.test.autoconfigure.web.servlet.MockMvcPrintOnlyOnFailureTestExecutionListener, org.springframework.boot.test.autoconfigure.web.servlet.WebDriverTestExecutionListener, org.springframework.boot.test.autoconfigure.webservices.client.MockWebServiceServerTestExecutionListener, org.springframework.test.context.web.ServletTestExecutionListener, org.springframework.test.context.support.DirtiesContextBeforeModesTestExecutionListener, org.springframework.test.context.event.ApplicationEventsTestExecutionListener, org.springframework.test.context.support.DependencyInjectionTestExecutionListener, org.springframework.test.context.support.DirtiesContextTestExecutionListener, org.springframework.test.context.transaction.TransactionalTestExecutionListener, org.springframework.test.context.jdbc.SqlScriptsTestExecutionListener, org.springframework.test.context.event.EventPublishingTestExecutionListener]
2025-04-30 01:11:31,231 INFO o.s.t.c.s.AbstractTestContextBootstrapper {getTestExecutionListeners} [main] Using TestExecutionListeners: [org.springframework.test.context.web.ServletTestExecutionListener@ecf028c, org.springframework.test.context.support.DirtiesContextBeforeModesTestExecutionListener@7b64bbad, org.springframework.test.context.event.ApplicationEventsTestExecutionListener@71eff6a3, org.springframework.boot.test.mock.mockito.MockitoTestExecutionListener@574218f, org.springframework.boot.test.autoconfigure.SpringBootDependencyInjectionTestExecutionListener@735988cf, org.springframework.test.context.support.DirtiesContextTestExecutionListener@2d3eecda, org.springframework.test.context.transaction.TransactionalTestExecutionListener@236a4d30, org.springframework.test.context.jdbc.SqlScriptsTestExecutionListener@736788b, org.springframework.test.context.event.EventPublishingTestExecutionListener@38968752, org.springframework.boot.test.mock.mockito.ResetMocksTestExecutionListener@6294e4a6, org.springframework.boot.test.autoconfigure.restdocs.RestDocsTestExecutionListener@13662609, org.springframework.boot.test.autoconfigure.web.client.MockRestServiceServerResetTestExecutionListener@27a0e6ce, org.springframework.boot.test.autoconfigure.web.servlet.MockMvcPrintOnlyOnFailureTestExecutionListener@2b80497f, org.springframework.boot.test.autoconfigure.web.servlet.WebDriverTestExecutionListener@6ef4297d, org.springframework.boot.test.autoconfigure.webservices.client.MockWebServiceServerTestExecutionListener@4c000cc4]
2025-04-30 01:11:31,452 INFO o.s.b.StartupInfoLogger {logStarting} [main] Starting MechanicControllerTests using Java 21 on DESKTOP-A2Q7539 with PID 3780 (started by 34618 in C:\Users\34618\Documents\2DAM Gdo. Superior\Acceso a datos 2DAM\hellospring)
2025-04-30 01:11:31,454 INFO o.s.b.SpringApplication {logStartupProfileInfo} [main] The following 1 profile is active: "test"
2025-04-30 01:11:32,380 INFO o.s.s.w.DefaultSecurityFilterChain {<init>} [main] Will secure any request with [org.springframework.security.web.session.DisableEncodeUrlFilter@45f8415b, org.springframework.security.web.context.request.async.WebAsyncManagerIntegrationFilter@10dbf660, org.springframework.security.web.context.SecurityContextPersistenceFilter@543d2ef3, org.springframework.security.web.header.HeaderWriterFilter@50ac1249, org.springframework.security.web.authentication.logout.LogoutFilter@77a85e76, org.springframework.security.web.savedrequest.RequestCacheAwareFilter@399c408c, org.springframework.security.web.servletapi.SecurityContextHolderAwareRequestFilter@99223ac, org.springframework.security.web.authentication.AnonymousAuthenticationFilter@69ab2d6a, org.springframework.security.web.session.SessionManagementFilter@4bf10fe1, org.springframework.security.web.access.ExceptionTranslationFilter@1c8e2850, org.springframework.security.web.access.intercept.FilterSecurityInterceptor@36a1fd20]
2025-04-30 01:11:32,822 INFO o.s.m.w.MockServletContext {log} [main] Initializing Spring TestDispatcherServlet ''
2025-04-30 01:11:32,824 INFO o.s.w.s.FrameworkServlet {initServletBean} [main] Initializing Servlet ''
2025-04-30 01:11:32,826 INFO o.s.w.s.FrameworkServlet {initServletBean} [main] Completed initialization in 2 ms
2025-04-30 01:11:32,844 INFO o.s.b.StartupInfoLogger {logStarted} [main] Started MechanicControllerTests in 1.603 seconds (JVM running for 11.89)
2025-04-30 01:11:32,855 INFO c.s.a.c.MechanicController {filtermechanics} [main] BEGIN getAll
2025-04-30 01:11:32,857 INFO c.s.a.c.MechanicController {filtermechanics} [main] END getAll
2025-04-30 01:11:32,893 INFO c.s.a.c.MechanicController {modifyMechanic} [main] BEGIN modifyMechanic
2025-04-30 01:11:32,895 INFO c.s.a.c.MechanicController {modifyMechanic} [main] END modifyMechanic
2025-04-30 01:11:32,905 INFO c.s.a.c.MechanicController {filtermechanics} [main] BEGIN getAll
2025-04-30 01:11:32,907 INFO c.s.a.c.MechanicController {filtermechanics} [main] END getAll
2025-04-30 01:11:32,917 INFO c.s.a.c.MechanicController {getMechanic} [main] BEGIN getMechanic
2025-04-30 01:11:32,931 INFO c.s.a.c.MechanicController {filtermechanics} [main] BEGIN getAll
2025-04-30 01:11:32,934 INFO c.s.a.c.MechanicController {filtermechanics} [main] END getAll
2025-04-30 01:11:32,941 INFO c.s.a.c.MechanicController {removeMechanic} [main] BEGIN removeMechanic
2025-04-30 01:11:32,942 INFO c.s.a.c.MechanicController {removeMechanic} [main] END removeMechanic
2025-04-30 01:11:32,970 INFO c.s.a.c.MechanicController {addMechanic} [main] BEGIN addMechanic
2025-04-30 01:11:32,971 INFO c.s.a.c.MechanicController {addMechanic} [main] END addMechanic
2025-04-30 01:11:32,982 INFO c.s.a.c.MechanicController {getMechanic} [main] BEGIN getMechanic
2025-04-30 01:11:32,984 INFO c.s.a.c.MechanicController {getMechanic} [main] END getMechanic
2025-04-30 01:11:32,999 INFO c.s.a.c.MechanicController {modifyMechanic} [main] BEGIN modifyMechanic
2025-04-30 01:11:33,010 INFO c.s.a.c.MechanicController {filtermechanics} [main] BEGIN getAll
2025-04-30 01:11:33,011 INFO c.s.a.c.MechanicController {filtermechanics} [main] END getAll
2025-04-30 01:11:33,019 INFO c.s.a.c.MechanicController {removeMechanic} [main] BEGIN removeMechanic
2025-04-30 01:11:33,028 INFO c.s.a.c.MechanicController {filtermechanics} [main] BEGIN getAll
2025-04-30 01:11:33,030 INFO c.s.a.c.MechanicController {filtermechanics} [main] END getAll
2025-04-30 01:11:33,130 INFO o.s.t.c.s.AbstractTestContextBootstrapper {buildDefaultMergedContextConfiguration} [main] Neither @ContextConfiguration nor @ContextHierarchy found for test class [com.svalero.apibikes.UserControllerTests], using SpringBootContextLoader
2025-04-30 01:11:33,131 INFO o.s.t.c.s.AbstractContextLoader {generateDefaultLocations} [main] Could not detect default resource locations for test class [com.svalero.apibikes.UserControllerTests]: no resource found for suffixes {-context.xml, Context.groovy}.
2025-04-30 01:11:33,131 INFO o.s.t.c.s.AnnotationConfigContextLoaderUtils {detectDefaultConfigurationClasses} [main] Could not detect default configuration classes for test class [com.svalero.apibikes.UserControllerTests]: UserControllerTests does not declare any static, non-private, non-final, nested classes annotated with @Configuration.
2025-04-30 01:11:33,142 INFO o.s.b.t.c.SpringBootTestContextBootstrapper {getOrFindConfigurationClasses} [main] Found @SpringBootConfiguration com.svalero.apibikes.HellospringApplication for test class com.svalero.apibikes.UserControllerTests
2025-04-30 01:11:33,143 INFO o.s.t.c.s.AbstractTestContextBootstrapper {getDefaultTestExecutionListenerClassNames} [main] Loaded default TestExecutionListener class names from location [META-INF/spring.factories]: [org.springframework.boot.test.mock.mockito.MockitoTestExecutionListener, org.springframework.boot.test.mock.mockito.ResetMocksTestExecutionListener, org.springframework.boot.test.autoconfigure.restdocs.RestDocsTestExecutionListener, org.springframework.boot.test.autoconfigure.web.client.MockRestServiceServerResetTestExecutionListener, org.springframework.boot.test.autoconfigure.web.servlet.MockMvcPrintOnlyOnFailureTestExecutionListener, org.springframework.boot.test.autoconfigure.web.servlet.WebDriverTestExecutionListener, org.springframework.boot.test.autoconfigure.webservices.client.MockWebServiceServerTestExecutionListener, org.springframework.test.context.web.ServletTestExecutionListener, org.springframework.test.context.support.DirtiesContextBeforeModesTestExecutionListener, org.springframework.test.context.event.ApplicationEventsTestExecutionListener, org.springframework.test.context.support.DependencyInjectionTestExecutionListener, org.springframework.test.context.support.DirtiesContextTestExecutionListener, org.springframework.test.context.transaction.TransactionalTestExecutionListener, org.springframework.test.context.jdbc.SqlScriptsTestExecutionListener, org.springframework.test.context.event.EventPublishingTestExecutionListener]
2025-04-30 01:11:33,144 INFO o.s.t.c.s.AbstractTestContextBootstrapper {getTestExecutionListeners} [main] Using TestExecutionListeners: [org.springframework.test.context.web.ServletTestExecutionListener@1a8e44fe, org.springframework.test.context.support.DirtiesContextBeforeModesTestExecutionListener@287317df, org.springframework.test.context.event.ApplicationEventsTestExecutionListener@1fcc3461, org.springframework.boot.test.mock.mockito.MockitoTestExecutionListener@1987807b, org.springframework.boot.test.autoconfigure.SpringBootDependencyInjectionTestExecutionListener@71469e01, org.springframework.test.context.support.DirtiesContextTestExecutionListener@41bbb219, org.springframework.test.context.transaction.TransactionalTestExecutionListener@3f2ae973, org.springframework.test.context.jdbc.SqlScriptsTestExecutionListener@1a8b22b5, org.springframework.test.context.event.EventPublishingTestExecutionListener@5f781173, org.springframework.boot.test.mock.mockito.ResetMocksTestExecutionListener@43cf5bff, org.springframework.boot.test.autoconfigure.restdocs.RestDocsTestExecutionListener@2b464384, org.springframework.boot.test.autoconfigure.web.client.MockRestServiceServerResetTestExecutionListener@681b42d3, org.springframework.boot.test.autoconfigure.web.servlet.MockMvcPrintOnlyOnFailureTestExecutionListener@77f7352a, org.springframework.boot.test.autoconfigure.web.servlet.WebDriverTestExecutionListener@4ede8888, org.springframework.boot.test.autoconfigure.webservices.client.MockWebServiceServerTestExecutionListener@571db8b4]
2025-04-30 01:11:33,177 INFO o.s.b.StartupInfoLogger {logStarting} [main] Starting UserControllerTests using Java 21 on DESKTOP-A2Q7539 with PID 3780 (started by 34618 in C:\Users\34618\Documents\2DAM Gdo. Superior\Acceso a datos 2DAM\hellospring)
2025-04-30 01:11:33,177 INFO o.s.b.SpringApplication {logStartupProfileInfo} [main] The following 1 profile is active: "test"
2025-04-30 01:11:33,871 INFO o.s.s.w.DefaultSecurityFilterChain {<init>} [main] Will secure any request with [org.springframework.security.web.session.DisableEncodeUrlFilter@5d94ac8a, org.springframework.security.web.context.request.async.WebAsyncManagerIntegrationFilter@288b73c1, org.springframework.security.web.context.SecurityContextPersistenceFilter@2d705998, org.springframework.security.web.header.HeaderWriterFilter@79b4cff, org.springframework.security.web.authentication.logout.LogoutFilter@62c46e53, org.springframework.security.web.savedrequest.RequestCacheAwareFilter@28a3fc34, org.springframework.security.web.servletapi.SecurityContextHolderAwareRequestFilter@7582a16b, org.springframework.security.web.authentication.AnonymousAuthenticationFilter@104cfb24, org.springframework.security.web.session.SessionManagementFilter@58ac0823, org.springframework.security.web.access.ExceptionTranslationFilter@fe156f4, org.springframework.security.web.access.intercept.FilterSecurityInterceptor@3180aee]
2025-04-30 01:11:34,660 INFO o.s.m.w.MockServletContext {log} [main] Initializing Spring TestDispatcherServlet ''
2025-04-30 01:11:34,661 INFO o.s.w.s.FrameworkServlet {initServletBean} [main] Initializing Servlet ''
2025-04-30 01:11:34,664 INFO o.s.w.s.FrameworkServlet {initServletBean} [main] Completed initialization in 2 ms
2025-04-30 01:11:34,695 INFO o.s.b.StartupInfoLogger {logStarted} [main] Started UserControllerTests in 1.546 seconds (JVM running for 13.742)
2025-04-30 01:11:34,720 INFO c.s.a.c.UserController {getUser} [main] BEGIN getUser
2025-04-30 01:11:34,747 INFO c.s.a.c.UserController {filterusers} [main] BEGIN getAll
2025-04-30 01:11:34,748 INFO c.s.a.c.UserController {filterusers} [main] END getAll
2025-04-30 01:11:34,817 INFO c.s.a.c.UserController {filterusers} [main] BEGIN getAll
2025-04-30 01:11:34,819 INFO c.s.a.c.UserController {filterusers} [main] END getAll
2025-04-30 01:11:34,833 INFO c.s.a.c.UserController {filterusers} [main] BEGIN getAll
2025-04-30 01:11:34,835 INFO c.s.a.c.UserController {filterusers} [main] END getAll
2025-04-30 01:11:34,889 INFO c.s.a.c.UserController {removeUser} [main] BEGIN removeUser
2025-04-30 01:11:34,895 INFO c.s.a.c.UserController {removeUser} [main] END removeUser
2025-04-30 01:11:34,908 INFO c.s.a.c.UserController {getUser} [main] BEGIN getUser
2025-04-30 01:11:34,911 INFO c.s.a.c.UserController {getUser} [main] END getUser
2025-04-30 01:11:34,944 INFO c.s.a.c.UserController {modifyUser} [main] BEGIN modifyUser
2025-04-30 01:11:34,959 INFO c.s.a.c.UserController {filterusers} [main] BEGIN getAll
2025-04-30 01:11:34,961 INFO c.s.a.c.UserController {filterusers} [main] END getAll
2025-04-30 01:11:34,975 INFO c.s.a.c.UserController {filterusers} [main] BEGIN getAll
2025-04-30 01:11:34,978 INFO c.s.a.c.UserController {filterusers} [main] END getAll
2025-04-30 01:11:34,992 INFO c.s.a.c.UserController {modifyUser} [main] BEGIN modifyUser
2025-04-30 01:11:34,994 INFO c.s.a.c.UserController {modifyUser} [main] END modifyUser
2025-04-30 01:11:35,007 INFO c.s.a.c.UserController {removeUser} [main] BEGIN removeUser
2025-04-30 01:11:35,142 INFO o.s.t.c.s.AbstractTestContextBootstrapper {buildDefaultMergedContextConfiguration} [main] Neither @ContextConfiguration nor @ContextHierarchy found for test class [com.svalero.apibikes.WorkShopControllerTests], using SpringBootContextLoader
2025-04-30 01:11:35,145 INFO o.s.t.c.s.AbstractContextLoader {generateDefaultLocations} [main] Could not detect default resource locations for test class [com.svalero.apibikes.WorkShopControllerTests]: no resource found for suffixes {-context.xml, Context.groovy}.
2025-04-30 01:11:35,146 INFO o.s.t.c.s.AnnotationConfigContextLoaderUtils {detectDefaultConfigurationClasses} [main] Could not detect default configuration classes for test class [com.svalero.apibikes.WorkShopControllerTests]: WorkShopControllerTests does not declare any static, non-private, non-final, nested classes annotated with @Configuration.
2025-04-30 01:11:35,160 INFO o.s.b.t.c.SpringBootTestContextBootstrapper {getOrFindConfigurationClasses} [main] Found @SpringBootConfiguration com.svalero.apibikes.HellospringApplication for test class com.svalero.apibikes.WorkShopControllerTests
2025-04-30 01:11:35,162 INFO o.s.t.c.s.AbstractTestContextBootstrapper {getDefaultTestExecutionListenerClassNames} [main] Loaded default TestExecutionListener class names from location [META-INF/spring.factories]: [org.springframework.boot.test.mock.mockito.MockitoTestExecutionListener, org.springframework.boot.test.mock.mockito.ResetMocksTestExecutionListener, org.springframework.boot.test.autoconfigure.restdocs.RestDocsTestExecutionListener, org.springframework.boot.test.autoconfigure.web.client.MockRestServiceServerResetTestExecutionListener, org.springframework.boot.test.autoconfigure.web.servlet.MockMvcPrintOnlyOnFailureTestExecutionListener, org.springframework.boot.test.autoconfigure.web.servlet.WebDriverTestExecutionListener, org.springframework.boot.test.autoconfigure.webservices.client.MockWebServiceServerTestExecutionListener, org.springframework.test.context.web.ServletTestExecutionListener, org.springframework.test.context.support.DirtiesContextBeforeModesTestExecutionListener, org.springframework.test.context.event.ApplicationEventsTestExecutionListener, org.springframework.test.context.support.DependencyInjectionTestExecutionListener, org.springframework.test.context.support.DirtiesContextTestExecutionListener, org.springframework.test.context.transaction.TransactionalTestExecutionListener, org.springframework.test.context.jdbc.SqlScriptsTestExecutionListener, org.springframework.test.context.event.EventPublishingTestExecutionListener]
2025-04-30 01:11:35,163 INFO o.s.t.c.s.AbstractTestContextBootstrapper {getTestExecutionListeners} [main] Using TestExecutionListeners: [org.springframework.test.context.web.ServletTestExecutionListener@7acb5200, org.springframework.test.context.support.DirtiesContextBeforeModesTestExecutionListener@3d50a3d9, org.springframework.test.context.event.ApplicationEventsTestExecutionListener@3661b732, org.springframework.boot.test.mock.mockito.MockitoTestExecutionListener@5111f814, org.springframework.boot.test.autoconfigure.SpringBootDependencyInjectionTestExecutionListener@71eafb64, org.springframework.test.context.support.DirtiesContextTestExecutionListener@491cc0eb, org.springframework.test.context.transaction.TransactionalTestExecutionListener@727f36dd, org.springframework.test.context.jdbc.SqlScriptsTestExecutionListener@2c70a1de, org.springframework.test.context.event.EventPublishingTestExecutionListener@ae74eef, org.springframework.boot.test.mock.mockito.ResetMocksTestExecutionListener@2553dcc0, org.springframework.boot.test.autoconfigure.restdocs.RestDocsTestExecutionListener@2e91cf69, org.springframework.boot.test.autoconfigure.web.client.MockRestServiceServerResetTestExecutionListener@746e534, org.springframework.boot.test.autoconfigure.web.servlet.MockMvcPrintOnlyOnFailureTestExecutionListener@37665305, org.springframework.boot.test.autoconfigure.web.servlet.WebDriverTestExecutionListener@c683cf5, org.springframework.boot.test.autoconfigure.webservices.client.MockWebServiceServerTestExecutionListener@2c224096]
2025-04-30 01:11:35,224 INFO o.s.b.StartupInfoLogger {logStarting} [main] Starting WorkShopControllerTests using Java 21 on DESKTOP-A2Q7539 with PID 3780 (started by 34618 in C:\Users\34618\Documents\2DAM Gdo. Superior\Acceso a datos 2DAM\hellospring)
2025-04-30 01:11:35,226 INFO o.s.b.SpringApplication {logStartupProfileInfo} [main] The following 1 profile is active: "test"
2025-04-30 01:11:35,993 INFO o.s.s.w.DefaultSecurityFilterChain {<init>} [main] Will secure any request with [org.springframework.security.web.session.DisableEncodeUrlFilter@7e63374b, org.springframework.security.web.context.request.async.WebAsyncManagerIntegrationFilter@aa794a3, org.springframework.security.web.context.SecurityContextPersistenceFilter@571c2ed8, org.springframework.security.web.header.HeaderWriterFilter@476a2819, org.springframework.security.web.authentication.logout.LogoutFilter@a926db4, org.springframework.security.web.savedrequest.RequestCacheAwareFilter@5810772a, org.springframework.security.web.servletapi.SecurityContextHolderAwareRequestFilter@4eacb6d1, org.springframework.security.web.authentication.AnonymousAuthenticationFilter@1dce481b, org.springframework.security.web.session.SessionManagementFilter@279ab15e, org.springframework.security.web.access.ExceptionTranslationFilter@25c548d1, org.springframework.security.web.access.intercept.FilterSecurityInterceptor@2842ef02]
2025-04-30 01:11:36,763 INFO o.s.m.w.MockServletContext {log} [main] Initializing Spring TestDispatcherServlet ''
2025-04-30 01:11:36,764 INFO o.s.w.s.FrameworkServlet {initServletBean} [main] Initializing Servlet ''
2025-04-30 01:11:36,766 INFO o.s.w.s.FrameworkServlet {initServletBean} [main] Completed initialization in 1 ms
2025-04-30 01:11:36,785 INFO o.s.b.StartupInfoLogger {logStarted} [main] Started WorkShopControllerTests in 1.617 seconds (JVM running for 15.832)
2025-04-30 01:11:36,798 INFO c.s.a.c.WorkShopController {getWorkShop} [main] BEGIN getWorkShop
2025-04-30 01:11:36,799 INFO c.s.a.c.WorkShopController {getWorkShop} [main] END getWorkShop
2025-04-30 01:11:36,812 INFO c.s.a.c.WorkShopController {filterworkshops} [main] BEGIN getAll
2025-04-30 01:11:36,813 INFO c.s.a.c.WorkShopController {filterworkshops} [main] END getAll
2025-04-30 01:11:36,826 INFO c.s.a.c.WorkShopController {filterworkshops} [main] BEGIN getAll
2025-04-30 01:11:36,827 INFO c.s.a.c.WorkShopController {filterworkshops} [main] END getAll
2025-04-30 01:11:36,835 INFO c.s.a.c.WorkShopController {filterworkshops} [main] BEGIN getAll
2025-04-30 01:11:36,836 INFO c.s.a.c.WorkShopController {filterworkshops} [main] END getAll
2025-04-30 01:11:36,870 INFO c.s.a.c.WorkShopController {filterworkshops} [main] BEGIN getAll
2025-04-30 01:11:36,872 INFO c.s.a.c.WorkShopController {filterworkshops} [main] END getAll
2025-04-30 01:11:36,897 INFO c.s.a.c.WorkShopController {getWorkShop} [main] BEGIN getWorkShop
2025-04-30 01:11:36,904 INFO c.s.a.c.WorkShopController {filterworkshops} [main] BEGIN getAll
2025-04-30 01:11:36,905 INFO c.s.a.c.WorkShopController {filterworkshops} [main] END getAll
2025-04-30 01:11:36,913 INFO c.s.a.c.WorkShopController {addWorkShop} [main] BEGIN addWorkShop
2025-04-30 01:11:36,913 INFO c.s.a.c.WorkShopController {addWorkShop} [main] END addWorkShop
2025-04-30 01:12:39,900 INFO o.h.v.i.u.Version {<clinit>} [background-preinit] HV000001: Hibernate Validator 6.2.5.Final
2025-04-30 01:12:39,916 INFO o.s.b.StartupInfoLogger {logStarting} [main] Starting BikeControllerTests using Java 21 on DESKTOP-A2Q7539 with PID 6092 (started by 34618 in C:\Users\34618\Documents\2DAM Gdo. Superior\Acceso a datos 2DAM\hellospring)
2025-04-30 01:12:39,920 INFO o.s.b.SpringApplication {logStartupProfileInfo} [main] The following 1 profile is active: "test"
2025-04-30 01:12:43,013 INFO o.s.s.w.DefaultSecurityFilterChain {<init>} [main] Will secure any request with [org.springframework.security.web.session.DisableEncodeUrlFilter@492be039, org.springframework.security.web.context.request.async.WebAsyncManagerIntegrationFilter@1cd2143b, org.springframework.security.web.context.SecurityContextPersistenceFilter@4a642e4b, org.springframework.security.web.header.HeaderWriterFilter@273fa9e, org.springframework.security.web.authentication.logout.LogoutFilter@26e0d39c, org.springframework.security.web.savedrequest.RequestCacheAwareFilter@58aa1d72, org.springframework.security.web.servletapi.SecurityContextHolderAwareRequestFilter@33d7765a, org.springframework.security.web.authentication.AnonymousAuthenticationFilter@1118d539, org.springframework.security.web.session.SessionManagementFilter@7b14c61, org.springframework.security.web.access.ExceptionTranslationFilter@11df2829, org.springframework.security.web.access.intercept.FilterSecurityInterceptor@1b560eb0]
2025-04-30 01:12:44,462 INFO o.s.m.w.MockServletContext {log} [main] Initializing Spring TestDispatcherServlet ''
2025-04-30 01:12:44,464 INFO o.s.w.s.FrameworkServlet {initServletBean} [main] Initializing Servlet ''
2025-04-30 01:12:44,470 INFO o.s.w.s.FrameworkServlet {initServletBean} [main] Completed initialization in 4 ms
2025-04-30 01:12:44,594 INFO o.s.b.StartupInfoLogger {logStarted} [main] Started BikeControllerTests in 6.098 seconds (JVM running for 8.032)
2025-04-30 01:12:44,936 INFO c.s.a.c.BikeController {filterBikes} [main] Filtrando bicicletas con parámetros: brand=, model=Alma, color=
2025-04-30 01:12:44,948 INFO c.s.a.c.BikeController {filterBikes} [main] Operación completada: Se obtuvieron 1 bicicletas filtradas
2025-04-30 01:12:45,266 INFO c.s.a.c.BikeController {filterBikes} [main] Filtrando bicicletas con parámetros: brand=Orbea, model=Alma, color=green
2025-04-30 01:12:45,269 INFO c.s.a.c.BikeController {filterBikes} [main] Operación completada: Se obtuvieron 1 bicicletas filtradas
2025-04-30 01:12:45,540 INFO c.s.a.c.BikeController {addBike} [main] BEGIN addBike
2025-04-30 01:12:45,606 INFO c.s.a.c.BikeController {filterBikes} [main] Filtrando bicicletas con parámetros: brand=Orbea, model=, color=
2025-04-30 01:12:45,608 INFO c.s.a.c.BikeController {filterBikes} [main] Operación completada: Se obtuvieron 2 bicicletas filtradas
2025-04-30 01:12:45,634 INFO c.s.a.c.BikeController {addBike} [main] BEGIN addBike
2025-04-30 01:12:45,638 INFO c.s.a.c.BikeController {addBike} [main] END addBike
2025-04-30 01:12:45,778 INFO c.s.a.c.BikeController {filterBikes} [main] Filtrando bicicletas con parámetros: brand=, model=, color=
2025-04-30 01:12:45,781 INFO c.s.a.c.BikeController {filterBikes} [main] Operación completada: Se obtuvieron 3 bicicletas filtradas
2025-04-30 01:12:45,808 INFO c.s.a.c.BikeController {filterBikes} [main] Filtrando bicicletas con parámetros: brand=, model=, color=green
2025-04-30 01:12:45,811 INFO c.s.a.c.BikeController {filterBikes} [main] Operación completada: Se obtuvieron 1 bicicletas filtradas
2025-04-30 01:12:45,844 INFO c.s.a.c.BikeController {getBike} [main] BEGIN getBike
2025-04-30 01:12:45,848 INFO c.s.a.c.BikeController {getBike} [main] END getBike
2025-04-30 01:12:45,945 INFO c.s.a.c.BikeController {removeBike} [main] BEGIN removeBike
2025-04-30 01:12:45,948 INFO c.s.a.c.BikeController {removeBike} [main] END removeBike
2025-04-30 01:12:45,985 INFO c.s.a.c.BikeController {modifyBike} [main] BEGIN modifyBike
2025-04-30 01:12:46,059 INFO c.s.a.c.BikeController {modifyBike} [main] BEGIN modifyBike
2025-04-30 01:12:46,063 INFO c.s.a.c.BikeController {modifyBike} [main] END modifyBike
2025-04-30 01:12:46,081 INFO c.s.a.c.BikeController {removeBike} [main] BEGIN removeBike
2025-04-30 01:12:46,099 INFO c.s.a.c.BikeController {getBike} [main] BEGIN getBike
2025-04-30 01:12:46,684 INFO o.s.t.c.s.AbstractTestContextBootstrapper {buildDefaultMergedContextConfiguration} [main] Neither @ContextConfiguration nor @ContextHierarchy found for test class [com.svalero.apibikes.MechanicControllerTests], using SpringBootContextLoader
2025-04-30 01:12:46,688 INFO o.s.t.c.s.AbstractContextLoader {generateDefaultLocations} [main] Could not detect default resource locations for test class [com.svalero.apibikes.MechanicControllerTests]: no resource found for suffixes {-context.xml, Context.groovy}.
2025-04-30 01:12:46,690 INFO o.s.t.c.s.AnnotationConfigContextLoaderUtils {detectDefaultConfigurationClasses} [main] Could not detect default configuration classes for test class [com.svalero.apibikes.MechanicControllerTests]: MechanicControllerTests does not declare any static, non-private, non-final, nested classes annotated with @Configuration.
2025-04-30 01:12:46,708 INFO o.s.b.t.c.SpringBootTestContextBootstrapper {getOrFindConfigurationClasses} [main] Found @SpringBootConfiguration com.svalero.apibikes.HellospringApplication for test class com.svalero.apibikes.MechanicControllerTests
2025-04-30 01:12:46,711 INFO o.s.t.c.s.AbstractTestContextBootstrapper {getDefaultTestExecutionListenerClassNames} [main] Loaded default TestExecutionListener class names from location [META-INF/spring.factories]: [org.springframework.boot.test.mock.mockito.MockitoTestExecutionListener, org.springframework.boot.test.mock.mockito.ResetMocksTestExecutionListener, org.springframework.boot.test.autoconfigure.restdocs.RestDocsTestExecutionListener, org.springframework.boot.test.autoconfigure.web.client.MockRestServiceServerResetTestExecutionListener, org.springframework.boot.test.autoconfigure.web.servlet.MockMvcPrintOnlyOnFailureTestExecutionListener, org.springframework.boot.test.autoconfigure.web.servlet.WebDriverTestExecutionListener, org.springframework.boot.test.autoconfigure.webservices.client.MockWebServiceServerTestExecutionListener, org.springframework.test.context.web.ServletTestExecutionListener, org.springframework.test.context.support.DirtiesContextBeforeModesTestExecutionListener, org.springframework.test.context.event.ApplicationEventsTestExecutionListener, org.springframework.test.context.support.DependencyInjectionTestExecutionListener, org.springframework.test.context.support.DirtiesContextTestExecutionListener, org.springframework.test.context.transaction.TransactionalTestExecutionListener, org.springframework.test.context.jdbc.SqlScriptsTestExecutionListener, org.springframework.test.context.event.EventPublishingTestExecutionListener]
2025-04-30 01:12:46,714 INFO o.s.t.c.s.AbstractTestContextBootstrapper {getTestExecutionListeners} [main] Using TestExecutionListeners: [org.springframework.test.context.web.ServletTestExecutionListener@735988cf, org.springframework.test.context.support.DirtiesContextBeforeModesTestExecutionListener@2d3eecda, org.springframework.test.context.event.ApplicationEventsTestExecutionListener@236a4d30, org.springframework.boot.test.mock.mockito.MockitoTestExecutionListener@736788b, org.springframework.boot.test.autoconfigure.SpringBootDependencyInjectionTestExecutionListener@38968752, org.springframework.test.context.support.DirtiesContextTestExecutionListener@6294e4a6, org.springframework.test.context.transaction.TransactionalTestExecutionListener@13662609, org.springframework.test.context.jdbc.SqlScriptsTestExecutionListener@27a0e6ce, org.springframework.test.context.event.EventPublishingTestExecutionListener@2b80497f, org.springframework.boot.test.mock.mockito.ResetMocksTestExecutionListener@6ef4297d, org.springframework.boot.test.autoconfigure.restdocs.RestDocsTestExecutionListener@4c000cc4, org.springframework.boot.test.autoconfigure.web.client.MockRestServiceServerResetTestExecutionListener@6c36051c, org.springframework.boot.test.autoconfigure.web.servlet.MockMvcPrintOnlyOnFailureTestExecutionListener@45d46254, org.springframework.boot.test.autoconfigure.web.servlet.WebDriverTestExecutionListener@a240452, org.springframework.boot.test.autoconfigure.webservices.client.MockWebServiceServerTestExecutionListener@460e5ffe]
2025-04-30 01:12:46,876 INFO o.s.b.StartupInfoLogger {logStarting} [main] Starting MechanicControllerTests using Java 21 on DESKTOP-A2Q7539 with PID 6092 (started by 34618 in C:\Users\34618\Documents\2DAM Gdo. Superior\Acceso a datos 2DAM\hellospring)
2025-04-30 01:12:46,878 INFO o.s.b.SpringApplication {logStartupProfileInfo} [main] The following 1 profile is active: "test"
2025-04-30 01:12:47,440 INFO o.s.s.w.DefaultSecurityFilterChain {<init>} [main] Will secure any request with [org.springframework.security.web.session.DisableEncodeUrlFilter@57afe44b, org.springframework.security.web.context.request.async.WebAsyncManagerIntegrationFilter@18887028, org.springframework.security.web.context.SecurityContextPersistenceFilter@77a85e76, org.springframework.security.web.header.HeaderWriterFilter@99223ac, org.springframework.security.web.authentication.logout.LogoutFilter@36a1fd20, org.springframework.security.web.savedrequest.RequestCacheAwareFilter@2cebf82f, org.springframework.security.web.servletapi.SecurityContextHolderAwareRequestFilter@34fc315d, org.springframework.security.web.authentication.AnonymousAuthenticationFilter@28f8ce2e, org.springframework.security.web.session.SessionManagementFilter@4a5fab78, org.springframework.security.web.access.ExceptionTranslationFilter@399c408c, org.springframework.security.web.access.intercept.FilterSecurityInterceptor@505a8582]
2025-04-30 01:12:47,855 INFO o.s.m.w.MockServletContext {log} [main] Initializing Spring TestDispatcherServlet ''
2025-04-30 01:12:47,856 INFO o.s.w.s.FrameworkServlet {initServletBean} [main] Initializing Servlet ''
2025-04-30 01:12:47,857 INFO o.s.w.s.FrameworkServlet {initServletBean} [main] Completed initialization in 1 ms
2025-04-30 01:12:47,880 INFO o.s.b.StartupInfoLogger {logStarted} [main] Started MechanicControllerTests in 1.149 seconds (JVM running for 11.317)
2025-04-30 01:12:47,898 INFO c.s.a.c.MechanicController {filtermechanics} [main] BEGIN getAll
2025-04-30 01:12:47,900 INFO c.s.a.c.MechanicController {filtermechanics} [main] END getAll
2025-04-30 01:12:47,948 INFO c.s.a.c.MechanicController {modifyMechanic} [main] BEGIN modifyMechanic
2025-04-30 01:12:47,949 INFO c.s.a.c.MechanicController {modifyMechanic} [main] END modifyMechanic
2025-04-30 01:12:47,958 INFO c.s.a.c.MechanicController {filtermechanics} [main] BEGIN getAll
2025-04-30 01:12:47,960 INFO c.s.a.c.MechanicController {filtermechanics} [main] END getAll
2025-04-30 01:12:47,968 INFO c.s.a.c.MechanicController {getMechanic} [main] BEGIN getMechanic
2025-04-30 01:12:47,981 INFO c.s.a.c.MechanicController {filtermechanics} [main] BEGIN getAll
2025-04-30 01:12:47,982 INFO c.s.a.c.MechanicController {filtermechanics} [main] END getAll
2025-04-30 01:12:47,993 INFO c.s.a.c.MechanicController {removeMechanic} [main] BEGIN removeMechanic
2025-04-30 01:12:47,993 INFO c.s.a.c.MechanicController {removeMechanic} [main] END removeMechanic
2025-04-30 01:12:48,018 INFO c.s.a.c.MechanicController {addMechanic} [main] BEGIN addMechanic
2025-04-30 01:12:48,020 INFO c.s.a.c.MechanicController {addMechanic} [main] END addMechanic
2025-04-30 01:12:48,029 INFO c.s.a.c.MechanicController {getMechanic} [main] BEGIN getMechanic
2025-04-30 01:12:48,031 INFO c.s.a.c.MechanicController {getMechanic} [main] END getMechanic
2025-04-30 01:12:48,046 INFO c.s.a.c.MechanicController {modifyMechanic} [main] BEGIN modifyMechanic
2025-04-30 01:12:48,056 INFO c.s.a.c.MechanicController {filtermechanics} [main] BEGIN getAll
2025-04-30 01:12:48,057 INFO c.s.a.c.MechanicController {filtermechanics} [main] END getAll
2025-04-30 01:12:48,064 INFO c.s.a.c.MechanicController {removeMechanic} [main] BEGIN removeMechanic
2025-04-30 01:12:48,073 INFO c.s.a.c.MechanicController {filtermechanics} [main] BEGIN getAll
2025-04-30 01:12:48,073 INFO c.s.a.c.MechanicController {filtermechanics} [main] END getAll
2025-04-30 01:12:48,170 INFO o.s.t.c.s.AbstractTestContextBootstrapper {buildDefaultMergedContextConfiguration} [main] Neither @ContextConfiguration nor @ContextHierarchy found for test class [com.svalero.apibikes.UserControllerTests], using SpringBootContextLoader
2025-04-30 01:12:48,172 INFO o.s.t.c.s.AbstractContextLoader {generateDefaultLocations} [main] Could not detect default resource locations for test class [com.svalero.apibikes.UserControllerTests]: no resource found for suffixes {-context.xml, Context.groovy}.
2025-04-30 01:12:48,173 INFO o.s.t.c.s.AnnotationConfigContextLoaderUtils {detectDefaultConfigurationClasses} [main] Could not detect default configuration classes for test class [com.svalero.apibikes.UserControllerTests]: UserControllerTests does not declare any static, non-private, non-final, nested classes annotated with @Configuration.
2025-04-30 01:12:48,183 INFO o.s.b.t.c.SpringBootTestContextBootstrapper {getOrFindConfigurationClasses} [main] Found @SpringBootConfiguration com.svalero.apibikes.HellospringApplication for test class com.svalero.apibikes.UserControllerTests
2025-04-30 01:12:48,184 INFO o.s.t.c.s.AbstractTestContextBootstrapper {getDefaultTestExecutionListenerClassNames} [main] Loaded default TestExecutionListener class names from location [META-INF/spring.factories]: [org.springframework.boot.test.mock.mockito.MockitoTestExecutionListener, org.springframework.boot.test.mock.mockito.ResetMocksTestExecutionListener, org.springframework.boot.test.autoconfigure.restdocs.RestDocsTestExecutionListener, org.springframework.boot.test.autoconfigure.web.client.MockRestServiceServerResetTestExecutionListener, org.springframework.boot.test.autoconfigure.web.servlet.MockMvcPrintOnlyOnFailureTestExecutionListener, org.springframework.boot.test.autoconfigure.web.servlet.WebDriverTestExecutionListener, org.springframework.boot.test.autoconfigure.webservices.client.MockWebServiceServerTestExecutionListener, org.springframework.test.context.web.ServletTestExecutionListener, org.springframework.test.context.support.DirtiesContextBeforeModesTestExecutionListener, org.springframework.test.context.event.ApplicationEventsTestExecutionListener, org.springframework.test.context.support.DependencyInjectionTestExecutionListener, org.springframework.test.context.support.DirtiesContextTestExecutionListener, org.springframework.test.context.transaction.TransactionalTestExecutionListener, org.springframework.test.context.jdbc.SqlScriptsTestExecutionListener, org.springframework.test.context.event.EventPublishingTestExecutionListener]
2025-04-30 01:12:48,186 INFO o.s.t.c.s.AbstractTestContextBootstrapper {getTestExecutionListeners} [main] Using TestExecutionListeners: [org.springframework.test.context.web.ServletTestExecutionListener@1987807b, org.springframework.test.context.support.DirtiesContextBeforeModesTestExecutionListener@71469e01, org.springframework.test.context.event.ApplicationEventsTestExecutionListener@41bbb219, org.springframework.boot.test.mock.mockito.MockitoTestExecutionListener@3f2ae973, org.springframework.boot.test.autoconfigure.SpringBootDependencyInjectionTestExecutionListener@1a8b22b5, org.springframework.test.context.support.DirtiesContextTestExecutionListener@5f781173, org.springframework.test.context.transaction.TransactionalTestExecutionListener@43cf5bff, org.springframework.test.context.jdbc.SqlScriptsTestExecutionListener@2b464384, org.springframework.test.context.event.EventPublishingTestExecutionListener@681b42d3, org.springframework.boot.test.mock.mockito.ResetMocksTestExecutionListener@77f7352a, org.springframework.boot.test.autoconfigure.restdocs.RestDocsTestExecutionListener@4ede8888, org.springframework.boot.test.autoconfigure.web.client.MockRestServiceServerResetTestExecutionListener@571db8b4, org.springframework.boot.test.autoconfigure.web.servlet.MockMvcPrintOnlyOnFailureTestExecutionListener@65a2755e, org.springframework.boot.test.autoconfigure.web.servlet.WebDriverTestExecutionListener@2b3242a5, org.springframework.boot.test.autoconfigure.webservices.client.MockWebServiceServerTestExecutionListener@11120583]
2025-04-30 01:12:48,234 INFO o.s.b.StartupInfoLogger {logStarting} [main] Starting UserControllerTests using Java 21 on DESKTOP-A2Q7539 with PID 6092 (started by 34618 in C:\Users\34618\Documents\2DAM Gdo. Superior\Acceso a datos 2DAM\hellospring)
2025-04-30 01:12:48,235 INFO o.s.b.SpringApplication {logStartupProfileInfo} [main] The following 1 profile is active: "test"
2025-04-30 01:12:49,182 INFO o.s.s.w.DefaultSecurityFilterChain {<init>} [main] Will secure any request with [org.springframework.security.web.session.DisableEncodeUrlFilter@5340ccb9, org.springframework.security.web.context.request.async.WebAsyncManagerIntegrationFilter@2bc8caa7, org.springframework.security.web.context.SecurityContextPersistenceFilter@4dd752e8, org.springframework.security.web.header.HeaderWriterFilter@28a3fc34, org.springframework.security.web.authentication.logout.LogoutFilter@42ef5216, org.springframework.security.web.savedrequest.RequestCacheAwareFilter@62c46e53, org.springframework.security.web.servletapi.SecurityContextHolderAwareRequestFilter@55317c63, org.springframework.security.web.authentication.AnonymousAuthenticationFilter@582ea164, org.springframework.security.web.session.SessionManagementFilter@7582a16b, org.springframework.security.web.access.ExceptionTranslationFilter@2d705998, org.springframework.security.web.access.intercept.FilterSecurityInterceptor@104cfb24]
2025-04-30 01:12:50,335 INFO o.s.m.w.MockServletContext {log} [main] Initializing Spring TestDispatcherServlet ''
2025-04-30 01:12:50,338 INFO o.s.w.s.FrameworkServlet {initServletBean} [main] Initializing Servlet ''
2025-04-30 01:12:50,340 INFO o.s.w.s.FrameworkServlet {initServletBean} [main] Completed initialization in 2 ms
2025-04-30 01:12:50,371 INFO o.s.b.StartupInfoLogger {logStarted} [main] Started UserControllerTests in 2.181 seconds (JVM running for 13.81)
2025-04-30 01:12:50,395 INFO c.s.a.c.UserController {getUser} [main] BEGIN getUser
2025-04-30 01:12:50,424 INFO c.s.a.c.UserController {filterusers} [main] BEGIN getAll
2025-04-30 01:12:50,426 INFO c.s.a.c.UserController {filterusers} [main] END getAll
2025-04-30 01:12:50,484 INFO c.s.a.c.UserController {filterusers} [main] BEGIN getAll
2025-04-30 01:12:50,488 INFO c.s.a.c.UserController {filterusers} [main] END getAll
2025-04-30 01:12:50,505 INFO c.s.a.c.UserController {filterusers} [main] BEGIN getAll
2025-04-30 01:12:50,506 INFO c.s.a.c.UserController {filterusers} [main] END getAll
2025-04-30 01:12:50,560 INFO c.s.a.c.UserController {removeUser} [main] BEGIN removeUser
2025-04-30 01:12:50,561 INFO c.s.a.c.UserController {removeUser} [main] END removeUser
2025-04-30 01:12:50,580 INFO c.s.a.c.UserController {getUser} [main] BEGIN getUser
2025-04-30 01:12:50,581 INFO c.s.a.c.UserController {getUser} [main] END getUser
2025-04-30 01:12:50,624 INFO c.s.a.c.UserController {modifyUser} [main] BEGIN modifyUser
2025-04-30 01:12:50,641 INFO c.s.a.c.UserController {filterusers} [main] BEGIN getAll
2025-04-30 01:12:50,643 INFO c.s.a.c.UserController {filterusers} [main] END getAll
2025-04-30 01:12:50,658 INFO c.s.a.c.UserController {filterusers} [main] BEGIN getAll
2025-04-30 01:12:50,659 INFO c.s.a.c.UserController {filterusers} [main] END getAll
2025-04-30 01:12:50,676 INFO c.s.a.c.UserController {modifyUser} [main] BEGIN modifyUser
2025-04-30 01:12:50,678 INFO c.s.a.c.UserController {modifyUser} [main] END modifyUser
2025-04-30 01:12:50,701 INFO c.s.a.c.UserController {removeUser} [main] BEGIN removeUser
2025-04-30 01:12:50,917 INFO o.s.t.c.s.AbstractTestContextBootstrapper {buildDefaultMergedContextConfiguration} [main] Neither @ContextConfiguration nor @ContextHierarchy found for test class [com.svalero.apibikes.WorkShopControllerTests], using SpringBootContextLoader
2025-04-30 01:12:50,921 INFO o.s.t.c.s.AbstractContextLoader {generateDefaultLocations} [main] Could not detect default resource locations for test class [com.svalero.apibikes.WorkShopControllerTests]: no resource found for suffixes {-context.xml, Context.groovy}.
2025-04-30 01:12:50,931 INFO o.s.t.c.s.AnnotationConfigContextLoaderUtils {detectDefaultConfigurationClasses} [main] Could not detect default configuration classes for test class [com.svalero.apibikes.WorkShopControllerTests]: WorkShopControllerTests does not declare any static, non-private, non-final, nested classes annotated with @Configuration.
2025-04-30 01:12:50,944 INFO o.s.b.t.c.SpringBootTestContextBootstrapper {getOrFindConfigurationClasses} [main] Found @SpringBootConfiguration com.svalero.apibikes.HellospringApplication for test class com.svalero.apibikes.WorkShopControllerTests
2025-04-30 01:12:50,947 INFO o.s.t.c.s.AbstractTestContextBootstrapper {getDefaultTestExecutionListenerClassNames} [main] Loaded default TestExecutionListener class names from location [META-INF/spring.factories]: [org.springframework.boot.test.mock.mockito.MockitoTestExecutionListener, org.springframework.boot.test.mock.mockito.ResetMocksTestExecutionListener, org.springframework.boot.test.autoconfigure.restdocs.RestDocsTestExecutionListener, org.springframework.boot.test.autoconfigure.web.client.MockRestServiceServerResetTestExecutionListener, org.springframework.boot.test.autoconfigure.web.servlet.MockMvcPrintOnlyOnFailureTestExecutionListener, org.springframework.boot.test.autoconfigure.web.servlet.WebDriverTestExecutionListener, org.springframework.boot.test.autoconfigure.webservices.client.MockWebServiceServerTestExecutionListener, org.springframework.test.context.web.ServletTestExecutionListener, org.springframework.test.context.support.DirtiesContextBeforeModesTestExecutionListener, org.springframework.test.context.event.ApplicationEventsTestExecutionListener, org.springframework.test.context.support.DependencyInjectionTestExecutionListener, org.springframework.test.context.support.DirtiesContextTestExecutionListener, org.springframework.test.context.transaction.TransactionalTestExecutionListener, org.springframework.test.context.jdbc.SqlScriptsTestExecutionListener, org.springframework.test.context.event.EventPublishingTestExecutionListener]
2025-04-30 01:12:50,948 INFO o.s.t.c.s.AbstractTestContextBootstrapper {getTestExecutionListeners} [main] Using TestExecutionListeners: [org.springframework.test.context.web.ServletTestExecutionListener@491cc0eb, org.springframework.test.context.support.DirtiesContextBeforeModesTestExecutionListener@727f36dd, org.springframework.test.context.event.ApplicationEventsTestExecutionListener@2c70a1de, org.springframework.boot.test.mock.mockito.MockitoTestExecutionListener@ae74eef, org.springframework.boot.test.autoconfigure.SpringBootDependencyInjectionTestExecutionListener@2553dcc0, org.springframework.test.context.support.DirtiesContextTestExecutionListener@2e91cf69, org.springframework.test.context.transaction.TransactionalTestExecutionListener@746e534, org.springframework.test.context.jdbc.SqlScriptsTestExecutionListener@37665305, org.springframework.test.context.event.EventPublishingTestExecutionListener@c683cf5, org.springframework.boot.test.mock.mockito.ResetMocksTestExecutionListener@2c224096, org.springframework.boot.test.autoconfigure.restdocs.RestDocsTestExecutionListener@1cfd6f63, org.springframework.boot.test.autoconfigure.web.client.MockRestServiceServerResetTestExecutionListener@1906f982, org.springframework.boot.test.autoconfigure.web.servlet.MockMvcPrintOnlyOnFailureTestExecutionListener@5444f1c3, org.springframework.boot.test.autoconfigure.web.servlet.WebDriverTestExecutionListener@6a5c2d2d, org.springframework.boot.test.autoconfigure.webservices.client.MockWebServiceServerTestExecutionListener@1dadd172]
2025-04-30 01:12:51,044 INFO o.s.b.StartupInfoLogger {logStarting} [main] Starting WorkShopControllerTests using Java 21 on DESKTOP-A2Q7539 with PID 6092 (started by 34618 in C:\Users\34618\Documents\2DAM Gdo. Superior\Acceso a datos 2DAM\hellospring)
2025-04-30 01:12:51,045 INFO o.s.b.SpringApplication {logStartupProfileInfo} [main] The following 1 profile is active: "test"
2025-04-30 01:12:51,706 INFO o.s.s.w.DefaultSecurityFilterChain {<init>} [main] Will secure any request with [org.springframework.security.web.session.DisableEncodeUrlFilter@7341baa3, org.springframework.security.web.context.request.async.WebAsyncManagerIntegrationFilter@1ca0aa40, org.springframework.security.web.context.SecurityContextPersistenceFilter@51e0f2eb, org.springframework.security.web.header.HeaderWriterFilter@3ccefe1b, org.springframework.security.web.authentication.logout.LogoutFilter@7e63374b, org.springframework.security.web.savedrequest.RequestCacheAwareFilter@7a51dc38, org.springframework.security.web.servletapi.SecurityContextHolderAwareRequestFilter@31a4db4f, org.springframework.security.web.authentication.AnonymousAuthenticationFilter@626766fd, org.springframework.security.web.session.SessionManagementFilter@a926db4, org.springframework.security.web.access.ExceptionTranslationFilter@4eacb6d1, org.springframework.security.web.access.intercept.FilterSecurityInterceptor@45753c22]
2025-04-30 01:12:52,160 INFO o.s.m.w.MockServletContext {log} [main] Initializing Spring TestDispatcherServlet ''
2025-04-30 01:12:52,161 INFO o.s.w.s.FrameworkServlet {initServletBean} [main] Initializing Servlet ''
2025-04-30 01:12:52,162 INFO o.s.w.s.FrameworkServlet {initServletBean} [main] Completed initialization in 1 ms
2025-04-30 01:12:52,177 INFO o.s.b.StartupInfoLogger {logStarted} [main] Started WorkShopControllerTests in 1.22 seconds (JVM running for 15.615)
2025-04-30 01:12:52,188 INFO c.s.a.c.WorkShopController {getWorkShop} [main] BEGIN getWorkShop
2025-04-30 01:12:52,190 INFO c.s.a.c.WorkShopController {getWorkShop} [main] END getWorkShop
2025-04-30 01:12:52,208 INFO c.s.a.c.WorkShopController {filterworkshops} [main] BEGIN getAll
2025-04-30 01:12:52,209 INFO c.s.a.c.WorkShopController {filterworkshops} [main] END getAll
2025-04-30 01:12:52,224 INFO c.s.a.c.WorkShopController {filterworkshops} [main] BEGIN getAll
2025-04-30 01:12:52,225 INFO c.s.a.c.WorkShopController {filterworkshops} [main] END getAll
2025-04-30 01:12:52,235 INFO c.s.a.c.WorkShopController {filterworkshops} [main] BEGIN getAll
2025-04-30 01:12:52,236 INFO c.s.a.c.WorkShopController {filterworkshops} [main] END getAll
2025-04-30 01:12:52,284 INFO c.s.a.c.WorkShopController {filterworkshops} [main] BEGIN getAll
2025-04-30 01:12:52,285 INFO c.s.a.c.WorkShopController {filterworkshops} [main] END getAll
2025-04-30 01:12:52,298 INFO c.s.a.c.WorkShopController {addWorkShop} [main] BEGIN addWorkShop
2025-04-30 01:12:52,300 INFO c.s.a.c.WorkShopController {addWorkShop} [main] END addWorkShop
2025-04-30 01:12:52,309 INFO c.s.a.c.WorkShopController {getWorkShop} [main] BEGIN getWorkShop
2025-04-30 01:12:52,320 INFO c.s.a.c.WorkShopController {filterworkshops} [main] BEGIN getAll
2025-04-30 01:12:52,323 INFO c.s.a.c.WorkShopController {filterworkshops} [main] END getAll
2025-04-30 01:12:52,331 INFO c.s.a.c.WorkShopController {addWorkShop} [main] BEGIN addWorkShop
2025-04-30 01:12:52,333 INFO c.s.a.c.WorkShopController {addWorkShop} [main] END addWorkShop
2025-04-30 01:21:42,141 INFO o.s.b.StartupInfoLogger {logStarting} [main] Starting BikeControllerTests using Java 21 on DESKTOP-A2Q7539 with PID 3844 (started by 34618 in C:\Users\34618\Documents\2DAM Gdo. Superior\Acceso a datos 2DAM\hellospring)
2025-04-30 01:21:42,144 INFO o.h.v.i.u.Version {<clinit>} [background-preinit] HV000001: Hibernate Validator 6.2.5.Final
2025-04-30 01:21:42,157 INFO o.s.b.SpringApplication {logStartupProfileInfo} [main] The following 1 profile is active: "test"
2025-04-30 01:21:45,554 INFO o.s.s.w.DefaultSecurityFilterChain {<init>} [main] Will secure any request with [org.springframework.security.web.session.DisableEncodeUrlFilter@601d6622, org.springframework.security.web.context.request.async.WebAsyncManagerIntegrationFilter@76216830, org.springframework.security.web.context.SecurityContextPersistenceFilter@58aa1d72, org.springframework.security.web.header.HeaderWriterFilter@437c4b25, org.springframework.security.web.authentication.logout.LogoutFilter@2bebd114, org.springframework.security.web.savedrequest.RequestCacheAwareFilter@56a4abd0, org.springframework.security.web.servletapi.SecurityContextHolderAwareRequestFilter@5eed6dfb, org.springframework.security.web.authentication.AnonymousAuthenticationFilter@7aded903, org.springframework.security.web.session.SessionManagementFilter@3b435211, org.springframework.security.web.access.ExceptionTranslationFilter@6af609ea, org.springframework.security.web.access.intercept.FilterSecurityInterceptor@7e49ded]
2025-04-30 01:21:47,346 INFO o.s.m.w.MockServletContext {log} [main] Initializing Spring TestDispatcherServlet ''
2025-04-30 01:21:47,348 INFO o.s.w.s.FrameworkServlet {initServletBean} [main] Initializing Servlet ''
2025-04-30 01:21:47,352 INFO o.s.w.s.FrameworkServlet {initServletBean} [main] Completed initialization in 4 ms
2025-04-30 01:21:47,451 INFO o.s.b.StartupInfoLogger {logStarted} [main] Started BikeControllerTests in 7.308 seconds (JVM running for 9.063)
2025-04-30 01:21:47,831 INFO c.s.a.c.BikeController {filterBikes} [main] Filtrando bicicletas con parámetros: brand=, model=Alma, color=
2025-04-30 01:21:47,847 INFO c.s.a.c.BikeController {filterBikes} [main] Operación completada: Se obtuvieron 1 bicicletas filtradas
2025-04-30 01:21:48,117 INFO c.s.a.c.BikeController {filterBikes} [main] Filtrando bicicletas con parámetros: brand=Orbea, model=Alma, color=green
2025-04-30 01:21:48,117 INFO c.s.a.c.BikeController {filterBikes} [main] Operación completada: Se obtuvieron 1 bicicletas filtradas
2025-04-30 01:21:48,381 INFO c.s.a.c.BikeController {addBike} [main] BEGIN addBike
2025-04-30 01:21:48,451 INFO c.s.a.c.BikeController {filterBikes} [main] Filtrando bicicletas con parámetros: brand=Orbea, model=, color=
2025-04-30 01:21:48,452 INFO c.s.a.c.BikeController {filterBikes} [main] Operación completada: Se obtuvieron 2 bicicletas filtradas
2025-04-30 01:21:48,474 INFO c.s.a.c.BikeController {addBike} [main] BEGIN addBike
2025-04-30 01:21:48,475 INFO c.s.a.c.BikeController {addBike} [main] END addBike
2025-04-30 01:21:48,610 INFO c.s.a.c.BikeController {filterBikes} [main] Filtrando bicicletas con parámetros: brand=, model=, color=
2025-04-30 01:21:48,612 INFO c.s.a.c.BikeController {filterBikes} [main] Operación completada: Se obtuvieron 3 bicicletas filtradas
2025-04-30 01:21:48,631 INFO c.s.a.c.BikeController {filterBikes} [main] Filtrando bicicletas con parámetros: brand=, model=, color=green
2025-04-30 01:21:48,634 INFO c.s.a.c.BikeController {filterBikes} [main] Operación completada: Se obtuvieron 1 bicicletas filtradas
2025-04-30 01:21:48,658 INFO c.s.a.c.BikeController {getBike} [main] BEGIN getBike
2025-04-30 01:21:48,660 INFO c.s.a.c.BikeController {getBike} [main] END getBike
2025-04-30 01:21:48,753 INFO c.s.a.c.BikeController {removeBike} [main] BEGIN removeBike
2025-04-30 01:21:48,755 INFO c.s.a.c.BikeController {removeBike} [main] END removeBike
2025-04-30 01:21:48,801 INFO c.s.a.c.BikeController {modifyBike} [main] BEGIN modifyBike
2025-04-30 01:21:48,852 INFO c.s.a.c.BikeController {modifyBike} [main] BEGIN modifyBike
2025-04-30 01:21:48,852 INFO c.s.a.c.BikeController {modifyBike} [main] END modifyBike
2025-04-30 01:21:48,875 INFO c.s.a.c.BikeController {removeBike} [main] BEGIN removeBike
2025-04-30 01:21:48,893 INFO c.s.a.c.BikeController {getBike} [main] BEGIN getBike
2025-04-30 01:21:49,455 INFO o.s.t.c.s.AbstractTestContextBootstrapper {buildDefaultMergedContextConfiguration} [main] Neither @ContextConfiguration nor @ContextHierarchy found for test class [com.svalero.apibikes.MechanicControllerTests], using SpringBootContextLoader
2025-04-30 01:21:49,457 INFO o.s.t.c.s.AbstractContextLoader {generateDefaultLocations} [main] Could not detect default resource locations for test class [com.svalero.apibikes.MechanicControllerTests]: no resource found for suffixes {-context.xml, Context.groovy}.
2025-04-30 01:21:49,458 INFO o.s.t.c.s.AnnotationConfigContextLoaderUtils {detectDefaultConfigurationClasses} [main] Could not detect default configuration classes for test class [com.svalero.apibikes.MechanicControllerTests]: MechanicControllerTests does not declare any static, non-private, non-final, nested classes annotated with @Configuration.
2025-04-30 01:21:49,469 INFO o.s.b.t.c.SpringBootTestContextBootstrapper {getOrFindConfigurationClasses} [main] Found @SpringBootConfiguration com.svalero.apibikes.HellospringApplication for test class com.svalero.apibikes.MechanicControllerTests
2025-04-30 01:21:49,471 INFO o.s.t.c.s.AbstractTestContextBootstrapper {getDefaultTestExecutionListenerClassNames} [main] Loaded default TestExecutionListener class names from location [META-INF/spring.factories]: [org.springframework.boot.test.mock.mockito.MockitoTestExecutionListener, org.springframework.boot.test.mock.mockito.ResetMocksTestExecutionListener, org.springframework.boot.test.autoconfigure.restdocs.RestDocsTestExecutionListener, org.springframework.boot.test.autoconfigure.web.client.MockRestServiceServerResetTestExecutionListener, org.springframework.boot.test.autoconfigure.web.servlet.MockMvcPrintOnlyOnFailureTestExecutionListener, org.springframework.boot.test.autoconfigure.web.servlet.WebDriverTestExecutionListener, org.springframework.boot.test.autoconfigure.webservices.client.MockWebServiceServerTestExecutionListener, org.springframework.test.context.web.ServletTestExecutionListener, org.springframework.test.context.support.DirtiesContextBeforeModesTestExecutionListener, org.springframework.test.context.event.ApplicationEventsTestExecutionListener, org.springframework.test.context.support.DependencyInjectionTestExecutionListener, org.springframework.test.context.support.DirtiesContextTestExecutionListener, org.springframework.test.context.transaction.TransactionalTestExecutionListener, org.springframework.test.context.jdbc.SqlScriptsTestExecutionListener, org.springframework.test.context.event.EventPublishingTestExecutionListener]
2025-04-30 01:21:49,472 INFO o.s.t.c.s.AbstractTestContextBootstrapper {getTestExecutionListeners} [main] Using TestExecutionListeners: [org.springframework.test.context.web.ServletTestExecutionListener@25ea068e, org.springframework.test.context.support.DirtiesContextBeforeModesTestExecutionListener@4cd8db31, org.springframework.test.context.event.ApplicationEventsTestExecutionListener@201a8ea7, org.springframework.boot.test.mock.mockito.MockitoTestExecutionListener@ecf028c, org.springframework.boot.test.autoconfigure.SpringBootDependencyInjectionTestExecutionListener@7b64bbad, org.springframework.test.context.support.DirtiesContextTestExecutionListener@71eff6a3, org.springframework.test.context.transaction.TransactionalTestExecutionListener@574218f, org.springframework.test.context.jdbc.SqlScriptsTestExecutionListener@735988cf, org.springframework.test.context.event.EventPublishingTestExecutionListener@2d3eecda, org.springframework.boot.test.mock.mockito.ResetMocksTestExecutionListener@236a4d30, org.springframework.boot.test.autoconfigure.restdocs.RestDocsTestExecutionListener@736788b, org.springframework.boot.test.autoconfigure.web.client.MockRestServiceServerResetTestExecutionListener@38968752, org.springframework.boot.test.autoconfigure.web.servlet.MockMvcPrintOnlyOnFailureTestExecutionListener@6294e4a6, org.springframework.boot.test.autoconfigure.web.servlet.WebDriverTestExecutionListener@13662609, org.springframework.boot.test.autoconfigure.webservices.client.MockWebServiceServerTestExecutionListener@27a0e6ce]
2025-04-30 01:21:49,635 INFO o.s.b.StartupInfoLogger {logStarting} [main] Starting MechanicControllerTests using Java 21 on DESKTOP-A2Q7539 with PID 3844 (started by 34618 in C:\Users\34618\Documents\2DAM Gdo. Superior\Acceso a datos 2DAM\hellospring)
2025-04-30 01:21:49,635 INFO o.s.b.SpringApplication {logStartupProfileInfo} [main] The following 1 profile is active: "test"
2025-04-30 01:21:50,177 INFO o.s.s.w.DefaultSecurityFilterChain {<init>} [main] Will secure any request with [org.springframework.security.web.session.DisableEncodeUrlFilter@34fc315d, org.springframework.security.web.context.request.async.WebAsyncManagerIntegrationFilter@34f48d1, org.springframework.security.web.context.SecurityContextPersistenceFilter@1c8e2850, org.springframework.security.web.header.HeaderWriterFilter@764db16c, org.springframework.security.web.authentication.logout.LogoutFilter@399c408c, org.springframework.security.web.savedrequest.RequestCacheAwareFilter@50ac1249, org.springframework.security.web.servletapi.SecurityContextHolderAwareRequestFilter@4bf10fe1, org.springframework.security.web.authentication.AnonymousAuthenticationFilter@36a1fd20, org.springframework.security.web.session.SessionManagementFilter@45cb5307, org.springframework.security.web.access.ExceptionTranslationFilter@4910afdf, org.springframework.security.web.access.intercept.FilterSecurityInterceptor@2cebf82f]
2025-04-30 01:21:50,725 INFO o.s.m.w.MockServletContext {log} [main] Initializing Spring TestDispatcherServlet ''
2025-04-30 01:21:50,726 INFO o.s.w.s.FrameworkServlet {initServletBean} [main] Initializing Servlet ''
2025-04-30 01:21:50,728 INFO o.s.w.s.FrameworkServlet {initServletBean} [main] Completed initialization in 1 ms
2025-04-30 01:21:50,752 INFO o.s.b.StartupInfoLogger {logStarted} [main] Started MechanicControllerTests in 1.275 seconds (JVM running for 12.358)
2025-04-30 01:21:50,770 INFO c.s.a.c.MechanicController {filtermechanics} [main] BEGIN getAll
2025-04-30 01:21:50,772 INFO c.s.a.c.MechanicController {filtermechanics} [main] END getAll
2025-04-30 01:21:50,810 INFO c.s.a.c.MechanicController {modifyMechanic} [main] BEGIN modifyMechanic
2025-04-30 01:21:50,812 INFO c.s.a.c.MechanicController {modifyMechanic} [main] END modifyMechanic
2025-04-30 01:21:50,826 INFO c.s.a.c.MechanicController {filtermechanics} [main] BEGIN getAll
2025-04-30 01:21:50,829 INFO c.s.a.c.MechanicController {filtermechanics} [main] END getAll
2025-04-30 01:21:50,841 INFO c.s.a.c.MechanicController {getMechanic} [main] BEGIN getMechanic
2025-04-30 01:21:50,865 INFO c.s.a.c.MechanicController {filtermechanics} [main] BEGIN getAll
2025-04-30 01:21:50,867 INFO c.s.a.c.MechanicController {filtermechanics} [main] END getAll
2025-04-30 01:21:50,879 INFO c.s.a.c.MechanicController {removeMechanic} [main] BEGIN removeMechanic
2025-04-30 01:21:50,882 INFO c.s.a.c.MechanicController {removeMechanic} [main] END removeMechanic
2025-04-30 01:21:50,923 INFO c.s.a.c.MechanicController {addMechanic} [main] BEGIN addMechanic
2025-04-30 01:21:50,924 INFO c.s.a.c.MechanicController {addMechanic} [main] END addMechanic
2025-04-30 01:21:50,935 INFO c.s.a.c.MechanicController {getMechanic} [main] BEGIN getMechanic
2025-04-30 01:21:50,936 INFO c.s.a.c.MechanicController {getMechanic} [main] END getMechanic
2025-04-30 01:21:50,953 INFO c.s.a.c.MechanicController {modifyMechanic} [main] BEGIN modifyMechanic
2025-04-30 01:21:50,964 INFO c.s.a.c.MechanicController {filtermechanics} [main] BEGIN getAll
2025-04-30 01:21:50,965 INFO c.s.a.c.MechanicController {filtermechanics} [main] END getAll
2025-04-30 01:21:50,974 INFO c.s.a.c.MechanicController {removeMechanic} [main] BEGIN removeMechanic
2025-04-30 01:21:50,985 INFO c.s.a.c.MechanicController {filtermechanics} [main] BEGIN getAll
2025-04-30 01:21:50,986 INFO c.s.a.c.MechanicController {filtermechanics} [main] END getAll
2025-04-30 01:21:51,113 INFO o.s.t.c.s.AbstractTestContextBootstrapper {buildDefaultMergedContextConfiguration} [main] Neither @ContextConfiguration nor @ContextHierarchy found for test class [com.svalero.apibikes.UserControllerTests], using SpringBootContextLoader
2025-04-30 01:21:51,115 INFO o.s.t.c.s.AbstractContextLoader {generateDefaultLocations} [main] Could not detect default resource locations for test class [com.svalero.apibikes.UserControllerTests]: no resource found for suffixes {-context.xml, Context.groovy}.
2025-04-30 01:21:51,116 INFO o.s.t.c.s.AnnotationConfigContextLoaderUtils {detectDefaultConfigurationClasses} [main] Could not detect default configuration classes for test class [com.svalero.apibikes.UserControllerTests]: UserControllerTests does not declare any static, non-private, non-final, nested classes annotated with @Configuration.
2025-04-30 01:21:51,125 INFO o.s.b.t.c.SpringBootTestContextBootstrapper {getOrFindConfigurationClasses} [main] Found @SpringBootConfiguration com.svalero.apibikes.HellospringApplication for test class com.svalero.apibikes.UserControllerTests
2025-04-30 01:21:51,127 INFO o.s.t.c.s.AbstractTestContextBootstrapper {getDefaultTestExecutionListenerClassNames} [main] Loaded default TestExecutionListener class names from location [META-INF/spring.factories]: [org.springframework.boot.test.mock.mockito.MockitoTestExecutionListener, org.springframework.boot.test.mock.mockito.ResetMocksTestExecutionListener, org.springframework.boot.test.autoconfigure.restdocs.RestDocsTestExecutionListener, org.springframework.boot.test.autoconfigure.web.client.MockRestServiceServerResetTestExecutionListener, org.springframework.boot.test.autoconfigure.web.servlet.MockMvcPrintOnlyOnFailureTestExecutionListener, org.springframework.boot.test.autoconfigure.web.servlet.WebDriverTestExecutionListener, org.springframework.boot.test.autoconfigure.webservices.client.MockWebServiceServerTestExecutionListener, org.springframework.test.context.web.ServletTestExecutionListener, org.springframework.test.context.support.DirtiesContextBeforeModesTestExecutionListener, org.springframework.test.context.event.ApplicationEventsTestExecutionListener, org.springframework.test.context.support.DependencyInjectionTestExecutionListener, org.springframework.test.context.support.DirtiesContextTestExecutionListener, org.springframework.test.context.transaction.TransactionalTestExecutionListener, org.springframework.test.context.jdbc.SqlScriptsTestExecutionListener, org.springframework.test.context.event.EventPublishingTestExecutionListener]
2025-04-30 01:21:51,128 INFO o.s.t.c.s.AbstractTestContextBootstrapper {getTestExecutionListeners} [main] Using TestExecutionListeners: [org.springframework.test.context.web.ServletTestExecutionListener@3e2d65e1, org.springframework.test.context.support.DirtiesContextBeforeModesTestExecutionListener@1174676f, org.springframework.test.context.event.ApplicationEventsTestExecutionListener@71f8ce0e, org.springframework.boot.test.mock.mockito.MockitoTestExecutionListener@4fd92289, org.springframework.boot.test.autoconfigure.SpringBootDependencyInjectionTestExecutionListener@1a8e44fe, org.springframework.test.context.support.DirtiesContextTestExecutionListener@287317df, org.springframework.test.context.transaction.TransactionalTestExecutionListener@1fcc3461, org.springframework.test.context.jdbc.SqlScriptsTestExecutionListener@1987807b, org.springframework.test.context.event.EventPublishingTestExecutionListener@71469e01, org.springframework.boot.test.mock.mockito.ResetMocksTestExecutionListener@41bbb219, org.springframework.boot.test.autoconfigure.restdocs.RestDocsTestExecutionListener@3f2ae973, org.springframework.boot.test.autoconfigure.web.client.MockRestServiceServerResetTestExecutionListener@1a8b22b5, org.springframework.boot.test.autoconfigure.web.servlet.MockMvcPrintOnlyOnFailureTestExecutionListener@5f781173, org.springframework.boot.test.autoconfigure.web.servlet.WebDriverTestExecutionListener@43cf5bff, org.springframework.boot.test.autoconfigure.webservices.client.MockWebServiceServerTestExecutionListener@2b464384]
2025-04-30 01:21:51,184 INFO o.s.b.StartupInfoLogger {logStarting} [main] Starting UserControllerTests using Java 21 on DESKTOP-A2Q7539 with PID 3844 (started by 34618 in C:\Users\34618\Documents\2DAM Gdo. Superior\Acceso a datos 2DAM\hellospring)
2025-04-30 01:21:51,185 INFO o.s.b.SpringApplication {logStartupProfileInfo} [main] The following 1 profile is active: "test"
2025-04-30 01:21:51,650 INFO o.s.s.w.DefaultSecurityFilterChain {<init>} [main] Will secure any request with [org.springframework.security.web.session.DisableEncodeUrlFilter@55317c63, org.springframework.security.web.context.request.async.WebAsyncManagerIntegrationFilter@35d81657, org.springframework.security.web.context.SecurityContextPersistenceFilter@4d770bcd, org.springframework.security.web.header.HeaderWriterFilter@5cba890e, org.springframework.security.web.authentication.logout.LogoutFilter@2d705998, org.springframework.security.web.savedrequest.RequestCacheAwareFilter@fe156f4, org.springframework.security.web.servletapi.SecurityContextHolderAwareRequestFilter@79b4cff, org.springframework.security.web.authentication.AnonymousAuthenticationFilter@42ef5216, org.springframework.security.web.session.SessionManagementFilter@3a4cb483, org.springframework.security.web.access.ExceptionTranslationFilter@4790b897, org.springframework.security.web.access.intercept.FilterSecurityInterceptor@62c46e53]
2025-04-30 01:21:52,558 INFO o.s.m.w.MockServletContext {log} [main] Initializing Spring TestDispatcherServlet ''
2025-04-30 01:21:52,560 INFO o.s.w.s.FrameworkServlet {initServletBean} [main] Initializing Servlet ''
2025-04-30 01:21:52,562 INFO o.s.w.s.FrameworkServlet {initServletBean} [main] Completed initialization in 1 ms
2025-04-30 01:21:52,592 INFO o.s.b.StartupInfoLogger {logStarted} [main] Started UserControllerTests in 1.46 seconds (JVM running for 14.197)
2025-04-30 01:21:52,615 INFO c.s.a.c.UserController {getUser} [main] BEGIN getUser
2025-04-30 01:21:52,637 INFO c.s.a.c.UserController {filterusers} [main] BEGIN getAll
2025-04-30 01:21:52,640 INFO c.s.a.c.UserController {filterusers} [main] END getAll
2025-04-30 01:21:52,704 INFO c.s.a.c.UserController {filterusers} [main] BEGIN getAll
2025-04-30 01:21:52,706 INFO c.s.a.c.UserController {filterusers} [main] END getAll
2025-04-30 01:21:52,719 INFO c.s.a.c.UserController {filterusers} [main] BEGIN getAll
2025-04-30 01:21:52,721 INFO c.s.a.c.UserController {filterusers} [main] END getAll
2025-04-30 01:21:52,771 INFO c.s.a.c.UserController {removeUser} [main] BEGIN removeUser
2025-04-30 01:21:52,773 INFO c.s.a.c.UserController {removeUser} [main] END removeUser
2025-04-30 01:21:52,800 INFO c.s.a.c.UserController {getUser} [main] BEGIN getUser
2025-04-30 01:21:52,802 INFO c.s.a.c.UserController {getUser} [main] END getUser
2025-04-30 01:21:52,861 INFO c.s.a.c.UserController {modifyUser} [main] BEGIN modifyUser
2025-04-30 01:21:52,894 INFO c.s.a.c.UserController {filterusers} [main] BEGIN getAll
2025-04-30 01:21:52,897 INFO c.s.a.c.UserController {filterusers} [main] END getAll
2025-04-30 01:21:52,911 INFO c.s.a.c.UserController {filterusers} [main] BEGIN getAll
2025-04-30 01:21:52,912 INFO c.s.a.c.UserController {filterusers} [main] END getAll
2025-04-30 01:21:52,928 INFO c.s.a.c.UserController {modifyUser} [main] BEGIN modifyUser
2025-04-30 01:21:52,932 INFO c.s.a.c.UserController {modifyUser} [main] END modifyUser
2025-04-30 01:21:52,947 INFO c.s.a.c.UserController {removeUser} [main] BEGIN removeUser
2025-04-30 01:21:53,130 INFO o.s.t.c.s.AbstractTestContextBootstrapper {buildDefaultMergedContextConfiguration} [main] Neither @ContextConfiguration nor @ContextHierarchy found for test class [com.svalero.apibikes.WorkShopControllerTests], using SpringBootContextLoader
2025-04-30 01:21:53,132 INFO o.s.t.c.s.AbstractContextLoader {generateDefaultLocations} [main] Could not detect default resource locations for test class [com.svalero.apibikes.WorkShopControllerTests]: no resource found for suffixes {-context.xml, Context.groovy}.
2025-04-30 01:21:53,133 INFO o.s.t.c.s.AnnotationConfigContextLoaderUtils {detectDefaultConfigurationClasses} [main] Could not detect default configuration classes for test class [com.svalero.apibikes.WorkShopControllerTests]: WorkShopControllerTests does not declare any static, non-private, non-final, nested classes annotated with @Configuration.
2025-04-30 01:21:53,149 INFO o.s.b.t.c.SpringBootTestContextBootstrapper {getOrFindConfigurationClasses} [main] Found @SpringBootConfiguration com.svalero.apibikes.HellospringApplication for test class com.svalero.apibikes.WorkShopControllerTests
2025-04-30 01:21:53,151 INFO o.s.t.c.s.AbstractTestContextBootstrapper {getDefaultTestExecutionListenerClassNames} [main] Loaded default TestExecutionListener class names from location [META-INF/spring.factories]: [org.springframework.boot.test.mock.mockito.MockitoTestExecutionListener, org.springframework.boot.test.mock.mockito.ResetMocksTestExecutionListener, org.springframework.boot.test.autoconfigure.restdocs.RestDocsTestExecutionListener, org.springframework.boot.test.autoconfigure.web.client.MockRestServiceServerResetTestExecutionListener, org.springframework.boot.test.autoconfigure.web.servlet.MockMvcPrintOnlyOnFailureTestExecutionListener, org.springframework.boot.test.autoconfigure.web.servlet.WebDriverTestExecutionListener, org.springframework.boot.test.autoconfigure.webservices.client.MockWebServiceServerTestExecutionListener, org.springframework.test.context.web.ServletTestExecutionListener, org.springframework.test.context.support.DirtiesContextBeforeModesTestExecutionListener, org.springframework.test.context.event.ApplicationEventsTestExecutionListener, org.springframework.test.context.support.DependencyInjectionTestExecutionListener, org.springframework.test.context.support.DirtiesContextTestExecutionListener, org.springframework.test.context.transaction.TransactionalTestExecutionListener, org.springframework.test.context.jdbc.SqlScriptsTestExecutionListener, org.springframework.test.context.event.EventPublishingTestExecutionListener]
2025-04-30 01:21:53,154 INFO o.s.t.c.s.AbstractTestContextBootstrapper {getTestExecutionListeners} [main] Using TestExecutionListeners: [org.springframework.test.context.web.ServletTestExecutionListener@714b6999, org.springframework.test.context.support.DirtiesContextBeforeModesTestExecutionListener@2e4d2232, org.springframework.test.context.event.ApplicationEventsTestExecutionListener@24f5e9e8, org.springframework.boot.test.mock.mockito.MockitoTestExecutionListener@50e6ee24, org.springframework.boot.test.autoconfigure.SpringBootDependencyInjectionTestExecutionListener@7acb5200, org.springframework.test.context.support.DirtiesContextTestExecutionListener@3d50a3d9, org.springframework.test.context.transaction.TransactionalTestExecutionListener@3661b732, org.springframework.test.context.jdbc.SqlScriptsTestExecutionListener@5111f814, org.springframework.test.context.event.EventPublishingTestExecutionListener@71eafb64, org.springframework.boot.test.mock.mockito.ResetMocksTestExecutionListener@491cc0eb, org.springframework.boot.test.autoconfigure.restdocs.RestDocsTestExecutionListener@727f36dd, org.springframework.boot.test.autoconfigure.web.client.MockRestServiceServerResetTestExecutionListener@2c70a1de, org.springframework.boot.test.autoconfigure.web.servlet.MockMvcPrintOnlyOnFailureTestExecutionListener@ae74eef, org.springframework.boot.test.autoconfigure.web.servlet.WebDriverTestExecutionListener@2553dcc0, org.springframework.boot.test.autoconfigure.webservices.client.MockWebServiceServerTestExecutionListener@2e91cf69]
2025-04-30 01:21:53,240 INFO o.s.b.StartupInfoLogger {logStarting} [main] Starting WorkShopControllerTests using Java 21 on DESKTOP-A2Q7539 with PID 3844 (started by 34618 in C:\Users\34618\Documents\2DAM Gdo. Superior\Acceso a datos 2DAM\hellospring)
2025-04-30 01:21:53,242 INFO o.s.b.SpringApplication {logStartupProfileInfo} [main] The following 1 profile is active: "test"
2025-04-30 01:21:54,104 INFO o.s.s.w.DefaultSecurityFilterChain {<init>} [main] Will secure any request with [org.springframework.security.web.session.DisableEncodeUrlFilter@51e0f2eb, org.springframework.security.web.context.request.async.WebAsyncManagerIntegrationFilter@7a51dc38, org.springframework.security.web.context.SecurityContextPersistenceFilter@11e3d08, org.springframework.security.web.header.HeaderWriterFilter@7d43f1c9, org.springframework.security.web.authentication.logout.LogoutFilter@571c2ed8, org.springframework.security.web.savedrequest.RequestCacheAwareFilter@25c548d1, org.springframework.security.web.servletapi.SecurityContextHolderAwareRequestFilter@476a2819, org.springframework.security.web.authentication.AnonymousAuthenticationFilter@31a4db4f, org.springframework.security.web.session.SessionManagementFilter@eddc9bb, org.springframework.security.web.access.ExceptionTranslationFilter@402c9a60, org.springframework.security.web.access.intercept.FilterSecurityInterceptor@a926db4]
2025-04-30 01:21:54,946 INFO o.s.m.w.MockServletContext {log} [main] Initializing Spring TestDispatcherServlet ''
2025-04-30 01:21:54,947 INFO o.s.w.s.FrameworkServlet {initServletBean} [main] Initializing Servlet ''
2025-04-30 01:21:54,950 INFO o.s.w.s.FrameworkServlet {initServletBean} [main] Completed initialization in 1 ms
2025-04-30 01:21:54,988 INFO o.s.b.StartupInfoLogger {logStarted} [main] Started WorkShopControllerTests in 1.828 seconds (JVM running for 16.593)
2025-04-30 01:21:55,008 INFO c.s.a.c.WorkShopController {getWorkShop} [main] BEGIN getWorkShop
2025-04-30 01:21:55,010 INFO c.s.a.c.WorkShopController {getWorkShop} [main] END getWorkShop
2025-04-30 01:21:55,034 INFO c.s.a.c.WorkShopController {filterworkshops} [main] BEGIN getAll
2025-04-30 01:21:55,035 INFO c.s.a.c.WorkShopController {filterworkshops} [main] END getAll
2025-04-30 01:21:55,048 INFO c.s.a.c.WorkShopController {filterworkshops} [main] BEGIN getAll
2025-04-30 01:21:55,049 INFO c.s.a.c.WorkShopController {filterworkshops} [main] END getAll
2025-04-30 01:21:55,058 INFO c.s.a.c.WorkShopController {filterworkshops} [main] BEGIN getAll
2025-04-30 01:21:55,060 INFO c.s.a.c.WorkShopController {filterworkshops} [main] END getAll
2025-04-30 01:21:55,072 INFO c.s.a.c.WorkShopController {filterworkshops} [main] BEGIN getAll
2025-04-30 01:21:55,073 INFO c.s.a.c.WorkShopController {filterworkshops} [main] END getAll
2025-04-30 01:21:55,120 INFO c.s.a.c.WorkShopController {getWorkShop} [main] BEGIN getWorkShop
2025-04-30 01:21:55,129 INFO c.s.a.c.WorkShopController {filterworkshops} [main] BEGIN getAll
2025-04-30 01:21:55,132 INFO c.s.a.c.WorkShopController {filterworkshops} [main] END getAll
2025-04-30 01:21:55,175 INFO c.s.a.c.WorkShopController {addWorkShop} [main] BEGIN addWorkShop
2025-04-30 01:21:55,178 INFO c.s.a.c.WorkShopController {addWorkShop} [main] END addWorkShop
2025-04-30 01:29:40,370 INFO o.h.v.i.u.Version {<clinit>} [background-preinit] HV000001: Hibernate Validator 6.2.5.Final
2025-04-30 01:29:40,379 INFO o.s.b.StartupInfoLogger {logStarting} [main] Starting BikeControllerTests using Java 21 on DESKTOP-A2Q7539 with PID 2576 (started by 34618 in C:\Users\34618\Documents\2DAM Gdo. Superior\Acceso a datos 2DAM\hellospring)
2025-04-30 01:29:40,382 INFO o.s.b.SpringApplication {logStartupProfileInfo} [main] The following 1 profile is active: "test"
2025-04-30 01:29:44,209 INFO o.s.s.w.DefaultSecurityFilterChain {<init>} [main] Will secure any request with [org.springframework.security.web.session.DisableEncodeUrlFilter@5b02a984, org.springframework.security.web.context.request.async.WebAsyncManagerIntegrationFilter@57186526, org.springframework.security.web.context.SecurityContextPersistenceFilter@5600a5da, org.springframework.security.web.header.HeaderWriterFilter@7f8a9454, org.springframework.security.web.authentication.logout.LogoutFilter@5a14e60d, org.springframework.security.web.savedrequest.RequestCacheAwareFilter@13250132, org.springframework.security.web.servletapi.SecurityContextHolderAwareRequestFilter@40d848f9, org.springframework.security.web.authentication.AnonymousAuthenticationFilter@391d1e33, org.springframework.security.web.session.SessionManagementFilter@3b4086c1, org.springframework.security.web.access.ExceptionTranslationFilter@4b03cbad, org.springframework.security.web.access.intercept.FilterSecurityInterceptor@570a62a5]
2025-04-30 01:29:45,258 INFO o.s.m.w.MockServletContext {log} [main] Initializing Spring TestDispatcherServlet ''
2025-04-30 01:29:45,259 INFO o.s.w.s.FrameworkServlet {initServletBean} [main] Initializing Servlet ''
2025-04-30 01:29:45,262 INFO o.s.w.s.FrameworkServlet {initServletBean} [main] Completed initialization in 2 ms
2025-04-30 01:29:45,315 INFO o.s.b.StartupInfoLogger {logStarted} [main] Started BikeControllerTests in 5.963 seconds (JVM running for 7.541)
2025-04-30 01:29:45,578 INFO c.s.a.c.BikeController {filterBikes} [main] Filtrando bicicletas con parámetros: brand=, model=Alma, color=
2025-04-30 01:29:45,598 INFO c.s.a.c.BikeController {filterBikes} [main] Operación completada: Se obtuvieron 1 bicicletas filtradas
2025-04-30 01:29:45,922 INFO c.s.a.c.BikeController {filterBikes} [main] Filtrando bicicletas con parámetros: brand=Orbea, model=Alma, color=green
2025-04-30 01:29:45,925 INFO c.s.a.c.BikeController {filterBikes} [main] Operación completada: Se obtuvieron 1 bicicletas filtradas
2025-04-30 01:29:46,291 INFO c.s.a.c.BikeController {addBike} [main] BEGIN addBike
2025-04-30 01:29:46,361 INFO c.s.a.c.BikeController {filterBikes} [main] Filtrando bicicletas con parámetros: brand=Orbea, model=, color=
2025-04-30 01:29:46,365 INFO c.s.a.c.BikeController {filterBikes} [main] Operación completada: Se obtuvieron 2 bicicletas filtradas
2025-04-30 01:29:46,384 INFO c.s.a.c.BikeController {addBike} [main] BEGIN addBike
2025-04-30 01:29:46,388 INFO c.s.a.c.BikeController {addBike} [main] END addBike
2025-04-30 01:29:46,587 INFO c.s.a.c.BikeController {filterBikes} [main] Filtrando bicicletas con parámetros: brand=, model=, color=
2025-04-30 01:29:46,590 INFO c.s.a.c.BikeController {filterBikes} [main] Operación completada: Se obtuvieron 3 bicicletas filtradas
2025-04-30 01:29:46,607 INFO c.s.a.c.BikeController {filterBikes} [main] Filtrando bicicletas con parámetros: brand=, model=, color=green
2025-04-30 01:29:46,610 INFO c.s.a.c.BikeController {filterBikes} [main] Operación completada: Se obtuvieron 1 bicicletas filtradas
2025-04-30 01:29:46,636 INFO c.s.a.c.BikeController {getBike} [main] BEGIN getBike
2025-04-30 01:29:46,641 INFO c.s.a.c.BikeController {getBike} [main] END getBike
2025-04-30 01:29:46,728 INFO c.s.a.c.BikeController {removeBike} [main] BEGIN removeBike
2025-04-30 01:29:46,730 INFO c.s.a.c.BikeController {removeBike} [main] END removeBike
2025-04-30 01:29:46,763 INFO c.s.a.c.BikeController {modifyBike} [main] BEGIN modifyBike
2025-04-30 01:29:46,842 INFO c.s.a.c.BikeController {modifyBike} [main] BEGIN modifyBike
2025-04-30 01:29:46,845 INFO c.s.a.c.BikeController {modifyBike} [main] END modifyBike
2025-04-30 01:29:46,868 INFO c.s.a.c.BikeController {removeBike} [main] BEGIN removeBike
2025-04-30 01:29:46,894 INFO c.s.a.c.BikeController {getBike} [main] BEGIN getBike
2025-04-30 01:29:47,558 INFO o.s.t.c.s.AbstractTestContextBootstrapper {buildDefaultMergedContextConfiguration} [main] Neither @ContextConfiguration nor @ContextHierarchy found for test class [com.svalero.apibikes.MechanicControllerTests], using SpringBootContextLoader
2025-04-30 01:29:47,560 INFO o.s.t.c.s.AbstractContextLoader {generateDefaultLocations} [main] Could not detect default resource locations for test class [com.svalero.apibikes.MechanicControllerTests]: no resource found for suffixes {-context.xml, Context.groovy}.
2025-04-30 01:29:47,561 INFO o.s.t.c.s.AnnotationConfigContextLoaderUtils {detectDefaultConfigurationClasses} [main] Could not detect default configuration classes for test class [com.svalero.apibikes.MechanicControllerTests]: MechanicControllerTests does not declare any static, non-private, non-final, nested classes annotated with @Configuration.
2025-04-30 01:29:47,583 INFO o.s.b.t.c.SpringBootTestContextBootstrapper {getOrFindConfigurationClasses} [main] Found @SpringBootConfiguration com.svalero.apibikes.HellospringApplication for test class com.svalero.apibikes.MechanicControllerTests
2025-04-30 01:29:47,586 INFO o.s.t.c.s.AbstractTestContextBootstrapper {getDefaultTestExecutionListenerClassNames} [main] Loaded default TestExecutionListener class names from location [META-INF/spring.factories]: [org.springframework.boot.test.mock.mockito.MockitoTestExecutionListener, org.springframework.boot.test.mock.mockito.ResetMocksTestExecutionListener, org.springframework.boot.test.autoconfigure.restdocs.RestDocsTestExecutionListener, org.springframework.boot.test.autoconfigure.web.client.MockRestServiceServerResetTestExecutionListener, org.springframework.boot.test.autoconfigure.web.servlet.MockMvcPrintOnlyOnFailureTestExecutionListener, org.springframework.boot.test.autoconfigure.web.servlet.WebDriverTestExecutionListener, org.springframework.boot.test.autoconfigure.webservices.client.MockWebServiceServerTestExecutionListener, org.springframework.test.context.web.ServletTestExecutionListener, org.springframework.test.context.support.DirtiesContextBeforeModesTestExecutionListener, org.springframework.test.context.event.ApplicationEventsTestExecutionListener, org.springframework.test.context.support.DependencyInjectionTestExecutionListener, org.springframework.test.context.support.DirtiesContextTestExecutionListener, org.springframework.test.context.transaction.TransactionalTestExecutionListener, org.springframework.test.context.jdbc.SqlScriptsTestExecutionListener, org.springframework.test.context.event.EventPublishingTestExecutionListener]
2025-04-30 01:29:47,591 INFO o.s.t.c.s.AbstractTestContextBootstrapper {getTestExecutionListeners} [main] Using TestExecutionListeners: [org.springframework.test.context.web.ServletTestExecutionListener@41ec4271, org.springframework.test.context.support.DirtiesContextBeforeModesTestExecutionListener@70aa58e1, org.springframework.test.context.event.ApplicationEventsTestExecutionListener@154f8280, org.springframework.boot.test.mock.mockito.MockitoTestExecutionListener@24f90aff, org.springframework.boot.test.autoconfigure.SpringBootDependencyInjectionTestExecutionListener@7252bdb, org.springframework.test.context.support.DirtiesContextTestExecutionListener@25ea068e, org.springframework.test.context.transaction.TransactionalTestExecutionListener@4cd8db31, org.springframework.test.context.jdbc.SqlScriptsTestExecutionListener@201a8ea7, org.springframework.test.context.event.EventPublishingTestExecutionListener@ecf028c, org.springframework.boot.test.mock.mockito.ResetMocksTestExecutionListener@7b64bbad, org.springframework.boot.test.autoconfigure.restdocs.RestDocsTestExecutionListener@71eff6a3, org.springframework.boot.test.autoconfigure.web.client.MockRestServiceServerResetTestExecutionListener@574218f, org.springframework.boot.test.autoconfigure.web.servlet.MockMvcPrintOnlyOnFailureTestExecutionListener@735988cf, org.springframework.boot.test.autoconfigure.web.servlet.WebDriverTestExecutionListener@2d3eecda, org.springframework.boot.test.autoconfigure.webservices.client.MockWebServiceServerTestExecutionListener@236a4d30]
2025-04-30 01:29:47,752 INFO o.s.b.StartupInfoLogger {logStarting} [main] Starting MechanicControllerTests using Java 21 on DESKTOP-A2Q7539 with PID 2576 (started by 34618 in C:\Users\34618\Documents\2DAM Gdo. Superior\Acceso a datos 2DAM\hellospring)
2025-04-30 01:29:47,752 INFO o.s.b.SpringApplication {logStartupProfileInfo} [main] The following 1 profile is active: "test"
2025-04-30 01:29:48,733 INFO o.s.s.w.DefaultSecurityFilterChain {<init>} [main] Will secure any request with [org.springframework.security.web.session.DisableEncodeUrlFilter@399c408c, org.springframework.security.web.context.request.async.WebAsyncManagerIntegrationFilter@99223ac, org.springframework.security.web.context.SecurityContextPersistenceFilter@633a11eb, org.springframework.security.web.header.HeaderWriterFilter@1f85904a, org.springframework.security.web.authentication.logout.LogoutFilter@45cb5307, org.springframework.security.web.savedrequest.RequestCacheAwareFilter@7a247711, org.springframework.security.web.servletapi.SecurityContextHolderAwareRequestFilter@4910afdf, org.springframework.security.web.authentication.AnonymousAuthenticationFilter@4a5fab78, org.springframework.security.web.session.SessionManagementFilter@514dc5f4, org.springframework.security.web.access.ExceptionTranslationFilter@5ae87de0, org.springframework.security.web.access.intercept.FilterSecurityInterceptor@543d2ef3]
2025-04-30 01:29:49,209 INFO o.s.m.w.MockServletContext {log} [main] Initializing Spring TestDispatcherServlet ''
2025-04-30 01:29:49,210 INFO o.s.w.s.FrameworkServlet {initServletBean} [main] Initializing Servlet ''
2025-04-30 01:29:49,211 INFO o.s.w.s.FrameworkServlet {initServletBean} [main] Completed initialization in 1 ms
2025-04-30 01:29:49,230 INFO o.s.b.StartupInfoLogger {logStarted} [main] Started MechanicControllerTests in 1.63 seconds (JVM running for 11.456)
2025-04-30 01:29:49,243 INFO c.s.a.c.MechanicController {filtermechanics} [main] BEGIN getAll
2025-04-30 01:29:49,244 INFO c.s.a.c.MechanicController {filtermechanics} [main] END getAll
2025-04-30 01:29:49,270 INFO c.s.a.c.MechanicController {modifyMechanic} [main] BEGIN modifyMechanic
2025-04-30 01:29:49,272 INFO c.s.a.c.MechanicController {modifyMechanic} [main] END modifyMechanic
2025-04-30 01:29:49,289 INFO c.s.a.c.MechanicController {filtermechanics} [main] BEGIN getAll
2025-04-30 01:29:49,292 INFO c.s.a.c.MechanicController {filtermechanics} [main] END getAll
2025-04-30 01:29:49,301 INFO c.s.a.c.MechanicController {getMechanic} [main] BEGIN getMechanic
2025-04-30 01:29:49,312 INFO c.s.a.c.MechanicController {filtermechanics} [main] BEGIN getAll
2025-04-30 01:29:49,314 INFO c.s.a.c.MechanicController {filtermechanics} [main] END getAll
2025-04-30 01:29:49,321 INFO c.s.a.c.MechanicController {removeMechanic} [main] BEGIN removeMechanic
2025-04-30 01:29:49,322 INFO c.s.a.c.MechanicController {removeMechanic} [main] END removeMechanic
2025-04-30 01:29:49,351 INFO c.s.a.c.MechanicController {addMechanic} [main] BEGIN addMechanic
2025-04-30 01:29:49,352 INFO c.s.a.c.MechanicController {addMechanic} [main] END addMechanic
2025-04-30 01:29:49,360 INFO c.s.a.c.MechanicController {getMechanic} [main] BEGIN getMechanic
2025-04-30 01:29:49,361 INFO c.s.a.c.MechanicController {getMechanic} [main] END getMechanic
2025-04-30 01:29:49,377 INFO c.s.a.c.MechanicController {modifyMechanic} [main] BEGIN modifyMechanic
2025-04-30 01:29:49,384 INFO c.s.a.c.MechanicController {filtermechanics} [main] BEGIN getAll
2025-04-30 01:29:49,386 INFO c.s.a.c.MechanicController {filtermechanics} [main] END getAll
2025-04-30 01:29:49,395 INFO c.s.a.c.MechanicController {removeMechanic} [main] BEGIN removeMechanic
2025-04-30 01:29:49,403 INFO c.s.a.c.MechanicController {filtermechanics} [main] BEGIN getAll
2025-04-30 01:29:49,403 INFO c.s.a.c.MechanicController {filtermechanics} [main] END getAll
2025-04-30 01:29:49,500 INFO o.s.t.c.s.AbstractTestContextBootstrapper {buildDefaultMergedContextConfiguration} [main] Neither @ContextConfiguration nor @ContextHierarchy found for test class [com.svalero.apibikes.UserControllerTests], using SpringBootContextLoader
2025-04-30 01:29:49,501 INFO o.s.t.c.s.AbstractContextLoader {generateDefaultLocations} [main] Could not detect default resource locations for test class [com.svalero.apibikes.UserControllerTests]: no resource found for suffixes {-context.xml, Context.groovy}.
2025-04-30 01:29:49,502 INFO o.s.t.c.s.AnnotationConfigContextLoaderUtils {detectDefaultConfigurationClasses} [main] Could not detect default configuration classes for test class [com.svalero.apibikes.UserControllerTests]: UserControllerTests does not declare any static, non-private, non-final, nested classes annotated with @Configuration.
2025-04-30 01:29:49,512 INFO o.s.b.t.c.SpringBootTestContextBootstrapper {getOrFindConfigurationClasses} [main] Found @SpringBootConfiguration com.svalero.apibikes.HellospringApplication for test class com.svalero.apibikes.UserControllerTests
2025-04-30 01:29:49,513 INFO o.s.t.c.s.AbstractTestContextBootstrapper {getDefaultTestExecutionListenerClassNames} [main] Loaded default TestExecutionListener class names from location [META-INF/spring.factories]: [org.springframework.boot.test.mock.mockito.MockitoTestExecutionListener, org.springframework.boot.test.mock.mockito.ResetMocksTestExecutionListener, org.springframework.boot.test.autoconfigure.restdocs.RestDocsTestExecutionListener, org.springframework.boot.test.autoconfigure.web.client.MockRestServiceServerResetTestExecutionListener, org.springframework.boot.test.autoconfigure.web.servlet.MockMvcPrintOnlyOnFailureTestExecutionListener, org.springframework.boot.test.autoconfigure.web.servlet.WebDriverTestExecutionListener, org.springframework.boot.test.autoconfigure.webservices.client.MockWebServiceServerTestExecutionListener, org.springframework.test.context.web.ServletTestExecutionListener, org.springframework.test.context.support.DirtiesContextBeforeModesTestExecutionListener, org.springframework.test.context.event.ApplicationEventsTestExecutionListener, org.springframework.test.context.support.DependencyInjectionTestExecutionListener, org.springframework.test.context.support.DirtiesContextTestExecutionListener, org.springframework.test.context.transaction.TransactionalTestExecutionListener, org.springframework.test.context.jdbc.SqlScriptsTestExecutionListener, org.springframework.test.context.event.EventPublishingTestExecutionListener]
2025-04-30 01:29:49,514 INFO o.s.t.c.s.AbstractTestContextBootstrapper {getTestExecutionListeners} [main] Using TestExecutionListeners: [org.springframework.test.context.web.ServletTestExecutionListener@306c9b2c, org.springframework.test.context.support.DirtiesContextBeforeModesTestExecutionListener@1ab28416, org.springframework.test.context.event.ApplicationEventsTestExecutionListener@52efb338, org.springframework.boot.test.mock.mockito.MockitoTestExecutionListener@64508788, org.springframework.boot.test.autoconfigure.SpringBootDependencyInjectionTestExecutionListener@30b1c5d5, org.springframework.test.context.support.DirtiesContextTestExecutionListener@3e2d65e1, org.springframework.test.context.transaction.TransactionalTestExecutionListener@1174676f, org.springframework.test.context.jdbc.SqlScriptsTestExecutionListener@71f8ce0e, org.springframework.test.context.event.EventPublishingTestExecutionListener@4fd92289, org.springframework.boot.test.mock.mockito.ResetMocksTestExecutionListener@1a8e44fe, org.springframework.boot.test.autoconfigure.restdocs.RestDocsTestExecutionListener@287317df, org.springframework.boot.test.autoconfigure.web.client.MockRestServiceServerResetTestExecutionListener@1fcc3461, org.springframework.boot.test.autoconfigure.web.servlet.MockMvcPrintOnlyOnFailureTestExecutionListener@1987807b, org.springframework.boot.test.autoconfigure.web.servlet.WebDriverTestExecutionListener@71469e01, org.springframework.boot.test.autoconfigure.webservices.client.MockWebServiceServerTestExecutionListener@41bbb219]
2025-04-30 01:29:49,549 INFO o.s.b.StartupInfoLogger {logStarting} [main] Starting UserControllerTests using Java 21 on DESKTOP-A2Q7539 with PID 2576 (started by 34618 in C:\Users\34618\Documents\2DAM Gdo. Superior\Acceso a datos 2DAM\hellospring)
2025-04-30 01:29:49,549 INFO o.s.b.SpringApplication {logStartupProfileInfo} [main] The following 1 profile is active: "test"
2025-04-30 01:29:49,971 INFO o.s.s.w.DefaultSecurityFilterChain {<init>} [main] Will secure any request with [org.springframework.security.web.session.DisableEncodeUrlFilter@2d705998, org.springframework.security.web.context.request.async.WebAsyncManagerIntegrationFilter@28a3fc34, org.springframework.security.web.context.SecurityContextPersistenceFilter@6821c63c, org.springframework.security.web.header.HeaderWriterFilter@1a7a21d0, org.springframework.security.web.authentication.logout.LogoutFilter@3a4cb483, org.springframework.security.web.savedrequest.RequestCacheAwareFilter@c2f7c63, org.springframework.security.web.servletapi.SecurityContextHolderAwareRequestFilter@4790b897, org.springframework.security.web.authentication.AnonymousAuthenticationFilter@7582a16b, org.springframework.security.web.session.SessionManagementFilter@bb21063, org.springframework.security.web.access.ExceptionTranslationFilter@57867d96, org.springframework.security.web.access.intercept.FilterSecurityInterceptor@58ac0823]
2025-04-30 01:29:50,352 INFO o.s.m.w.MockServletContext {log} [main] Initializing Spring TestDispatcherServlet ''
2025-04-30 01:29:50,353 INFO o.s.w.s.FrameworkServlet {initServletBean} [main] Initializing Servlet ''
2025-04-30 01:29:50,354 INFO o.s.w.s.FrameworkServlet {initServletBean} [main] Completed initialization in 1 ms
2025-04-30 01:29:50,368 INFO o.s.b.StartupInfoLogger {logStarted} [main] Started UserControllerTests in 0.85 seconds (JVM running for 12.594)
2025-04-30 01:29:50,385 INFO c.s.a.c.UserController {getUser} [main] BEGIN getUser
2025-04-30 01:29:50,398 INFO c.s.a.c.UserController {filterusers} [main] BEGIN getAll
2025-04-30 01:29:50,399 INFO c.s.a.c.UserController {filterusers} [main] END getAll
2025-04-30 01:29:50,436 INFO c.s.a.c.UserController {filterusers} [main] BEGIN getAll
2025-04-30 01:29:50,437 INFO c.s.a.c.UserController {filterusers} [main] END getAll
2025-04-30 01:29:50,447 INFO c.s.a.c.UserController {filterusers} [main] BEGIN getAll
2025-04-30 01:29:50,448 INFO c.s.a.c.UserController {filterusers} [main] END getAll
2025-04-30 01:29:50,469 INFO c.s.a.c.UserController {removeUser} [main] BEGIN removeUser
2025-04-30 01:29:50,470 INFO c.s.a.c.UserController {removeUser} [main] END removeUser
2025-04-30 01:29:50,479 INFO c.s.a.c.UserController {getUser} [main] BEGIN getUser
2025-04-30 01:29:50,481 INFO c.s.a.c.UserController {getUser} [main] END getUser
2025-04-30 01:29:50,500 INFO c.s.a.c.UserController {modifyUser} [main] BEGIN modifyUser
2025-04-30 01:29:50,508 INFO c.s.a.c.UserController {filterusers} [main] BEGIN getAll
2025-04-30 01:29:50,510 INFO c.s.a.c.UserController {filterusers} [main] END getAll
2025-04-30 01:29:50,517 INFO c.s.a.c.UserController {filterusers} [main] BEGIN getAll
2025-04-30 01:29:50,517 INFO c.s.a.c.UserController {filterusers} [main] END getAll
2025-04-30 01:29:50,526 INFO c.s.a.c.UserController {modifyUser} [main] BEGIN modifyUser
2025-04-30 01:29:50,528 INFO c.s.a.c.UserController {modifyUser} [main] END modifyUser
2025-04-30 01:29:50,536 INFO c.s.a.c.UserController {removeUser} [main] BEGIN removeUser
2025-04-30 01:29:50,613 INFO o.s.t.c.s.AbstractTestContextBootstrapper {buildDefaultMergedContextConfiguration} [main] Neither @ContextConfiguration nor @ContextHierarchy found for test class [com.svalero.apibikes.WorkShopControllerTests], using SpringBootContextLoader
2025-04-30 01:29:50,615 INFO o.s.t.c.s.AbstractContextLoader {generateDefaultLocations} [main] Could not detect default resource locations for test class [com.svalero.apibikes.WorkShopControllerTests]: no resource found for suffixes {-context.xml, Context.groovy}.
2025-04-30 01:29:50,615 INFO o.s.t.c.s.AnnotationConfigContextLoaderUtils {detectDefaultConfigurationClasses} [main] Could not detect default configuration classes for test class [com.svalero.apibikes.WorkShopControllerTests]: WorkShopControllerTests does not declare any static, non-private, non-final, nested classes annotated with @Configuration.
2025-04-30 01:29:50,623 INFO o.s.b.t.c.SpringBootTestContextBootstrapper {getOrFindConfigurationClasses} [main] Found @SpringBootConfiguration com.svalero.apibikes.HellospringApplication for test class com.svalero.apibikes.WorkShopControllerTests
2025-04-30 01:29:50,625 INFO o.s.t.c.s.AbstractTestContextBootstrapper {getDefaultTestExecutionListenerClassNames} [main] Loaded default TestExecutionListener class names from location [META-INF/spring.factories]: [org.springframework.boot.test.mock.mockito.MockitoTestExecutionListener, org.springframework.boot.test.mock.mockito.ResetMocksTestExecutionListener, org.springframework.boot.test.autoconfigure.restdocs.RestDocsTestExecutionListener, org.springframework.boot.test.autoconfigure.web.client.MockRestServiceServerResetTestExecutionListener, org.springframework.boot.test.autoconfigure.web.servlet.MockMvcPrintOnlyOnFailureTestExecutionListener, org.springframework.boot.test.autoconfigure.web.servlet.WebDriverTestExecutionListener, org.springframework.boot.test.autoconfigure.webservices.client.MockWebServiceServerTestExecutionListener, org.springframework.test.context.web.ServletTestExecutionListener, org.springframework.test.context.support.DirtiesContextBeforeModesTestExecutionListener, org.springframework.test.context.event.ApplicationEventsTestExecutionListener, org.springframework.test.context.support.DependencyInjectionTestExecutionListener, org.springframework.test.context.support.DirtiesContextTestExecutionListener, org.springframework.test.context.transaction.TransactionalTestExecutionListener, org.springframework.test.context.jdbc.SqlScriptsTestExecutionListener, org.springframework.test.context.event.EventPublishingTestExecutionListener]
2025-04-30 01:29:50,625 INFO o.s.t.c.s.AbstractTestContextBootstrapper {getTestExecutionListeners} [main] Using TestExecutionListeners: [org.springframework.test.context.web.ServletTestExecutionListener@14b96c1e, org.springframework.test.context.support.DirtiesContextBeforeModesTestExecutionListener@229514ff, org.springframework.test.context.event.ApplicationEventsTestExecutionListener@664254b6, org.springframework.boot.test.mock.mockito.MockitoTestExecutionListener@714b6999, org.springframework.boot.test.autoconfigure.SpringBootDependencyInjectionTestExecutionListener@2e4d2232, org.springframework.test.context.support.DirtiesContextTestExecutionListener@24f5e9e8, org.springframework.test.context.transaction.TransactionalTestExecutionListener@50e6ee24, org.springframework.test.context.jdbc.SqlScriptsTestExecutionListener@7acb5200, org.springframework.test.context.event.EventPublishingTestExecutionListener@3d50a3d9, org.springframework.boot.test.mock.mockito.ResetMocksTestExecutionListener@3661b732, org.springframework.boot.test.autoconfigure.restdocs.RestDocsTestExecutionListener@5111f814, org.springframework.boot.test.autoconfigure.web.client.MockRestServiceServerResetTestExecutionListener@71eafb64, org.springframework.boot.test.autoconfigure.web.servlet.MockMvcPrintOnlyOnFailureTestExecutionListener@491cc0eb, org.springframework.boot.test.autoconfigure.web.servlet.WebDriverTestExecutionListener@727f36dd, org.springframework.boot.test.autoconfigure.webservices.client.MockWebServiceServerTestExecutionListener@2c70a1de]
2025-04-30 01:29:50,655 INFO o.s.b.StartupInfoLogger {logStarting} [main] Starting WorkShopControllerTests using Java 21 on DESKTOP-A2Q7539 with PID 2576 (started by 34618 in C:\Users\34618\Documents\2DAM Gdo. Superior\Acceso a datos 2DAM\hellospring)
2025-04-30 01:29:50,655 INFO o.s.b.SpringApplication {logStartupProfileInfo} [main] The following 1 profile is active: "test"
2025-04-30 01:29:51,052 INFO o.s.s.w.DefaultSecurityFilterChain {<init>} [main] Will secure any request with [org.springframework.security.web.session.DisableEncodeUrlFilter@4eacb6d1, org.springframework.security.web.context.request.async.WebAsyncManagerIntegrationFilter@3ccefe1b, org.springframework.security.web.context.SecurityContextPersistenceFilter@402c9a60, org.springframework.security.web.header.HeaderWriterFilter@39b95a80, org.springframework.security.web.authentication.logout.LogoutFilter@25c548d1, org.springframework.security.web.savedrequest.RequestCacheAwareFilter@7d43f1c9, org.springframework.security.web.servletapi.SecurityContextHolderAwareRequestFilter@eddc9bb, org.springframework.security.web.authentication.AnonymousAuthenticationFilter@a926db4, org.springframework.security.web.session.SessionManagementFilter@3ec62141, org.springframework.security.web.access.ExceptionTranslationFilter@4b9ed99d, org.springframework.security.web.access.intercept.FilterSecurityInterceptor@5810772a]
2025-04-30 01:29:51,679 INFO o.s.m.w.MockServletContext {log} [main] Initializing Spring TestDispatcherServlet ''
2025-04-30 01:29:51,680 INFO o.s.w.s.FrameworkServlet {initServletBean} [main] Initializing Servlet ''
2025-04-30 01:29:51,683 INFO o.s.w.s.FrameworkServlet {initServletBean} [main] Completed initialization in 0 ms
2025-04-30 01:29:51,714 INFO o.s.b.StartupInfoLogger {logStarted} [main] Started WorkShopControllerTests in 1.084 seconds (JVM running for 13.939)
2025-04-30 01:29:51,819 INFO c.s.a.c.WorkShopController {modifyWorkShop} [main] BEGIN modifyWorkShop
2025-04-30 01:29:51,822 INFO c.s.a.c.WorkShopController {modifyWorkShop} [main] END modifyWorkShop
2025-04-30 01:29:51,886 INFO c.s.a.c.WorkShopController {getWorkShop} [main] BEGIN getWorkShop
2025-04-30 01:29:51,889 INFO c.s.a.c.WorkShopController {getWorkShop} [main] END getWorkShop
2025-04-30 01:29:51,910 INFO c.s.a.c.WorkShopController {filterworkshops} [main] BEGIN getAll
2025-04-30 01:29:51,911 INFO c.s.a.c.WorkShopController {filterworkshops} [main] END getAll
2025-04-30 01:29:51,924 INFO c.s.a.c.WorkShopController {filterworkshops} [main] BEGIN getAll
2025-04-30 01:29:51,927 INFO c.s.a.c.WorkShopController {filterworkshops} [main] END getAll
2025-04-30 01:29:51,938 INFO c.s.a.c.WorkShopController {removeWorkShop} [main] BEGIN removeWorkShop
2025-04-30 01:29:51,940 INFO c.s.a.c.WorkShopController {removeWorkShop} [main] END removeWorkShop
2025-04-30 01:29:51,961 INFO c.s.a.c.WorkShopController {filterworkshops} [main] BEGIN getAll
2025-04-30 01:29:51,970 INFO c.s.a.c.WorkShopController {filterworkshops} [main] END getAll
2025-04-30 01:29:51,994 INFO c.s.a.c.WorkShopController {modifyWorkShop} [main] BEGIN modifyWorkShop
2025-04-30 01:29:52,040 INFO c.s.a.c.WorkShopController {removeWorkShop} [main] BEGIN removeWorkShop
2025-04-30 01:29:52,055 INFO c.s.a.c.WorkShopController {filterworkshops} [main] BEGIN getAll
2025-04-30 01:29:52,061 INFO c.s.a.c.WorkShopController {filterworkshops} [main] END getAll
2025-04-30 01:29:52,090 INFO c.s.a.c.WorkShopController {getWorkShop} [main] BEGIN getWorkShop
2025-04-30 01:29:52,103 INFO c.s.a.c.WorkShopController {filterworkshops} [main] BEGIN getAll
2025-04-30 01:29:52,104 INFO c.s.a.c.WorkShopController {filterworkshops} [main] END getAll
2025-04-30 01:29:52,121 INFO c.s.a.c.WorkShopController {addWorkShop} [main] BEGIN addWorkShop
2025-04-30 01:29:52,124 INFO c.s.a.c.WorkShopController {addWorkShop} [main] END addWorkShop
2025-04-30 01:35:44,863 INFO o.h.v.i.u.Version {<clinit>} [background-preinit] HV000001: Hibernate Validator 6.2.5.Final
2025-04-30 01:35:44,897 INFO o.s.b.StartupInfoLogger {logStarting} [main] Starting BikeControllerTests using Java 21 on DESKTOP-A2Q7539 with PID 9860 (started by 34618 in C:\Users\34618\Documents\2DAM Gdo. Superior\Acceso a datos 2DAM\hellospring)
2025-04-30 01:35:44,902 INFO o.s.b.SpringApplication {logStartupProfileInfo} [main] The following 1 profile is active: "test"
2025-04-30 01:35:49,574 INFO o.s.s.w.DefaultSecurityFilterChain {<init>} [main] Will secure any request with [org.springframework.security.web.session.DisableEncodeUrlFilter@5b02a984, org.springframework.security.web.context.request.async.WebAsyncManagerIntegrationFilter@57186526, org.springframework.security.web.context.SecurityContextPersistenceFilter@5600a5da, org.springframework.security.web.header.HeaderWriterFilter@7f8a9454, org.springframework.security.web.authentication.logout.LogoutFilter@5a14e60d, org.springframework.security.web.savedrequest.RequestCacheAwareFilter@13250132, org.springframework.security.web.servletapi.SecurityContextHolderAwareRequestFilter@40d848f9, org.springframework.security.web.authentication.AnonymousAuthenticationFilter@391d1e33, org.springframework.security.web.session.SessionManagementFilter@3b4086c1, org.springframework.security.web.access.ExceptionTranslationFilter@4b03cbad, org.springframework.security.web.access.intercept.FilterSecurityInterceptor@570a62a5]
2025-04-30 01:35:51,022 INFO o.s.m.w.MockServletContext {log} [main] Initializing Spring TestDispatcherServlet ''
2025-04-30 01:35:51,024 INFO o.s.w.s.FrameworkServlet {initServletBean} [main] Initializing Servlet ''
2025-04-30 01:35:51,029 INFO o.s.w.s.FrameworkServlet {initServletBean} [main] Completed initialization in 4 ms
2025-04-30 01:35:51,110 INFO o.s.b.StartupInfoLogger {logStarted} [main] Started BikeControllerTests in 7.046 seconds (JVM running for 8.577)
2025-04-30 01:35:51,429 INFO c.s.a.c.BikeController {filterBikes} [main] Filtrando bicicletas con parámetros: brand=, model=Alma, color=
2025-04-30 01:35:51,443 INFO c.s.a.c.BikeController {filterBikes} [main] Operación completada: Se obtuvieron 1 bicicletas filtradas
2025-04-30 01:35:51,692 INFO c.s.a.c.BikeController {filterBikes} [main] Filtrando bicicletas con parámetros: brand=Orbea, model=Alma, color=green
2025-04-30 01:35:51,693 INFO c.s.a.c.BikeController {filterBikes} [main] Operación completada: Se obtuvieron 1 bicicletas filtradas
2025-04-30 01:35:51,973 INFO c.s.a.c.BikeController {addBike} [main] BEGIN addBike
2025-04-30 01:35:52,057 INFO c.s.a.c.BikeController {filterBikes} [main] Filtrando bicicletas con parámetros: brand=Orbea, model=, color=
2025-04-30 01:35:52,062 INFO c.s.a.c.BikeController {filterBikes} [main] Operación completada: Se obtuvieron 2 bicicletas filtradas
2025-04-30 01:35:52,085 INFO c.s.a.c.BikeController {addBike} [main] BEGIN addBike
2025-04-30 01:35:52,090 INFO c.s.a.c.BikeController {addBike} [main] END addBike
2025-04-30 01:35:52,262 INFO c.s.a.c.BikeController {filterBikes} [main] Filtrando bicicletas con parámetros: brand=, model=, color=
2025-04-30 01:35:52,264 INFO c.s.a.c.BikeController {filterBikes} [main] Operación completada: Se obtuvieron 3 bicicletas filtradas
2025-04-30 01:35:52,288 INFO c.s.a.c.BikeController {filterBikes} [main] Filtrando bicicletas con parámetros: brand=, model=, color=green
2025-04-30 01:35:52,292 INFO c.s.a.c.BikeController {filterBikes} [main] Operación completada: Se obtuvieron 1 bicicletas filtradas
2025-04-30 01:35:52,317 INFO c.s.a.c.BikeController {getBike} [main] BEGIN getBike
2025-04-30 01:35:52,320 INFO c.s.a.c.BikeController {getBike} [main] END getBike
2025-04-30 01:35:52,410 INFO c.s.a.c.BikeController {removeBike} [main] BEGIN removeBike
2025-04-30 01:35:52,412 INFO c.s.a.c.BikeController {removeBike} [main] END removeBike
2025-04-30 01:35:52,444 INFO c.s.a.c.BikeController {modifyBike} [main] BEGIN modifyBike
2025-04-30 01:35:52,504 INFO c.s.a.c.BikeController {modifyBike} [main] BEGIN modifyBike
2025-04-30 01:35:52,506 INFO c.s.a.c.BikeController {modifyBike} [main] END modifyBike
2025-04-30 01:35:52,526 INFO c.s.a.c.BikeController {removeBike} [main] BEGIN removeBike
2025-04-30 01:35:52,543 INFO c.s.a.c.BikeController {getBike} [main] BEGIN getBike
2025-04-30 01:35:53,160 INFO o.s.t.c.s.AbstractTestContextBootstrapper {buildDefaultMergedContextConfiguration} [main] Neither @ContextConfiguration nor @ContextHierarchy found for test class [com.svalero.apibikes.MechanicControllerTests], using SpringBootContextLoader
2025-04-30 01:35:53,163 INFO o.s.t.c.s.AbstractContextLoader {generateDefaultLocations} [main] Could not detect default resource locations for test class [com.svalero.apibikes.MechanicControllerTests]: no resource found for suffixes {-context.xml, Context.groovy}.
2025-04-30 01:35:53,164 INFO o.s.t.c.s.AnnotationConfigContextLoaderUtils {detectDefaultConfigurationClasses} [main] Could not detect default configuration classes for test class [com.svalero.apibikes.MechanicControllerTests]: MechanicControllerTests does not declare any static, non-private, non-final, nested classes annotated with @Configuration.
2025-04-30 01:35:53,187 INFO o.s.b.t.c.SpringBootTestContextBootstrapper {getOrFindConfigurationClasses} [main] Found @SpringBootConfiguration com.svalero.apibikes.HellospringApplication for test class com.svalero.apibikes.MechanicControllerTests
2025-04-30 01:35:53,190 INFO o.s.t.c.s.AbstractTestContextBootstrapper {getDefaultTestExecutionListenerClassNames} [main] Loaded default TestExecutionListener class names from location [META-INF/spring.factories]: [org.springframework.boot.test.mock.mockito.MockitoTestExecutionListener, org.springframework.boot.test.mock.mockito.ResetMocksTestExecutionListener, org.springframework.boot.test.autoconfigure.restdocs.RestDocsTestExecutionListener, org.springframework.boot.test.autoconfigure.web.client.MockRestServiceServerResetTestExecutionListener, org.springframework.boot.test.autoconfigure.web.servlet.MockMvcPrintOnlyOnFailureTestExecutionListener, org.springframework.boot.test.autoconfigure.web.servlet.WebDriverTestExecutionListener, org.springframework.boot.test.autoconfigure.webservices.client.MockWebServiceServerTestExecutionListener, org.springframework.test.context.web.ServletTestExecutionListener, org.springframework.test.context.support.DirtiesContextBeforeModesTestExecutionListener, org.springframework.test.context.event.ApplicationEventsTestExecutionListener, org.springframework.test.context.support.DependencyInjectionTestExecutionListener, org.springframework.test.context.support.DirtiesContextTestExecutionListener, org.springframework.test.context.transaction.TransactionalTestExecutionListener, org.springframework.test.context.jdbc.SqlScriptsTestExecutionListener, org.springframework.test.context.event.EventPublishingTestExecutionListener]
2025-04-30 01:35:53,194 INFO o.s.t.c.s.AbstractTestContextBootstrapper {getTestExecutionListeners} [main] Using TestExecutionListeners: [org.springframework.test.context.web.ServletTestExecutionListener@41ec4271, org.springframework.test.context.support.DirtiesContextBeforeModesTestExecutionListener@70aa58e1, org.springframework.test.context.event.ApplicationEventsTestExecutionListener@154f8280, org.springframework.boot.test.mock.mockito.MockitoTestExecutionListener@24f90aff, org.springframework.boot.test.autoconfigure.SpringBootDependencyInjectionTestExecutionListener@7252bdb, org.springframework.test.context.support.DirtiesContextTestExecutionListener@25ea068e, org.springframework.test.context.transaction.TransactionalTestExecutionListener@4cd8db31, org.springframework.test.context.jdbc.SqlScriptsTestExecutionListener@201a8ea7, org.springframework.test.context.event.EventPublishingTestExecutionListener@ecf028c, org.springframework.boot.test.mock.mockito.ResetMocksTestExecutionListener@7b64bbad, org.springframework.boot.test.autoconfigure.restdocs.RestDocsTestExecutionListener@71eff6a3, org.springframework.boot.test.autoconfigure.web.client.MockRestServiceServerResetTestExecutionListener@574218f, org.springframework.boot.test.autoconfigure.web.servlet.MockMvcPrintOnlyOnFailureTestExecutionListener@735988cf, org.springframework.boot.test.autoconfigure.web.servlet.WebDriverTestExecutionListener@2d3eecda, org.springframework.boot.test.autoconfigure.webservices.client.MockWebServiceServerTestExecutionListener@236a4d30]
2025-04-30 01:35:53,326 INFO o.s.b.StartupInfoLogger {logStarting} [main] Starting MechanicControllerTests using Java 21 on DESKTOP-A2Q7539 with PID 9860 (started by 34618 in C:\Users\34618\Documents\2DAM Gdo. Superior\Acceso a datos 2DAM\hellospring)
2025-04-30 01:35:53,327 INFO o.s.b.SpringApplication {logStartupProfileInfo} [main] The following 1 profile is active: "test"
2025-04-30 01:35:54,020 INFO o.s.s.w.DefaultSecurityFilterChain {<init>} [main] Will secure any request with [org.springframework.security.web.session.DisableEncodeUrlFilter@399c408c, org.springframework.security.web.context.request.async.WebAsyncManagerIntegrationFilter@99223ac, org.springframework.security.web.context.SecurityContextPersistenceFilter@633a11eb, org.springframework.security.web.header.HeaderWriterFilter@1f85904a, org.springframework.security.web.authentication.logout.LogoutFilter@45cb5307, org.springframework.security.web.savedrequest.RequestCacheAwareFilter@7a247711, org.springframework.security.web.servletapi.SecurityContextHolderAwareRequestFilter@4910afdf, org.springframework.security.web.authentication.AnonymousAuthenticationFilter@4a5fab78, org.springframework.security.web.session.SessionManagementFilter@514dc5f4, org.springframework.security.web.access.ExceptionTranslationFilter@5ae87de0, org.springframework.security.web.access.intercept.FilterSecurityInterceptor@543d2ef3]
2025-04-30 01:35:54,468 INFO o.s.m.w.MockServletContext {log} [main] Initializing Spring TestDispatcherServlet ''
2025-04-30 01:35:54,469 INFO o.s.w.s.FrameworkServlet {initServletBean} [main] Initializing Servlet ''
2025-04-30 01:35:54,471 INFO o.s.w.s.FrameworkServlet {initServletBean} [main] Completed initialization in 2 ms
2025-04-30 01:35:54,492 INFO o.s.b.StartupInfoLogger {logStarted} [main] Started MechanicControllerTests in 1.287 seconds (JVM running for 11.96)
2025-04-30 01:35:54,512 INFO c.s.a.c.MechanicController {filtermechanics} [main] BEGIN getAll
2025-04-30 01:35:54,512 INFO c.s.a.c.MechanicController {filtermechanics} [main] END getAll
2025-04-30 01:35:54,542 INFO c.s.a.c.MechanicController {modifyMechanic} [main] BEGIN modifyMechanic
2025-04-30 01:35:54,544 INFO c.s.a.c.MechanicController {modifyMechanic} [main] END modifyMechanic
2025-04-30 01:35:54,554 INFO c.s.a.c.MechanicController {filtermechanics} [main] BEGIN getAll
2025-04-30 01:35:54,556 INFO c.s.a.c.MechanicController {filtermechanics} [main] END getAll
2025-04-30 01:35:54,565 INFO c.s.a.c.MechanicController {getMechanic} [main] BEGIN getMechanic
2025-04-30 01:35:54,580 INFO c.s.a.c.MechanicController {filtermechanics} [main] BEGIN getAll
2025-04-30 01:35:54,581 INFO c.s.a.c.MechanicController {filtermechanics} [main] END getAll
2025-04-30 01:35:54,591 INFO c.s.a.c.MechanicController {removeMechanic} [main] BEGIN removeMechanic
2025-04-30 01:35:54,592 INFO c.s.a.c.MechanicController {removeMechanic} [main] END removeMechanic
2025-04-30 01:35:54,622 INFO c.s.a.c.MechanicController {addMechanic} [main] BEGIN addMechanic
2025-04-30 01:35:54,623 INFO c.s.a.c.MechanicController {addMechanic} [main] END addMechanic
2025-04-30 01:35:54,631 INFO c.s.a.c.MechanicController {getMechanic} [main] BEGIN getMechanic
2025-04-30 01:35:54,632 INFO c.s.a.c.MechanicController {getMechanic} [main] END getMechanic
2025-04-30 01:35:54,647 INFO c.s.a.c.MechanicController {modifyMechanic} [main] BEGIN modifyMechanic
2025-04-30 01:35:54,655 INFO c.s.a.c.MechanicController {filtermechanics} [main] BEGIN getAll
2025-04-30 01:35:54,656 INFO c.s.a.c.MechanicController {filtermechanics} [main] END getAll
2025-04-30 01:35:54,663 INFO c.s.a.c.MechanicController {removeMechanic} [main] BEGIN removeMechanic
2025-04-30 01:35:54,671 INFO c.s.a.c.MechanicController {filtermechanics} [main] BEGIN getAll
2025-04-30 01:35:54,672 INFO c.s.a.c.MechanicController {filtermechanics} [main] END getAll
2025-04-30 01:35:54,785 INFO o.s.t.c.s.AbstractTestContextBootstrapper {buildDefaultMergedContextConfiguration} [main] Neither @ContextConfiguration nor @ContextHierarchy found for test class [com.svalero.apibikes.UserControllerTests], using SpringBootContextLoader
2025-04-30 01:35:54,787 INFO o.s.t.c.s.AbstractContextLoader {generateDefaultLocations} [main] Could not detect default resource locations for test class [com.svalero.apibikes.UserControllerTests]: no resource found for suffixes {-context.xml, Context.groovy}.
2025-04-30 01:35:54,787 INFO o.s.t.c.s.AnnotationConfigContextLoaderUtils {detectDefaultConfigurationClasses} [main] Could not detect default configuration classes for test class [com.svalero.apibikes.UserControllerTests]: UserControllerTests does not declare any static, non-private, non-final, nested classes annotated with @Configuration.
2025-04-30 01:35:54,799 INFO o.s.b.t.c.SpringBootTestContextBootstrapper {getOrFindConfigurationClasses} [main] Found @SpringBootConfiguration com.svalero.apibikes.HellospringApplication for test class com.svalero.apibikes.UserControllerTests
2025-04-30 01:35:54,801 INFO o.s.t.c.s.AbstractTestContextBootstrapper {getDefaultTestExecutionListenerClassNames} [main] Loaded default TestExecutionListener class names from location [META-INF/spring.factories]: [org.springframework.boot.test.mock.mockito.MockitoTestExecutionListener, org.springframework.boot.test.mock.mockito.ResetMocksTestExecutionListener, org.springframework.boot.test.autoconfigure.restdocs.RestDocsTestExecutionListener, org.springframework.boot.test.autoconfigure.web.client.MockRestServiceServerResetTestExecutionListener, org.springframework.boot.test.autoconfigure.web.servlet.MockMvcPrintOnlyOnFailureTestExecutionListener, org.springframework.boot.test.autoconfigure.web.servlet.WebDriverTestExecutionListener, org.springframework.boot.test.autoconfigure.webservices.client.MockWebServiceServerTestExecutionListener, org.springframework.test.context.web.ServletTestExecutionListener, org.springframework.test.context.support.DirtiesContextBeforeModesTestExecutionListener, org.springframework.test.context.event.ApplicationEventsTestExecutionListener, org.springframework.test.context.support.DependencyInjectionTestExecutionListener, org.springframework.test.context.support.DirtiesContextTestExecutionListener, org.springframework.test.context.transaction.TransactionalTestExecutionListener, org.springframework.test.context.jdbc.SqlScriptsTestExecutionListener, org.springframework.test.context.event.EventPublishingTestExecutionListener]
2025-04-30 01:35:54,802 INFO o.s.t.c.s.AbstractTestContextBootstrapper {getTestExecutionListeners} [main] Using TestExecutionListeners: [org.springframework.test.context.web.ServletTestExecutionListener@306c9b2c, org.springframework.test.context.support.DirtiesContextBeforeModesTestExecutionListener@1ab28416, org.springframework.test.context.event.ApplicationEventsTestExecutionListener@52efb338, org.springframework.boot.test.mock.mockito.MockitoTestExecutionListener@64508788, org.springframework.boot.test.autoconfigure.SpringBootDependencyInjectionTestExecutionListener@30b1c5d5, org.springframework.test.context.support.DirtiesContextTestExecutionListener@3e2d65e1, org.springframework.test.context.transaction.TransactionalTestExecutionListener@1174676f, org.springframework.test.context.jdbc.SqlScriptsTestExecutionListener@71f8ce0e, org.springframework.test.context.event.EventPublishingTestExecutionListener@4fd92289, org.springframework.boot.test.mock.mockito.ResetMocksTestExecutionListener@1a8e44fe, org.springframework.boot.test.autoconfigure.restdocs.RestDocsTestExecutionListener@287317df, org.springframework.boot.test.autoconfigure.web.client.MockRestServiceServerResetTestExecutionListener@1fcc3461, org.springframework.boot.test.autoconfigure.web.servlet.MockMvcPrintOnlyOnFailureTestExecutionListener@1987807b, org.springframework.boot.test.autoconfigure.web.servlet.WebDriverTestExecutionListener@71469e01, org.springframework.boot.test.autoconfigure.webservices.client.MockWebServiceServerTestExecutionListener@41bbb219]
2025-04-30 01:35:54,853 INFO o.s.b.StartupInfoLogger {logStarting} [main] Starting UserControllerTests using Java 21 on DESKTOP-A2Q7539 with PID 9860 (started by 34618 in C:\Users\34618\Documents\2DAM Gdo. Superior\Acceso a datos 2DAM\hellospring)
2025-04-30 01:35:54,854 INFO o.s.b.SpringApplication {logStartupProfileInfo} [main] The following 1 profile is active: "test"
2025-04-30 01:35:55,286 INFO o.s.s.w.DefaultSecurityFilterChain {<init>} [main] Will secure any request with [org.springframework.security.web.session.DisableEncodeUrlFilter@2d705998, org.springframework.security.web.context.request.async.WebAsyncManagerIntegrationFilter@28a3fc34, org.springframework.security.web.context.SecurityContextPersistenceFilter@6821c63c, org.springframework.security.web.header.HeaderWriterFilter@1a7a21d0, org.springframework.security.web.authentication.logout.LogoutFilter@3a4cb483, org.springframework.security.web.savedrequest.RequestCacheAwareFilter@c2f7c63, org.springframework.security.web.servletapi.SecurityContextHolderAwareRequestFilter@4790b897, org.springframework.security.web.authentication.AnonymousAuthenticationFilter@7582a16b, org.springframework.security.web.session.SessionManagementFilter@bb21063, org.springframework.security.web.access.ExceptionTranslationFilter@57867d96, org.springframework.security.web.access.intercept.FilterSecurityInterceptor@58ac0823]
2025-04-30 01:35:55,659 INFO o.s.m.w.MockServletContext {log} [main] Initializing Spring TestDispatcherServlet ''
2025-04-30 01:35:55,660 INFO o.s.w.s.FrameworkServlet {initServletBean} [main] Initializing Servlet ''
2025-04-30 01:35:55,662 INFO o.s.w.s.FrameworkServlet {initServletBean} [main] Completed initialization in 1 ms
2025-04-30 01:35:55,679 INFO o.s.b.StartupInfoLogger {logStarted} [main] Started UserControllerTests in 0.87 seconds (JVM running for 13.146)
2025-04-30 01:35:55,688 INFO c.s.a.c.UserController {getUser} [main] BEGIN getUser
2025-04-30 01:35:55,699 INFO c.s.a.c.UserController {filterusers} [main] BEGIN getAll
2025-04-30 01:35:55,701 INFO c.s.a.c.UserController {filterusers} [main] END getAll
2025-04-30 01:35:55,737 INFO c.s.a.c.UserController {filterusers} [main] BEGIN getAll
2025-04-30 01:35:55,739 INFO c.s.a.c.UserController {filterusers} [main] END getAll
2025-04-30 01:35:55,747 INFO c.s.a.c.UserController {filterusers} [main] BEGIN getAll
2025-04-30 01:35:55,748 INFO c.s.a.c.UserController {filterusers} [main] END getAll
2025-04-30 01:35:55,770 INFO c.s.a.c.UserController {removeUser} [main] BEGIN removeUser
2025-04-30 01:35:55,771 INFO c.s.a.c.UserController {removeUser} [main] END removeUser
2025-04-30 01:35:55,780 INFO c.s.a.c.UserController {getUser} [main] BEGIN getUser
2025-04-30 01:35:55,781 INFO c.s.a.c.UserController {getUser} [main] END getUser
2025-04-30 01:35:55,798 INFO c.s.a.c.UserController {modifyUser} [main] BEGIN modifyUser
2025-04-30 01:35:55,805 INFO c.s.a.c.UserController {filterusers} [main] BEGIN getAll
2025-04-30 01:35:55,807 INFO c.s.a.c.UserController {filterusers} [main] END getAll
2025-04-30 01:35:55,815 INFO c.s.a.c.UserController {filterusers} [main] BEGIN getAll
2025-04-30 01:35:55,816 INFO c.s.a.c.UserController {filterusers} [main] END getAll
2025-04-30 01:35:55,826 INFO c.s.a.c.UserController {modifyUser} [main] BEGIN modifyUser
2025-04-30 01:35:55,827 INFO c.s.a.c.UserController {modifyUser} [main] END modifyUser
2025-04-30 01:35:55,835 INFO c.s.a.c.UserController {removeUser} [main] BEGIN removeUser
2025-04-30 01:35:55,911 INFO o.s.t.c.s.AbstractTestContextBootstrapper {buildDefaultMergedContextConfiguration} [main] Neither @ContextConfiguration nor @ContextHierarchy found for test class [com.svalero.apibikes.WorkShopControllerTests], using SpringBootContextLoader
2025-04-30 01:35:55,912 INFO o.s.t.c.s.AbstractContextLoader {generateDefaultLocations} [main] Could not detect default resource locations for test class [com.svalero.apibikes.WorkShopControllerTests]: no resource found for suffixes {-context.xml, Context.groovy}.
2025-04-30 01:35:55,913 INFO o.s.t.c.s.AnnotationConfigContextLoaderUtils {detectDefaultConfigurationClasses} [main] Could not detect default configuration classes for test class [com.svalero.apibikes.WorkShopControllerTests]: WorkShopControllerTests does not declare any static, non-private, non-final, nested classes annotated with @Configuration.
2025-04-30 01:35:55,920 INFO o.s.b.t.c.SpringBootTestContextBootstrapper {getOrFindConfigurationClasses} [main] Found @SpringBootConfiguration com.svalero.apibikes.HellospringApplication for test class com.svalero.apibikes.WorkShopControllerTests
2025-04-30 01:35:55,920 INFO o.s.t.c.s.AbstractTestContextBootstrapper {getDefaultTestExecutionListenerClassNames} [main] Loaded default TestExecutionListener class names from location [META-INF/spring.factories]: [org.springframework.boot.test.mock.mockito.MockitoTestExecutionListener, org.springframework.boot.test.mock.mockito.ResetMocksTestExecutionListener, org.springframework.boot.test.autoconfigure.restdocs.RestDocsTestExecutionListener, org.springframework.boot.test.autoconfigure.web.client.MockRestServiceServerResetTestExecutionListener, org.springframework.boot.test.autoconfigure.web.servlet.MockMvcPrintOnlyOnFailureTestExecutionListener, org.springframework.boot.test.autoconfigure.web.servlet.WebDriverTestExecutionListener, org.springframework.boot.test.autoconfigure.webservices.client.MockWebServiceServerTestExecutionListener, org.springframework.test.context.web.ServletTestExecutionListener, org.springframework.test.context.support.DirtiesContextBeforeModesTestExecutionListener, org.springframework.test.context.event.ApplicationEventsTestExecutionListener, org.springframework.test.context.support.DependencyInjectionTestExecutionListener, org.springframework.test.context.support.DirtiesContextTestExecutionListener, org.springframework.test.context.transaction.TransactionalTestExecutionListener, org.springframework.test.context.jdbc.SqlScriptsTestExecutionListener, org.springframework.test.context.event.EventPublishingTestExecutionListener]
2025-04-30 01:35:55,921 INFO o.s.t.c.s.AbstractTestContextBootstrapper {getTestExecutionListeners} [main] Using TestExecutionListeners: [org.springframework.test.context.web.ServletTestExecutionListener@14b96c1e, org.springframework.test.context.support.DirtiesContextBeforeModesTestExecutionListener@229514ff, org.springframework.test.context.event.ApplicationEventsTestExecutionListener@664254b6, org.springframework.boot.test.mock.mockito.MockitoTestExecutionListener@714b6999, org.springframework.boot.test.autoconfigure.SpringBootDependencyInjectionTestExecutionListener@2e4d2232, org.springframework.test.context.support.DirtiesContextTestExecutionListener@24f5e9e8, org.springframework.test.context.transaction.TransactionalTestExecutionListener@50e6ee24, org.springframework.test.context.jdbc.SqlScriptsTestExecutionListener@7acb5200, org.springframework.test.context.event.EventPublishingTestExecutionListener@3d50a3d9, org.springframework.boot.test.mock.mockito.ResetMocksTestExecutionListener@3661b732, org.springframework.boot.test.autoconfigure.restdocs.RestDocsTestExecutionListener@5111f814, org.springframework.boot.test.autoconfigure.web.client.MockRestServiceServerResetTestExecutionListener@71eafb64, org.springframework.boot.test.autoconfigure.web.servlet.MockMvcPrintOnlyOnFailureTestExecutionListener@491cc0eb, org.springframework.boot.test.autoconfigure.web.servlet.WebDriverTestExecutionListener@727f36dd, org.springframework.boot.test.autoconfigure.webservices.client.MockWebServiceServerTestExecutionListener@2c70a1de]
2025-04-30 01:35:55,950 INFO o.s.b.StartupInfoLogger {logStarting} [main] Starting WorkShopControllerTests using Java 21 on DESKTOP-A2Q7539 with PID 9860 (started by 34618 in C:\Users\34618\Documents\2DAM Gdo. Superior\Acceso a datos 2DAM\hellospring)
2025-04-30 01:35:55,951 INFO o.s.b.SpringApplication {logStartupProfileInfo} [main] The following 1 profile is active: "test"
2025-04-30 01:35:56,681 INFO o.s.s.w.DefaultSecurityFilterChain {<init>} [main] Will secure any request with [org.springframework.security.web.session.DisableEncodeUrlFilter@4eacb6d1, org.springframework.security.web.context.request.async.WebAsyncManagerIntegrationFilter@3ccefe1b, org.springframework.security.web.context.SecurityContextPersistenceFilter@402c9a60, org.springframework.security.web.header.HeaderWriterFilter@39b95a80, org.springframework.security.web.authentication.logout.LogoutFilter@25c548d1, org.springframework.security.web.savedrequest.RequestCacheAwareFilter@7d43f1c9, org.springframework.security.web.servletapi.SecurityContextHolderAwareRequestFilter@eddc9bb, org.springframework.security.web.authentication.AnonymousAuthenticationFilter@a926db4, org.springframework.security.web.session.SessionManagementFilter@3ec62141, org.springframework.security.web.access.ExceptionTranslationFilter@4b9ed99d, org.springframework.security.web.access.intercept.FilterSecurityInterceptor@5810772a]
2025-04-30 01:35:57,374 INFO o.s.m.w.MockServletContext {log} [main] Initializing Spring TestDispatcherServlet ''
2025-04-30 01:35:57,375 INFO o.s.w.s.FrameworkServlet {initServletBean} [main] Initializing Servlet ''
2025-04-30 01:35:57,378 INFO o.s.w.s.FrameworkServlet {initServletBean} [main] Completed initialization in 1 ms
2025-04-30 01:35:57,411 INFO o.s.b.StartupInfoLogger {logStarted} [main] Started WorkShopControllerTests in 1.485 seconds (JVM running for 14.879)
2025-04-30 01:35:57,676 INFO c.s.a.c.WorkShopController {modifyWorkShop} [main] BEGIN modifyWorkShop
2025-04-30 01:35:57,679 INFO c.s.a.c.WorkShopController {modifyWorkShop} [main] END modifyWorkShop
2025-04-30 01:35:57,727 INFO c.s.a.c.WorkShopController {getWorkShop} [main] BEGIN getWorkShop
2025-04-30 01:35:57,729 INFO c.s.a.c.WorkShopController {getWorkShop} [main] END getWorkShop
2025-04-30 01:35:57,761 INFO c.s.a.c.WorkShopController {filterworkshops} [main] BEGIN getAll
2025-04-30 01:35:57,764 INFO c.s.a.c.WorkShopController {filterworkshops} [main] END getAll
2025-04-30 01:35:57,782 INFO c.s.a.c.WorkShopController {filterworkshops} [main] BEGIN getAll
2025-04-30 01:35:57,784 INFO c.s.a.c.WorkShopController {filterworkshops} [main] END getAll
2025-04-30 01:35:57,801 INFO c.s.a.c.WorkShopController {removeWorkShop} [main] BEGIN removeWorkShop
2025-04-30 01:35:57,803 INFO c.s.a.c.WorkShopController {removeWorkShop} [main] END removeWorkShop
2025-04-30 01:35:57,820 INFO c.s.a.c.WorkShopController {filterworkshops} [main] BEGIN getAll
2025-04-30 01:35:57,822 INFO c.s.a.c.WorkShopController {filterworkshops} [main] END getAll
2025-04-30 01:35:57,839 INFO c.s.a.c.WorkShopController {modifyWorkShop} [main] BEGIN modifyWorkShop
2025-04-30 01:35:57,876 INFO c.s.a.c.WorkShopController {removeWorkShop} [main] BEGIN removeWorkShop
2025-04-30 01:35:57,888 INFO c.s.a.c.WorkShopController {filterworkshops} [main] BEGIN getAll
2025-04-30 01:35:57,890 INFO c.s.a.c.WorkShopController {filterworkshops} [main] END getAll
2025-04-30 01:35:57,925 INFO c.s.a.c.WorkShopController {getWorkShop} [main] BEGIN getWorkShop
2025-04-30 01:35:57,938 INFO c.s.a.c.WorkShopController {filterworkshops} [main] BEGIN getAll
2025-04-30 01:35:57,940 INFO c.s.a.c.WorkShopController {filterworkshops} [main] END getAll
2025-04-30 01:35:57,955 INFO c.s.a.c.WorkShopController {addWorkShop} [main] BEGIN addWorkShop
2025-04-30 01:35:57,958 INFO c.s.a.c.WorkShopController {addWorkShop} [main] END addWorkShop
2025-04-30 01:37:22,327 INFO o.h.v.i.u.Version {<clinit>} [background-preinit] HV000001: Hibernate Validator 6.2.5.Final
2025-04-30 01:37:22,366 INFO o.s.b.StartupInfoLogger {logStarting} [main] Starting BikeControllerTests using Java 21 on DESKTOP-A2Q7539 with PID 13220 (started by 34618 in C:\Users\34618\Documents\2DAM Gdo. Superior\Acceso a datos 2DAM\hellospring)
2025-04-30 01:37:22,372 INFO o.s.b.SpringApplication {logStartupProfileInfo} [main] The following 1 profile is active: "test"
2025-04-30 01:37:26,754 INFO o.s.s.w.DefaultSecurityFilterChain {<init>} [main] Will secure any request with [org.springframework.security.web.session.DisableEncodeUrlFilter@57186526, org.springframework.security.web.context.request.async.WebAsyncManagerIntegrationFilter@391d1e33, org.springframework.security.web.context.SecurityContextPersistenceFilter@551be9f6, org.springframework.security.web.header.HeaderWriterFilter@6f85ee02, org.springframework.security.web.authentication.logout.LogoutFilter@f882465, org.springframework.security.web.savedrequest.RequestCacheAwareFilter@40d848f9, org.springframework.security.web.servletapi.SecurityContextHolderAwareRequestFilter@4a864d4d, org.springframework.security.web.authentication.AnonymousAuthenticationFilter@66f16742, org.springframework.security.web.session.SessionManagementFilter@58aa1d72, org.springframework.security.web.access.ExceptionTranslationFilter@5b29ab61, org.springframework.security.web.access.intercept.FilterSecurityInterceptor@36224f93]
2025-04-30 01:37:27,863 INFO o.s.m.w.MockServletContext {log} [main] Initializing Spring TestDispatcherServlet ''
2025-04-30 01:37:27,864 INFO o.s.w.s.FrameworkServlet {initServletBean} [main] Initializing Servlet ''
2025-04-30 01:37:27,867 INFO o.s.w.s.FrameworkServlet {initServletBean} [main] Completed initialization in 2 ms
2025-04-30 01:37:27,931 INFO o.s.b.StartupInfoLogger {logStarted} [main] Started BikeControllerTests in 6.308 seconds (JVM running for 7.851)
2025-04-30 01:37:28,392 INFO c.s.a.c.BikeController {filterBikes} [main] Filtrando bicicletas con parámetros: brand=, model=Alma, color=
2025-04-30 01:37:28,446 INFO c.s.a.c.BikeController {filterBikes} [main] Operación completada: Se obtuvieron 1 bicicletas filtradas
2025-04-30 01:37:28,704 INFO c.s.a.c.BikeController {filterBikes} [main] Filtrando bicicletas con parámetros: brand=Orbea, model=Alma, color=green
2025-04-30 01:37:28,706 INFO c.s.a.c.BikeController {filterBikes} [main] Operación completada: Se obtuvieron 1 bicicletas filtradas
2025-04-30 01:37:28,969 INFO c.s.a.c.BikeController {addBike} [main] BEGIN addBike
2025-04-30 01:37:29,019 INFO c.s.a.c.BikeController {filterBikes} [main] Filtrando bicicletas con parámetros: brand=Orbea, model=, color=
2025-04-30 01:37:29,021 INFO c.s.a.c.BikeController {filterBikes} [main] Operación completada: Se obtuvieron 2 bicicletas filtradas
2025-04-30 01:37:29,041 INFO c.s.a.c.BikeController {addBike} [main] BEGIN addBike
2025-04-30 01:37:29,043 INFO c.s.a.c.BikeController {addBike} [main] END addBike
2025-04-30 01:37:29,178 INFO c.s.a.c.BikeController {filterBikes} [main] Filtrando bicicletas con parámetros: brand=, model=, color=
2025-04-30 01:37:29,180 INFO c.s.a.c.BikeController {filterBikes} [main] Operación completada: Se obtuvieron 3 bicicletas filtradas
2025-04-30 01:37:29,197 INFO c.s.a.c.BikeController {filterBikes} [main] Filtrando bicicletas con parámetros: brand=, model=, color=green
2025-04-30 01:37:29,199 INFO c.s.a.c.BikeController {filterBikes} [main] Operación completada: Se obtuvieron 1 bicicletas filtradas
2025-04-30 01:37:29,225 INFO c.s.a.c.BikeController {getBike} [main] BEGIN getBike
2025-04-30 01:37:29,228 INFO c.s.a.c.BikeController {getBike} [main] END getBike
2025-04-30 01:37:29,315 INFO c.s.a.c.BikeController {removeBike} [main] BEGIN removeBike
2025-04-30 01:37:29,318 INFO c.s.a.c.BikeController {removeBike} [main] END removeBike
2025-04-30 01:37:29,372 INFO c.s.a.c.BikeController {modifyBike} [main] BEGIN modifyBike
2025-04-30 01:37:29,428 INFO c.s.a.c.BikeController {modifyBike} [main] BEGIN modifyBike
2025-04-30 01:37:29,431 INFO c.s.a.c.BikeController {modifyBike} [main] END modifyBike
2025-04-30 01:37:29,455 INFO c.s.a.c.BikeController {removeBike} [main] BEGIN removeBike
2025-04-30 01:37:29,475 INFO c.s.a.c.BikeController {getBike} [main] BEGIN getBike
2025-04-30 01:37:30,193 INFO o.s.t.c.s.AbstractTestContextBootstrapper {buildDefaultMergedContextConfiguration} [main] Neither @ContextConfiguration nor @ContextHierarchy found for test class [com.svalero.apibikes.MechanicControllerTests], using SpringBootContextLoader
2025-04-30 01:37:30,196 INFO o.s.t.c.s.AbstractContextLoader {generateDefaultLocations} [main] Could not detect default resource locations for test class [com.svalero.apibikes.MechanicControllerTests]: no resource found for suffixes {-context.xml, Context.groovy}.
2025-04-30 01:37:30,197 INFO o.s.t.c.s.AnnotationConfigContextLoaderUtils {detectDefaultConfigurationClasses} [main] Could not detect default configuration classes for test class [com.svalero.apibikes.MechanicControllerTests]: MechanicControllerTests does not declare any static, non-private, non-final, nested classes annotated with @Configuration.
2025-04-30 01:37:30,218 INFO o.s.b.t.c.SpringBootTestContextBootstrapper {getOrFindConfigurationClasses} [main] Found @SpringBootConfiguration com.svalero.apibikes.HellospringApplication for test class com.svalero.apibikes.MechanicControllerTests
2025-04-30 01:37:30,221 INFO o.s.t.c.s.AbstractTestContextBootstrapper {getDefaultTestExecutionListenerClassNames} [main] Loaded default TestExecutionListener class names from location [META-INF/spring.factories]: [org.springframework.boot.test.mock.mockito.MockitoTestExecutionListener, org.springframework.boot.test.mock.mockito.ResetMocksTestExecutionListener, org.springframework.boot.test.autoconfigure.restdocs.RestDocsTestExecutionListener, org.springframework.boot.test.autoconfigure.web.client.MockRestServiceServerResetTestExecutionListener, org.springframework.boot.test.autoconfigure.web.servlet.MockMvcPrintOnlyOnFailureTestExecutionListener, org.springframework.boot.test.autoconfigure.web.servlet.WebDriverTestExecutionListener, org.springframework.boot.test.autoconfigure.webservices.client.MockWebServiceServerTestExecutionListener, org.springframework.test.context.web.ServletTestExecutionListener, org.springframework.test.context.support.DirtiesContextBeforeModesTestExecutionListener, org.springframework.test.context.event.ApplicationEventsTestExecutionListener, org.springframework.test.context.support.DependencyInjectionTestExecutionListener, org.springframework.test.context.support.DirtiesContextTestExecutionListener, org.springframework.test.context.transaction.TransactionalTestExecutionListener, org.springframework.test.context.jdbc.SqlScriptsTestExecutionListener, org.springframework.test.context.event.EventPublishingTestExecutionListener]
2025-04-30 01:37:30,225 INFO o.s.t.c.s.AbstractTestContextBootstrapper {getTestExecutionListeners} [main] Using TestExecutionListeners: [org.springframework.test.context.web.ServletTestExecutionListener@5bad555b, org.springframework.test.context.support.DirtiesContextBeforeModesTestExecutionListener@41ec4271, org.springframework.test.context.event.ApplicationEventsTestExecutionListener@70aa58e1, org.springframework.boot.test.mock.mockito.MockitoTestExecutionListener@154f8280, org.springframework.boot.test.autoconfigure.SpringBootDependencyInjectionTestExecutionListener@24f90aff, org.springframework.test.context.support.DirtiesContextTestExecutionListener@7252bdb, org.springframework.test.context.transaction.TransactionalTestExecutionListener@25ea068e, org.springframework.test.context.jdbc.SqlScriptsTestExecutionListener@4cd8db31, org.springframework.test.context.event.EventPublishingTestExecutionListener@201a8ea7, org.springframework.boot.test.mock.mockito.ResetMocksTestExecutionListener@ecf028c, org.springframework.boot.test.autoconfigure.restdocs.RestDocsTestExecutionListener@7b64bbad, org.springframework.boot.test.autoconfigure.web.client.MockRestServiceServerResetTestExecutionListener@71eff6a3, org.springframework.boot.test.autoconfigure.web.servlet.MockMvcPrintOnlyOnFailureTestExecutionListener@574218f, org.springframework.boot.test.autoconfigure.web.servlet.WebDriverTestExecutionListener@735988cf, org.springframework.boot.test.autoconfigure.webservices.client.MockWebServiceServerTestExecutionListener@2d3eecda]
2025-04-30 01:37:30,400 INFO o.s.b.StartupInfoLogger {logStarting} [main] Starting MechanicControllerTests using Java 21 on DESKTOP-A2Q7539 with PID 13220 (started by 34618 in C:\Users\34618\Documents\2DAM Gdo. Superior\Acceso a datos 2DAM\hellospring)
2025-04-30 01:37:30,403 INFO o.s.b.SpringApplication {logStartupProfileInfo} [main] The following 1 profile is active: "test"
2025-04-30 01:37:31,371 INFO o.s.s.w.DefaultSecurityFilterChain {<init>} [main] Will secure any request with [org.springframework.security.web.session.DisableEncodeUrlFilter@543d2ef3, org.springframework.security.web.context.request.async.WebAsyncManagerIntegrationFilter@399c408c, org.springframework.security.web.context.SecurityContextPersistenceFilter@514dc5f4, org.springframework.security.web.header.HeaderWriterFilter@5ae87de0, org.springframework.security.web.authentication.logout.LogoutFilter@764db16c, org.springframework.security.web.savedrequest.RequestCacheAwareFilter@633a11eb, org.springframework.security.web.servletapi.SecurityContextHolderAwareRequestFilter@7a247711, org.springframework.security.web.authentication.AnonymousAuthenticationFilter@99223ac, org.springframework.security.web.session.SessionManagementFilter@1f85904a, org.springframework.security.web.access.ExceptionTranslationFilter@515c732d, org.springframework.security.web.access.intercept.FilterSecurityInterceptor@4bf10fe1]
2025-04-30 01:37:31,942 INFO o.s.m.w.MockServletContext {log} [main] Initializing Spring TestDispatcherServlet ''
2025-04-30 01:37:31,943 INFO o.s.w.s.FrameworkServlet {initServletBean} [main] Initializing Servlet ''
2025-04-30 01:37:31,944 INFO o.s.w.s.FrameworkServlet {initServletBean} [main] Completed initialization in 1 ms
2025-04-30 01:37:31,984 INFO o.s.b.StartupInfoLogger {logStarted} [main] Started MechanicControllerTests in 1.751 seconds (JVM running for 11.904)
2025-04-30 01:37:32,003 INFO c.s.a.c.MechanicController {filtermechanics} [main] BEGIN getAll
2025-04-30 01:37:32,004 INFO c.s.a.c.MechanicController {filtermechanics} [main] END getAll
2025-04-30 01:37:32,046 INFO c.s.a.c.MechanicController {modifyMechanic} [main] BEGIN modifyMechanic
2025-04-30 01:37:32,048 INFO c.s.a.c.MechanicController {modifyMechanic} [main] END modifyMechanic
2025-04-30 01:37:32,060 INFO c.s.a.c.MechanicController {filtermechanics} [main] BEGIN getAll
2025-04-30 01:37:32,062 INFO c.s.a.c.MechanicController {filtermechanics} [main] END getAll
2025-04-30 01:37:32,073 INFO c.s.a.c.MechanicController {getMechanic} [main] BEGIN getMechanic
2025-04-30 01:37:32,089 INFO c.s.a.c.MechanicController {filtermechanics} [main] BEGIN getAll
2025-04-30 01:37:32,091 INFO c.s.a.c.MechanicController {filtermechanics} [main] END getAll
2025-04-30 01:37:32,099 INFO c.s.a.c.MechanicController {removeMechanic} [main] BEGIN removeMechanic
2025-04-30 01:37:32,100 INFO c.s.a.c.MechanicController {removeMechanic} [main] END removeMechanic
2025-04-30 01:37:32,132 INFO c.s.a.c.MechanicController {addMechanic} [main] BEGIN addMechanic
2025-04-30 01:37:32,133 INFO c.s.a.c.MechanicController {addMechanic} [main] END addMechanic
2025-04-30 01:37:32,144 INFO c.s.a.c.MechanicController {getMechanic} [main] BEGIN getMechanic
2025-04-30 01:37:32,144 INFO c.s.a.c.MechanicController {getMechanic} [main] END getMechanic
2025-04-30 01:37:32,160 INFO c.s.a.c.MechanicController {modifyMechanic} [main] BEGIN modifyMechanic
2025-04-30 01:37:32,169 INFO c.s.a.c.MechanicController {filtermechanics} [main] BEGIN getAll
2025-04-30 01:37:32,169 INFO c.s.a.c.MechanicController {filtermechanics} [main] END getAll
2025-04-30 01:37:32,176 INFO c.s.a.c.MechanicController {removeMechanic} [main] BEGIN removeMechanic
2025-04-30 01:37:32,184 INFO c.s.a.c.MechanicController {filtermechanics} [main] BEGIN getAll
2025-04-30 01:37:32,185 INFO c.s.a.c.MechanicController {filtermechanics} [main] END getAll
2025-04-30 01:37:32,307 INFO o.s.t.c.s.AbstractTestContextBootstrapper {buildDefaultMergedContextConfiguration} [main] Neither @ContextConfiguration nor @ContextHierarchy found for test class [com.svalero.apibikes.UserControllerTests], using SpringBootContextLoader
2025-04-30 01:37:32,309 INFO o.s.t.c.s.AbstractContextLoader {generateDefaultLocations} [main] Could not detect default resource locations for test class [com.svalero.apibikes.UserControllerTests]: no resource found for suffixes {-context.xml, Context.groovy}.
2025-04-30 01:37:32,309 INFO o.s.t.c.s.AnnotationConfigContextLoaderUtils {detectDefaultConfigurationClasses} [main] Could not detect default configuration classes for test class [com.svalero.apibikes.UserControllerTests]: UserControllerTests does not declare any static, non-private, non-final, nested classes annotated with @Configuration.
2025-04-30 01:37:32,320 INFO o.s.b.t.c.SpringBootTestContextBootstrapper {getOrFindConfigurationClasses} [main] Found @SpringBootConfiguration com.svalero.apibikes.HellospringApplication for test class com.svalero.apibikes.UserControllerTests
2025-04-30 01:37:32,321 INFO o.s.t.c.s.AbstractTestContextBootstrapper {getDefaultTestExecutionListenerClassNames} [main] Loaded default TestExecutionListener class names from location [META-INF/spring.factories]: [org.springframework.boot.test.mock.mockito.MockitoTestExecutionListener, org.springframework.boot.test.mock.mockito.ResetMocksTestExecutionListener, org.springframework.boot.test.autoconfigure.restdocs.RestDocsTestExecutionListener, org.springframework.boot.test.autoconfigure.web.client.MockRestServiceServerResetTestExecutionListener, org.springframework.boot.test.autoconfigure.web.servlet.MockMvcPrintOnlyOnFailureTestExecutionListener, org.springframework.boot.test.autoconfigure.web.servlet.WebDriverTestExecutionListener, org.springframework.boot.test.autoconfigure.webservices.client.MockWebServiceServerTestExecutionListener, org.springframework.test.context.web.ServletTestExecutionListener, org.springframework.test.context.support.DirtiesContextBeforeModesTestExecutionListener, org.springframework.test.context.event.ApplicationEventsTestExecutionListener, org.springframework.test.context.support.DependencyInjectionTestExecutionListener, org.springframework.test.context.support.DirtiesContextTestExecutionListener, org.springframework.test.context.transaction.TransactionalTestExecutionListener, org.springframework.test.context.jdbc.SqlScriptsTestExecutionListener, org.springframework.test.context.event.EventPublishingTestExecutionListener]
2025-04-30 01:37:32,322 INFO o.s.t.c.s.AbstractTestContextBootstrapper {getTestExecutionListeners} [main] Using TestExecutionListeners: [org.springframework.test.context.web.ServletTestExecutionListener@2db3675a, org.springframework.test.context.support.DirtiesContextBeforeModesTestExecutionListener@306c9b2c, org.springframework.test.context.event.ApplicationEventsTestExecutionListener@1ab28416, org.springframework.boot.test.mock.mockito.MockitoTestExecutionListener@52efb338, org.springframework.boot.test.autoconfigure.SpringBootDependencyInjectionTestExecutionListener@64508788, org.springframework.test.context.support.DirtiesContextTestExecutionListener@30b1c5d5, org.springframework.test.context.transaction.TransactionalTestExecutionListener@3e2d65e1, org.springframework.test.context.jdbc.SqlScriptsTestExecutionListener@1174676f, org.springframework.test.context.event.EventPublishingTestExecutionListener@71f8ce0e, org.springframework.boot.test.mock.mockito.ResetMocksTestExecutionListener@4fd92289, org.springframework.boot.test.autoconfigure.restdocs.RestDocsTestExecutionListener@1a8e44fe, org.springframework.boot.test.autoconfigure.web.client.MockRestServiceServerResetTestExecutionListener@287317df, org.springframework.boot.test.autoconfigure.web.servlet.MockMvcPrintOnlyOnFailureTestExecutionListener@1fcc3461, org.springframework.boot.test.autoconfigure.web.servlet.WebDriverTestExecutionListener@1987807b, org.springframework.boot.test.autoconfigure.webservices.client.MockWebServiceServerTestExecutionListener@71469e01]
2025-04-30 01:37:32,357 INFO o.s.b.StartupInfoLogger {logStarting} [main] Starting UserControllerTests using Java 21 on DESKTOP-A2Q7539 with PID 13220 (started by 34618 in C:\Users\34618\Documents\2DAM Gdo. Superior\Acceso a datos 2DAM\hellospring)
2025-04-30 01:37:32,357 INFO o.s.b.SpringApplication {logStartupProfileInfo} [main] The following 1 profile is active: "test"
2025-04-30 01:37:33,158 INFO o.s.s.w.DefaultSecurityFilterChain {<init>} [main] Will secure any request with [org.springframework.security.web.session.DisableEncodeUrlFilter@58ac0823, org.springframework.security.web.context.request.async.WebAsyncManagerIntegrationFilter@2d705998, org.springframework.security.web.context.SecurityContextPersistenceFilter@bb21063, org.springframework.security.web.header.HeaderWriterFilter@57867d96, org.springframework.security.web.authentication.logout.LogoutFilter@5cba890e, org.springframework.security.web.savedrequest.RequestCacheAwareFilter@6821c63c, org.springframework.security.web.servletapi.SecurityContextHolderAwareRequestFilter@c2f7c63, org.springframework.security.web.authentication.AnonymousAuthenticationFilter@28a3fc34, org.springframework.security.web.session.SessionManagementFilter@1a7a21d0, org.springframework.security.web.access.ExceptionTranslationFilter@25c8c71e, org.springframework.security.web.access.intercept.FilterSecurityInterceptor@79b4cff]
2025-04-30 01:37:33,987 INFO o.s.m.w.MockServletContext {log} [main] Initializing Spring TestDispatcherServlet ''
2025-04-30 01:37:33,988 INFO o.s.w.s.FrameworkServlet {initServletBean} [main] Initializing Servlet ''
2025-04-30 01:37:33,991 INFO o.s.w.s.FrameworkServlet {initServletBean} [main] Completed initialization in 2 ms
2025-04-30 01:37:34,025 INFO o.s.b.StartupInfoLogger {logStarted} [main] Started UserControllerTests in 1.7 seconds (JVM running for 13.945)
2025-04-30 01:37:34,047 INFO c.s.a.c.UserController {getUser} [main] BEGIN getUser
2025-04-30 01:37:34,078 INFO c.s.a.c.UserController {filterusers} [main] BEGIN getAll
2025-04-30 01:37:34,079 INFO c.s.a.c.UserController {filterusers} [main] END getAll
2025-04-30 01:37:34,154 INFO c.s.a.c.UserController {filterusers} [main] BEGIN getAll
2025-04-30 01:37:34,156 INFO c.s.a.c.UserController {filterusers} [main] END getAll
2025-04-30 01:37:34,175 INFO c.s.a.c.UserController {filterusers} [main] BEGIN getAll
2025-04-30 01:37:34,177 INFO c.s.a.c.UserController {filterusers} [main] END getAll
2025-04-30 01:37:34,264 INFO c.s.a.c.UserController {removeUser} [main] BEGIN removeUser
2025-04-30 01:37:34,267 INFO c.s.a.c.UserController {removeUser} [main] END removeUser
2025-04-30 01:37:34,306 INFO c.s.a.c.UserController {getUser} [main] BEGIN getUser
2025-04-30 01:37:34,306 INFO c.s.a.c.UserController {getUser} [main] END getUser
2025-04-30 01:37:34,362 INFO c.s.a.c.UserController {modifyUser} [main] BEGIN modifyUser
2025-04-30 01:37:34,381 INFO c.s.a.c.UserController {filterusers} [main] BEGIN getAll
2025-04-30 01:37:34,384 INFO c.s.a.c.UserController {filterusers} [main] END getAll
2025-04-30 01:37:34,428 INFO c.s.a.c.UserController {filterusers} [main] BEGIN getAll
2025-04-30 01:37:34,430 INFO c.s.a.c.UserController {filterusers} [main] END getAll
2025-04-30 01:37:34,454 INFO c.s.a.c.UserController {modifyUser} [main] BEGIN modifyUser
2025-04-30 01:37:34,458 INFO c.s.a.c.UserController {modifyUser} [main] END modifyUser
2025-04-30 01:37:34,483 INFO c.s.a.c.UserController {removeUser} [main] BEGIN removeUser
2025-04-30 01:37:34,648 INFO o.s.t.c.s.AbstractTestContextBootstrapper {buildDefaultMergedContextConfiguration} [main] Neither @ContextConfiguration nor @ContextHierarchy found for test class [com.svalero.apibikes.WorkShopControllerTests], using SpringBootContextLoader
2025-04-30 01:37:34,650 INFO o.s.t.c.s.AbstractContextLoader {generateDefaultLocations} [main] Could not detect default resource locations for test class [com.svalero.apibikes.WorkShopControllerTests]: no resource found for suffixes {-context.xml, Context.groovy}.
2025-04-30 01:37:34,652 INFO o.s.t.c.s.AnnotationConfigContextLoaderUtils {detectDefaultConfigurationClasses} [main] Could not detect default configuration classes for test class [com.svalero.apibikes.WorkShopControllerTests]: WorkShopControllerTests does not declare any static, non-private, non-final, nested classes annotated with @Configuration.
2025-04-30 01:37:34,664 INFO o.s.b.t.c.SpringBootTestContextBootstrapper {getOrFindConfigurationClasses} [main] Found @SpringBootConfiguration com.svalero.apibikes.HellospringApplication for test class com.svalero.apibikes.WorkShopControllerTests
2025-04-30 01:37:34,667 INFO o.s.t.c.s.AbstractTestContextBootstrapper {getDefaultTestExecutionListenerClassNames} [main] Loaded default TestExecutionListener class names from location [META-INF/spring.factories]: [org.springframework.boot.test.mock.mockito.MockitoTestExecutionListener, org.springframework.boot.test.mock.mockito.ResetMocksTestExecutionListener, org.springframework.boot.test.autoconfigure.restdocs.RestDocsTestExecutionListener, org.springframework.boot.test.autoconfigure.web.client.MockRestServiceServerResetTestExecutionListener, org.springframework.boot.test.autoconfigure.web.servlet.MockMvcPrintOnlyOnFailureTestExecutionListener, org.springframework.boot.test.autoconfigure.web.servlet.WebDriverTestExecutionListener, org.springframework.boot.test.autoconfigure.webservices.client.MockWebServiceServerTestExecutionListener, org.springframework.test.context.web.ServletTestExecutionListener, org.springframework.test.context.support.DirtiesContextBeforeModesTestExecutionListener, org.springframework.test.context.event.ApplicationEventsTestExecutionListener, org.springframework.test.context.support.DependencyInjectionTestExecutionListener, org.springframework.test.context.support.DirtiesContextTestExecutionListener, org.springframework.test.context.transaction.TransactionalTestExecutionListener, org.springframework.test.context.jdbc.SqlScriptsTestExecutionListener, org.springframework.test.context.event.EventPublishingTestExecutionListener]
2025-04-30 01:37:34,669 INFO o.s.t.c.s.AbstractTestContextBootstrapper {getTestExecutionListeners} [main] Using TestExecutionListeners: [org.springframework.test.context.web.ServletTestExecutionListener@6738e8b2, org.springframework.test.context.support.DirtiesContextBeforeModesTestExecutionListener@609ad016, org.springframework.test.context.event.ApplicationEventsTestExecutionListener@da9374c, org.springframework.boot.test.mock.mockito.MockitoTestExecutionListener@34647f58, org.springframework.boot.test.autoconfigure.SpringBootDependencyInjectionTestExecutionListener@14b96c1e, org.springframework.test.context.support.DirtiesContextTestExecutionListener@229514ff, org.springframework.test.context.transaction.TransactionalTestExecutionListener@664254b6, org.springframework.test.context.jdbc.SqlScriptsTestExecutionListener@714b6999, org.springframework.test.context.event.EventPublishingTestExecutionListener@2e4d2232, org.springframework.boot.test.mock.mockito.ResetMocksTestExecutionListener@24f5e9e8, org.springframework.boot.test.autoconfigure.restdocs.RestDocsTestExecutionListener@50e6ee24, org.springframework.boot.test.autoconfigure.web.client.MockRestServiceServerResetTestExecutionListener@7acb5200, org.springframework.boot.test.autoconfigure.web.servlet.MockMvcPrintOnlyOnFailureTestExecutionListener@3d50a3d9, org.springframework.boot.test.autoconfigure.web.servlet.WebDriverTestExecutionListener@3661b732, org.springframework.boot.test.autoconfigure.webservices.client.MockWebServiceServerTestExecutionListener@5111f814]
2025-04-30 01:37:34,740 INFO o.s.b.StartupInfoLogger {logStarting} [main] Starting WorkShopControllerTests using Java 21 on DESKTOP-A2Q7539 with PID 13220 (started by 34618 in C:\Users\34618\Documents\2DAM Gdo. Superior\Acceso a datos 2DAM\hellospring)
2025-04-30 01:37:34,742 INFO o.s.b.SpringApplication {logStartupProfileInfo} [main] The following 1 profile is active: "test"
2025-04-30 01:37:35,673 INFO o.s.s.w.DefaultSecurityFilterChain {<init>} [main] Will secure any request with [org.springframework.security.web.session.DisableEncodeUrlFilter@476a2819, org.springframework.security.web.context.request.async.WebAsyncManagerIntegrationFilter@279ab15e, org.springframework.security.web.context.SecurityContextPersistenceFilter@6b92a0d1, org.springframework.security.web.header.HeaderWriterFilter@10ec4721, org.springframework.security.web.authentication.logout.LogoutFilter@402c9a60, org.springframework.security.web.savedrequest.RequestCacheAwareFilter@4b9ed99d, org.springframework.security.web.servletapi.SecurityContextHolderAwareRequestFilter@39b95a80, org.springframework.security.web.authentication.AnonymousAuthenticationFilter@571c2ed8, org.springframework.security.web.session.SessionManagementFilter@7bdf94f2, org.springframework.security.web.access.ExceptionTranslationFilter@5feff876, org.springframework.security.web.access.intercept.FilterSecurityInterceptor@25c548d1]
2025-04-30 01:37:36,143 INFO o.s.m.w.MockServletContext {log} [main] Initializing Spring TestDispatcherServlet ''
2025-04-30 01:37:36,144 INFO o.s.w.s.FrameworkServlet {initServletBean} [main] Initializing Servlet ''
2025-04-30 01:37:36,145 INFO o.s.w.s.FrameworkServlet {initServletBean} [main] Completed initialization in 1 ms
2025-04-30 01:37:36,161 INFO o.s.b.StartupInfoLogger {logStarted} [main] Started WorkShopControllerTests in 1.486 seconds (JVM running for 16.081)
2025-04-30 01:37:36,215 INFO c.s.a.c.WorkShopController {modifyWorkShop} [main] BEGIN modifyWorkShop
2025-04-30 01:37:36,216 INFO c.s.a.c.WorkShopController {modifyWorkShop} [main] END modifyWorkShop
2025-04-30 01:37:36,227 INFO c.s.a.c.WorkShopController {getWorkShop} [main] BEGIN getWorkShop
2025-04-30 01:37:36,229 INFO c.s.a.c.WorkShopController {getWorkShop} [main] END getWorkShop
2025-04-30 01:37:36,240 INFO c.s.a.c.WorkShopController {filterworkshops} [main] BEGIN getAll
2025-04-30 01:37:36,242 INFO c.s.a.c.WorkShopController {filterworkshops} [main] END getAll
2025-04-30 01:37:36,250 INFO c.s.a.c.WorkShopController {filterworkshops} [main] BEGIN getAll
2025-04-30 01:37:36,250 INFO c.s.a.c.WorkShopController {filterworkshops} [main] END getAll
2025-04-30 01:37:36,259 INFO c.s.a.c.WorkShopController {removeWorkShop} [main] BEGIN removeWorkShop
2025-04-30 01:37:36,261 INFO c.s.a.c.WorkShopController {removeWorkShop} [main] END removeWorkShop
2025-04-30 01:37:36,267 INFO c.s.a.c.WorkShopController {filterworkshops} [main] BEGIN getAll
2025-04-30 01:37:36,268 INFO c.s.a.c.WorkShopController {filterworkshops} [main] END getAll
2025-04-30 01:37:36,276 INFO c.s.a.c.WorkShopController {modifyWorkShop} [main] BEGIN modifyWorkShop
2025-04-30 01:37:36,293 INFO c.s.a.c.WorkShopController {removeWorkShop} [main] BEGIN removeWorkShop
2025-04-30 01:37:36,300 INFO c.s.a.c.WorkShopController {filterworkshops} [main] BEGIN getAll
2025-04-30 01:37:36,300 INFO c.s.a.c.WorkShopController {filterworkshops} [main] END getAll
2025-04-30 01:37:36,315 INFO c.s.a.c.WorkShopController {getWorkShop} [main] BEGIN getWorkShop
2025-04-30 01:37:36,323 INFO c.s.a.c.WorkShopController {filterworkshops} [main] BEGIN getAll
2025-04-30 01:37:36,324 INFO c.s.a.c.WorkShopController {filterworkshops} [main] END getAll
2025-04-30 01:37:36,331 INFO c.s.a.c.WorkShopController {addWorkShop} [main] BEGIN addWorkShop
2025-04-30 01:37:36,332 INFO c.s.a.c.WorkShopController {addWorkShop} [main] END addWorkShop
2025-04-30 22:44:59,694 INFO o.h.v.i.u.Version {<clinit>} [background-preinit] HV000001: Hibernate Validator 6.2.5.Final
2025-04-30 22:44:59,694 INFO o.s.b.StartupInfoLogger {logStarting} [main] Starting BikeControllerTests using Java 21 on DESKTOP-A2Q7539 with PID 5068 (started by 34618 in C:\Users\34618\Documents\2DAM Gdo. Superior\Acceso a datos 2DAM\hellospring)
2025-04-30 22:44:59,716 INFO o.s.b.SpringApplication {logStartupProfileInfo} [main] The following 1 profile is active: "test"
2025-04-30 22:45:06,250 INFO o.s.s.w.DefaultSecurityFilterChain {<init>} [main] Will secure any request with [org.springframework.security.web.session.DisableEncodeUrlFilter@6544899b, org.springframework.security.web.context.request.async.WebAsyncManagerIntegrationFilter@6da54910, org.springframework.security.web.context.SecurityContextPersistenceFilter@22d477c2, org.springframework.security.web.header.HeaderWriterFilter@74ba6ff5, org.springframework.security.web.authentication.logout.LogoutFilter@7f27f59b, org.springframework.security.web.savedrequest.RequestCacheAwareFilter@38e83838, org.springframework.security.web.servletapi.SecurityContextHolderAwareRequestFilter@39832280, org.springframework.security.web.authentication.AnonymousAuthenticationFilter@1bd8afc8, org.springframework.security.web.session.SessionManagementFilter@f882465, org.springframework.security.web.access.ExceptionTranslationFilter@3c28e5b6, org.springframework.security.web.access.intercept.FilterSecurityInterceptor@2322e56f]
2025-04-30 22:45:08,883 INFO o.s.m.w.MockServletContext {log} [main] Initializing Spring TestDispatcherServlet ''
2025-04-30 22:45:08,887 INFO o.s.w.s.FrameworkServlet {initServletBean} [main] Initializing Servlet ''
2025-04-30 22:45:08,893 INFO o.s.w.s.FrameworkServlet {initServletBean} [main] Completed initialization in 4 ms
2025-04-30 22:45:09,000 INFO o.s.b.StartupInfoLogger {logStarted} [main] Started BikeControllerTests in 11.459 seconds (JVM running for 16.316)
2025-04-30 22:45:09,477 INFO c.s.a.c.BikeController {filterBikes} [main] Filtrando bicicletas con parámetros: brand=, model=Alma, color=
2025-04-30 22:45:09,496 INFO c.s.a.c.BikeController {filterBikes} [main] Operación completada: Se obtuvieron 1 bicicletas filtradas
2025-04-30 22:45:09,931 INFO c.s.a.c.BikeController {filterBikes} [main] Filtrando bicicletas con parámetros: brand=Orbea, model=Alma, color=green
2025-04-30 22:45:09,936 INFO c.s.a.c.BikeController {filterBikes} [main] Operación completada: Se obtuvieron 1 bicicletas filtradas
2025-04-30 22:45:10,370 INFO c.s.a.c.BikeController {addBike} [main] BEGIN addBike
2025-04-30 22:45:10,445 INFO c.s.a.c.BikeController {filterBikes} [main] Filtrando bicicletas con parámetros: brand=Orbea, model=, color=
2025-04-30 22:45:10,451 INFO c.s.a.c.BikeController {filterBikes} [main] Operación completada: Se obtuvieron 2 bicicletas filtradas
2025-04-30 22:45:10,476 INFO c.s.a.c.BikeController {addBike} [main] BEGIN addBike
2025-04-30 22:45:10,481 INFO c.s.a.c.BikeController {addBike} [main] END addBike
2025-04-30 22:45:10,733 INFO c.s.a.c.BikeController {filterBikes} [main] Filtrando bicicletas con parámetros: brand=, model=, color=
2025-04-30 22:45:10,733 INFO c.s.a.c.BikeController {filterBikes} [main] Operación completada: Se obtuvieron 3 bicicletas filtradas
2025-04-30 22:45:10,784 INFO c.s.a.c.BikeController {filterBikes} [main] Filtrando bicicletas con parámetros: brand=, model=, color=green
2025-04-30 22:45:10,787 INFO c.s.a.c.BikeController {filterBikes} [main] Operación completada: Se obtuvieron 1 bicicletas filtradas
2025-04-30 22:45:10,811 INFO c.s.a.c.BikeController {getBike} [main] BEGIN getBike
2025-04-30 22:45:10,811 INFO c.s.a.c.BikeController {getBike} [main] END getBike
2025-04-30 22:45:10,907 INFO c.s.a.c.BikeController {removeBike} [main] BEGIN removeBike
2025-04-30 22:45:10,912 INFO c.s.a.c.BikeController {removeBike} [main] END removeBike
2025-04-30 22:45:10,956 INFO c.s.a.c.BikeController {modifyBike} [main] BEGIN modifyBike
2025-04-30 22:45:11,024 INFO c.s.a.c.BikeController {modifyBike} [main] BEGIN modifyBike
2025-04-30 22:45:11,025 INFO c.s.a.c.BikeController {modifyBike} [main] END modifyBike
2025-04-30 22:45:11,051 INFO c.s.a.c.BikeController {removeBike} [main] BEGIN removeBike
2025-04-30 22:45:11,075 INFO c.s.a.c.BikeController {getBike} [main] BEGIN getBike
2025-04-30 22:45:11,735 INFO o.s.t.c.s.AbstractTestContextBootstrapper {buildDefaultMergedContextConfiguration} [main] Neither @ContextConfiguration nor @ContextHierarchy found for test class [com.svalero.apibikes.MechanicControllerTests], using SpringBootContextLoader
2025-04-30 22:45:11,739 INFO o.s.t.c.s.AbstractContextLoader {generateDefaultLocations} [main] Could not detect default resource locations for test class [com.svalero.apibikes.MechanicControllerTests]: no resource found for suffixes {-context.xml, Context.groovy}.
2025-04-30 22:45:11,740 INFO o.s.t.c.s.AnnotationConfigContextLoaderUtils {detectDefaultConfigurationClasses} [main] Could not detect default configuration classes for test class [com.svalero.apibikes.MechanicControllerTests]: MechanicControllerTests does not declare any static, non-private, non-final, nested classes annotated with @Configuration.
2025-04-30 22:45:11,757 INFO o.s.b.t.c.SpringBootTestContextBootstrapper {getOrFindConfigurationClasses} [main] Found @SpringBootConfiguration com.svalero.apibikes.HellospringApplication for test class com.svalero.apibikes.MechanicControllerTests
2025-04-30 22:45:11,762 INFO o.s.t.c.s.AbstractTestContextBootstrapper {getDefaultTestExecutionListenerClassNames} [main] Loaded default TestExecutionListener class names from location [META-INF/spring.factories]: [org.springframework.boot.test.mock.mockito.MockitoTestExecutionListener, org.springframework.boot.test.mock.mockito.ResetMocksTestExecutionListener, org.springframework.boot.test.autoconfigure.restdocs.RestDocsTestExecutionListener, org.springframework.boot.test.autoconfigure.web.client.MockRestServiceServerResetTestExecutionListener, org.springframework.boot.test.autoconfigure.web.servlet.MockMvcPrintOnlyOnFailureTestExecutionListener, org.springframework.boot.test.autoconfigure.web.servlet.WebDriverTestExecutionListener, org.springframework.boot.test.autoconfigure.webservices.client.MockWebServiceServerTestExecutionListener, org.springframework.test.context.web.ServletTestExecutionListener, org.springframework.test.context.support.DirtiesContextBeforeModesTestExecutionListener, org.springframework.test.context.event.ApplicationEventsTestExecutionListener, org.springframework.test.context.support.DependencyInjectionTestExecutionListener, org.springframework.test.context.support.DirtiesContextTestExecutionListener, org.springframework.test.context.transaction.TransactionalTestExecutionListener, org.springframework.test.context.jdbc.SqlScriptsTestExecutionListener, org.springframework.test.context.event.EventPublishingTestExecutionListener]
2025-04-30 22:45:11,763 INFO o.s.t.c.s.AbstractTestContextBootstrapper {getTestExecutionListeners} [main] Using TestExecutionListeners: [org.springframework.test.context.web.ServletTestExecutionListener@49f2646, org.springframework.test.context.support.DirtiesContextBeforeModesTestExecutionListener@4b00d59, org.springframework.test.context.event.ApplicationEventsTestExecutionListener@7c048b30, org.springframework.boot.test.mock.mockito.MockitoTestExecutionListener@309cf657, org.springframework.boot.test.autoconfigure.SpringBootDependencyInjectionTestExecutionListener@4d4c4b14, org.springframework.test.context.support.DirtiesContextTestExecutionListener@49925d21, org.springframework.test.context.transaction.TransactionalTestExecutionListener@11170228, org.springframework.test.context.jdbc.SqlScriptsTestExecutionListener@46ee7013, org.springframework.test.context.event.EventPublishingTestExecutionListener@69d58731, org.springframework.boot.test.mock.mockito.ResetMocksTestExecutionListener@3275a47f, org.springframework.boot.test.autoconfigure.restdocs.RestDocsTestExecutionListener@1b5af65b, org.springframework.boot.test.autoconfigure.web.client.MockRestServiceServerResetTestExecutionListener@2e0163cb, org.springframework.boot.test.autoconfigure.web.servlet.MockMvcPrintOnlyOnFailureTestExecutionListener@6b289535, org.springframework.boot.test.autoconfigure.web.servlet.WebDriverTestExecutionListener@74619273, org.springframework.boot.test.autoconfigure.webservices.client.MockWebServiceServerTestExecutionListener@38c55a8a]
2025-04-30 22:45:11,922 INFO o.s.b.StartupInfoLogger {logStarting} [main] Starting MechanicControllerTests using Java 21 on DESKTOP-A2Q7539 with PID 5068 (started by 34618 in C:\Users\34618\Documents\2DAM Gdo. Superior\Acceso a datos 2DAM\hellospring)
2025-04-30 22:45:11,923 INFO o.s.b.SpringApplication {logStartupProfileInfo} [main] The following 1 profile is active: "test"
2025-04-30 22:45:12,911 INFO o.s.s.w.DefaultSecurityFilterChain {<init>} [main] Will secure any request with [org.springframework.security.web.session.DisableEncodeUrlFilter@785ef70f, org.springframework.security.web.context.request.async.WebAsyncManagerIntegrationFilter@3d8bd881, org.springframework.security.web.context.SecurityContextPersistenceFilter@5939f047, org.springframework.security.web.header.HeaderWriterFilter@3aab42d6, org.springframework.security.web.authentication.logout.LogoutFilter@67ecf7ed, org.springframework.security.web.savedrequest.RequestCacheAwareFilter@17332039, org.springframework.security.web.servletapi.SecurityContextHolderAwareRequestFilter@776e7dfb, org.springframework.security.web.authentication.AnonymousAuthenticationFilter@731ab49b, org.springframework.security.web.session.SessionManagementFilter@6badb08c, org.springframework.security.web.access.ExceptionTranslationFilter@1fba3fd6, org.springframework.security.web.access.intercept.FilterSecurityInterceptor@106802ea]
2025-04-30 22:45:13,770 INFO o.s.m.w.MockServletContext {log} [main] Initializing Spring TestDispatcherServlet ''
2025-04-30 22:45:13,772 INFO o.s.w.s.FrameworkServlet {initServletBean} [main] Initializing Servlet ''
2025-04-30 22:45:13,773 INFO o.s.w.s.FrameworkServlet {initServletBean} [main] Completed initialization in 0 ms
2025-04-30 22:45:13,806 INFO o.s.b.StartupInfoLogger {logStarted} [main] Started MechanicControllerTests in 2.034 seconds (JVM running for 21.122)
2025-04-30 22:45:13,828 INFO c.s.a.c.MechanicController {filtermechanics} [main] BEGIN getAll
2025-04-30 22:45:13,830 INFO c.s.a.c.MechanicController {filtermechanics} [main] END getAll
2025-04-30 22:45:13,893 INFO c.s.a.c.MechanicController {modifyMechanic} [main] BEGIN modifyMechanic
2025-04-30 22:45:13,895 INFO c.s.a.c.MechanicController {modifyMechanic} [main] END modifyMechanic
2025-04-30 22:45:13,914 INFO c.s.a.c.MechanicController {filtermechanics} [main] BEGIN getAll
2025-04-30 22:45:13,915 INFO c.s.a.c.MechanicController {filtermechanics} [main] END getAll
2025-04-30 22:45:13,932 INFO c.s.a.c.MechanicController {getMechanic} [main] BEGIN getMechanic
2025-04-30 22:45:13,959 INFO c.s.a.c.MechanicController {filtermechanics} [main] BEGIN getAll
2025-04-30 22:45:13,961 INFO c.s.a.c.MechanicController {filtermechanics} [main] END getAll
2025-04-30 22:45:13,975 INFO c.s.a.c.MechanicController {removeMechanic} [main] BEGIN removeMechanic
2025-04-30 22:45:13,975 INFO c.s.a.c.MechanicController {removeMechanic} [main] END removeMechanic
2025-04-30 22:45:14,041 INFO c.s.a.c.MechanicController {addMechanic} [main] BEGIN addMechanic
2025-04-30 22:45:14,044 INFO c.s.a.c.MechanicController {addMechanic} [main] END addMechanic
2025-04-30 22:45:14,064 INFO c.s.a.c.MechanicController {getMechanic} [main] BEGIN getMechanic
2025-04-30 22:45:14,066 INFO c.s.a.c.MechanicController {getMechanic} [main] END getMechanic
2025-04-30 22:45:14,101 INFO c.s.a.c.MechanicController {modifyMechanic} [main] BEGIN modifyMechanic
2025-04-30 22:45:14,127 INFO c.s.a.c.MechanicController {filtermechanics} [main] BEGIN getAll
2025-04-30 22:45:14,129 INFO c.s.a.c.MechanicController {filtermechanics} [main] END getAll
2025-04-30 22:45:14,150 INFO c.s.a.c.MechanicController {removeMechanic} [main] BEGIN removeMechanic
2025-04-30 22:45:14,169 INFO c.s.a.c.MechanicController {filtermechanics} [main] BEGIN getAll
2025-04-30 22:45:14,173 INFO c.s.a.c.MechanicController {filtermechanics} [main] END getAll
2025-04-30 22:45:14,781 INFO o.s.t.c.s.AbstractTestContextBootstrapper {buildDefaultMergedContextConfiguration} [main] Neither @ContextConfiguration nor @ContextHierarchy found for test class [com.svalero.apibikes.UserControllerTests], using SpringBootContextLoader
2025-04-30 22:45:14,784 INFO o.s.t.c.s.AbstractContextLoader {generateDefaultLocations} [main] Could not detect default resource locations for test class [com.svalero.apibikes.UserControllerTests]: no resource found for suffixes {-context.xml, Context.groovy}.
2025-04-30 22:45:14,785 INFO o.s.t.c.s.AnnotationConfigContextLoaderUtils {detectDefaultConfigurationClasses} [main] Could not detect default configuration classes for test class [com.svalero.apibikes.UserControllerTests]: UserControllerTests does not declare any static, non-private, non-final, nested classes annotated with @Configuration.
2025-04-30 22:45:14,801 INFO o.s.b.t.c.SpringBootTestContextBootstrapper {getOrFindConfigurationClasses} [main] Found @SpringBootConfiguration com.svalero.apibikes.HellospringApplication for test class com.svalero.apibikes.UserControllerTests
2025-04-30 22:45:14,804 INFO o.s.t.c.s.AbstractTestContextBootstrapper {getDefaultTestExecutionListenerClassNames} [main] Loaded default TestExecutionListener class names from location [META-INF/spring.factories]: [org.springframework.boot.test.mock.mockito.MockitoTestExecutionListener, org.springframework.boot.test.mock.mockito.ResetMocksTestExecutionListener, org.springframework.boot.test.autoconfigure.restdocs.RestDocsTestExecutionListener, org.springframework.boot.test.autoconfigure.web.client.MockRestServiceServerResetTestExecutionListener, org.springframework.boot.test.autoconfigure.web.servlet.MockMvcPrintOnlyOnFailureTestExecutionListener, org.springframework.boot.test.autoconfigure.web.servlet.WebDriverTestExecutionListener, org.springframework.boot.test.autoconfigure.webservices.client.MockWebServiceServerTestExecutionListener, org.springframework.test.context.web.ServletTestExecutionListener, org.springframework.test.context.support.DirtiesContextBeforeModesTestExecutionListener, org.springframework.test.context.event.ApplicationEventsTestExecutionListener, org.springframework.test.context.support.DependencyInjectionTestExecutionListener, org.springframework.test.context.support.DirtiesContextTestExecutionListener, org.springframework.test.context.transaction.TransactionalTestExecutionListener, org.springframework.test.context.jdbc.SqlScriptsTestExecutionListener, org.springframework.test.context.event.EventPublishingTestExecutionListener]
2025-04-30 22:45:14,806 INFO o.s.t.c.s.AbstractTestContextBootstrapper {getTestExecutionListeners} [main] Using TestExecutionListeners: [org.springframework.test.context.web.ServletTestExecutionListener@2fccf49e, org.springframework.test.context.support.DirtiesContextBeforeModesTestExecutionListener@7abcc0da, org.springframework.test.context.event.ApplicationEventsTestExecutionListener@174cb0d8, org.springframework.boot.test.mock.mockito.MockitoTestExecutionListener@3ac406d4, org.springframework.boot.test.autoconfigure.SpringBootDependencyInjectionTestExecutionListener@72646d16, org.springframework.test.context.support.DirtiesContextTestExecutionListener@6ec2d990, org.springframework.test.context.transaction.TransactionalTestExecutionListener@1cfa7ee0, org.springframework.test.context.jdbc.SqlScriptsTestExecutionListener@612290d, org.springframework.test.context.event.EventPublishingTestExecutionListener@57cff804, org.springframework.boot.test.mock.mockito.ResetMocksTestExecutionListener@2f39b534, org.springframework.boot.test.autoconfigure.restdocs.RestDocsTestExecutionListener@60fbc34d, org.springframework.boot.test.autoconfigure.web.client.MockRestServiceServerResetTestExecutionListener@7736c41e, org.springframework.boot.test.autoconfigure.web.servlet.MockMvcPrintOnlyOnFailureTestExecutionListener@5f911d24, org.springframework.boot.test.autoconfigure.web.servlet.WebDriverTestExecutionListener@3de383f7, org.springframework.boot.test.autoconfigure.webservices.client.MockWebServiceServerTestExecutionListener@33ccead]
2025-04-30 22:45:14,874 INFO o.s.b.StartupInfoLogger {logStarting} [main] Starting UserControllerTests using Java 21 on DESKTOP-A2Q7539 with PID 5068 (started by 34618 in C:\Users\34618\Documents\2DAM Gdo. Superior\Acceso a datos 2DAM\hellospring)
2025-04-30 22:45:14,874 INFO o.s.b.SpringApplication {logStartupProfileInfo} [main] The following 1 profile is active: "test"
2025-04-30 22:45:15,702 INFO o.s.s.w.DefaultSecurityFilterChain {<init>} [main] Will secure any request with [org.springframework.security.web.session.DisableEncodeUrlFilter@5e34a84b, org.springframework.security.web.context.request.async.WebAsyncManagerIntegrationFilter@438c0aaf, org.springframework.security.web.context.SecurityContextPersistenceFilter@297dff3a, org.springframework.security.web.header.HeaderWriterFilter@41abee65, org.springframework.security.web.authentication.logout.LogoutFilter@30ed2a26, org.springframework.security.web.savedrequest.RequestCacheAwareFilter@30437e9c, org.springframework.security.web.servletapi.SecurityContextHolderAwareRequestFilter@2e057637, org.springframework.security.web.authentication.AnonymousAuthenticationFilter@7577589, org.springframework.security.web.session.SessionManagementFilter@6fc6f68f, org.springframework.security.web.access.ExceptionTranslationFilter@6a3e633a, org.springframework.security.web.access.intercept.FilterSecurityInterceptor@4dffa400]
2025-04-30 22:45:16,506 INFO o.s.m.w.MockServletContext {log} [main] Initializing Spring TestDispatcherServlet ''
2025-04-30 22:45:16,506 INFO o.s.w.s.FrameworkServlet {initServletBean} [main] Initializing Servlet ''
2025-04-30 22:45:16,510 INFO o.s.w.s.FrameworkServlet {initServletBean} [main] Completed initialization in 2 ms
2025-04-30 22:45:16,541 INFO o.s.b.StartupInfoLogger {logStarted} [main] Started UserControllerTests in 1.728 seconds (JVM running for 23.856)
2025-04-30 22:45:16,557 INFO c.s.a.c.UserController {getUser} [main] BEGIN getUser
2025-04-30 22:45:16,583 INFO c.s.a.c.UserController {filterusers} [main] BEGIN getAll
2025-04-30 22:45:16,590 INFO c.s.a.c.UserController {filterusers} [main] END getAll
2025-04-30 22:45:16,656 INFO c.s.a.c.UserController {filterusers} [main] BEGIN getAll
2025-04-30 22:45:16,661 INFO c.s.a.c.UserController {filterusers} [main] END getAll
2025-04-30 22:45:16,673 INFO c.s.a.c.UserController {filterusers} [main] BEGIN getAll
2025-04-30 22:45:16,676 INFO c.s.a.c.UserController {filterusers} [main] END getAll
2025-04-30 22:45:16,720 INFO c.s.a.c.UserController {removeUser} [main] BEGIN removeUser
2025-04-30 22:45:16,723 INFO c.s.a.c.UserController {removeUser} [main] END removeUser
2025-04-30 22:45:16,736 INFO c.s.a.c.UserController {getUser} [main] BEGIN getUser
2025-04-30 22:45:16,741 INFO c.s.a.c.UserController {getUser} [main] END getUser
2025-04-30 22:45:16,776 INFO c.s.a.c.UserController {modifyUser} [main] BEGIN modifyUser
2025-04-30 22:45:16,789 INFO c.s.a.c.UserController {filterusers} [main] BEGIN getAll
2025-04-30 22:45:16,790 INFO c.s.a.c.UserController {filterusers} [main] END getAll
2025-04-30 22:45:16,803 INFO c.s.a.c.UserController {filterusers} [main] BEGIN getAll
2025-04-30 22:45:16,805 INFO c.s.a.c.UserController {filterusers} [main] END getAll
2025-04-30 22:45:16,821 INFO c.s.a.c.UserController {modifyUser} [main] BEGIN modifyUser
2025-04-30 22:45:16,822 INFO c.s.a.c.UserController {modifyUser} [main] END modifyUser
2025-04-30 22:45:16,837 INFO c.s.a.c.UserController {removeUser} [main] BEGIN removeUser
2025-04-30 22:45:16,979 INFO o.s.t.c.s.AbstractTestContextBootstrapper {buildDefaultMergedContextConfiguration} [main] Neither @ContextConfiguration nor @ContextHierarchy found for test class [com.svalero.apibikes.WorkShopControllerTests], using SpringBootContextLoader
2025-04-30 22:45:16,981 INFO o.s.t.c.s.AbstractContextLoader {generateDefaultLocations} [main] Could not detect default resource locations for test class [com.svalero.apibikes.WorkShopControllerTests]: no resource found for suffixes {-context.xml, Context.groovy}.
2025-04-30 22:45:16,981 INFO o.s.t.c.s.AnnotationConfigContextLoaderUtils {detectDefaultConfigurationClasses} [main] Could not detect default configuration classes for test class [com.svalero.apibikes.WorkShopControllerTests]: WorkShopControllerTests does not declare any static, non-private, non-final, nested classes annotated with @Configuration.
2025-04-30 22:45:17,004 INFO o.s.b.t.c.SpringBootTestContextBootstrapper {getOrFindConfigurationClasses} [main] Found @SpringBootConfiguration com.svalero.apibikes.HellospringApplication for test class com.svalero.apibikes.WorkShopControllerTests
2025-04-30 22:45:17,006 INFO o.s.t.c.s.AbstractTestContextBootstrapper {getDefaultTestExecutionListenerClassNames} [main] Loaded default TestExecutionListener class names from location [META-INF/spring.factories]: [org.springframework.boot.test.mock.mockito.MockitoTestExecutionListener, org.springframework.boot.test.mock.mockito.ResetMocksTestExecutionListener, org.springframework.boot.test.autoconfigure.restdocs.RestDocsTestExecutionListener, org.springframework.boot.test.autoconfigure.web.client.MockRestServiceServerResetTestExecutionListener, org.springframework.boot.test.autoconfigure.web.servlet.MockMvcPrintOnlyOnFailureTestExecutionListener, org.springframework.boot.test.autoconfigure.web.servlet.WebDriverTestExecutionListener, org.springframework.boot.test.autoconfigure.webservices.client.MockWebServiceServerTestExecutionListener, org.springframework.test.context.web.ServletTestExecutionListener, org.springframework.test.context.support.DirtiesContextBeforeModesTestExecutionListener, org.springframework.test.context.event.ApplicationEventsTestExecutionListener, org.springframework.test.context.support.DependencyInjectionTestExecutionListener, org.springframework.test.context.support.DirtiesContextTestExecutionListener, org.springframework.test.context.transaction.TransactionalTestExecutionListener, org.springframework.test.context.jdbc.SqlScriptsTestExecutionListener, org.springframework.test.context.event.EventPublishingTestExecutionListener]
2025-04-30 22:45:17,010 INFO o.s.t.c.s.AbstractTestContextBootstrapper {getTestExecutionListeners} [main] Using TestExecutionListeners: [org.springframework.test.context.web.ServletTestExecutionListener@2699b656, org.springframework.test.context.support.DirtiesContextBeforeModesTestExecutionListener@5d67b2b3, org.springframework.test.context.event.ApplicationEventsTestExecutionListener@49bc71b4, org.springframework.boot.test.mock.mockito.MockitoTestExecutionListener@7efa366, org.springframework.boot.test.autoconfigure.SpringBootDependencyInjectionTestExecutionListener@6c2f8ecb, org.springframework.test.context.support.DirtiesContextTestExecutionListener@c3d4bd7, org.springframework.test.context.transaction.TransactionalTestExecutionListener@2626aa35, org.springframework.test.context.jdbc.SqlScriptsTestExecutionListener@5ca8c904, org.springframework.test.context.event.EventPublishingTestExecutionListener@4c614d8c, org.springframework.boot.test.mock.mockito.ResetMocksTestExecutionListener@2ae4c424, org.springframework.boot.test.autoconfigure.restdocs.RestDocsTestExecutionListener@3980b44f, org.springframework.boot.test.autoconfigure.web.client.MockRestServiceServerResetTestExecutionListener@237aba92, org.springframework.boot.test.autoconfigure.web.servlet.MockMvcPrintOnlyOnFailureTestExecutionListener@65b19e5c, org.springframework.boot.test.autoconfigure.web.servlet.WebDriverTestExecutionListener@6978a32a, org.springframework.boot.test.autoconfigure.webservices.client.MockWebServiceServerTestExecutionListener@55665086]
2025-04-30 22:45:17,090 INFO o.s.b.StartupInfoLogger {logStarting} [main] Starting WorkShopControllerTests using Java 21 on DESKTOP-A2Q7539 with PID 5068 (started by 34618 in C:\Users\34618\Documents\2DAM Gdo. Superior\Acceso a datos 2DAM\hellospring)
2025-04-30 22:45:17,091 INFO o.s.b.SpringApplication {logStartupProfileInfo} [main] The following 1 profile is active: "test"
2025-04-30 22:45:17,925 INFO o.s.s.w.DefaultSecurityFilterChain {<init>} [main] Will secure any request with [org.springframework.security.web.session.DisableEncodeUrlFilter@53917c92, org.springframework.security.web.context.request.async.WebAsyncManagerIntegrationFilter@1fa796a4, org.springframework.security.web.context.SecurityContextPersistenceFilter@3d3b852e, org.springframework.security.web.header.HeaderWriterFilter@4fbbd98c, org.springframework.security.web.authentication.logout.LogoutFilter@280c3dc0, org.springframework.security.web.savedrequest.RequestCacheAwareFilter@14ba7f15, org.springframework.security.web.servletapi.SecurityContextHolderAwareRequestFilter@55cb3b7, org.springframework.security.web.authentication.AnonymousAuthenticationFilter@68de8522, org.springframework.security.web.session.SessionManagementFilter@5dd227b7, org.springframework.security.web.access.ExceptionTranslationFilter@39420d59, org.springframework.security.web.access.intercept.FilterSecurityInterceptor@71d2261e]
2025-04-30 22:45:18,648 INFO o.s.m.w.MockServletContext {log} [main] Initializing Spring TestDispatcherServlet ''
2025-04-30 22:45:18,648 INFO o.s.w.s.FrameworkServlet {initServletBean} [main] Initializing Servlet ''
2025-04-30 22:45:18,652 INFO o.s.w.s.FrameworkServlet {initServletBean} [main] Completed initialization in 0 ms
2025-04-30 22:45:18,681 INFO o.s.b.StartupInfoLogger {logStarted} [main] Started WorkShopControllerTests in 1.663 seconds (JVM running for 25.997)
2025-04-30 22:45:18,791 INFO c.s.a.c.WorkShopController {modifyWorkShop} [main] BEGIN modifyWorkShop
2025-04-30 22:45:18,791 INFO c.s.a.c.WorkShopController {modifyWorkShop} [main] END modifyWorkShop
2025-04-30 22:45:18,817 INFO c.s.a.c.WorkShopController {getWorkShop} [main] BEGIN getWorkShop
2025-04-30 22:45:18,824 INFO c.s.a.c.WorkShopController {getWorkShop} [main] END getWorkShop
2025-04-30 22:45:18,847 INFO c.s.a.c.WorkShopController {filterworkshops} [main] BEGIN getAll
2025-04-30 22:45:18,851 INFO c.s.a.c.WorkShopController {filterworkshops} [main] END getAll
2025-04-30 22:45:18,869 INFO c.s.a.c.WorkShopController {filterworkshops} [main] BEGIN getAll
2025-04-30 22:45:18,874 INFO c.s.a.c.WorkShopController {filterworkshops} [main] END getAll
2025-04-30 22:45:18,884 INFO c.s.a.c.WorkShopController {removeWorkShop} [main] BEGIN removeWorkShop
2025-04-30 22:45:18,884 INFO c.s.a.c.WorkShopController {removeWorkShop} [main] END removeWorkShop
2025-04-30 22:45:18,899 INFO c.s.a.c.WorkShopController {filterworkshops} [main] BEGIN getAll
2025-04-30 22:45:18,905 INFO c.s.a.c.WorkShopController {filterworkshops} [main] END getAll
2025-04-30 22:45:18,919 INFO c.s.a.c.WorkShopController {modifyWorkShop} [main] BEGIN modifyWorkShop
2025-04-30 22:45:18,950 INFO c.s.a.c.WorkShopController {removeWorkShop} [main] BEGIN removeWorkShop
2025-04-30 22:45:18,977 INFO c.s.a.c.WorkShopController {filterworkshops} [main] BEGIN getAll
2025-04-30 22:45:18,982 INFO c.s.a.c.WorkShopController {filterworkshops} [main] END getAll
2025-04-30 22:45:19,006 INFO c.s.a.c.WorkShopController {getWorkShop} [main] BEGIN getWorkShop
2025-04-30 22:45:19,025 INFO c.s.a.c.WorkShopController {filterworkshops} [main] BEGIN getAll
2025-04-30 22:45:19,030 INFO c.s.a.c.WorkShopController {filterworkshops} [main] END getAll
2025-04-30 22:45:19,050 INFO c.s.a.c.WorkShopController {addWorkShop} [main] BEGIN addWorkShop
2025-04-30 22:45:19,051 INFO c.s.a.c.WorkShopController {addWorkShop} [main] END addWorkShop
2025-04-30 23:34:16,256 INFO o.h.v.i.u.Version {<clinit>} [background-preinit] HV000001: Hibernate Validator 6.2.5.Final
2025-04-30 23:34:16,279 INFO o.s.b.StartupInfoLogger {logStarting} [main] Starting BikeControllerTests using Java 21 on DESKTOP-A2Q7539 with PID 8336 (started by 34618 in C:\Users\34618\Documents\2DAM Gdo. Superior\Acceso a datos 2DAM\hellospring)
2025-04-30 23:34:16,279 INFO o.s.b.SpringApplication {logStartupProfileInfo} [main] The following 1 profile is active: "test"
2025-04-30 23:34:19,767 INFO o.s.s.w.DefaultSecurityFilterChain {<init>} [main] Will secure any request with [org.springframework.security.web.session.DisableEncodeUrlFilter@1fb2eec, org.springframework.security.web.context.request.async.WebAsyncManagerIntegrationFilter@4c18516, org.springframework.security.web.context.SecurityContextPersistenceFilter@4a50c746, org.springframework.security.web.header.HeaderWriterFilter@764a3e5d, org.springframework.security.web.authentication.logout.LogoutFilter@44d7e24, org.springframework.security.web.savedrequest.RequestCacheAwareFilter@6ef2f7ad, org.springframework.security.web.servletapi.SecurityContextHolderAwareRequestFilter@22d477c2, org.springframework.security.web.authentication.AnonymousAuthenticationFilter@2a0b901c, org.springframework.security.web.session.SessionManagementFilter@374c40ba, org.springframework.security.web.access.ExceptionTranslationFilter@4a864d4d, org.springframework.security.web.access.intercept.FilterSecurityInterceptor@611d0763]
2025-04-30 23:34:21,768 INFO o.s.m.w.MockServletContext {log} [main] Initializing Spring TestDispatcherServlet ''
2025-04-30 23:34:21,768 INFO o.s.w.s.FrameworkServlet {initServletBean} [main] Initializing Servlet ''
2025-04-30 23:34:21,768 INFO o.s.w.s.FrameworkServlet {initServletBean} [main] Completed initialization in 0 ms
2025-04-30 23:34:21,843 INFO o.s.b.StartupInfoLogger {logStarted} [main] Started BikeControllerTests in 7.391 seconds (JVM running for 11.548)
2025-04-30 23:34:22,050 INFO c.s.a.c.BikeController {filterBikes} [main] Filtrando bicicletas con parámetros: brand=, model=Alma, color=
2025-04-30 23:34:22,050 INFO c.s.a.c.BikeController {filterBikes} [main] Operación completada: Se obtuvieron 1 bicicletas filtradas
2025-04-30 23:34:22,293 INFO c.s.a.c.BikeController {filterBikes} [main] Filtrando bicicletas con parámetros: brand=Orbea, model=Alma, color=green
2025-04-30 23:34:22,293 INFO c.s.a.c.BikeController {filterBikes} [main] Operación completada: Se obtuvieron 1 bicicletas filtradas
2025-04-30 23:34:22,482 INFO c.s.a.c.BikeController {addBike} [main] BEGIN addBike
2025-04-30 23:34:22,515 INFO c.s.a.c.BikeController {filterBikes} [main] Filtrando bicicletas con parámetros: brand=Orbea, model=, color=
2025-04-30 23:34:22,516 INFO c.s.a.c.BikeController {filterBikes} [main] Operación completada: Se obtuvieron 2 bicicletas filtradas
2025-04-30 23:34:22,531 INFO c.s.a.c.BikeController {addBike} [main] BEGIN addBike
2025-04-30 23:34:22,532 INFO c.s.a.c.BikeController {addBike} [main] END addBike
2025-04-30 23:34:22,620 INFO c.s.a.c.BikeController {filterBikes} [main] Filtrando bicicletas con parámetros: brand=, model=, color=
2025-04-30 23:34:22,621 INFO c.s.a.c.BikeController {filterBikes} [main] Operación completada: Se obtuvieron 3 bicicletas filtradas
2025-04-30 23:34:22,635 INFO c.s.a.c.BikeController {filterBikes} [main] Filtrando bicicletas con parámetros: brand=, model=, color=green
2025-04-30 23:34:22,635 INFO c.s.a.c.BikeController {filterBikes} [main] Operación completada: Se obtuvieron 1 bicicletas filtradas
2025-04-30 23:34:22,650 INFO c.s.a.c.BikeController {getBike} [main] BEGIN getBike
2025-04-30 23:34:22,650 INFO c.s.a.c.BikeController {getBike} [main] END getBike
2025-04-30 23:34:22,704 INFO c.s.a.c.BikeController {removeBike} [main] BEGIN removeBike
2025-04-30 23:34:22,705 INFO c.s.a.c.BikeController {removeBike} [main] END removeBike
2025-04-30 23:34:22,723 INFO c.s.a.c.BikeController {modifyBike} [main] BEGIN modifyBike
2025-04-30 23:34:22,752 INFO c.s.a.c.BikeController {modifyBike} [main] BEGIN modifyBike
2025-04-30 23:34:22,768 INFO c.s.a.c.BikeController {modifyBike} [main] END modifyBike
2025-04-30 23:34:22,768 INFO c.s.a.c.BikeController {removeBike} [main] BEGIN removeBike
2025-04-30 23:34:22,786 INFO c.s.a.c.BikeController {getBike} [main] BEGIN getBike
2025-04-30 23:34:23,095 INFO o.s.t.c.s.AbstractTestContextBootstrapper {buildDefaultMergedContextConfiguration} [main] Neither @ContextConfiguration nor @ContextHierarchy found for test class [com.svalero.apibikes.MechanicControllerTests], using SpringBootContextLoader
2025-04-30 23:34:23,095 INFO o.s.t.c.s.AbstractContextLoader {generateDefaultLocations} [main] Could not detect default resource locations for test class [com.svalero.apibikes.MechanicControllerTests]: no resource found for suffixes {-context.xml, Context.groovy}.
2025-04-30 23:34:23,095 INFO o.s.t.c.s.AnnotationConfigContextLoaderUtils {detectDefaultConfigurationClasses} [main] Could not detect default configuration classes for test class [com.svalero.apibikes.MechanicControllerTests]: MechanicControllerTests does not declare any static, non-private, non-final, nested classes annotated with @Configuration.
2025-04-30 23:34:23,105 INFO o.s.b.t.c.SpringBootTestContextBootstrapper {getOrFindConfigurationClasses} [main] Found @SpringBootConfiguration com.svalero.apibikes.HellospringApplication for test class com.svalero.apibikes.MechanicControllerTests
2025-04-30 23:34:23,105 INFO o.s.t.c.s.AbstractTestContextBootstrapper {getDefaultTestExecutionListenerClassNames} [main] Loaded default TestExecutionListener class names from location [META-INF/spring.factories]: [org.springframework.boot.test.mock.mockito.MockitoTestExecutionListener, org.springframework.boot.test.mock.mockito.ResetMocksTestExecutionListener, org.springframework.boot.test.autoconfigure.restdocs.RestDocsTestExecutionListener, org.springframework.boot.test.autoconfigure.web.client.MockRestServiceServerResetTestExecutionListener, org.springframework.boot.test.autoconfigure.web.servlet.MockMvcPrintOnlyOnFailureTestExecutionListener, org.springframework.boot.test.autoconfigure.web.servlet.WebDriverTestExecutionListener, org.springframework.boot.test.autoconfigure.webservices.client.MockWebServiceServerTestExecutionListener, org.springframework.test.context.web.ServletTestExecutionListener, org.springframework.test.context.support.DirtiesContextBeforeModesTestExecutionListener, org.springframework.test.context.event.ApplicationEventsTestExecutionListener, org.springframework.test.context.support.DependencyInjectionTestExecutionListener, org.springframework.test.context.support.DirtiesContextTestExecutionListener, org.springframework.test.context.transaction.TransactionalTestExecutionListener, org.springframework.test.context.jdbc.SqlScriptsTestExecutionListener, org.springframework.test.context.event.EventPublishingTestExecutionListener]
2025-04-30 23:34:23,109 INFO o.s.t.c.s.AbstractTestContextBootstrapper {getTestExecutionListeners} [main] Using TestExecutionListeners: [org.springframework.test.context.web.ServletTestExecutionListener@6d7e2795, org.springframework.test.context.support.DirtiesContextBeforeModesTestExecutionListener@78743dd8, org.springframework.test.context.event.ApplicationEventsTestExecutionListener@752494dd, org.springframework.boot.test.mock.mockito.MockitoTestExecutionListener@2986427e, org.springframework.boot.test.autoconfigure.SpringBootDependencyInjectionTestExecutionListener@35d88a54, org.springframework.test.context.support.DirtiesContextTestExecutionListener@6c1bebca, org.springframework.test.context.transaction.TransactionalTestExecutionListener@3d4818e8, org.springframework.test.context.jdbc.SqlScriptsTestExecutionListener@26c6288d, org.springframework.test.context.event.EventPublishingTestExecutionListener@57bd9c2b, org.springframework.boot.test.mock.mockito.ResetMocksTestExecutionListener@644b68ad, org.springframework.boot.test.autoconfigure.restdocs.RestDocsTestExecutionListener@1939a394, org.springframework.boot.test.autoconfigure.web.client.MockRestServiceServerResetTestExecutionListener@e2c627e, org.springframework.boot.test.autoconfigure.web.servlet.MockMvcPrintOnlyOnFailureTestExecutionListener@35cbeb54, org.springframework.boot.test.autoconfigure.web.servlet.WebDriverTestExecutionListener@a7ae340, org.springframework.boot.test.autoconfigure.webservices.client.MockWebServiceServerTestExecutionListener@5e8bd498]
2025-04-30 23:34:23,179 INFO o.s.b.StartupInfoLogger {logStarting} [main] Starting MechanicControllerTests using Java 21 on DESKTOP-A2Q7539 with PID 8336 (started by 34618 in C:\Users\34618\Documents\2DAM Gdo. Superior\Acceso a datos 2DAM\hellospring)
2025-04-30 23:34:23,179 INFO o.s.b.SpringApplication {logStartupProfileInfo} [main] The following 1 profile is active: "test"
2025-04-30 23:34:23,659 INFO o.s.s.w.DefaultSecurityFilterChain {<init>} [main] Will secure any request with [org.springframework.security.web.session.DisableEncodeUrlFilter@56e8a8a0, org.springframework.security.web.context.request.async.WebAsyncManagerIntegrationFilter@6071631f, org.springframework.security.web.context.SecurityContextPersistenceFilter@62cf86d6, org.springframework.security.web.header.HeaderWriterFilter@57920d6c, org.springframework.security.web.authentication.logout.LogoutFilter@5d5cd210, org.springframework.security.web.savedrequest.RequestCacheAwareFilter@2a6c751f, org.springframework.security.web.servletapi.SecurityContextHolderAwareRequestFilter@6dd2e453, org.springframework.security.web.authentication.AnonymousAuthenticationFilter@2ca132ad, org.springframework.security.web.session.SessionManagementFilter@465d1345, org.springframework.security.web.access.ExceptionTranslationFilter@114b2414, org.springframework.security.web.access.intercept.FilterSecurityInterceptor@4e20a985]
2025-04-30 23:34:24,534 INFO o.s.m.w.MockServletContext {log} [main] Initializing Spring TestDispatcherServlet ''
2025-04-30 23:34:24,534 INFO o.s.w.s.FrameworkServlet {initServletBean} [main] Initializing Servlet ''
2025-04-30 23:34:24,534 INFO o.s.w.s.FrameworkServlet {initServletBean} [main] Completed initialization in 0 ms
2025-04-30 23:34:24,592 INFO o.s.b.StartupInfoLogger {logStarted} [main] Started MechanicControllerTests in 1.481 seconds (JVM running for 14.289)
2025-04-30 23:34:24,610 INFO c.s.a.c.MechanicController {filtermechanics} [main] BEGIN getAll
2025-04-30 23:34:24,610 INFO c.s.a.c.MechanicController {filtermechanics} [main] END getAll
2025-04-30 23:34:24,698 INFO c.s.a.c.MechanicController {modifyMechanic} [main] BEGIN modifyMechanic
2025-04-30 23:34:24,700 INFO c.s.a.c.MechanicController {modifyMechanic} [main] END modifyMechanic
2025-04-30 23:34:24,722 INFO c.s.a.c.MechanicController {filtermechanics} [main] BEGIN getAll
2025-04-30 23:34:24,725 INFO c.s.a.c.MechanicController {filtermechanics} [main] END getAll
2025-04-30 23:34:24,741 INFO c.s.a.c.MechanicController {getMechanic} [main] BEGIN getMechanic
2025-04-30 23:34:24,766 INFO c.s.a.c.MechanicController {filtermechanics} [main] BEGIN getAll
2025-04-30 23:34:24,768 INFO c.s.a.c.MechanicController {filtermechanics} [main] END getAll
2025-04-30 23:34:24,786 INFO c.s.a.c.MechanicController {removeMechanic} [main] BEGIN removeMechanic
2025-04-30 23:34:24,788 INFO c.s.a.c.MechanicController {removeMechanic} [main] END removeMechanic
2025-04-30 23:34:24,836 INFO c.s.a.c.MechanicController {addMechanic} [main] BEGIN addMechanic
2025-04-30 23:34:24,836 INFO c.s.a.c.MechanicController {addMechanic} [main] END addMechanic
2025-04-30 23:34:24,856 INFO c.s.a.c.MechanicController {getMechanic} [main] BEGIN getMechanic
2025-04-30 23:34:24,856 INFO c.s.a.c.MechanicController {getMechanic} [main] END getMechanic
2025-04-30 23:34:24,887 INFO c.s.a.c.MechanicController {modifyMechanic} [main] BEGIN modifyMechanic
2025-04-30 23:34:24,901 INFO c.s.a.c.MechanicController {filtermechanics} [main] BEGIN getAll
2025-04-30 23:34:24,906 INFO c.s.a.c.MechanicController {filtermechanics} [main] END getAll
2025-04-30 23:34:24,918 INFO c.s.a.c.MechanicController {removeMechanic} [main] BEGIN removeMechanic
2025-04-30 23:34:24,939 INFO c.s.a.c.MechanicController {filtermechanics} [main] BEGIN getAll
2025-04-30 23:34:24,939 INFO c.s.a.c.MechanicController {filtermechanics} [main] END getAll
2025-04-30 23:34:25,609 INFO o.s.t.c.s.AbstractTestContextBootstrapper {buildDefaultMergedContextConfiguration} [main] Neither @ContextConfiguration nor @ContextHierarchy found for test class [com.svalero.apibikes.UserControllerTests], using SpringBootContextLoader
2025-04-30 23:34:25,612 INFO o.s.t.c.s.AbstractContextLoader {generateDefaultLocations} [main] Could not detect default resource locations for test class [com.svalero.apibikes.UserControllerTests]: no resource found for suffixes {-context.xml, Context.groovy}.
2025-04-30 23:34:25,613 INFO o.s.t.c.s.AnnotationConfigContextLoaderUtils {detectDefaultConfigurationClasses} [main] Could not detect default configuration classes for test class [com.svalero.apibikes.UserControllerTests]: UserControllerTests does not declare any static, non-private, non-final, nested classes annotated with @Configuration.
2025-04-30 23:34:25,632 INFO o.s.b.t.c.SpringBootTestContextBootstrapper {getOrFindConfigurationClasses} [main] Found @SpringBootConfiguration com.svalero.apibikes.HellospringApplication for test class com.svalero.apibikes.UserControllerTests
2025-04-30 23:34:25,636 INFO o.s.t.c.s.AbstractTestContextBootstrapper {getDefaultTestExecutionListenerClassNames} [main] Loaded default TestExecutionListener class names from location [META-INF/spring.factories]: [org.springframework.boot.test.mock.mockito.MockitoTestExecutionListener, org.springframework.boot.test.mock.mockito.ResetMocksTestExecutionListener, org.springframework.boot.test.autoconfigure.restdocs.RestDocsTestExecutionListener, org.springframework.boot.test.autoconfigure.web.client.MockRestServiceServerResetTestExecutionListener, org.springframework.boot.test.autoconfigure.web.servlet.MockMvcPrintOnlyOnFailureTestExecutionListener, org.springframework.boot.test.autoconfigure.web.servlet.WebDriverTestExecutionListener, org.springframework.boot.test.autoconfigure.webservices.client.MockWebServiceServerTestExecutionListener, org.springframework.test.context.web.ServletTestExecutionListener, org.springframework.test.context.support.DirtiesContextBeforeModesTestExecutionListener, org.springframework.test.context.event.ApplicationEventsTestExecutionListener, org.springframework.test.context.support.DependencyInjectionTestExecutionListener, org.springframework.test.context.support.DirtiesContextTestExecutionListener, org.springframework.test.context.transaction.TransactionalTestExecutionListener, org.springframework.test.context.jdbc.SqlScriptsTestExecutionListener, org.springframework.test.context.event.EventPublishingTestExecutionListener]
2025-04-30 23:34:25,638 INFO o.s.t.c.s.AbstractTestContextBootstrapper {getTestExecutionListeners} [main] Using TestExecutionListeners: [org.springframework.test.context.web.ServletTestExecutionListener@51172948, org.springframework.test.context.support.DirtiesContextBeforeModesTestExecutionListener@6f2a3b37, org.springframework.test.context.event.ApplicationEventsTestExecutionListener@323b0632, org.springframework.boot.test.mock.mockito.MockitoTestExecutionListener@7cd8831c, org.springframework.boot.test.autoconfigure.SpringBootDependencyInjectionTestExecutionListener@146db8a6, org.springframework.test.context.support.DirtiesContextTestExecutionListener@2a20da9f, org.springframework.test.context.transaction.TransactionalTestExecutionListener@40c0437f, org.springframework.test.context.jdbc.SqlScriptsTestExecutionListener@78b8f818, org.springframework.test.context.event.EventPublishingTestExecutionListener@1e9d721, org.springframework.boot.test.mock.mockito.ResetMocksTestExecutionListener@2d3111a1, org.springframework.boot.test.autoconfigure.restdocs.RestDocsTestExecutionListener@6f2864c3, org.springframework.boot.test.autoconfigure.web.client.MockRestServiceServerResetTestExecutionListener@50ef2906, org.springframework.boot.test.autoconfigure.web.servlet.MockMvcPrintOnlyOnFailureTestExecutionListener@1f70bce5, org.springframework.boot.test.autoconfigure.web.servlet.WebDriverTestExecutionListener@3ae91ab3, org.springframework.boot.test.autoconfigure.webservices.client.MockWebServiceServerTestExecutionListener@16cb6f51]
2025-04-30 23:34:25,744 INFO o.s.b.StartupInfoLogger {logStarting} [main] Starting UserControllerTests using Java 21 on DESKTOP-A2Q7539 with PID 8336 (started by 34618 in C:\Users\34618\Documents\2DAM Gdo. Superior\Acceso a datos 2DAM\hellospring)
2025-04-30 23:34:25,746 INFO o.s.b.SpringApplication {logStartupProfileInfo} [main] The following 1 profile is active: "test"
2025-04-30 23:34:27,139 INFO o.s.s.w.DefaultSecurityFilterChain {<init>} [main] Will secure any request with [org.springframework.security.web.session.DisableEncodeUrlFilter@3051e476, org.springframework.security.web.context.request.async.WebAsyncManagerIntegrationFilter@1870b9b8, org.springframework.security.web.context.SecurityContextPersistenceFilter@4205d5d0, org.springframework.security.web.header.HeaderWriterFilter@22172b00, org.springframework.security.web.authentication.logout.LogoutFilter@5ffdd510, org.springframework.security.web.savedrequest.RequestCacheAwareFilter@29dfc68f, org.springframework.security.web.servletapi.SecurityContextHolderAwareRequestFilter@320ba79f, org.springframework.security.web.authentication.AnonymousAuthenticationFilter@6d9ee75a, org.springframework.security.web.session.SessionManagementFilter@d02c00, org.springframework.security.web.access.ExceptionTranslationFilter@4ba402b5, org.springframework.security.web.access.intercept.FilterSecurityInterceptor@344a065a]
2025-04-30 23:34:27,959 INFO o.s.m.w.MockServletContext {log} [main] Initializing Spring TestDispatcherServlet ''
2025-04-30 23:34:27,960 INFO o.s.w.s.FrameworkServlet {initServletBean} [main] Initializing Servlet ''
2025-04-30 23:34:27,965 INFO o.s.w.s.FrameworkServlet {initServletBean} [main] Completed initialization in 1 ms
2025-04-30 23:34:27,988 INFO o.s.b.StartupInfoLogger {logStarted} [main] Started UserControllerTests in 2.344 seconds (JVM running for 17.682)
2025-04-30 23:34:28,004 INFO c.s.a.c.UserController {getUser} [main] BEGIN getUser
2025-04-30 23:34:28,026 INFO c.s.a.c.UserController {filterusers} [main] BEGIN getAll
2025-04-30 23:34:28,028 INFO c.s.a.c.UserController {filterusers} [main] END getAll
2025-04-30 23:34:28,099 INFO c.s.a.c.UserController {filterusers} [main] BEGIN getAll
2025-04-30 23:34:28,100 INFO c.s.a.c.UserController {filterusers} [main] END getAll
2025-04-30 23:34:28,118 INFO c.s.a.c.UserController {filterusers} [main] BEGIN getAll
2025-04-30 23:34:28,119 INFO c.s.a.c.UserController {filterusers} [main] END getAll
2025-04-30 23:34:28,184 INFO c.s.a.c.UserController {removeUser} [main] BEGIN removeUser
2025-04-30 23:34:28,185 INFO c.s.a.c.UserController {removeUser} [main] END removeUser
2025-04-30 23:34:28,197 INFO c.s.a.c.UserController {getUser} [main] BEGIN getUser
2025-04-30 23:34:28,199 INFO c.s.a.c.UserController {getUser} [main] END getUser
2025-04-30 23:34:28,226 INFO c.s.a.c.UserController {modifyUser} [main] BEGIN modifyUser
2025-04-30 23:34:28,245 INFO c.s.a.c.UserController {filterusers} [main] BEGIN getAll
2025-04-30 23:34:28,257 INFO c.s.a.c.UserController {filterusers} [main] END getAll
2025-04-30 23:34:28,267 INFO c.s.a.c.UserController {filterusers} [main] BEGIN getAll
2025-04-30 23:34:28,269 INFO c.s.a.c.UserController {filterusers} [main] END getAll
2025-04-30 23:34:28,284 INFO c.s.a.c.UserController {modifyUser} [main] BEGIN modifyUser
2025-04-30 23:34:28,285 INFO c.s.a.c.UserController {modifyUser} [main] END modifyUser
2025-04-30 23:34:28,301 INFO c.s.a.c.UserController {removeUser} [main] BEGIN removeUser
2025-04-30 23:34:28,397 INFO o.s.t.c.s.AbstractTestContextBootstrapper {buildDefaultMergedContextConfiguration} [main] Neither @ContextConfiguration nor @ContextHierarchy found for test class [com.svalero.apibikes.WorkShopControllerTests], using SpringBootContextLoader
2025-04-30 23:34:28,398 INFO o.s.t.c.s.AbstractContextLoader {generateDefaultLocations} [main] Could not detect default resource locations for test class [com.svalero.apibikes.WorkShopControllerTests]: no resource found for suffixes {-context.xml, Context.groovy}.
2025-04-30 23:34:28,399 INFO o.s.t.c.s.AnnotationConfigContextLoaderUtils {detectDefaultConfigurationClasses} [main] Could not detect default configuration classes for test class [com.svalero.apibikes.WorkShopControllerTests]: WorkShopControllerTests does not declare any static, non-private, non-final, nested classes annotated with @Configuration.
2025-04-30 23:34:28,407 INFO o.s.b.t.c.SpringBootTestContextBootstrapper {getOrFindConfigurationClasses} [main] Found @SpringBootConfiguration com.svalero.apibikes.HellospringApplication for test class com.svalero.apibikes.WorkShopControllerTests
2025-04-30 23:34:28,409 INFO o.s.t.c.s.AbstractTestContextBootstrapper {getDefaultTestExecutionListenerClassNames} [main] Loaded default TestExecutionListener class names from location [META-INF/spring.factories]: [org.springframework.boot.test.mock.mockito.MockitoTestExecutionListener, org.springframework.boot.test.mock.mockito.ResetMocksTestExecutionListener, org.springframework.boot.test.autoconfigure.restdocs.RestDocsTestExecutionListener, org.springframework.boot.test.autoconfigure.web.client.MockRestServiceServerResetTestExecutionListener, org.springframework.boot.test.autoconfigure.web.servlet.MockMvcPrintOnlyOnFailureTestExecutionListener, org.springframework.boot.test.autoconfigure.web.servlet.WebDriverTestExecutionListener, org.springframework.boot.test.autoconfigure.webservices.client.MockWebServiceServerTestExecutionListener, org.springframework.test.context.web.ServletTestExecutionListener, org.springframework.test.context.support.DirtiesContextBeforeModesTestExecutionListener, org.springframework.test.context.event.ApplicationEventsTestExecutionListener, org.springframework.test.context.support.DependencyInjectionTestExecutionListener, org.springframework.test.context.support.DirtiesContextTestExecutionListener, org.springframework.test.context.transaction.TransactionalTestExecutionListener, org.springframework.test.context.jdbc.SqlScriptsTestExecutionListener, org.springframework.test.context.event.EventPublishingTestExecutionListener]
2025-04-30 23:34:28,409 INFO o.s.t.c.s.AbstractTestContextBootstrapper {getTestExecutionListeners} [main] Using TestExecutionListeners: [org.springframework.test.context.web.ServletTestExecutionListener@372841d2, org.springframework.test.context.support.DirtiesContextBeforeModesTestExecutionListener@6c8d638a, org.springframework.test.context.event.ApplicationEventsTestExecutionListener@117069f2, org.springframework.boot.test.mock.mockito.MockitoTestExecutionListener@77ebc9e6, org.springframework.boot.test.autoconfigure.SpringBootDependencyInjectionTestExecutionListener@2b82018, org.springframework.test.context.support.DirtiesContextTestExecutionListener@52e92f6, org.springframework.test.context.transaction.TransactionalTestExecutionListener@17034458, org.springframework.test.context.jdbc.SqlScriptsTestExecutionListener@3e0e0ba7, org.springframework.test.context.event.EventPublishingTestExecutionListener@7df5549e, org.springframework.boot.test.mock.mockito.ResetMocksTestExecutionListener@cbdc0f4, org.springframework.boot.test.autoconfigure.restdocs.RestDocsTestExecutionListener@11174bf, org.springframework.boot.test.autoconfigure.web.client.MockRestServiceServerResetTestExecutionListener@4f0c1409, org.springframework.boot.test.autoconfigure.web.servlet.MockMvcPrintOnlyOnFailureTestExecutionListener@188ae8d2, org.springframework.boot.test.autoconfigure.web.servlet.WebDriverTestExecutionListener@7a522157, org.springframework.boot.test.autoconfigure.webservices.client.MockWebServiceServerTestExecutionListener@706c062e]
2025-04-30 23:34:28,455 INFO o.s.b.StartupInfoLogger {logStarting} [main] Starting WorkShopControllerTests using Java 21 on DESKTOP-A2Q7539 with PID 8336 (started by 34618 in C:\Users\34618\Documents\2DAM Gdo. Superior\Acceso a datos 2DAM\hellospring)
2025-04-30 23:34:28,456 INFO o.s.b.SpringApplication {logStartupProfileInfo} [main] The following 1 profile is active: "test"
2025-04-30 23:34:29,258 INFO o.s.s.w.DefaultSecurityFilterChain {<init>} [main] Will secure any request with [org.springframework.security.web.session.DisableEncodeUrlFilter@451a4187, org.springframework.security.web.context.request.async.WebAsyncManagerIntegrationFilter@565c887e, org.springframework.security.web.context.SecurityContextPersistenceFilter@49fb693d, org.springframework.security.web.header.HeaderWriterFilter@3361d286, org.springframework.security.web.authentication.logout.LogoutFilter@75c589f2, org.springframework.security.web.savedrequest.RequestCacheAwareFilter@38197e82, org.springframework.security.web.servletapi.SecurityContextHolderAwareRequestFilter@5516ee5, org.springframework.security.web.authentication.AnonymousAuthenticationFilter@5c215642, org.springframework.security.web.session.SessionManagementFilter@6ee186f3, org.springframework.security.web.access.ExceptionTranslationFilter@ebff59d, org.springframework.security.web.access.intercept.FilterSecurityInterceptor@1bba9862]
2025-04-30 23:34:29,936 INFO o.s.m.w.MockServletContext {log} [main] Initializing Spring TestDispatcherServlet ''
2025-04-30 23:34:29,938 INFO o.s.w.s.FrameworkServlet {initServletBean} [main] Initializing Servlet ''
2025-04-30 23:34:29,941 INFO o.s.w.s.FrameworkServlet {initServletBean} [main] Completed initialization in 1 ms
2025-04-30 23:34:29,978 INFO o.s.b.StartupInfoLogger {logStarted} [main] Started WorkShopControllerTests in 1.565 seconds (JVM running for 19.673)
2025-04-30 23:34:30,103 INFO c.s.a.c.WorkShopController {modifyWorkShop} [main] BEGIN modifyWorkShop
2025-04-30 23:34:30,104 INFO c.s.a.c.WorkShopController {modifyWorkShop} [main] END modifyWorkShop
2025-04-30 23:34:30,130 INFO c.s.a.c.WorkShopController {getWorkShop} [main] BEGIN getWorkShop
2025-04-30 23:34:30,132 INFO c.s.a.c.WorkShopController {getWorkShop} [main] END getWorkShop
2025-04-30 23:34:30,159 INFO c.s.a.c.WorkShopController {filterworkshops} [main] BEGIN getAll
2025-04-30 23:34:30,161 INFO c.s.a.c.WorkShopController {filterworkshops} [main] END getAll
2025-04-30 23:34:30,184 INFO c.s.a.c.WorkShopController {filterworkshops} [main] BEGIN getAll
2025-04-30 23:34:30,190 INFO c.s.a.c.WorkShopController {filterworkshops} [main] END getAll
2025-04-30 23:34:30,211 INFO c.s.a.c.WorkShopController {removeWorkShop} [main] BEGIN removeWorkShop
2025-04-30 23:34:30,215 INFO c.s.a.c.WorkShopController {removeWorkShop} [main] END removeWorkShop
2025-04-30 23:34:30,239 INFO c.s.a.c.WorkShopController {filterworkshops} [main] BEGIN getAll
2025-04-30 23:34:30,243 INFO c.s.a.c.WorkShopController {filterworkshops} [main] END getAll
2025-04-30 23:34:30,269 INFO c.s.a.c.WorkShopController {modifyWorkShop} [main] BEGIN modifyWorkShop
2025-04-30 23:34:30,315 INFO c.s.a.c.WorkShopController {removeWorkShop} [main] BEGIN removeWorkShop
2025-04-30 23:34:30,335 INFO c.s.a.c.WorkShopController {filterworkshops} [main] BEGIN getAll
2025-04-30 23:34:30,338 INFO c.s.a.c.WorkShopController {filterworkshops} [main] END getAll
2025-04-30 23:34:30,375 INFO c.s.a.c.WorkShopController {getWorkShop} [main] BEGIN getWorkShop
2025-04-30 23:34:30,390 INFO c.s.a.c.WorkShopController {filterworkshops} [main] BEGIN getAll
2025-04-30 23:34:30,392 INFO c.s.a.c.WorkShopController {filterworkshops} [main] END getAll
2025-04-30 23:34:30,406 INFO c.s.a.c.WorkShopController {addWorkShop} [main] BEGIN addWorkShop
2025-04-30 23:34:30,409 INFO c.s.a.c.WorkShopController {addWorkShop} [main] END addWorkShop
2025-04-30 23:42:58,586 INFO o.h.v.i.u.Version {<clinit>} [background-preinit] HV000001: Hibernate Validator 6.2.5.Final
2025-04-30 23:42:58,600 INFO o.s.b.StartupInfoLogger {logStarting} [main] Starting BikeControllerTests using Java 21 on DESKTOP-A2Q7539 with PID 1796 (started by 34618 in C:\Users\34618\Documents\2DAM Gdo. Superior\Acceso a datos 2DAM\hellospring)
2025-04-30 23:42:58,604 INFO o.s.b.SpringApplication {logStartupProfileInfo} [main] The following 1 profile is active: "test"
2025-04-30 23:43:01,513 INFO o.s.s.w.DefaultSecurityFilterChain {<init>} [main] Will secure any request with [org.springframework.security.web.session.DisableEncodeUrlFilter@1fb2eec, org.springframework.security.web.context.request.async.WebAsyncManagerIntegrationFilter@4c18516, org.springframework.security.web.context.SecurityContextPersistenceFilter@4a50c746, org.springframework.security.web.header.HeaderWriterFilter@764a3e5d, org.springframework.security.web.authentication.logout.LogoutFilter@44d7e24, org.springframework.security.web.savedrequest.RequestCacheAwareFilter@6ef2f7ad, org.springframework.security.web.servletapi.SecurityContextHolderAwareRequestFilter@22d477c2, org.springframework.security.web.authentication.AnonymousAuthenticationFilter@2a0b901c, org.springframework.security.web.session.SessionManagementFilter@374c40ba, org.springframework.security.web.access.ExceptionTranslationFilter@4a864d4d, org.springframework.security.web.access.intercept.FilterSecurityInterceptor@611d0763]
2025-04-30 23:43:03,320 INFO o.s.m.w.MockServletContext {log} [main] Initializing Spring TestDispatcherServlet ''
2025-04-30 23:43:03,321 INFO o.s.w.s.FrameworkServlet {initServletBean} [main] Initializing Servlet ''
2025-04-30 23:43:03,329 INFO o.s.w.s.FrameworkServlet {initServletBean} [main] Completed initialization in 4 ms
2025-04-30 23:43:03,449 INFO o.s.b.StartupInfoLogger {logStarted} [main] Started BikeControllerTests in 6.341 seconds (JVM running for 8.354)
2025-04-30 23:43:03,846 INFO c.s.a.c.BikeController {filterBikes} [main] Filtrando bicicletas con parámetros: brand=, model=Alma, color=
2025-04-30 23:43:03,863 INFO c.s.a.c.BikeController {filterBikes} [main] Operación completada: Se obtuvieron 1 bicicletas filtradas
2025-04-30 23:43:04,307 INFO c.s.a.c.BikeController {filterBikes} [main] Filtrando bicicletas con parámetros: brand=Orbea, model=Alma, color=green
2025-04-30 23:43:04,311 INFO c.s.a.c.BikeController {filterBikes} [main] Operación completada: Se obtuvieron 1 bicicletas filtradas
2025-04-30 23:43:04,857 INFO c.s.a.c.BikeController {addBike} [main] BEGIN addBike
2025-04-30 23:43:05,159 INFO c.s.a.c.BikeController {filterBikes} [main] Filtrando bicicletas con parámetros: brand=Orbea, model=, color=
2025-04-30 23:43:05,175 INFO c.s.a.c.BikeController {filterBikes} [main] Operación completada: Se obtuvieron 2 bicicletas filtradas
2025-04-30 23:43:05,287 INFO c.s.a.c.BikeController {addBike} [main] BEGIN addBike
2025-04-30 23:43:05,292 INFO c.s.a.c.BikeController {addBike} [main] END addBike
2025-04-30 23:43:05,471 INFO c.s.a.c.BikeController {filterBikes} [main] Filtrando bicicletas con parámetros: brand=, model=, color=
2025-04-30 23:43:05,473 INFO c.s.a.c.BikeController {filterBikes} [main] Operación completada: Se obtuvieron 3 bicicletas filtradas
2025-04-30 23:43:05,490 INFO c.s.a.c.BikeController {filterBikes} [main] Filtrando bicicletas con parámetros: brand=, model=, color=green
2025-04-30 23:43:05,491 INFO c.s.a.c.BikeController {filterBikes} [main] Operación completada: Se obtuvieron 1 bicicletas filtradas
2025-04-30 23:43:05,524 INFO c.s.a.c.BikeController {getBike} [main] BEGIN getBike
2025-04-30 23:43:05,526 INFO c.s.a.c.BikeController {getBike} [main] END getBike
2025-04-30 23:43:05,632 INFO c.s.a.c.BikeController {removeBike} [main] BEGIN removeBike
2025-04-30 23:43:05,634 INFO c.s.a.c.BikeController {removeBike} [main] END removeBike
2025-04-30 23:43:05,674 INFO c.s.a.c.BikeController {modifyBike} [main] BEGIN modifyBike
2025-04-30 23:43:05,737 INFO c.s.a.c.BikeController {modifyBike} [main] BEGIN modifyBike
2025-04-30 23:43:05,737 INFO c.s.a.c.BikeController {modifyBike} [main] END modifyBike
2025-04-30 23:43:05,766 INFO c.s.a.c.BikeController {removeBike} [main] BEGIN removeBike
2025-04-30 23:43:05,789 INFO c.s.a.c.BikeController {getBike} [main] BEGIN getBike
2025-04-30 23:43:06,361 INFO o.s.t.c.s.AbstractTestContextBootstrapper {buildDefaultMergedContextConfiguration} [main] Neither @ContextConfiguration nor @ContextHierarchy found for test class [com.svalero.apibikes.MechanicControllerTests], using SpringBootContextLoader
2025-04-30 23:43:06,362 INFO o.s.t.c.s.AbstractContextLoader {generateDefaultLocations} [main] Could not detect default resource locations for test class [com.svalero.apibikes.MechanicControllerTests]: no resource found for suffixes {-context.xml, Context.groovy}.
2025-04-30 23:43:06,364 INFO o.s.t.c.s.AnnotationConfigContextLoaderUtils {detectDefaultConfigurationClasses} [main] Could not detect default configuration classes for test class [com.svalero.apibikes.MechanicControllerTests]: MechanicControllerTests does not declare any static, non-private, non-final, nested classes annotated with @Configuration.
2025-04-30 23:43:06,372 INFO o.s.b.t.c.SpringBootTestContextBootstrapper {getOrFindConfigurationClasses} [main] Found @SpringBootConfiguration com.svalero.apibikes.HellospringApplication for test class com.svalero.apibikes.MechanicControllerTests
2025-04-30 23:43:06,374 INFO o.s.t.c.s.AbstractTestContextBootstrapper {getDefaultTestExecutionListenerClassNames} [main] Loaded default TestExecutionListener class names from location [META-INF/spring.factories]: [org.springframework.boot.test.mock.mockito.MockitoTestExecutionListener, org.springframework.boot.test.mock.mockito.ResetMocksTestExecutionListener, org.springframework.boot.test.autoconfigure.restdocs.RestDocsTestExecutionListener, org.springframework.boot.test.autoconfigure.web.client.MockRestServiceServerResetTestExecutionListener, org.springframework.boot.test.autoconfigure.web.servlet.MockMvcPrintOnlyOnFailureTestExecutionListener, org.springframework.boot.test.autoconfigure.web.servlet.WebDriverTestExecutionListener, org.springframework.boot.test.autoconfigure.webservices.client.MockWebServiceServerTestExecutionListener, org.springframework.test.context.web.ServletTestExecutionListener, org.springframework.test.context.support.DirtiesContextBeforeModesTestExecutionListener, org.springframework.test.context.event.ApplicationEventsTestExecutionListener, org.springframework.test.context.support.DependencyInjectionTestExecutionListener, org.springframework.test.context.support.DirtiesContextTestExecutionListener, org.springframework.test.context.transaction.TransactionalTestExecutionListener, org.springframework.test.context.jdbc.SqlScriptsTestExecutionListener, org.springframework.test.context.event.EventPublishingTestExecutionListener]
2025-04-30 23:43:06,374 INFO o.s.t.c.s.AbstractTestContextBootstrapper {getTestExecutionListeners} [main] Using TestExecutionListeners: [org.springframework.test.context.web.ServletTestExecutionListener@78743dd8, org.springframework.test.context.support.DirtiesContextBeforeModesTestExecutionListener@752494dd, org.springframework.test.context.event.ApplicationEventsTestExecutionListener@2986427e, org.springframework.boot.test.mock.mockito.MockitoTestExecutionListener@35d88a54, org.springframework.boot.test.autoconfigure.SpringBootDependencyInjectionTestExecutionListener@6c1bebca, org.springframework.test.context.support.DirtiesContextTestExecutionListener@3d4818e8, org.springframework.test.context.transaction.TransactionalTestExecutionListener@26c6288d, org.springframework.test.context.jdbc.SqlScriptsTestExecutionListener@57bd9c2b, org.springframework.test.context.event.EventPublishingTestExecutionListener@644b68ad, org.springframework.boot.test.mock.mockito.ResetMocksTestExecutionListener@1939a394, org.springframework.boot.test.autoconfigure.restdocs.RestDocsTestExecutionListener@e2c627e, org.springframework.boot.test.autoconfigure.web.client.MockRestServiceServerResetTestExecutionListener@35cbeb54, org.springframework.boot.test.autoconfigure.web.servlet.MockMvcPrintOnlyOnFailureTestExecutionListener@a7ae340, org.springframework.boot.test.autoconfigure.web.servlet.WebDriverTestExecutionListener@5e8bd498, org.springframework.boot.test.autoconfigure.webservices.client.MockWebServiceServerTestExecutionListener@335972a5]
2025-04-30 23:43:06,443 INFO o.s.b.StartupInfoLogger {logStarting} [main] Starting MechanicControllerTests using Java 21 on DESKTOP-A2Q7539 with PID 1796 (started by 34618 in C:\Users\34618\Documents\2DAM Gdo. Superior\Acceso a datos 2DAM\hellospring)
2025-04-30 23:43:06,445 INFO o.s.b.SpringApplication {logStartupProfileInfo} [main] The following 1 profile is active: "test"
2025-04-30 23:43:06,997 INFO o.s.s.w.DefaultSecurityFilterChain {<init>} [main] Will secure any request with [org.springframework.security.web.session.DisableEncodeUrlFilter@6071631f, org.springframework.security.web.context.request.async.WebAsyncManagerIntegrationFilter@2ca132ad, org.springframework.security.web.context.SecurityContextPersistenceFilter@2a6c751f, org.springframework.security.web.header.HeaderWriterFilter@465d1345, org.springframework.security.web.authentication.logout.LogoutFilter@14d18029, org.springframework.security.web.savedrequest.RequestCacheAwareFilter@6dd2e453, org.springframework.security.web.servletapi.SecurityContextHolderAwareRequestFilter@433b1597, org.springframework.security.web.authentication.AnonymousAuthenticationFilter@6706da3d, org.springframework.security.web.session.SessionManagementFilter@62cf86d6, org.springframework.security.web.access.ExceptionTranslationFilter@57920d6c, org.springframework.security.web.access.intercept.FilterSecurityInterceptor@56e8a8a0]
2025-04-30 23:43:07,503 INFO o.s.m.w.MockServletContext {log} [main] Initializing Spring TestDispatcherServlet ''
2025-04-30 23:43:07,503 INFO o.s.w.s.FrameworkServlet {initServletBean} [main] Initializing Servlet ''
2025-04-30 23:43:07,503 INFO o.s.w.s.FrameworkServlet {initServletBean} [main] Completed initialization in 0 ms
2025-04-30 23:43:07,525 INFO o.s.b.StartupInfoLogger {logStarted} [main] Started MechanicControllerTests in 1.143 seconds (JVM running for 12.431)
2025-04-30 23:43:07,539 INFO c.s.a.c.MechanicController {filtermechanics} [main] BEGIN getAll
2025-04-30 23:43:07,539 INFO c.s.a.c.MechanicController {filtermechanics} [main] END getAll
2025-04-30 23:43:07,577 INFO c.s.a.c.MechanicController {modifyMechanic} [main] BEGIN modifyMechanic
2025-04-30 23:43:07,579 INFO c.s.a.c.MechanicController {modifyMechanic} [main] END modifyMechanic
2025-04-30 23:43:07,591 INFO c.s.a.c.MechanicController {filtermechanics} [main] BEGIN getAll
2025-04-30 23:43:07,592 INFO c.s.a.c.MechanicController {filtermechanics} [main] END getAll
2025-04-30 23:43:07,602 INFO c.s.a.c.MechanicController {getMechanic} [main] BEGIN getMechanic
2025-04-30 23:43:07,619 INFO c.s.a.c.MechanicController {filtermechanics} [main] BEGIN getAll
2025-04-30 23:43:07,621 INFO c.s.a.c.MechanicController {filtermechanics} [main] END getAll
2025-04-30 23:43:07,629 INFO c.s.a.c.MechanicController {removeMechanic} [main] BEGIN removeMechanic
2025-04-30 23:43:07,631 INFO c.s.a.c.MechanicController {removeMechanic} [main] END removeMechanic
2025-04-30 23:43:07,661 INFO c.s.a.c.MechanicController {addMechanic} [main] BEGIN addMechanic
2025-04-30 23:43:07,661 INFO c.s.a.c.MechanicController {addMechanic} [main] END addMechanic
2025-04-30 23:43:07,676 INFO c.s.a.c.MechanicController {getMechanic} [main] BEGIN getMechanic
2025-04-30 23:43:07,678 INFO c.s.a.c.MechanicController {getMechanic} [main] END getMechanic
2025-04-30 23:43:07,714 INFO c.s.a.c.MechanicController {modifyMechanic} [main] BEGIN modifyMechanic
2025-04-30 23:43:07,733 INFO c.s.a.c.MechanicController {filtermechanics} [main] BEGIN getAll
2025-04-30 23:43:07,735 INFO c.s.a.c.MechanicController {filtermechanics} [main] END getAll
2025-04-30 23:43:07,754 INFO c.s.a.c.MechanicController {removeMechanic} [main] BEGIN removeMechanic
2025-04-30 23:43:07,771 INFO c.s.a.c.MechanicController {filtermechanics} [main] BEGIN getAll
2025-04-30 23:43:07,771 INFO c.s.a.c.MechanicController {filtermechanics} [main] END getAll
2025-04-30 23:43:08,303 INFO o.s.t.c.s.AbstractTestContextBootstrapper {buildDefaultMergedContextConfiguration} [main] Neither @ContextConfiguration nor @ContextHierarchy found for test class [com.svalero.apibikes.UserControllerTests], using SpringBootContextLoader
2025-04-30 23:43:08,308 INFO o.s.t.c.s.AbstractContextLoader {generateDefaultLocations} [main] Could not detect default resource locations for test class [com.svalero.apibikes.UserControllerTests]: no resource found for suffixes {-context.xml, Context.groovy}.
2025-04-30 23:43:08,309 INFO o.s.t.c.s.AnnotationConfigContextLoaderUtils {detectDefaultConfigurationClasses} [main] Could not detect default configuration classes for test class [com.svalero.apibikes.UserControllerTests]: UserControllerTests does not declare any static, non-private, non-final, nested classes annotated with @Configuration.
2025-04-30 23:43:08,330 INFO o.s.b.t.c.SpringBootTestContextBootstrapper {getOrFindConfigurationClasses} [main] Found @SpringBootConfiguration com.svalero.apibikes.HellospringApplication for test class com.svalero.apibikes.UserControllerTests
2025-04-30 23:43:08,332 INFO o.s.t.c.s.AbstractTestContextBootstrapper {getDefaultTestExecutionListenerClassNames} [main] Loaded default TestExecutionListener class names from location [META-INF/spring.factories]: [org.springframework.boot.test.mock.mockito.MockitoTestExecutionListener, org.springframework.boot.test.mock.mockito.ResetMocksTestExecutionListener, org.springframework.boot.test.autoconfigure.restdocs.RestDocsTestExecutionListener, org.springframework.boot.test.autoconfigure.web.client.MockRestServiceServerResetTestExecutionListener, org.springframework.boot.test.autoconfigure.web.servlet.MockMvcPrintOnlyOnFailureTestExecutionListener, org.springframework.boot.test.autoconfigure.web.servlet.WebDriverTestExecutionListener, org.springframework.boot.test.autoconfigure.webservices.client.MockWebServiceServerTestExecutionListener, org.springframework.test.context.web.ServletTestExecutionListener, org.springframework.test.context.support.DirtiesContextBeforeModesTestExecutionListener, org.springframework.test.context.event.ApplicationEventsTestExecutionListener, org.springframework.test.context.support.DependencyInjectionTestExecutionListener, org.springframework.test.context.support.DirtiesContextTestExecutionListener, org.springframework.test.context.transaction.TransactionalTestExecutionListener, org.springframework.test.context.jdbc.SqlScriptsTestExecutionListener, org.springframework.test.context.event.EventPublishingTestExecutionListener]
2025-04-30 23:43:08,334 INFO o.s.t.c.s.AbstractTestContextBootstrapper {getTestExecutionListeners} [main] Using TestExecutionListeners: [org.springframework.test.context.web.ServletTestExecutionListener@2a20da9f, org.springframework.test.context.support.DirtiesContextBeforeModesTestExecutionListener@40c0437f, org.springframework.test.context.event.ApplicationEventsTestExecutionListener@78b8f818, org.springframework.boot.test.mock.mockito.MockitoTestExecutionListener@1e9d721, org.springframework.boot.test.autoconfigure.SpringBootDependencyInjectionTestExecutionListener@2d3111a1, org.springframework.test.context.support.DirtiesContextTestExecutionListener@6f2864c3, org.springframework.test.context.transaction.TransactionalTestExecutionListener@50ef2906, org.springframework.test.context.jdbc.SqlScriptsTestExecutionListener@1f70bce5, org.springframework.test.context.event.EventPublishingTestExecutionListener@3ae91ab3, org.springframework.boot.test.mock.mockito.ResetMocksTestExecutionListener@16cb6f51, org.springframework.boot.test.autoconfigure.restdocs.RestDocsTestExecutionListener@3fc5d397, org.springframework.boot.test.autoconfigure.web.client.MockRestServiceServerResetTestExecutionListener@25c8c71e, org.springframework.boot.test.autoconfigure.web.servlet.MockMvcPrintOnlyOnFailureTestExecutionListener@57867d96, org.springframework.boot.test.autoconfigure.web.servlet.WebDriverTestExecutionListener@1a7a21d0, org.springframework.boot.test.autoconfigure.webservices.client.MockWebServiceServerTestExecutionListener@bb21063]
2025-04-30 23:43:08,423 INFO o.s.b.StartupInfoLogger {logStarting} [main] Starting UserControllerTests using Java 21 on DESKTOP-A2Q7539 with PID 1796 (started by 34618 in C:\Users\34618\Documents\2DAM Gdo. Superior\Acceso a datos 2DAM\hellospring)
2025-04-30 23:43:08,423 INFO o.s.b.SpringApplication {logStartupProfileInfo} [main] The following 1 profile is active: "test"
2025-04-30 23:43:09,345 INFO o.s.s.w.DefaultSecurityFilterChain {<init>} [main] Will secure any request with [org.springframework.security.web.session.DisableEncodeUrlFilter@2befb16f, org.springframework.security.web.context.request.async.WebAsyncManagerIntegrationFilter@3151277f, org.springframework.security.web.context.SecurityContextPersistenceFilter@8c18bde, org.springframework.security.web.header.HeaderWriterFilter@333a2df2, org.springframework.security.web.authentication.logout.LogoutFilter@3051e476, org.springframework.security.web.savedrequest.RequestCacheAwareFilter@6719f206, org.springframework.security.web.servletapi.SecurityContextHolderAwareRequestFilter@5ae16aa, org.springframework.security.web.authentication.AnonymousAuthenticationFilter@2aeb7c4c, org.springframework.security.web.session.SessionManagementFilter@5ffdd510, org.springframework.security.web.access.ExceptionTranslationFilter@320ba79f, org.springframework.security.web.access.intercept.FilterSecurityInterceptor@36cf6377]
2025-04-30 23:43:10,282 INFO o.s.m.w.MockServletContext {log} [main] Initializing Spring TestDispatcherServlet ''
2025-04-30 23:43:10,283 INFO o.s.w.s.FrameworkServlet {initServletBean} [main] Initializing Servlet ''
2025-04-30 23:43:10,286 INFO o.s.w.s.FrameworkServlet {initServletBean} [main] Completed initialization in 2 ms
2025-04-30 23:43:10,323 INFO o.s.b.StartupInfoLogger {logStarted} [main] Started UserControllerTests in 1.984 seconds (JVM running for 15.231)
2025-04-30 23:43:10,347 INFO c.s.a.c.UserController {getUser} [main] BEGIN getUser
2025-04-30 23:43:10,378 INFO c.s.a.c.UserController {filterusers} [main] BEGIN getAll
2025-04-30 23:43:10,384 INFO c.s.a.c.UserController {filterusers} [main] END getAll
2025-04-30 23:43:10,462 INFO c.s.a.c.UserController {filterusers} [main] BEGIN getAll
2025-04-30 23:43:10,466 INFO c.s.a.c.UserController {filterusers} [main] END getAll
2025-04-30 23:43:10,482 INFO c.s.a.c.UserController {filterusers} [main] BEGIN getAll
2025-04-30 23:43:10,486 INFO c.s.a.c.UserController {filterusers} [main] END getAll
2025-04-30 23:43:10,543 INFO c.s.a.c.UserController {removeUser} [main] BEGIN removeUser
2025-04-30 23:43:10,545 INFO c.s.a.c.UserController {removeUser} [main] END removeUser
2025-04-30 23:43:10,557 INFO c.s.a.c.UserController {getUser} [main] BEGIN getUser
2025-04-30 23:43:10,562 INFO c.s.a.c.UserController {getUser} [main] END getUser
2025-04-30 23:43:10,604 INFO c.s.a.c.UserController {modifyUser} [main] BEGIN modifyUser
2025-04-30 23:43:10,623 INFO c.s.a.c.UserController {filterusers} [main] BEGIN getAll
2025-04-30 23:43:10,625 INFO c.s.a.c.UserController {filterusers} [main] END getAll
2025-04-30 23:43:10,642 INFO c.s.a.c.UserController {filterusers} [main] BEGIN getAll
2025-04-30 23:43:10,644 INFO c.s.a.c.UserController {filterusers} [main] END getAll
2025-04-30 23:43:10,662 INFO c.s.a.c.UserController {modifyUser} [main] BEGIN modifyUser
2025-04-30 23:43:10,665 INFO c.s.a.c.UserController {modifyUser} [main] END modifyUser
2025-04-30 23:43:10,678 INFO c.s.a.c.UserController {removeUser} [main] BEGIN removeUser
2025-04-30 23:43:10,876 INFO o.s.t.c.s.AbstractTestContextBootstrapper {buildDefaultMergedContextConfiguration} [main] Neither @ContextConfiguration nor @ContextHierarchy found for test class [com.svalero.apibikes.WorkShopControllerTests], using SpringBootContextLoader
2025-04-30 23:43:10,878 INFO o.s.t.c.s.AbstractContextLoader {generateDefaultLocations} [main] Could not detect default resource locations for test class [com.svalero.apibikes.WorkShopControllerTests]: no resource found for suffixes {-context.xml, Context.groovy}.
2025-04-30 23:43:10,881 INFO o.s.t.c.s.AnnotationConfigContextLoaderUtils {detectDefaultConfigurationClasses} [main] Could not detect default configuration classes for test class [com.svalero.apibikes.WorkShopControllerTests]: WorkShopControllerTests does not declare any static, non-private, non-final, nested classes annotated with @Configuration.
2025-04-30 23:43:10,900 INFO o.s.b.t.c.SpringBootTestContextBootstrapper {getOrFindConfigurationClasses} [main] Found @SpringBootConfiguration com.svalero.apibikes.HellospringApplication for test class com.svalero.apibikes.WorkShopControllerTests
2025-04-30 23:43:10,903 INFO o.s.t.c.s.AbstractTestContextBootstrapper {getDefaultTestExecutionListenerClassNames} [main] Loaded default TestExecutionListener class names from location [META-INF/spring.factories]: [org.springframework.boot.test.mock.mockito.MockitoTestExecutionListener, org.springframework.boot.test.mock.mockito.ResetMocksTestExecutionListener, org.springframework.boot.test.autoconfigure.restdocs.RestDocsTestExecutionListener, org.springframework.boot.test.autoconfigure.web.client.MockRestServiceServerResetTestExecutionListener, org.springframework.boot.test.autoconfigure.web.servlet.MockMvcPrintOnlyOnFailureTestExecutionListener, org.springframework.boot.test.autoconfigure.web.servlet.WebDriverTestExecutionListener, org.springframework.boot.test.autoconfigure.webservices.client.MockWebServiceServerTestExecutionListener, org.springframework.test.context.web.ServletTestExecutionListener, org.springframework.test.context.support.DirtiesContextBeforeModesTestExecutionListener, org.springframework.test.context.event.ApplicationEventsTestExecutionListener, org.springframework.test.context.support.DependencyInjectionTestExecutionListener, org.springframework.test.context.support.DirtiesContextTestExecutionListener, org.springframework.test.context.transaction.TransactionalTestExecutionListener, org.springframework.test.context.jdbc.SqlScriptsTestExecutionListener, org.springframework.test.context.event.EventPublishingTestExecutionListener]
2025-04-30 23:43:10,904 INFO o.s.t.c.s.AbstractTestContextBootstrapper {getTestExecutionListeners} [main] Using TestExecutionListeners: [org.springframework.test.context.web.ServletTestExecutionListener@7df5549e, org.springframework.test.context.support.DirtiesContextBeforeModesTestExecutionListener@cbdc0f4, org.springframework.test.context.event.ApplicationEventsTestExecutionListener@11174bf, org.springframework.boot.test.mock.mockito.MockitoTestExecutionListener@4f0c1409, org.springframework.boot.test.autoconfigure.SpringBootDependencyInjectionTestExecutionListener@188ae8d2, org.springframework.test.context.support.DirtiesContextTestExecutionListener@7a522157, org.springframework.test.context.transaction.TransactionalTestExecutionListener@706c062e, org.springframework.test.context.jdbc.SqlScriptsTestExecutionListener@5feff876, org.springframework.test.context.event.EventPublishingTestExecutionListener@10ec4721, org.springframework.boot.test.mock.mockito.ResetMocksTestExecutionListener@7bdf94f2, org.springframework.boot.test.autoconfigure.restdocs.RestDocsTestExecutionListener@6b92a0d1, org.springframework.boot.test.autoconfigure.web.client.MockRestServiceServerResetTestExecutionListener@4b9ed99d, org.springframework.boot.test.autoconfigure.web.servlet.MockMvcPrintOnlyOnFailureTestExecutionListener@39b95a80, org.springframework.boot.test.autoconfigure.web.servlet.WebDriverTestExecutionListener@3ec62141, org.springframework.boot.test.autoconfigure.webservices.client.MockWebServiceServerTestExecutionListener@402c9a60]
2025-04-30 23:43:10,993 INFO o.s.b.StartupInfoLogger {logStarting} [main] Starting WorkShopControllerTests using Java 21 on DESKTOP-A2Q7539 with PID 1796 (started by 34618 in C:\Users\34618\Documents\2DAM Gdo. Superior\Acceso a datos 2DAM\hellospring)
2025-04-30 23:43:10,995 INFO o.s.b.SpringApplication {logStartupProfileInfo} [main] The following 1 profile is active: "test"
2025-04-30 23:43:11,486 INFO o.s.s.w.DefaultSecurityFilterChain {<init>} [main] Will secure any request with [org.springframework.security.web.session.DisableEncodeUrlFilter@7c8f803d, org.springframework.security.web.context.request.async.WebAsyncManagerIntegrationFilter@176e839e, org.springframework.security.web.context.SecurityContextPersistenceFilter@1bba9862, org.springframework.security.web.header.HeaderWriterFilter@8f374de, org.springframework.security.web.authentication.logout.LogoutFilter@1317ac2c, org.springframework.security.web.savedrequest.RequestCacheAwareFilter@451a4187, org.springframework.security.web.servletapi.SecurityContextHolderAwareRequestFilter@565c887e, org.springframework.security.web.authentication.AnonymousAuthenticationFilter@4ac0d49, org.springframework.security.web.session.SessionManagementFilter@426913c4, org.springframework.security.web.access.ExceptionTranslationFilter@6db04a6, org.springframework.security.web.access.intercept.FilterSecurityInterceptor@4e26c308]
2025-04-30 23:43:11,923 INFO o.s.m.w.MockServletContext {log} [main] Initializing Spring TestDispatcherServlet ''
2025-04-30 23:43:11,924 INFO o.s.w.s.FrameworkServlet {initServletBean} [main] Initializing Servlet ''
2025-04-30 23:43:11,925 INFO o.s.w.s.FrameworkServlet {initServletBean} [main] Completed initialization in 1 ms
2025-04-30 23:43:11,941 INFO o.s.b.StartupInfoLogger {logStarted} [main] Started WorkShopControllerTests in 1.032 seconds (JVM running for 16.847)
2025-04-30 23:43:12,006 INFO c.s.a.c.WorkShopController {modifyWorkShop} [main] BEGIN modifyWorkShop
2025-04-30 23:43:12,009 INFO c.s.a.c.WorkShopController {modifyWorkShop} [main] END modifyWorkShop
2025-04-30 23:43:12,021 INFO c.s.a.c.WorkShopController {getWorkShop} [main] BEGIN getWorkShop
2025-04-30 23:43:12,024 INFO c.s.a.c.WorkShopController {getWorkShop} [main] END getWorkShop
2025-04-30 23:43:12,037 INFO c.s.a.c.WorkShopController {filterworkshops} [main] BEGIN getAll
2025-04-30 23:43:12,038 INFO c.s.a.c.WorkShopController {filterworkshops} [main] END getAll
2025-04-30 23:43:12,047 INFO c.s.a.c.WorkShopController {filterworkshops} [main] BEGIN getAll
2025-04-30 23:43:12,049 INFO c.s.a.c.WorkShopController {filterworkshops} [main] END getAll
2025-04-30 23:43:12,056 INFO c.s.a.c.WorkShopController {removeWorkShop} [main] BEGIN removeWorkShop
2025-04-30 23:43:12,056 INFO c.s.a.c.WorkShopController {removeWorkShop} [main] END removeWorkShop
2025-04-30 23:43:12,070 INFO c.s.a.c.WorkShopController {filterworkshops} [main] BEGIN getAll
2025-04-30 23:43:12,071 INFO c.s.a.c.WorkShopController {filterworkshops} [main] END getAll
2025-04-30 23:43:12,079 INFO c.s.a.c.WorkShopController {modifyWorkShop} [main] BEGIN modifyWorkShop
2025-04-30 23:43:12,104 INFO c.s.a.c.WorkShopController {removeWorkShop} [main] BEGIN removeWorkShop
2025-04-30 23:43:12,111 INFO c.s.a.c.WorkShopController {filterworkshops} [main] BEGIN getAll
2025-04-30 23:43:12,112 INFO c.s.a.c.WorkShopController {filterworkshops} [main] END getAll
2025-04-30 23:43:12,123 INFO c.s.a.c.WorkShopController {getWorkShop} [main] BEGIN getWorkShop
2025-04-30 23:43:12,137 INFO c.s.a.c.WorkShopController {filterworkshops} [main] BEGIN getAll
2025-04-30 23:43:12,138 INFO c.s.a.c.WorkShopController {filterworkshops} [main] END getAll
2025-04-30 23:43:12,147 INFO c.s.a.c.WorkShopController {addWorkShop} [main] BEGIN addWorkShop
2025-04-30 23:43:12,147 INFO c.s.a.c.WorkShopController {addWorkShop} [main] END addWorkShop
