2025-04-23 00:11:51,300 INFO o.h.v.i.u.Version {<clinit>} [background-preinit] HV000001: Hibernate Validator 6.2.5.Final
2025-04-23 00:11:51,313 INFO o.s.b.StartupInfoLogger {logStarting} [main] Starting BikeControllerTests using Java 21 on DESKTOP-A2Q7539 with PID 6608 (started by 34618 in C:\Users\34618\Documents\2DAM Gdo. Superior\Acceso a datos 2DAM\hellospring)
2025-04-23 00:11:51,316 INFO o.s.b.SpringApplication {logStartupProfileInfo} [main] No active profile set, falling back to 1 default profile: "default"
2025-04-23 00:11:56,047 INFO o.s.s.w.DefaultSecurityFilterChain {<init>} [main] Will secure any request with [org.springframework.security.web.session.DisableEncodeUrlFilter@3b8507df, org.springframework.security.web.context.request.async.WebAsyncManagerIntegrationFilter@5ed25612, org.springframework.security.web.context.SecurityContextPersistenceFilter@ad3f70a, org.springframework.security.web.header.HeaderWriterFilter@57ce2898, org.springframework.web.filter.CorsFilter@451816fd, org.springframework.security.web.authentication.logout.LogoutFilter@71c0b742, com.svalero.apibikes.security.AuthTokenFilter@578c3fd9, org.springframework.security.web.savedrequest.RequestCacheAwareFilter@621f23ac, org.springframework.security.web.servletapi.SecurityContextHolderAwareRequestFilter@2d237460, org.springframework.security.web.authentication.AnonymousAuthenticationFilter@56e5c8fb, org.springframework.security.web.session.SessionManagementFilter@6dd79214, org.springframework.security.web.access.ExceptionTranslationFilter@6321a5aa, org.springframework.security.web.access.intercept.FilterSecurityInterceptor@223967ea]
2025-04-23 00:11:57,165 INFO o.s.m.w.MockServletContext {log} [main] Initializing Spring TestDispatcherServlet ''
2025-04-23 00:11:57,167 INFO o.s.w.s.FrameworkServlet {initServletBean} [main] Initializing Servlet ''
2025-04-23 00:11:57,175 INFO o.s.w.s.FrameworkServlet {initServletBean} [main] Completed initialization in 4 ms
2025-04-23 00:11:57,305 INFO o.s.b.StartupInfoLogger {logStarted} [main] Started BikeControllerTests in 6.768 seconds (JVM running for 8.244)
2025-04-23 01:13:58,353 INFO o.h.v.i.u.Version {<clinit>} [background-preinit] HV000001: Hibernate Validator 6.2.5.Final
2025-04-23 01:13:58,353 INFO o.s.b.StartupInfoLogger {logStarting} [main] Starting BikeControllerTests using Java 21 on DESKTOP-A2Q7539 with PID 2884 (started by 34618 in C:\Users\34618\Documents\2DAM Gdo. Superior\Acceso a datos 2DAM\hellospring)
2025-04-23 01:13:58,356 INFO o.s.b.SpringApplication {logStartupProfileInfo} [main] No active profile set, falling back to 1 default profile: "default"
2025-04-23 01:14:03,169 INFO o.s.s.w.DefaultSecurityFilterChain {<init>} [main] Will secure any request with [org.springframework.security.web.session.DisableEncodeUrlFilter@451816fd, org.springframework.security.web.context.request.async.WebAsyncManagerIntegrationFilter@56e5c8fb, org.springframework.security.web.context.SecurityContextPersistenceFilter@6dd79214, org.springframework.security.web.header.HeaderWriterFilter@1c7f9861, org.springframework.web.filter.CorsFilter@45cd8607, org.springframework.security.web.authentication.logout.LogoutFilter@2a99ca99, com.svalero.apibikes.security.AuthTokenFilter@d25e878, org.springframework.security.web.savedrequest.RequestCacheAwareFilter@1693ff90, org.springframework.security.web.servletapi.SecurityContextHolderAwareRequestFilter@621f23ac, org.springframework.security.web.authentication.AnonymousAuthenticationFilter@9e33a6a, org.springframework.security.web.session.SessionManagementFilter@53125718, org.springframework.security.web.access.ExceptionTranslationFilter@2ab09943, org.springframework.security.web.access.intercept.FilterSecurityInterceptor@5d7f1e59]
2025-04-23 01:14:03,713 INFO o.s.m.w.MockServletContext {log} [main] Initializing Spring TestDispatcherServlet ''
2025-04-23 01:14:03,714 INFO o.s.w.s.FrameworkServlet {initServletBean} [main] Initializing Servlet ''
2025-04-23 01:14:03,717 INFO o.s.w.s.FrameworkServlet {initServletBean} [main] Completed initialization in 3 ms
2025-04-23 01:14:03,802 INFO o.s.b.StartupInfoLogger {logStarted} [main] Started BikeControllerTests in 6.188 seconds (JVM running for 7.929)
2025-04-23 01:29:24,411 INFO o.h.v.i.u.Version {<clinit>} [background-preinit] HV000001: Hibernate Validator 6.2.5.Final
2025-04-23 01:29:24,418 INFO o.s.b.StartupInfoLogger {logStarting} [main] Starting BikeControllerTests using Java 21 on DESKTOP-A2Q7539 with PID 12616 (started by 34618 in C:\Users\34618\Documents\2DAM Gdo. Superior\Acceso a datos 2DAM\hellospring)
2025-04-23 01:29:24,420 INFO o.s.b.SpringApplication {logStartupProfileInfo} [main] No active profile set, falling back to 1 default profile: "default"
2025-04-23 01:29:28,942 INFO o.s.s.w.DefaultSecurityFilterChain {<init>} [main] Will secure any request with [org.springframework.security.web.session.DisableEncodeUrlFilter@45f9d394, org.springframework.security.web.context.request.async.WebAsyncManagerIntegrationFilter@1c2d63f0, org.springframework.security.web.context.SecurityContextPersistenceFilter@4ee8051c, org.springframework.security.web.header.HeaderWriterFilter@2ab09943, org.springframework.web.filter.CorsFilter@3a588b5f, org.springframework.security.web.authentication.logout.LogoutFilter@342beaf6, com.svalero.apibikes.security.AuthTokenFilter@6562cc23, org.springframework.security.web.savedrequest.RequestCacheAwareFilter@7af327e3, org.springframework.security.web.servletapi.SecurityContextHolderAwareRequestFilter@123307c4, org.springframework.security.web.authentication.AnonymousAuthenticationFilter@20b54cfe, org.springframework.security.web.session.SessionManagementFilter@2e0ad709, org.springframework.security.web.access.ExceptionTranslationFilter@597d48ca, org.springframework.security.web.access.intercept.FilterSecurityInterceptor@36b53f08]
2025-04-23 01:29:29,584 INFO o.s.m.w.MockServletContext {log} [main] Initializing Spring TestDispatcherServlet ''
2025-04-23 01:29:29,585 INFO o.s.w.s.FrameworkServlet {initServletBean} [main] Initializing Servlet ''
2025-04-23 01:29:29,590 INFO o.s.w.s.FrameworkServlet {initServletBean} [main] Completed initialization in 3 ms
2025-04-23 01:29:29,694 INFO o.s.b.StartupInfoLogger {logStarted} [main] Started BikeControllerTests in 5.935 seconds (JVM running for 7.226)
2025-04-23 01:34:08,344 INFO o.s.b.StartupInfoLogger {logStarting} [main] Starting BikeControllerTests using Java 21 on DESKTOP-A2Q7539 with PID 15696 (started by 34618 in C:\Users\34618\Documents\2DAM Gdo. Superior\Acceso a datos 2DAM\hellospring)
2025-04-23 01:34:08,346 INFO o.h.v.i.u.Version {<clinit>} [background-preinit] HV000001: Hibernate Validator 6.2.5.Final
2025-04-23 01:34:08,347 INFO o.s.b.SpringApplication {logStartupProfileInfo} [main] No active profile set, falling back to 1 default profile: "default"
2025-04-23 01:34:12,035 INFO o.s.s.w.DefaultSecurityFilterChain {<init>} [main] Will secure any request with [org.springframework.security.web.session.DisableEncodeUrlFilter@3b8507df, org.springframework.security.web.context.request.async.WebAsyncManagerIntegrationFilter@5ed25612, org.springframework.security.web.context.SecurityContextPersistenceFilter@4ee8051c, org.springframework.security.web.header.HeaderWriterFilter@2ab09943, org.springframework.web.filter.CorsFilter@451816fd, org.springframework.security.web.authentication.logout.LogoutFilter@342beaf6, com.svalero.apibikes.security.AuthTokenFilter@6562cc23, org.springframework.security.web.savedrequest.RequestCacheAwareFilter@7af327e3, org.springframework.security.web.servletapi.SecurityContextHolderAwareRequestFilter@123307c4, org.springframework.security.web.authentication.AnonymousAuthenticationFilter@56e5c8fb, org.springframework.security.web.session.SessionManagementFilter@2e0ad709, org.springframework.security.web.access.ExceptionTranslationFilter@597d48ca, org.springframework.security.web.access.intercept.FilterSecurityInterceptor@223967ea]
2025-04-23 01:34:13,115 INFO o.s.m.w.MockServletContext {log} [main] Initializing Spring TestDispatcherServlet ''
2025-04-23 01:34:13,117 INFO o.s.w.s.FrameworkServlet {initServletBean} [main] Initializing Servlet ''
2025-04-23 01:34:13,123 INFO o.s.w.s.FrameworkServlet {initServletBean} [main] Completed initialization in 4 ms
2025-04-23 01:34:13,239 INFO o.s.b.StartupInfoLogger {logStarted} [main] Started BikeControllerTests in 5.716 seconds (JVM running for 7.909)
2025-04-23 01:44:42,900 INFO o.h.v.i.u.Version {<clinit>} [background-preinit] HV000001: Hibernate Validator 6.2.5.Final
2025-04-23 01:44:42,903 INFO o.s.b.StartupInfoLogger {logStarting} [main] Starting BikeControllerTests using Java 21 on DESKTOP-A2Q7539 with PID 3932 (started by 34618 in C:\Users\34618\Documents\2DAM Gdo. Superior\Acceso a datos 2DAM\hellospring)
2025-04-23 01:44:42,906 INFO o.s.b.SpringApplication {logStartupProfileInfo} [main] No active profile set, falling back to 1 default profile: "default"
2025-04-23 01:44:47,528 INFO o.s.s.w.DefaultSecurityFilterChain {<init>} [main] Will secure any request with [org.springframework.security.web.session.DisableEncodeUrlFilter@559d19c, org.springframework.security.web.context.request.async.WebAsyncManagerIntegrationFilter@719c1faf, org.springframework.security.web.context.SecurityContextPersistenceFilter@7b297740, org.springframework.security.web.header.HeaderWriterFilter@14e750c5, org.springframework.web.filter.CorsFilter@6ba6557e, org.springframework.security.web.authentication.logout.LogoutFilter@9785903, com.svalero.apibikes.security.AuthTokenFilter@226d5af0, org.springframework.security.web.savedrequest.RequestCacheAwareFilter@1ea930eb, org.springframework.security.web.servletapi.SecurityContextHolderAwareRequestFilter@16f7f59f, org.springframework.security.web.authentication.AnonymousAuthenticationFilter@1f172892, org.springframework.security.web.session.SessionManagementFilter@191ec193, org.springframework.security.web.access.ExceptionTranslationFilter@5175d9ad, org.springframework.security.web.access.intercept.FilterSecurityInterceptor@639cb788]
2025-04-23 01:44:48,056 INFO o.s.m.w.MockServletContext {log} [main] Initializing Spring TestDispatcherServlet ''
2025-04-23 01:44:48,057 INFO o.s.w.s.FrameworkServlet {initServletBean} [main] Initializing Servlet ''
2025-04-23 01:44:48,059 INFO o.s.w.s.FrameworkServlet {initServletBean} [main] Completed initialization in 2 ms
2025-04-23 01:44:48,116 INFO o.s.b.StartupInfoLogger {logStarted} [main] Started BikeControllerTests in 5.876 seconds (JVM running for 7.17)
2025-04-23 01:56:01,490 INFO o.s.b.StartupInfoLogger {logStarting} [main] Starting BikeControllerTests using Java 21 on DESKTOP-A2Q7539 with PID 7756 (started by 34618 in C:\Users\34618\Documents\2DAM Gdo. Superior\Acceso a datos 2DAM\hellospring)
2025-04-23 01:56:01,493 INFO o.s.b.SpringApplication {logStartupProfileInfo} [main] No active profile set, falling back to 1 default profile: "default"
2025-04-23 01:56:01,494 INFO o.h.v.i.u.Version {<clinit>} [background-preinit] HV000001: Hibernate Validator 6.2.5.Final
2025-04-23 01:56:06,084 INFO o.s.s.w.DefaultSecurityFilterChain {<init>} [main] Will secure any request with [org.springframework.security.web.session.DisableEncodeUrlFilter@5ed25612, org.springframework.security.web.context.request.async.WebAsyncManagerIntegrationFilter@451816fd, org.springframework.security.web.context.SecurityContextPersistenceFilter@621f23ac, org.springframework.security.web.header.HeaderWriterFilter@1fe8f5e8, org.springframework.web.filter.CorsFilter@56e5c8fb, org.springframework.security.web.authentication.logout.LogoutFilter@11eec06b, com.svalero.apibikes.security.AuthTokenFilter@241b971f, org.springframework.security.web.savedrequest.RequestCacheAwareFilter@4eb9ae4d, org.springframework.security.web.servletapi.SecurityContextHolderAwareRequestFilter@19fbc594, org.springframework.security.web.authentication.AnonymousAuthenticationFilter@45cd8607, org.springframework.security.web.session.SessionManagementFilter@1693ff90, org.springframework.security.web.access.ExceptionTranslationFilter@154b8cb6, org.springframework.security.web.access.intercept.FilterSecurityInterceptor@4a6a6a69]
2025-04-23 01:56:06,562 INFO o.s.m.w.MockServletContext {log} [main] Initializing Spring TestDispatcherServlet ''
2025-04-23 01:56:06,563 INFO o.s.w.s.FrameworkServlet {initServletBean} [main] Initializing Servlet ''
2025-04-23 01:56:06,565 INFO o.s.w.s.FrameworkServlet {initServletBean} [main] Completed initialization in 2 ms
2025-04-23 01:56:06,621 INFO o.s.b.StartupInfoLogger {logStarted} [main] Started BikeControllerTests in 5.722 seconds (JVM running for 7.892)
2025-04-23 01:56:34,677 INFO o.s.b.StartupInfoLogger {logStarting} [main] Starting BikeControllerTests using Java 21 on DESKTOP-A2Q7539 with PID 1604 (started by 34618 in C:\Users\34618\Documents\2DAM Gdo. Superior\Acceso a datos 2DAM\hellospring)
2025-04-23 01:56:34,681 INFO o.h.v.i.u.Version {<clinit>} [background-preinit] HV000001: Hibernate Validator 6.2.5.Final
2025-04-23 01:56:34,683 INFO o.s.b.SpringApplication {logStartupProfileInfo} [main] No active profile set, falling back to 1 default profile: "default"
2025-04-23 01:56:39,479 INFO o.s.s.w.DefaultSecurityFilterChain {<init>} [main] Will secure any request with [org.springframework.security.web.session.DisableEncodeUrlFilter@283a8ad6, org.springframework.security.web.context.request.async.WebAsyncManagerIntegrationFilter@59e082f8, org.springframework.security.web.context.SecurityContextPersistenceFilter@ad3f70a, org.springframework.security.web.header.HeaderWriterFilter@57ce2898, org.springframework.web.filter.CorsFilter@7185e611, org.springframework.security.web.authentication.logout.LogoutFilter@71c0b742, com.svalero.apibikes.security.AuthTokenFilter@578c3fd9, org.springframework.security.web.savedrequest.RequestCacheAwareFilter@621f23ac, org.springframework.security.web.servletapi.SecurityContextHolderAwareRequestFilter@2d237460, org.springframework.security.web.authentication.AnonymousAuthenticationFilter@44d43cc9, org.springframework.security.web.session.SessionManagementFilter@6dd79214, org.springframework.security.web.access.ExceptionTranslationFilter@6321a5aa, org.springframework.security.web.access.intercept.FilterSecurityInterceptor@1fcaea93]
2025-04-23 01:56:40,695 INFO o.s.m.w.MockServletContext {log} [main] Initializing Spring TestDispatcherServlet ''
2025-04-23 01:56:40,696 INFO o.s.w.s.FrameworkServlet {initServletBean} [main] Initializing Servlet ''
2025-04-23 01:56:40,701 INFO o.s.w.s.FrameworkServlet {initServletBean} [main] Completed initialization in 3 ms
2025-04-23 01:56:40,805 INFO o.s.b.StartupInfoLogger {logStarted} [main] Started BikeControllerTests in 7.497 seconds (JVM running for 8.894)
2025-04-23 02:13:26,809 INFO o.s.b.StartupInfoLogger {logStarting} [main] Starting BikeControllerTests using Java 21 on DESKTOP-A2Q7539 with PID 14080 (started by 34618 in C:\Users\34618\Documents\2DAM Gdo. Superior\Acceso a datos 2DAM\hellospring)
2025-04-23 02:13:26,811 INFO o.h.v.i.u.Version {<clinit>} [background-preinit] HV000001: Hibernate Validator 6.2.5.Final
2025-04-23 02:13:26,812 INFO o.s.b.SpringApplication {logStartupProfileInfo} [main] No active profile set, falling back to 1 default profile: "default"
2025-04-23 02:13:27,783 WARN o.s.c.s.AbstractApplicationContext {refresh} [main] Exception encountered during context initialization - cancelling refresh attempt: org.springframework.beans.factory.support.BeanDefinitionOverrideException: Invalid bean definition with name 'jwtUtils' defined in class path resource [com/svalero/apibikes/config/TestSecurityConfig.class]: Cannot register bean definition [Root bean: class [null]; scope=; abstract=false; lazyInit=null; autowireMode=3; dependencyCheck=0; autowireCandidate=true; primary=false; factoryBeanName=com.svalero.apibikes.config.TestSecurityConfig; factoryMethodName=jwtUtils; initMethodName=null; destroyMethodName=(inferred); defined in class path resource [com/svalero/apibikes/config/TestSecurityConfig.class]] for bean 'jwtUtils': There is already [Generic bean: class [com.svalero.apibikes.config.JwtUtils]; scope=singleton; abstract=false; lazyInit=null; autowireMode=0; dependencyCheck=0; autowireCandidate=true; primary=false; factoryBeanName=null; factoryMethodName=null; initMethodName=null; destroyMethodName=null; defined in file [C:\Users\34618\Documents\2DAM Gdo. Superior\Acceso a datos 2DAM\hellospring\target\classes\com\svalero\apibikes\config\JwtUtils.class]] bound.
2025-04-23 02:13:27,795 INFO o.s.b.a.l.ConditionEvaluationReportLoggingListener {logMessage} [main] 

Error starting ApplicationContext. To display the conditions report re-run your application with 'debug' enabled.
2025-04-23 02:13:27,827 ERROR o.s.b.d.LoggingFailureAnalysisReporter {report} [main] 

***************************
APPLICATION FAILED TO START
***************************

Description:

The bean 'jwtUtils', defined in class path resource [com/svalero/apibikes/config/TestSecurityConfig.class], could not be registered. A bean with that name has already been defined in file [C:\Users\34618\Documents\2DAM Gdo. Superior\Acceso a datos 2DAM\hellospring\target\classes\com\svalero\apibikes\config\JwtUtils.class] and overriding is disabled.

Action:

Consider renaming one of the beans or enabling overriding by setting spring.main.allow-bean-definition-overriding=true

2025-04-23 02:13:27,831 ERROR o.s.t.c.TestContextManager {prepareTestInstance} [main] Caught exception while allowing TestExecutionListener [org.springframework.test.context.web.ServletTestExecutionListener@6cce16f4] to prepare test instance [com.svalero.apibikes.BikeControllerTests@33db72bd]
java.lang.IllegalStateException: Failed to load ApplicationContext
	at org.springframework.test.context.cache.DefaultCacheAwareContextLoaderDelegate.loadContext(DefaultCacheAwareContextLoaderDelegate.java:98)
	at org.springframework.test.context.support.DefaultTestContext.getApplicationContext(DefaultTestContext.java:124)
	at org.springframework.test.context.web.ServletTestExecutionListener.setUpRequestContextIfNecessary(ServletTestExecutionListener.java:190)
	at org.springframework.test.context.web.ServletTestExecutionListener.prepareTestInstance(ServletTestExecutionListener.java:132)
	at org.springframework.test.context.TestContextManager.prepareTestInstance(TestContextManager.java:248)
	at org.springframework.test.context.junit.jupiter.SpringExtension.postProcessTestInstance(SpringExtension.java:138)
	at org.junit.jupiter.engine.descriptor.ClassBasedTestDescriptor.lambda$invokeTestInstancePostProcessors$8(ClassBasedTestDescriptor.java:363)
	at org.junit.jupiter.engine.descriptor.ClassBasedTestDescriptor.executeAndMaskThrowable(ClassBasedTestDescriptor.java:368)
	at org.junit.jupiter.engine.descriptor.ClassBasedTestDescriptor.lambda$invokeTestInstancePostProcessors$9(ClassBasedTestDescriptor.java:363)
	at java.base/java.util.stream.ReferencePipeline$3$1.accept(ReferencePipeline.java:197)
	at java.base/java.util.stream.ReferencePipeline$2$1.accept(ReferencePipeline.java:179)
	at java.base/java.util.ArrayList$ArrayListSpliterator.forEachRemaining(ArrayList.java:1708)
	at java.base/java.util.stream.AbstractPipeline.copyInto(AbstractPipeline.java:509)
	at java.base/java.util.stream.AbstractPipeline.wrapAndCopyInto(AbstractPipeline.java:499)
	at java.base/java.util.stream.StreamSpliterators$WrappingSpliterator.forEachRemaining(StreamSpliterators.java:310)
	at java.base/java.util.stream.Streams$ConcatSpliterator.forEachRemaining(Streams.java:735)
	at java.base/java.util.stream.Streams$ConcatSpliterator.forEachRemaining(Streams.java:734)
	at java.base/java.util.stream.ReferencePipeline$Head.forEach(ReferencePipeline.java:762)
	at org.junit.jupiter.engine.descriptor.ClassBasedTestDescriptor.invokeTestInstancePostProcessors(ClassBasedTestDescriptor.java:362)
	at org.junit.jupiter.engine.descriptor.ClassBasedTestDescriptor.lambda$instantiateAndPostProcessTestInstance$6(ClassBasedTestDescriptor.java:283)
	at org.junit.platform.engine.support.hierarchical.ThrowableCollector.execute(ThrowableCollector.java:73)
	at org.junit.jupiter.engine.descriptor.ClassBasedTestDescriptor.instantiateAndPostProcessTestInstance(ClassBasedTestDescriptor.java:282)
	at org.junit.jupiter.engine.descriptor.ClassBasedTestDescriptor.lambda$testInstancesProvider$4(ClassBasedTestDescriptor.java:272)
	at java.base/java.util.Optional.orElseGet(Optional.java:364)
	at org.junit.jupiter.engine.descriptor.ClassBasedTestDescriptor.lambda$testInstancesProvider$5(ClassBasedTestDescriptor.java:271)
	at org.junit.jupiter.engine.execution.TestInstancesProvider.getTestInstances(TestInstancesProvider.java:31)
	at org.junit.jupiter.engine.descriptor.TestMethodTestDescriptor.lambda$prepare$0(TestMethodTestDescriptor.java:102)
	at org.junit.platform.engine.support.hierarchical.ThrowableCollector.execute(ThrowableCollector.java:73)
	at org.junit.jupiter.engine.descriptor.TestMethodTestDescriptor.prepare(TestMethodTestDescriptor.java:101)
	at org.junit.jupiter.engine.descriptor.TestMethodTestDescriptor.prepare(TestMethodTestDescriptor.java:66)
	at org.junit.platform.engine.support.hierarchical.NodeTestTask.lambda$prepare$2(NodeTestTask.java:123)
	at org.junit.platform.engine.support.hierarchical.ThrowableCollector.execute(ThrowableCollector.java:73)
	at org.junit.platform.engine.support.hierarchical.NodeTestTask.prepare(NodeTestTask.java:123)
	at org.junit.platform.engine.support.hierarchical.NodeTestTask.execute(NodeTestTask.java:90)
	at java.base/java.util.ArrayList.forEach(ArrayList.java:1596)
	at org.junit.platform.engine.support.hierarchical.SameThreadHierarchicalTestExecutorService.invokeAll(SameThreadHierarchicalTestExecutorService.java:41)
	at org.junit.platform.engine.support.hierarchical.NodeTestTask.lambda$executeRecursively$6(NodeTestTask.java:155)
	at org.junit.platform.engine.support.hierarchical.ThrowableCollector.execute(ThrowableCollector.java:73)
	at org.junit.platform.engine.support.hierarchical.NodeTestTask.lambda$executeRecursively$8(NodeTestTask.java:141)
	at org.junit.platform.engine.support.hierarchical.Node.around(Node.java:137)
	at org.junit.platform.engine.support.hierarchical.NodeTestTask.lambda$executeRecursively$9(NodeTestTask.java:139)
	at org.junit.platform.engine.support.hierarchical.ThrowableCollector.execute(ThrowableCollector.java:73)
	at org.junit.platform.engine.support.hierarchical.NodeTestTask.executeRecursively(NodeTestTask.java:138)
	at org.junit.platform.engine.support.hierarchical.NodeTestTask.execute(NodeTestTask.java:95)
	at java.base/java.util.ArrayList.forEach(ArrayList.java:1596)
	at org.junit.platform.engine.support.hierarchical.SameThreadHierarchicalTestExecutorService.invokeAll(SameThreadHierarchicalTestExecutorService.java:41)
	at org.junit.platform.engine.support.hierarchical.NodeTestTask.lambda$executeRecursively$6(NodeTestTask.java:155)
	at org.junit.platform.engine.support.hierarchical.ThrowableCollector.execute(ThrowableCollector.java:73)
	at org.junit.platform.engine.support.hierarchical.NodeTestTask.lambda$executeRecursively$8(NodeTestTask.java:141)
	at org.junit.platform.engine.support.hierarchical.Node.around(Node.java:137)
	at org.junit.platform.engine.support.hierarchical.NodeTestTask.lambda$executeRecursively$9(NodeTestTask.java:139)
	at org.junit.platform.engine.support.hierarchical.ThrowableCollector.execute(ThrowableCollector.java:73)
	at org.junit.platform.engine.support.hierarchical.NodeTestTask.executeRecursively(NodeTestTask.java:138)
	at org.junit.platform.engine.support.hierarchical.NodeTestTask.execute(NodeTestTask.java:95)
	at org.junit.platform.engine.support.hierarchical.SameThreadHierarchicalTestExecutorService.submit(SameThreadHierarchicalTestExecutorService.java:35)
	at org.junit.platform.engine.support.hierarchical.HierarchicalTestExecutor.execute(HierarchicalTestExecutor.java:57)
	at org.junit.platform.engine.support.hierarchical.HierarchicalTestEngine.execute(HierarchicalTestEngine.java:54)
	at org.junit.platform.launcher.core.DefaultLauncher.execute(DefaultLauncher.java:220)
	at org.junit.platform.launcher.core.DefaultLauncher.lambda$execute$6(DefaultLauncher.java:188)
	at org.junit.platform.launcher.core.DefaultLauncher.withInterceptedStreams(DefaultLauncher.java:202)
	at org.junit.platform.launcher.core.DefaultLauncher.execute(DefaultLauncher.java:181)
	at org.junit.platform.launcher.core.DefaultLauncher.execute(DefaultLauncher.java:128)
	at org.apache.maven.surefire.junitplatform.JUnitPlatformProvider.invokeAllTests(JUnitPlatformProvider.java:150)
	at org.apache.maven.surefire.junitplatform.JUnitPlatformProvider.invoke(JUnitPlatformProvider.java:124)
	at org.apache.maven.surefire.booter.ForkedBooter.invokeProviderInSameClassLoader(ForkedBooter.java:384)
	at org.apache.maven.surefire.booter.ForkedBooter.runSuitesInProcess(ForkedBooter.java:345)
	at org.apache.maven.surefire.booter.ForkedBooter.execute(ForkedBooter.java:126)
	at org.apache.maven.surefire.booter.ForkedBooter.main(ForkedBooter.java:418)
Caused by: org.springframework.beans.factory.support.BeanDefinitionOverrideException: Invalid bean definition with name 'jwtUtils' defined in class path resource [com/svalero/apibikes/config/TestSecurityConfig.class]: Cannot register bean definition [Root bean: class [null]; scope=; abstract=false; lazyInit=null; autowireMode=3; dependencyCheck=0; autowireCandidate=true; primary=false; factoryBeanName=com.svalero.apibikes.config.TestSecurityConfig; factoryMethodName=jwtUtils; initMethodName=null; destroyMethodName=(inferred); defined in class path resource [com/svalero/apibikes/config/TestSecurityConfig.class]] for bean 'jwtUtils': There is already [Generic bean: class [com.svalero.apibikes.config.JwtUtils]; scope=singleton; abstract=false; lazyInit=null; autowireMode=0; dependencyCheck=0; autowireCandidate=true; primary=false; factoryBeanName=null; factoryMethodName=null; initMethodName=null; destroyMethodName=null; defined in file [C:\Users\34618\Documents\2DAM Gdo. Superior\Acceso a datos 2DAM\hellospring\target\classes\com\svalero\apibikes\config\JwtUtils.class]] bound.
	at org.springframework.beans.factory.support.DefaultListableBeanFactory.registerBeanDefinition(DefaultListableBeanFactory.java:1006)
	at org.springframework.context.annotation.ConfigurationClassBeanDefinitionReader.loadBeanDefinitionsForBeanMethod(ConfigurationClassBeanDefinitionReader.java:295)
	at org.springframework.context.annotation.ConfigurationClassBeanDefinitionReader.loadBeanDefinitionsForConfigurationClass(ConfigurationClassBeanDefinitionReader.java:153)
	at org.springframework.context.annotation.ConfigurationClassBeanDefinitionReader.loadBeanDefinitions(ConfigurationClassBeanDefinitionReader.java:129)
	at org.springframework.context.annotation.ConfigurationClassPostProcessor.processConfigBeanDefinitions(ConfigurationClassPostProcessor.java:343)
	at org.springframework.context.annotation.ConfigurationClassPostProcessor.postProcessBeanDefinitionRegistry(ConfigurationClassPostProcessor.java:247)
	at org.springframework.context.support.PostProcessorRegistrationDelegate.invokeBeanDefinitionRegistryPostProcessors(PostProcessorRegistrationDelegate.java:311)
	at org.springframework.context.support.PostProcessorRegistrationDelegate.invokeBeanFactoryPostProcessors(PostProcessorRegistrationDelegate.java:112)
	at org.springframework.context.support.AbstractApplicationContext.invokeBeanFactoryPostProcessors(AbstractApplicationContext.java:756)
	at org.springframework.context.support.AbstractApplicationContext.refresh(AbstractApplicationContext.java:572)
	at org.springframework.boot.SpringApplication.refresh(SpringApplication.java:732)
	at org.springframework.boot.SpringApplication.refreshContext(SpringApplication.java:409)
	at org.springframework.boot.SpringApplication.run(SpringApplication.java:308)
	at org.springframework.boot.test.context.SpringBootContextLoader.loadContext(SpringBootContextLoader.java:136)
	at org.springframework.test.context.cache.DefaultCacheAwareContextLoaderDelegate.loadContextInternal(DefaultCacheAwareContextLoaderDelegate.java:141)
	at org.springframework.test.context.cache.DefaultCacheAwareContextLoaderDelegate.loadContext(DefaultCacheAwareContextLoaderDelegate.java:90)
	... 67 common frames omitted
2025-04-23 12:44:18,883 INFO o.h.v.i.u.Version {<clinit>} [background-preinit] HV000001: Hibernate Validator 6.2.5.Final
2025-04-23 12:44:18,916 INFO o.s.b.StartupInfoLogger {logStarting} [main] Starting BikeControllerTests using Java 21 on DESKTOP-A2Q7539 with PID 17588 (started by 34618 in C:\Users\34618\Documents\2DAM Gdo. Superior\Acceso a datos 2DAM\hellospring)
2025-04-23 12:44:18,921 INFO o.s.b.SpringApplication {logStartupProfileInfo} [main] No active profile set, falling back to 1 default profile: "default"
2025-04-23 12:44:27,104 INFO o.s.s.w.DefaultSecurityFilterChain {<init>} [main] Will secure any request with [org.springframework.security.web.session.DisableEncodeUrlFilter@2262f0d8, org.springframework.security.web.context.request.async.WebAsyncManagerIntegrationFilter@283a8ad6, org.springframework.security.web.context.SecurityContextPersistenceFilter@7af327e3, org.springframework.security.web.header.HeaderWriterFilter@37ca3ca8, org.springframework.web.filter.CorsFilter@59e082f8, org.springframework.security.web.authentication.logout.LogoutFilter@7f0d8eff, com.svalero.apibikes.security.AuthTokenFilter@e3899fd, org.springframework.security.web.savedrequest.RequestCacheAwareFilter@6dd79214, org.springframework.security.web.servletapi.SecurityContextHolderAwareRequestFilter@ad3f70a, org.springframework.security.web.authentication.AnonymousAuthenticationFilter@7185e611, org.springframework.security.web.session.SessionManagementFilter@6e3dd5ce, org.springframework.security.web.access.ExceptionTranslationFilter@307cf964, org.springframework.security.web.access.intercept.FilterSecurityInterceptor@62b0bf85]
2025-04-23 12:44:28,320 INFO o.s.m.w.MockServletContext {log} [main] Initializing Spring TestDispatcherServlet ''
2025-04-23 12:44:28,321 INFO o.s.w.s.FrameworkServlet {initServletBean} [main] Initializing Servlet ''
2025-04-23 12:44:28,326 INFO o.s.w.s.FrameworkServlet {initServletBean} [main] Completed initialization in 3 ms
2025-04-23 12:44:28,474 INFO o.s.b.StartupInfoLogger {logStarted} [main] Started BikeControllerTests in 11.046 seconds (JVM running for 14.202)
2025-04-23 13:52:32,656 INFO o.s.b.StartupInfoLogger {logStarting} [main] Starting BikeControllerTests using Java 21 on DESKTOP-A2Q7539 with PID 9708 (started by 34618 in C:\Users\34618\Documents\2DAM Gdo. Superior\Acceso a datos 2DAM\hellospring)
2025-04-23 13:52:32,652 INFO o.h.v.i.u.Version {<clinit>} [background-preinit] HV000001: Hibernate Validator 6.2.5.Final
2025-04-23 13:52:32,658 INFO o.s.b.SpringApplication {logStartupProfileInfo} [main] No active profile set, falling back to 1 default profile: "default"
2025-04-23 13:52:41,593 INFO o.s.s.w.DefaultSecurityFilterChain {<init>} [main] Will secure any request with [org.springframework.security.web.session.DisableEncodeUrlFilter@98637a2, org.springframework.security.web.context.request.async.WebAsyncManagerIntegrationFilter@4afd65fd, org.springframework.security.web.context.SecurityContextPersistenceFilter@6206b4a7, org.springframework.security.web.header.HeaderWriterFilter@433ef204, org.springframework.web.filter.CorsFilter@141aba65, org.springframework.security.web.authentication.logout.LogoutFilter@1578fa9, com.svalero.apibikes.security.AuthTokenFilter@150fc7a7, org.springframework.security.web.savedrequest.RequestCacheAwareFilter@40a1b6d4, org.springframework.security.web.servletapi.SecurityContextHolderAwareRequestFilter@5d14e99e, org.springframework.security.web.authentication.AnonymousAuthenticationFilter@3356ff58, org.springframework.security.web.session.SessionManagementFilter@333398f, org.springframework.security.web.access.ExceptionTranslationFilter@1537e43, org.springframework.security.web.access.intercept.FilterSecurityInterceptor@21a6a494]
2025-04-23 13:52:42,991 INFO o.s.m.w.MockServletContext {log} [main] Initializing Spring TestDispatcherServlet ''
2025-04-23 13:52:42,991 INFO o.s.w.s.FrameworkServlet {initServletBean} [main] Initializing Servlet ''
2025-04-23 13:52:43,002 INFO o.s.w.s.FrameworkServlet {initServletBean} [main] Completed initialization in 3 ms
2025-04-23 13:52:43,159 INFO o.s.b.StartupInfoLogger {logStarted} [main] Started BikeControllerTests in 12.584 seconds (JVM running for 16.219)
2025-04-23 13:54:04,893 INFO o.h.v.i.u.Version {<clinit>} [background-preinit] HV000001: Hibernate Validator 6.2.5.Final
2025-04-23 13:54:04,910 INFO o.s.b.StartupInfoLogger {logStarting} [main] Starting BikeControllerTests using Java 21 on DESKTOP-A2Q7539 with PID 8332 (started by 34618 in C:\Users\34618\Documents\2DAM Gdo. Superior\Acceso a datos 2DAM\hellospring)
2025-04-23 13:54:04,912 INFO o.s.b.SpringApplication {logStartupProfileInfo} [main] No active profile set, falling back to 1 default profile: "default"
2025-04-23 13:54:12,472 INFO o.s.s.w.DefaultSecurityFilterChain {<init>} [main] Will secure any request with [org.springframework.security.web.session.DisableEncodeUrlFilter@3b8507df, org.springframework.security.web.context.request.async.WebAsyncManagerIntegrationFilter@5ed25612, org.springframework.security.web.context.SecurityContextPersistenceFilter@ad3f70a, org.springframework.security.web.header.HeaderWriterFilter@57ce2898, org.springframework.web.filter.CorsFilter@451816fd, org.springframework.security.web.authentication.logout.LogoutFilter@71c0b742, com.svalero.apibikes.security.AuthTokenFilter@578c3fd9, org.springframework.security.web.savedrequest.RequestCacheAwareFilter@621f23ac, org.springframework.security.web.servletapi.SecurityContextHolderAwareRequestFilter@2d237460, org.springframework.security.web.authentication.AnonymousAuthenticationFilter@56e5c8fb, org.springframework.security.web.session.SessionManagementFilter@6dd79214, org.springframework.security.web.access.ExceptionTranslationFilter@6321a5aa, org.springframework.security.web.access.intercept.FilterSecurityInterceptor@223967ea]
2025-04-23 13:54:13,633 INFO o.s.m.w.MockServletContext {log} [main] Initializing Spring TestDispatcherServlet ''
2025-04-23 13:54:13,637 INFO o.s.w.s.FrameworkServlet {initServletBean} [main] Initializing Servlet ''
2025-04-23 13:54:13,640 INFO o.s.w.s.FrameworkServlet {initServletBean} [main] Completed initialization in 3 ms
2025-04-23 13:54:13,755 INFO o.s.b.StartupInfoLogger {logStarted} [main] Started BikeControllerTests in 10.38 seconds (JVM running for 13.317)
2025-04-23 16:54:01,004 INFO o.h.v.i.u.Version {<clinit>} [background-preinit] HV000001: Hibernate Validator 6.2.5.Final
2025-04-23 16:54:01,051 INFO o.s.b.StartupInfoLogger {logStarting} [main] Starting HellospringApplication using Java 21 on DESKTOP-A2Q7539 with PID 12616 (C:\Users\34618\Documents\2DAM Gdo. Superior\Acceso a datos 2DAM\hellospring\target\classes started by 34618 in C:\Users\34618\Documents\2DAM Gdo. Superior\Acceso a datos 2DAM\hellospring)
2025-04-23 16:54:01,052 INFO o.s.b.SpringApplication {logStartupProfileInfo} [main] No active profile set, falling back to 1 default profile: "default"
2025-04-23 16:54:02,439 INFO o.s.d.r.c.RepositoryConfigurationDelegate {registerRepositoriesIn} [main] Bootstrapping Spring Data JPA repositories in DEFAULT mode.
2025-04-23 16:54:02,605 INFO o.s.d.r.c.RepositoryConfigurationDelegate {registerRepositoriesIn} [main] Finished Spring Data repository scanning in 145 ms. Found 5 JPA repository interfaces.
2025-04-23 16:54:03,639 INFO o.s.b.w.e.t.TomcatWebServer {initialize} [main] Tomcat initialized with port(s): 8080 (http)
2025-04-23 16:54:03,651 INFO o.a.j.l.DirectJDKLog {log} [main] Initializing ProtocolHandler ["http-nio-8080"]
2025-04-23 16:54:03,656 INFO o.a.j.l.DirectJDKLog {log} [main] Starting service [Tomcat]
2025-04-23 16:54:03,657 INFO o.a.j.l.DirectJDKLog {log} [main] Starting Servlet engine: [Apache Tomcat/9.0.83]
2025-04-23 16:54:03,817 INFO o.a.j.l.DirectJDKLog {log} [main] Initializing Spring embedded WebApplicationContext
2025-04-23 16:54:03,818 INFO o.s.b.w.s.c.ServletWebServerApplicationContext {prepareWebApplicationContext} [main] Root WebApplicationContext: initialization completed in 2675 ms
2025-04-23 16:54:03,852 INFO c.z.h.HikariDataSource {getConnection} [main] HikariPool-1 - Starting...
2025-04-23 16:54:04,211 INFO c.z.h.HikariDataSource {getConnection} [main] HikariPool-1 - Start completed.
2025-04-23 16:54:04,224 INFO o.s.b.a.h.H2ConsoleAutoConfiguration {logDataSources} [main] H2 console available at '/h2-console'. Database available at 'jdbc:h2:file:C:/Users/34618/bikes.db'
2025-04-23 16:54:04,295 WARN o.s.b.a.o.j.JpaBaseConfiguration$JpaWebConfiguration {openEntityManagerInViewInterceptor} [main] spring.jpa.open-in-view is enabled by default. Therefore, database queries may be performed during view rendering. Explicitly configure spring.jpa.open-in-view to disable this warning
2025-04-23 16:54:04,407 INFO o.h.j.i.u.LogHelper {logPersistenceUnitInformation} [main] HHH000204: Processing PersistenceUnitInfo [name: default]
2025-04-23 16:54:04,519 INFO o.h.Version {logVersion} [main] HHH000412: Hibernate ORM core version 5.6.15.Final
2025-04-23 16:54:04,915 INFO o.h.a.c.r.j.JavaReflectionManager {<clinit>} [main] HCANN000001: Hibernate Commons Annotations {5.1.2.Final}
2025-04-23 16:54:05,317 INFO o.h.d.Dialect {<init>} [main] HHH000400: Using dialect: org.hibernate.dialect.H2Dialect
2025-04-23 16:54:08,023 INFO o.h.e.t.j.p.i.JtaPlatformInitiator {initiateService} [main] HHH000490: Using JtaPlatform implementation: [org.hibernate.engine.transaction.jta.platform.internal.NoJtaPlatform]
2025-04-23 16:54:08,069 INFO o.s.o.j.AbstractEntityManagerFactoryBean {buildNativeEntityManagerFactory} [main] Initialized JPA EntityManagerFactory for persistence unit 'default'
2025-04-23 16:54:09,521 INFO o.s.s.w.DefaultSecurityFilterChain {<init>} [main] Will secure any request with [org.springframework.security.web.session.DisableEncodeUrlFilter@3f0b5619, org.springframework.security.web.context.request.async.WebAsyncManagerIntegrationFilter@67afc9b6, org.springframework.security.web.context.SecurityContextPersistenceFilter@4202276, org.springframework.security.web.header.HeaderWriterFilter@52b32622, org.springframework.web.filter.CorsFilter@36ce9eaf, org.springframework.security.web.authentication.logout.LogoutFilter@6fe77a97, com.svalero.apibikes.security.AuthTokenFilter@737445ab, org.springframework.security.web.savedrequest.RequestCacheAwareFilter@34588991, org.springframework.security.web.servletapi.SecurityContextHolderAwareRequestFilter@458704ee, org.springframework.security.web.authentication.AnonymousAuthenticationFilter@7a79d99c, org.springframework.security.web.session.SessionManagementFilter@2e015ac1, org.springframework.security.web.access.ExceptionTranslationFilter@77fecd2c, org.springframework.security.web.access.intercept.FilterSecurityInterceptor@296949c8]
2025-04-23 16:54:09,771 INFO o.a.j.l.DirectJDKLog {log} [main] Starting ProtocolHandler ["http-nio-8080"]
2025-04-23 16:54:09,811 INFO o.s.b.w.e.t.TomcatWebServer {start} [main] Tomcat started on port(s): 8080 (http) with context path ''
2025-04-23 16:54:09,818 INFO o.s.b.StartupInfoLogger {logStarted} [main] Started HellospringApplication in 9.547 seconds (JVM running for 10.113)
2025-04-23 16:54:42,305 INFO o.a.j.l.DirectJDKLog {log} [http-nio-8080-exec-4] Initializing Spring DispatcherServlet 'dispatcherServlet'
2025-04-23 16:54:42,306 INFO o.s.w.s.FrameworkServlet {initServletBean} [http-nio-8080-exec-4] Initializing Servlet 'dispatcherServlet'
2025-04-23 16:54:42,308 INFO o.s.w.s.FrameworkServlet {initServletBean} [http-nio-8080-exec-4] Completed initialization in 2 ms
2025-04-23 16:55:43,545 INFO c.s.a.c.UserController {filterusers} [http-nio-8080-exec-5] BEGIN getAll
2025-04-23 16:55:43,584 INFO c.s.a.c.UserController {filterusers} [http-nio-8080-exec-5] END getAll
2025-04-23 16:56:21,411 INFO c.s.a.c.BikeController {filterBikes} [http-nio-8080-exec-3] Filtrando bicicletas con parámetros: brand=, model=, color=
2025-04-23 16:56:21,437 INFO c.s.a.c.BikeController {filterBikes} [http-nio-8080-exec-3] Operación completada: Se obtuvieron 3 bicicletas filtradas
2025-04-23 16:57:14,446 INFO c.s.a.c.BikeController {getBike} [http-nio-8080-exec-10] BEGIN getBike
2025-04-23 16:57:14,461 INFO c.s.a.c.BikeController {getBike} [http-nio-8080-exec-10] END getBike
2025-04-23 16:57:27,830 INFO c.s.a.c.BikeController {getBike} [http-nio-8080-exec-8] BEGIN getBike
2025-04-23 16:59:25,196 INFO c.s.a.c.BikeController {addBike} [http-nio-8080-exec-1] BEGIN addBike
2025-04-23 17:17:08,637 INFO o.s.b.StartupInfoLogger {logStarting} [main] Starting BikeControllerTests using Java 21 on DESKTOP-A2Q7539 with PID 4544 (started by 34618 in C:\Users\34618\Documents\2DAM Gdo. Superior\Acceso a datos 2DAM\hellospring)
2025-04-23 17:17:08,642 INFO o.s.b.SpringApplication {logStartupProfileInfo} [main] No active profile set, falling back to 1 default profile: "default"
2025-04-23 17:17:08,644 INFO o.h.v.i.u.Version {<clinit>} [background-preinit] HV000001: Hibernate Validator 6.2.5.Final
2025-04-23 17:17:13,312 INFO o.s.s.w.DefaultSecurityFilterChain {<init>} [main] Will secure any request with [org.springframework.security.web.session.DisableEncodeUrlFilter@7493d937, org.springframework.security.web.context.request.async.WebAsyncManagerIntegrationFilter@5dc7841c, org.springframework.security.web.context.SecurityContextPersistenceFilter@53125718, org.springframework.security.web.header.HeaderWriterFilter@7d50f2a8, org.springframework.web.filter.CorsFilter@4d67d5a4, org.springframework.security.web.authentication.logout.LogoutFilter@222acad, com.svalero.apibikes.security.AuthTokenFilter@2ce524d2, org.springframework.security.web.savedrequest.RequestCacheAwareFilter@743d0d44, org.springframework.security.web.servletapi.SecurityContextHolderAwareRequestFilter@1693ff90, org.springframework.security.web.authentication.AnonymousAuthenticationFilter@a3b858f, org.springframework.security.web.session.SessionManagementFilter@1fe8f5e8, org.springframework.security.web.access.ExceptionTranslationFilter@77324a58, org.springframework.security.web.access.intercept.FilterSecurityInterceptor@1c00d406]
2025-04-23 17:17:14,280 INFO o.s.m.w.MockServletContext {log} [main] Initializing Spring TestDispatcherServlet ''
2025-04-23 17:17:14,281 INFO o.s.w.s.FrameworkServlet {initServletBean} [main] Initializing Servlet ''
2025-04-23 17:17:14,285 INFO o.s.w.s.FrameworkServlet {initServletBean} [main] Completed initialization in 3 ms
2025-04-23 17:17:14,355 INFO o.s.b.StartupInfoLogger {logStarted} [main] Started BikeControllerTests in 7.022 seconds (JVM running for 8.461)
2025-04-23 17:44:24,176 INFO o.h.v.i.u.Version {<clinit>} [background-preinit] HV000001: Hibernate Validator 6.2.5.Final
2025-04-23 17:44:24,188 INFO o.s.b.StartupInfoLogger {logStarting} [main] Starting BikeControllerTests using Java 21 on DESKTOP-A2Q7539 with PID 4532 (started by 34618 in C:\Users\34618\Documents\2DAM Gdo. Superior\Acceso a datos 2DAM\hellospring)
2025-04-23 17:44:24,190 INFO o.s.b.SpringApplication {logStartupProfileInfo} [main] No active profile set, falling back to 1 default profile: "default"
2025-04-23 17:44:29,485 INFO o.s.s.w.DefaultSecurityFilterChain {<init>} [main] Will secure any request with [org.springframework.security.web.session.DisableEncodeUrlFilter@18d30e7, org.springframework.security.web.context.request.async.WebAsyncManagerIntegrationFilter@72b40f87, org.springframework.security.web.context.SecurityContextPersistenceFilter@54ccb3, org.springframework.security.web.header.HeaderWriterFilter@1ea930eb, org.springframework.web.filter.CorsFilter@2475fba3, org.springframework.security.web.authentication.logout.LogoutFilter@7ea71fc2, com.svalero.apibikes.security.AuthTokenFilter@245cb8df, org.springframework.security.web.savedrequest.RequestCacheAwareFilter@48f2054d, org.springframework.security.web.servletapi.SecurityContextHolderAwareRequestFilter@6ce26986, org.springframework.security.web.authentication.AnonymousAuthenticationFilter@19bf47fc, org.springframework.security.web.session.SessionManagementFilter@ef86c72, org.springframework.security.web.access.ExceptionTranslationFilter@1c7f9861, org.springframework.security.web.access.intercept.FilterSecurityInterceptor@1f172892]
2025-04-23 17:44:30,019 INFO o.s.m.w.MockServletContext {log} [main] Initializing Spring TestDispatcherServlet ''
2025-04-23 17:44:30,019 INFO o.s.w.s.FrameworkServlet {initServletBean} [main] Initializing Servlet ''
2025-04-23 17:44:30,022 INFO o.s.w.s.FrameworkServlet {initServletBean} [main] Completed initialization in 1 ms
2025-04-23 17:44:30,087 INFO o.s.b.StartupInfoLogger {logStarted} [main] Started BikeControllerTests in 6.646 seconds (JVM running for 8.114)
2025-04-23 18:08:09,808 INFO o.h.v.i.u.Version {<clinit>} [background-preinit] HV000001: Hibernate Validator 6.2.5.Final
2025-04-23 18:08:09,815 INFO o.s.b.StartupInfoLogger {logStarting} [main] Starting BikeControllerTests using Java 21 on DESKTOP-A2Q7539 with PID 7260 (started by 34618 in C:\Users\34618\Documents\2DAM Gdo. Superior\Acceso a datos 2DAM\hellospring)
2025-04-23 18:08:09,817 INFO o.s.b.SpringApplication {logStartupProfileInfo} [main] No active profile set, falling back to 1 default profile: "default"
2025-04-23 18:08:14,648 INFO o.s.s.w.DefaultSecurityFilterChain {<init>} [main] Will secure any request with [org.springframework.security.web.session.DisableEncodeUrlFilter@5ed25612, org.springframework.security.web.context.request.async.WebAsyncManagerIntegrationFilter@451816fd, org.springframework.security.web.context.SecurityContextPersistenceFilter@9b2dc56, org.springframework.security.web.header.HeaderWriterFilter@2e0ad709, org.springframework.web.filter.CorsFilter@56e5c8fb, org.springframework.security.web.authentication.logout.LogoutFilter@73e1ecd0, com.svalero.apibikes.security.AuthTokenFilter@26b3c9a2, org.springframework.security.web.savedrequest.RequestCacheAwareFilter@51f68849, org.springframework.security.web.servletapi.SecurityContextHolderAwareRequestFilter@4b3a01d8, org.springframework.security.web.authentication.AnonymousAuthenticationFilter@45cd8607, org.springframework.security.web.session.SessionManagementFilter@123307c4, org.springframework.security.web.access.ExceptionTranslationFilter@7a36c83a, org.springframework.security.web.access.intercept.FilterSecurityInterceptor@4a6a6a69]
2025-04-23 18:08:15,169 INFO o.s.m.w.MockServletContext {log} [main] Initializing Spring TestDispatcherServlet ''
2025-04-23 18:08:15,169 INFO o.s.w.s.FrameworkServlet {initServletBean} [main] Initializing Servlet ''
2025-04-23 18:08:15,171 INFO o.s.w.s.FrameworkServlet {initServletBean} [main] Completed initialization in 2 ms
2025-04-23 18:08:15,229 INFO o.s.b.StartupInfoLogger {logStarted} [main] Started BikeControllerTests in 6.216 seconds (JVM running for 8.046)
2025-04-23 18:18:37,948 INFO o.h.v.i.u.Version {<clinit>} [background-preinit] HV000001: Hibernate Validator 6.2.5.Final
2025-04-23 18:18:37,953 INFO o.s.b.StartupInfoLogger {logStarting} [main] Starting BikeControllerTests using Java 21 on DESKTOP-A2Q7539 with PID 11012 (started by 34618 in C:\Users\34618\Documents\2DAM Gdo. Superior\Acceso a datos 2DAM\hellospring)
2025-04-23 18:18:37,953 INFO o.s.b.SpringApplication {logStartupProfileInfo} [main] No active profile set, falling back to 1 default profile: "default"
2025-04-23 18:18:43,298 INFO o.s.s.w.DefaultSecurityFilterChain {<init>} [main] Will secure any request with [org.springframework.security.web.session.DisableEncodeUrlFilter@45f9d394, org.springframework.security.web.context.request.async.WebAsyncManagerIntegrationFilter@1c2d63f0, org.springframework.security.web.context.SecurityContextPersistenceFilter@7b297740, org.springframework.security.web.header.HeaderWriterFilter@14e750c5, org.springframework.web.filter.CorsFilter@3a588b5f, org.springframework.security.web.authentication.logout.LogoutFilter@9785903, com.svalero.apibikes.security.AuthTokenFilter@226d5af0, org.springframework.security.web.savedrequest.RequestCacheAwareFilter@1ea930eb, org.springframework.security.web.servletapi.SecurityContextHolderAwareRequestFilter@16f7f59f, org.springframework.security.web.authentication.AnonymousAuthenticationFilter@20b54cfe, org.springframework.security.web.session.SessionManagementFilter@191ec193, org.springframework.security.web.access.ExceptionTranslationFilter@5175d9ad, org.springframework.security.web.access.intercept.FilterSecurityInterceptor@36b53f08]
2025-04-23 18:18:43,829 INFO o.s.m.w.MockServletContext {log} [main] Initializing Spring TestDispatcherServlet ''
2025-04-23 18:18:43,830 INFO o.s.w.s.FrameworkServlet {initServletBean} [main] Initializing Servlet ''
2025-04-23 18:18:43,832 INFO o.s.w.s.FrameworkServlet {initServletBean} [main] Completed initialization in 2 ms
2025-04-23 18:18:43,906 INFO o.s.b.StartupInfoLogger {logStarted} [main] Started BikeControllerTests in 6.635 seconds (JVM running for 8.893)
2025-04-23 18:24:36,947 INFO o.s.b.StartupInfoLogger {logStarting} [main] Starting BikeControllerTests using Java 21 on DESKTOP-A2Q7539 with PID 18252 (started by 34618 in C:\Users\34618\Documents\2DAM Gdo. Superior\Acceso a datos 2DAM\hellospring)
2025-04-23 18:24:36,953 INFO o.s.b.SpringApplication {logStartupProfileInfo} [main] No active profile set, falling back to 1 default profile: "default"
2025-04-23 18:24:36,953 INFO o.h.v.i.u.Version {<clinit>} [background-preinit] HV000001: Hibernate Validator 6.2.5.Final
2025-04-23 18:24:41,941 INFO o.s.s.w.DefaultSecurityFilterChain {<init>} [main] Will secure any request with [org.springframework.security.web.session.DisableEncodeUrlFilter@668a32a4, org.springframework.security.web.context.request.async.WebAsyncManagerIntegrationFilter@2026fbff, org.springframework.security.web.context.SecurityContextPersistenceFilter@ad3f70a, org.springframework.security.web.header.HeaderWriterFilter@57ce2898, org.springframework.web.filter.CorsFilter@baa227e, org.springframework.security.web.authentication.logout.LogoutFilter@71c0b742, com.svalero.apibikes.security.AuthTokenFilter@578c3fd9, org.springframework.security.web.savedrequest.RequestCacheAwareFilter@621f23ac, org.springframework.security.web.servletapi.SecurityContextHolderAwareRequestFilter@2d237460, org.springframework.security.web.authentication.AnonymousAuthenticationFilter@351e89fc, org.springframework.security.web.session.SessionManagementFilter@6dd79214, org.springframework.security.web.access.ExceptionTranslationFilter@6321a5aa, org.springframework.security.web.access.intercept.FilterSecurityInterceptor@56e5c8fb]
2025-04-23 18:24:42,991 INFO o.s.m.w.MockServletContext {log} [main] Initializing Spring TestDispatcherServlet ''
2025-04-23 18:24:42,993 INFO o.s.w.s.FrameworkServlet {initServletBean} [main] Initializing Servlet ''
2025-04-23 18:24:42,998 INFO o.s.w.s.FrameworkServlet {initServletBean} [main] Completed initialization in 4 ms
2025-04-23 18:24:43,119 INFO o.s.b.StartupInfoLogger {logStarted} [main] Started BikeControllerTests in 7.442 seconds (JVM running for 8.795)
2025-04-23 18:51:33,080 INFO o.h.v.i.u.Version {<clinit>} [background-preinit] HV000001: Hibernate Validator 6.2.5.Final
2025-04-23 18:51:33,105 INFO o.s.b.StartupInfoLogger {logStarting} [main] Starting BikeControllerTests using Java 21 on DESKTOP-A2Q7539 with PID 5500 (started by 34618 in C:\Users\34618\Documents\2DAM Gdo. Superior\Acceso a datos 2DAM\hellospring)
2025-04-23 18:51:33,107 INFO o.s.b.SpringApplication {logStartupProfileInfo} [main] No active profile set, falling back to 1 default profile: "default"
2025-04-23 18:51:38,409 INFO o.s.s.w.DefaultSecurityFilterChain {<init>} [main] Will secure any request with [org.springframework.security.web.session.DisableEncodeUrlFilter@45f9d394, org.springframework.security.web.context.request.async.WebAsyncManagerIntegrationFilter@1c2d63f0, org.springframework.security.web.context.SecurityContextPersistenceFilter@1fe8f5e8, org.springframework.security.web.header.HeaderWriterFilter@2c7c0e36, org.springframework.web.filter.CorsFilter@3a588b5f, org.springframework.security.web.authentication.logout.LogoutFilter@7f2b584b, com.svalero.apibikes.security.AuthTokenFilter@3f048c86, org.springframework.security.web.savedrequest.RequestCacheAwareFilter@16f7f59f, org.springframework.security.web.servletapi.SecurityContextHolderAwareRequestFilter@743d0d44, org.springframework.security.web.authentication.AnonymousAuthenticationFilter@20b54cfe, org.springframework.security.web.session.SessionManagementFilter@7b297740, org.springframework.security.web.access.ExceptionTranslationFilter@4409cae6, org.springframework.security.web.access.intercept.FilterSecurityInterceptor@36b53f08]
2025-04-23 18:51:38,976 INFO o.s.m.w.MockServletContext {log} [main] Initializing Spring TestDispatcherServlet ''
2025-04-23 18:51:38,977 INFO o.s.w.s.FrameworkServlet {initServletBean} [main] Initializing Servlet ''
2025-04-23 18:51:38,980 INFO o.s.w.s.FrameworkServlet {initServletBean} [main] Completed initialization in 2 ms
2025-04-23 18:51:39,041 INFO o.s.b.StartupInfoLogger {logStarted} [main] Started BikeControllerTests in 6.776 seconds (JVM running for 8.374)
2025-04-23 18:59:52,678 INFO o.s.b.StartupInfoLogger {logStarting} [main] Starting BikeControllerTests using Java 21 on DESKTOP-A2Q7539 with PID 16308 (started by 34618 in C:\Users\34618\Documents\2DAM Gdo. Superior\Acceso a datos 2DAM\hellospring)
2025-04-23 18:59:52,680 INFO o.s.b.SpringApplication {logStartupProfileInfo} [main] No active profile set, falling back to 1 default profile: "default"
2025-04-23 18:59:52,700 INFO o.h.v.i.u.Version {<clinit>} [background-preinit] HV000001: Hibernate Validator 6.2.5.Final
2025-04-23 19:00:00,851 INFO o.s.s.w.DefaultSecurityFilterChain {<init>} [main] Will secure any request with [org.springframework.security.web.session.DisableEncodeUrlFilter@c497a55, org.springframework.security.web.context.request.async.WebAsyncManagerIntegrationFilter@7493d937, org.springframework.security.web.context.SecurityContextPersistenceFilter@1693ff90, org.springframework.security.web.header.HeaderWriterFilter@7b297740, org.springframework.web.filter.CorsFilter@5dc7841c, org.springframework.security.web.authentication.logout.LogoutFilter@2abc55c4, com.svalero.apibikes.security.AuthTokenFilter@712e787e, org.springframework.security.web.savedrequest.RequestCacheAwareFilter@54ccb3, org.springframework.security.web.servletapi.SecurityContextHolderAwareRequestFilter@4eb9ae4d, org.springframework.security.web.authentication.AnonymousAuthenticationFilter@4d67d5a4, org.springframework.security.web.session.SessionManagementFilter@743d0d44, org.springframework.security.web.access.ExceptionTranslationFilter@37ca3ca8, org.springframework.security.web.access.intercept.FilterSecurityInterceptor@68e47e7]
2025-04-23 19:00:02,119 INFO o.s.m.w.MockServletContext {log} [main] Initializing Spring TestDispatcherServlet ''
2025-04-23 19:00:02,121 INFO o.s.w.s.FrameworkServlet {initServletBean} [main] Initializing Servlet ''
2025-04-23 19:00:02,128 INFO o.s.w.s.FrameworkServlet {initServletBean} [main] Completed initialization in 5 ms
2025-04-23 19:00:02,266 INFO o.s.b.StartupInfoLogger {logStarted} [main] Started BikeControllerTests in 11.16 seconds (JVM running for 14.336)
2025-04-23 19:14:02,214 INFO o.s.b.StartupInfoLogger {logStarting} [main] Starting BikeControllerTests using Java 21 on DESKTOP-A2Q7539 with PID 15840 (started by 34618 in C:\Users\34618\Documents\2DAM Gdo. Superior\Acceso a datos 2DAM\hellospring)
2025-04-23 19:14:02,222 INFO o.s.b.SpringApplication {logStartupProfileInfo} [main] No active profile set, falling back to 1 default profile: "default"
2025-04-23 19:14:02,228 INFO o.h.v.i.u.Version {<clinit>} [background-preinit] HV000001: Hibernate Validator 6.2.5.Final
2025-04-23 19:14:10,740 INFO o.s.s.w.DefaultSecurityFilterChain {<init>} [main] Will secure any request with [org.springframework.security.web.session.DisableEncodeUrlFilter@12365bd8, org.springframework.security.web.context.request.async.WebAsyncManagerIntegrationFilter@14874a5d, org.springframework.security.web.context.SecurityContextPersistenceFilter@72af90e8, org.springframework.security.web.header.HeaderWriterFilter@9690008, org.springframework.web.filter.CorsFilter@49cb5030, org.springframework.security.web.authentication.logout.LogoutFilter@5bec3e0, com.svalero.apibikes.security.AuthTokenFilter@5403907, org.springframework.security.web.savedrequest.RequestCacheAwareFilter@4c635edc, org.springframework.security.web.servletapi.SecurityContextHolderAwareRequestFilter@53982523, org.springframework.security.web.authentication.AnonymousAuthenticationFilter@23c7cb18, org.springframework.security.web.session.SessionManagementFilter@3be3e76c, org.springframework.security.web.access.ExceptionTranslationFilter@19ad75e5, org.springframework.security.web.access.intercept.FilterSecurityInterceptor@6ef037e4]
2025-04-23 19:14:12,055 INFO o.s.m.w.MockServletContext {log} [main] Initializing Spring TestDispatcherServlet ''
2025-04-23 19:14:12,055 INFO o.s.w.s.FrameworkServlet {initServletBean} [main] Initializing Servlet ''
2025-04-23 19:14:12,064 INFO o.s.w.s.FrameworkServlet {initServletBean} [main] Completed initialization in 9 ms
2025-04-23 19:14:12,202 INFO o.s.b.StartupInfoLogger {logStarted} [main] Started BikeControllerTests in 11.429 seconds (JVM running for 14.398)
2025-04-23 19:17:32,288 INFO o.s.b.StartupInfoLogger {logStarting} [main] Starting BikeControllerTests using Java 21 on DESKTOP-A2Q7539 with PID 17504 (started by 34618 in C:\Users\34618\Documents\2DAM Gdo. Superior\Acceso a datos 2DAM\hellospring)
2025-04-23 19:17:32,288 INFO o.h.v.i.u.Version {<clinit>} [background-preinit] HV000001: Hibernate Validator 6.2.5.Final
2025-04-23 19:17:32,295 INFO o.s.b.SpringApplication {logStartupProfileInfo} [main] No active profile set, falling back to 1 default profile: "default"
2025-04-23 19:17:40,550 INFO o.s.s.w.DefaultSecurityFilterChain {<init>} [main] Will secure any request with [org.springframework.security.web.session.DisableEncodeUrlFilter@719c1faf, org.springframework.security.web.context.request.async.WebAsyncManagerIntegrationFilter@6ba6557e, org.springframework.security.web.context.SecurityContextPersistenceFilter@39449465, org.springframework.security.web.header.HeaderWriterFilter@307cf964, org.springframework.web.filter.CorsFilter@1f172892, org.springframework.security.web.authentication.logout.LogoutFilter@5866731, com.svalero.apibikes.security.AuthTokenFilter@255d9277, org.springframework.security.web.savedrequest.RequestCacheAwareFilter@4ee8051c, org.springframework.security.web.servletapi.SecurityContextHolderAwareRequestFilter@35563e4c, org.springframework.security.web.authentication.AnonymousAuthenticationFilter@5409dfdd, org.springframework.security.web.session.SessionManagementFilter@1b7554d4, org.springframework.security.web.access.ExceptionTranslationFilter@14e750c5, org.springframework.security.web.access.intercept.FilterSecurityInterceptor@2fee69a1]
2025-04-23 19:17:41,797 INFO o.s.m.w.MockServletContext {log} [main] Initializing Spring TestDispatcherServlet ''
2025-04-23 19:17:41,800 INFO o.s.w.s.FrameworkServlet {initServletBean} [main] Initializing Servlet ''
2025-04-23 19:17:41,804 INFO o.s.w.s.FrameworkServlet {initServletBean} [main] Completed initialization in 4 ms
2025-04-23 19:17:41,943 INFO o.s.b.StartupInfoLogger {logStarted} [main] Started BikeControllerTests in 11.307 seconds (JVM running for 14.244)
2025-04-23 19:21:02,784 INFO o.s.b.StartupInfoLogger {logStarting} [main] Starting BikeControllerTests using Java 21 on DESKTOP-A2Q7539 with PID 12612 (started by 34618 in C:\Users\34618\Documents\2DAM Gdo. Superior\Acceso a datos 2DAM\hellospring)
2025-04-23 19:21:02,790 INFO o.s.b.SpringApplication {logStartupProfileInfo} [main] No active profile set, falling back to 1 default profile: "default"
2025-04-23 19:21:02,793 INFO o.h.v.i.u.Version {<clinit>} [background-preinit] HV000001: Hibernate Validator 6.2.5.Final
2025-04-23 19:21:11,054 INFO o.s.s.w.DefaultSecurityFilterChain {<init>} [main] Will secure any request with [org.springframework.security.web.session.DisableEncodeUrlFilter@45cd8607, org.springframework.security.web.context.request.async.WebAsyncManagerIntegrationFilter@9e33a6a, org.springframework.security.web.context.SecurityContextPersistenceFilter@54ccb3, org.springframework.security.web.header.HeaderWriterFilter@1ea930eb, org.springframework.web.filter.CorsFilter@c497a55, org.springframework.security.web.authentication.logout.LogoutFilter@3bbb8c16, com.svalero.apibikes.security.AuthTokenFilter@245cb8df, org.springframework.security.web.savedrequest.RequestCacheAwareFilter@7761e342, org.springframework.security.web.servletapi.SecurityContextHolderAwareRequestFilter@48f2054d, org.springframework.security.web.authentication.AnonymousAuthenticationFilter@7493d937, org.springframework.security.web.session.SessionManagementFilter@ef86c72, org.springframework.security.web.access.ExceptionTranslationFilter@1c7f9861, org.springframework.security.web.access.intercept.FilterSecurityInterceptor@3a861417]
2025-04-23 19:21:12,306 INFO o.s.m.w.MockServletContext {log} [main] Initializing Spring TestDispatcherServlet ''
2025-04-23 19:21:12,306 INFO o.s.w.s.FrameworkServlet {initServletBean} [main] Initializing Servlet ''
2025-04-23 19:21:12,311 INFO o.s.w.s.FrameworkServlet {initServletBean} [main] Completed initialization in 5 ms
2025-04-23 19:21:12,444 INFO o.s.b.StartupInfoLogger {logStarted} [main] Started BikeControllerTests in 11.361 seconds (JVM running for 14.351)
2025-04-23 20:20:11,423 INFO o.h.v.i.u.Version {<clinit>} [background-preinit] HV000001: Hibernate Validator 6.2.5.Final
2025-04-23 20:20:11,423 INFO o.s.b.StartupInfoLogger {logStarting} [main] Starting BikeControllerTests using Java 21 on DESKTOP-A2Q7539 with PID 14848 (started by 34618 in C:\Users\34618\Documents\2DAM Gdo. Superior\Acceso a datos 2DAM\hellospring)
2025-04-23 20:20:11,430 INFO o.s.b.SpringApplication {logStartupProfileInfo} [main] No active profile set, falling back to 1 default profile: "default"
2025-04-23 20:20:20,023 INFO o.s.s.w.DefaultSecurityFilterChain {<init>} [main] Will secure any request with [org.springframework.security.web.session.DisableEncodeUrlFilter@71dd4624, org.springframework.security.web.context.request.async.WebAsyncManagerIntegrationFilter@2347b7af, org.springframework.security.web.context.SecurityContextPersistenceFilter@35563e4c, org.springframework.security.web.header.HeaderWriterFilter@6321a5aa, org.springframework.web.filter.CorsFilter@2864f887, org.springframework.security.web.authentication.logout.LogoutFilter@3ca3648, com.svalero.apibikes.security.AuthTokenFilter@788e3702, org.springframework.security.web.savedrequest.RequestCacheAwareFilter@123307c4, org.springframework.security.web.servletapi.SecurityContextHolderAwareRequestFilter@9b2dc56, org.springframework.security.web.authentication.AnonymousAuthenticationFilter@4b07cad0, org.springframework.security.web.session.SessionManagementFilter@4ee8051c, org.springframework.security.web.access.ExceptionTranslationFilter@66713605, org.springframework.security.web.access.intercept.FilterSecurityInterceptor@3a588b5f]
2025-04-23 20:20:21,360 INFO o.s.m.w.MockServletContext {log} [main] Initializing Spring TestDispatcherServlet ''
2025-04-23 20:20:21,361 INFO o.s.w.s.FrameworkServlet {initServletBean} [main] Initializing Servlet ''
2025-04-23 20:20:21,366 INFO o.s.w.s.FrameworkServlet {initServletBean} [main] Completed initialization in 3 ms
2025-04-23 20:20:21,500 INFO o.s.b.StartupInfoLogger {logStarted} [main] Started BikeControllerTests in 11.911 seconds (JVM running for 14.892)
2025-04-23 20:25:27,595 INFO o.h.v.i.u.Version {<clinit>} [background-preinit] HV000001: Hibernate Validator 6.2.5.Final
2025-04-23 20:25:27,612 INFO o.s.b.StartupInfoLogger {logStarting} [main] Starting BikeControllerTests using Java 21 on DESKTOP-A2Q7539 with PID 11640 (started by 34618 in C:\Users\34618\Documents\2DAM Gdo. Superior\Acceso a datos 2DAM\hellospring)
2025-04-23 20:25:27,615 INFO o.s.b.SpringApplication {logStartupProfileInfo} [main] No active profile set, falling back to 1 default profile: "default"
2025-04-23 20:25:35,695 INFO o.s.s.w.DefaultSecurityFilterChain {<init>} [main] Will secure any request with [org.springframework.security.web.session.DisableEncodeUrlFilter@20b54cfe, org.springframework.security.web.context.request.async.WebAsyncManagerIntegrationFilter@2bdb5e0f, org.springframework.security.web.context.SecurityContextPersistenceFilter@39449465, org.springframework.security.web.header.HeaderWriterFilter@307cf964, org.springframework.web.filter.CorsFilter@5c9e8a67, org.springframework.security.web.authentication.logout.LogoutFilter@5866731, com.svalero.apibikes.security.AuthTokenFilter@255d9277, org.springframework.security.web.savedrequest.RequestCacheAwareFilter@4ee8051c, org.springframework.security.web.servletapi.SecurityContextHolderAwareRequestFilter@35563e4c, org.springframework.security.web.authentication.AnonymousAuthenticationFilter@2262f0d8, org.springframework.security.web.session.SessionManagementFilter@1b7554d4, org.springframework.security.web.access.ExceptionTranslationFilter@14e750c5, org.springframework.security.web.access.intercept.FilterSecurityInterceptor@64f32e9e]
2025-04-23 20:25:36,991 INFO o.s.m.w.MockServletContext {log} [main] Initializing Spring TestDispatcherServlet ''
2025-04-23 20:25:36,993 INFO o.s.w.s.FrameworkServlet {initServletBean} [main] Initializing Servlet ''
2025-04-23 20:25:36,998 INFO o.s.w.s.FrameworkServlet {initServletBean} [main] Completed initialization in 3 ms
2025-04-23 20:25:37,122 INFO o.s.b.StartupInfoLogger {logStarted} [main] Started BikeControllerTests in 10.883 seconds (JVM running for 14.057)
2025-04-23 21:28:48,777 INFO o.s.b.StartupInfoLogger {logStarting} [main] Starting BikeControllerTests using Java 21 on DESKTOP-A2Q7539 with PID 8564 (started by 34618 in C:\Users\34618\Documents\2DAM Gdo. Superior\Acceso a datos 2DAM\hellospring)
2025-04-23 21:28:48,785 INFO o.h.v.i.u.Version {<clinit>} [background-preinit] HV000001: Hibernate Validator 6.2.5.Final
2025-04-23 21:28:48,785 INFO o.s.b.SpringApplication {logStartupProfileInfo} [main] No active profile set, falling back to 1 default profile: "default"
2025-04-23 21:28:57,032 INFO o.s.s.w.DefaultSecurityFilterChain {<init>} [main] Will secure any request with [org.springframework.security.web.session.DisableEncodeUrlFilter@5ed25612, org.springframework.security.web.context.request.async.WebAsyncManagerIntegrationFilter@451816fd, org.springframework.security.web.context.SecurityContextPersistenceFilter@9b2dc56, org.springframework.security.web.header.HeaderWriterFilter@2e0ad709, org.springframework.web.filter.CorsFilter@56e5c8fb, org.springframework.security.web.authentication.logout.LogoutFilter@73e1ecd0, com.svalero.apibikes.security.AuthTokenFilter@26b3c9a2, org.springframework.security.web.savedrequest.RequestCacheAwareFilter@51f68849, org.springframework.security.web.servletapi.SecurityContextHolderAwareRequestFilter@4b3a01d8, org.springframework.security.web.authentication.AnonymousAuthenticationFilter@45cd8607, org.springframework.security.web.session.SessionManagementFilter@123307c4, org.springframework.security.web.access.ExceptionTranslationFilter@7a36c83a, org.springframework.security.web.access.intercept.FilterSecurityInterceptor@4a6a6a69]
2025-04-23 21:28:58,492 INFO o.s.m.w.MockServletContext {log} [main] Initializing Spring TestDispatcherServlet ''
2025-04-23 21:28:58,492 INFO o.s.w.s.FrameworkServlet {initServletBean} [main] Initializing Servlet ''
2025-04-23 21:28:58,500 INFO o.s.w.s.FrameworkServlet {initServletBean} [main] Completed initialization in 3 ms
2025-04-23 21:28:58,629 INFO o.s.b.StartupInfoLogger {logStarted} [main] Started BikeControllerTests in 11.398 seconds (JVM running for 14.296)
2025-04-23 21:29:40,969 INFO o.h.v.i.u.Version {<clinit>} [background-preinit] HV000001: Hibernate Validator 6.2.5.Final
2025-04-23 21:29:40,991 INFO o.s.b.StartupInfoLogger {logStarting} [main] Starting BikeControllerTests using Java 21 on DESKTOP-A2Q7539 with PID 17820 (started by 34618 in C:\Users\34618\Documents\2DAM Gdo. Superior\Acceso a datos 2DAM\hellospring)
2025-04-23 21:29:40,998 INFO o.s.b.SpringApplication {logStartupProfileInfo} [main] No active profile set, falling back to 1 default profile: "default"
2025-04-23 21:29:49,453 INFO o.s.s.w.DefaultSecurityFilterChain {<init>} [main] Will secure any request with [org.springframework.security.web.session.DisableEncodeUrlFilter@6ba6557e, org.springframework.security.web.context.request.async.WebAsyncManagerIntegrationFilter@1f172892, org.springframework.security.web.context.SecurityContextPersistenceFilter@39449465, org.springframework.security.web.header.HeaderWriterFilter@307cf964, org.springframework.web.filter.CorsFilter@5409dfdd, org.springframework.security.web.authentication.logout.LogoutFilter@5866731, com.svalero.apibikes.security.AuthTokenFilter@255d9277, org.springframework.security.web.savedrequest.RequestCacheAwareFilter@4ee8051c, org.springframework.security.web.servletapi.SecurityContextHolderAwareRequestFilter@35563e4c, org.springframework.security.web.authentication.AnonymousAuthenticationFilter@45f9d394, org.springframework.security.web.session.SessionManagementFilter@1b7554d4, org.springframework.security.web.access.ExceptionTranslationFilter@14e750c5, org.springframework.security.web.access.intercept.FilterSecurityInterceptor@4d25f816]
2025-04-23 21:29:50,814 INFO o.s.m.w.MockServletContext {log} [main] Initializing Spring TestDispatcherServlet ''
2025-04-23 21:29:50,814 INFO o.s.w.s.FrameworkServlet {initServletBean} [main] Initializing Servlet ''
2025-04-23 21:29:50,819 INFO o.s.w.s.FrameworkServlet {initServletBean} [main] Completed initialization in 5 ms
2025-04-23 21:29:50,911 INFO o.s.b.StartupInfoLogger {logStarted} [main] Started BikeControllerTests in 11.269 seconds (JVM running for 14.687)
2025-04-23 21:32:40,725 INFO o.s.b.StartupInfoLogger {logStarting} [main] Starting BikeControllerTests using Java 21 on DESKTOP-A2Q7539 with PID 10196 (started by 34618 in C:\Users\34618\Documents\2DAM Gdo. Superior\Acceso a datos 2DAM\hellospring)
2025-04-23 21:32:40,729 INFO o.h.v.i.u.Version {<clinit>} [background-preinit] HV000001: Hibernate Validator 6.2.5.Final
2025-04-23 21:32:40,729 INFO o.s.b.SpringApplication {logStartupProfileInfo} [main] No active profile set, falling back to 1 default profile: "default"
2025-04-23 21:32:48,748 INFO o.s.s.w.DefaultSecurityFilterChain {<init>} [main] Will secure any request with [org.springframework.security.web.session.DisableEncodeUrlFilter@72b40f87, org.springframework.security.web.context.request.async.WebAsyncManagerIntegrationFilter@2475fba3, org.springframework.security.web.context.SecurityContextPersistenceFilter@54ccb3, org.springframework.security.web.header.HeaderWriterFilter@1ea930eb, org.springframework.web.filter.CorsFilter@19bf47fc, org.springframework.security.web.authentication.logout.LogoutFilter@3bbb8c16, com.svalero.apibikes.security.AuthTokenFilter@245cb8df, org.springframework.security.web.savedrequest.RequestCacheAwareFilter@7761e342, org.springframework.security.web.servletapi.SecurityContextHolderAwareRequestFilter@48f2054d, org.springframework.security.web.authentication.AnonymousAuthenticationFilter@71dd4624, org.springframework.security.web.session.SessionManagementFilter@ef86c72, org.springframework.security.web.access.ExceptionTranslationFilter@1c7f9861, org.springframework.security.web.access.intercept.FilterSecurityInterceptor@5409dfdd]
2025-04-23 21:32:49,983 INFO o.s.m.w.MockServletContext {log} [main] Initializing Spring TestDispatcherServlet ''
2025-04-23 21:32:49,985 INFO o.s.w.s.FrameworkServlet {initServletBean} [main] Initializing Servlet ''
2025-04-23 21:32:49,989 INFO o.s.w.s.FrameworkServlet {initServletBean} [main] Completed initialization in 2 ms
2025-04-23 21:32:50,139 INFO o.s.b.StartupInfoLogger {logStarted} [main] Started BikeControllerTests in 10.721 seconds (JVM running for 13.591)
2025-04-23 22:06:35,221 INFO o.h.v.i.u.Version {<clinit>} [background-preinit] HV000001: Hibernate Validator 6.2.5.Final
2025-04-23 22:06:35,233 INFO o.s.b.StartupInfoLogger {logStarting} [main] Starting BikeControllerTests using Java 21 on DESKTOP-A2Q7539 with PID 18396 (started by 34618 in C:\Users\34618\Documents\2DAM Gdo. Superior\Acceso a datos 2DAM\hellospring)
2025-04-23 22:06:35,234 INFO o.s.b.SpringApplication {logStartupProfileInfo} [main] No active profile set, falling back to 1 default profile: "default"
2025-04-23 22:06:40,578 INFO o.s.s.w.DefaultSecurityFilterChain {<init>} [main] Will secure any request with [org.springframework.security.web.session.DisableEncodeUrlFilter@2262f0d8, org.springframework.security.web.context.request.async.WebAsyncManagerIntegrationFilter@283a8ad6, org.springframework.security.web.context.SecurityContextPersistenceFilter@1693ff90, org.springframework.security.web.header.HeaderWriterFilter@7b297740, org.springframework.web.filter.CorsFilter@59e082f8, org.springframework.security.web.authentication.logout.LogoutFilter@2abc55c4, com.svalero.apibikes.security.AuthTokenFilter@712e787e, org.springframework.security.web.savedrequest.RequestCacheAwareFilter@54ccb3, org.springframework.security.web.servletapi.SecurityContextHolderAwareRequestFilter@4eb9ae4d, org.springframework.security.web.authentication.AnonymousAuthenticationFilter@7185e611, org.springframework.security.web.session.SessionManagementFilter@743d0d44, org.springframework.security.web.access.ExceptionTranslationFilter@37ca3ca8, org.springframework.security.web.access.intercept.FilterSecurityInterceptor@62b0bf85]
2025-04-23 22:06:41,128 INFO o.s.m.w.MockServletContext {log} [main] Initializing Spring TestDispatcherServlet ''
2025-04-23 22:06:41,128 INFO o.s.w.s.FrameworkServlet {initServletBean} [main] Initializing Servlet ''
2025-04-23 22:06:41,131 INFO o.s.w.s.FrameworkServlet {initServletBean} [main] Completed initialization in 2 ms
2025-04-23 22:06:41,189 INFO o.s.b.StartupInfoLogger {logStarted} [main] Started BikeControllerTests in 6.767 seconds (JVM running for 8.505)
2025-04-23 22:13:16,425 INFO o.h.v.i.u.Version {<clinit>} [background-preinit] HV000001: Hibernate Validator 6.2.5.Final
2025-04-23 22:13:16,428 INFO o.s.b.StartupInfoLogger {logStarting} [main] Starting BikeControllerTests using Java 21 on DESKTOP-A2Q7539 with PID 6576 (started by 34618 in C:\Users\34618\Documents\2DAM Gdo. Superior\Acceso a datos 2DAM\hellospring)
2025-04-23 22:13:16,430 INFO o.s.b.SpringApplication {logStartupProfileInfo} [main] No active profile set, falling back to 1 default profile: "default"
2025-04-23 22:13:21,545 INFO o.s.s.w.DefaultSecurityFilterChain {<init>} [main] Will secure any request with [org.springframework.security.web.session.DisableEncodeUrlFilter@2262f0d8, org.springframework.security.web.context.request.async.WebAsyncManagerIntegrationFilter@283a8ad6, org.springframework.security.web.context.SecurityContextPersistenceFilter@1fe8f5e8, org.springframework.security.web.header.HeaderWriterFilter@2c7c0e36, org.springframework.web.filter.CorsFilter@59e082f8, org.springframework.security.web.authentication.logout.LogoutFilter@7f2b584b, com.svalero.apibikes.security.AuthTokenFilter@3f048c86, org.springframework.security.web.savedrequest.RequestCacheAwareFilter@16f7f59f, org.springframework.security.web.servletapi.SecurityContextHolderAwareRequestFilter@743d0d44, org.springframework.security.web.authentication.AnonymousAuthenticationFilter@7185e611, org.springframework.security.web.session.SessionManagementFilter@7b297740, org.springframework.security.web.access.ExceptionTranslationFilter@4409cae6, org.springframework.security.web.access.intercept.FilterSecurityInterceptor@62b0bf85]
2025-04-23 22:13:22,069 INFO o.s.m.w.MockServletContext {log} [main] Initializing Spring TestDispatcherServlet ''
2025-04-23 22:13:22,070 INFO o.s.w.s.FrameworkServlet {initServletBean} [main] Initializing Servlet ''
2025-04-23 22:13:22,074 INFO o.s.w.s.FrameworkServlet {initServletBean} [main] Completed initialization in 3 ms
2025-04-23 22:13:22,147 INFO o.s.b.StartupInfoLogger {logStarted} [main] Started BikeControllerTests in 6.354 seconds (JVM running for 8.59)
2025-04-23 22:22:38,472 INFO o.h.v.i.u.Version {<clinit>} [background-preinit] HV000001: Hibernate Validator 6.2.5.Final
2025-04-23 22:22:38,494 INFO o.s.b.StartupInfoLogger {logStarting} [main] Starting BikeControllerTests using Java 21 on DESKTOP-A2Q7539 with PID 10812 (started by 34618 in C:\Users\34618\Documents\2DAM Gdo. Superior\Acceso a datos 2DAM\hellospring)
2025-04-23 22:22:38,495 INFO o.s.b.SpringApplication {logStartupProfileInfo} [main] No active profile set, falling back to 1 default profile: "default"
2025-04-23 22:22:41,479 WARN o.s.c.s.AbstractApplicationContext {refresh} [main] Exception encountered during context initialization - cancelling refresh attempt: org.springframework.beans.factory.UnsatisfiedDependencyException: Error creating bean with name 'jwtUtils': Unsatisfied dependency expressed through field 'jwtEncoder'; nested exception is org.springframework.beans.factory.NoSuchBeanDefinitionException: No qualifying bean of type 'org.springframework.security.oauth2.jwt.JwtEncoder' available: expected at least 1 bean which qualifies as autowire candidate. Dependency annotations: {@org.springframework.beans.factory.annotation.Autowired(required=true)}
2025-04-23 22:22:41,495 INFO o.s.b.a.l.ConditionEvaluationReportLoggingListener {logMessage} [main] 

Error starting ApplicationContext. To display the conditions report re-run your application with 'debug' enabled.
2025-04-23 22:22:41,550 ERROR o.s.b.d.LoggingFailureAnalysisReporter {report} [main] 

***************************
APPLICATION FAILED TO START
***************************

Description:

Field jwtEncoder in com.svalero.apibikes.config.JwtUtils required a bean of type 'org.springframework.security.oauth2.jwt.JwtEncoder' that could not be found.

The injection point has the following annotations:
	- @org.springframework.beans.factory.annotation.Autowired(required=true)


Action:

Consider defining a bean of type 'org.springframework.security.oauth2.jwt.JwtEncoder' in your configuration.

2025-04-23 22:22:41,559 ERROR o.s.t.c.TestContextManager {prepareTestInstance} [main] Caught exception while allowing TestExecutionListener [org.springframework.boot.test.mock.mockito.MockitoTestExecutionListener@3e0e1046] to prepare test instance [com.svalero.apibikes.BikeControllerTests@2bb41f5c]
java.lang.IllegalStateException: Failed to load ApplicationContext
	at org.springframework.test.context.cache.DefaultCacheAwareContextLoaderDelegate.loadContext(DefaultCacheAwareContextLoaderDelegate.java:98)
	at org.springframework.test.context.support.DefaultTestContext.getApplicationContext(DefaultTestContext.java:124)
	at org.springframework.boot.test.mock.mockito.MockitoTestExecutionListener.postProcessFields(MockitoTestExecutionListener.java:110)
	at org.springframework.boot.test.mock.mockito.MockitoTestExecutionListener.injectFields(MockitoTestExecutionListener.java:94)
	at org.springframework.boot.test.mock.mockito.MockitoTestExecutionListener.prepareTestInstance(MockitoTestExecutionListener.java:61)
	at org.springframework.test.context.TestContextManager.prepareTestInstance(TestContextManager.java:248)
	at org.springframework.test.context.junit.jupiter.SpringExtension.postProcessTestInstance(SpringExtension.java:138)
	at org.junit.jupiter.engine.descriptor.ClassBasedTestDescriptor.lambda$invokeTestInstancePostProcessors$8(ClassBasedTestDescriptor.java:363)
	at org.junit.jupiter.engine.descriptor.ClassBasedTestDescriptor.executeAndMaskThrowable(ClassBasedTestDescriptor.java:368)
	at org.junit.jupiter.engine.descriptor.ClassBasedTestDescriptor.lambda$invokeTestInstancePostProcessors$9(ClassBasedTestDescriptor.java:363)
	at java.base/java.util.stream.ReferencePipeline$3$1.accept(ReferencePipeline.java:197)
	at java.base/java.util.stream.ReferencePipeline$2$1.accept(ReferencePipeline.java:179)
	at java.base/java.util.ArrayList$ArrayListSpliterator.forEachRemaining(ArrayList.java:1708)
	at java.base/java.util.stream.AbstractPipeline.copyInto(AbstractPipeline.java:509)
	at java.base/java.util.stream.AbstractPipeline.wrapAndCopyInto(AbstractPipeline.java:499)
	at java.base/java.util.stream.StreamSpliterators$WrappingSpliterator.forEachRemaining(StreamSpliterators.java:310)
	at java.base/java.util.stream.Streams$ConcatSpliterator.forEachRemaining(Streams.java:735)
	at java.base/java.util.stream.Streams$ConcatSpliterator.forEachRemaining(Streams.java:734)
	at java.base/java.util.stream.ReferencePipeline$Head.forEach(ReferencePipeline.java:762)
	at org.junit.jupiter.engine.descriptor.ClassBasedTestDescriptor.invokeTestInstancePostProcessors(ClassBasedTestDescriptor.java:362)
	at org.junit.jupiter.engine.descriptor.ClassBasedTestDescriptor.lambda$instantiateAndPostProcessTestInstance$6(ClassBasedTestDescriptor.java:283)
	at org.junit.platform.engine.support.hierarchical.ThrowableCollector.execute(ThrowableCollector.java:73)
	at org.junit.jupiter.engine.descriptor.ClassBasedTestDescriptor.instantiateAndPostProcessTestInstance(ClassBasedTestDescriptor.java:282)
	at org.junit.jupiter.engine.descriptor.ClassBasedTestDescriptor.lambda$testInstancesProvider$4(ClassBasedTestDescriptor.java:272)
	at java.base/java.util.Optional.orElseGet(Optional.java:364)
	at org.junit.jupiter.engine.descriptor.ClassBasedTestDescriptor.lambda$testInstancesProvider$5(ClassBasedTestDescriptor.java:271)
	at org.junit.jupiter.engine.execution.TestInstancesProvider.getTestInstances(TestInstancesProvider.java:31)
	at org.junit.jupiter.engine.descriptor.TestMethodTestDescriptor.lambda$prepare$0(TestMethodTestDescriptor.java:102)
	at org.junit.platform.engine.support.hierarchical.ThrowableCollector.execute(ThrowableCollector.java:73)
	at org.junit.jupiter.engine.descriptor.TestMethodTestDescriptor.prepare(TestMethodTestDescriptor.java:101)
	at org.junit.jupiter.engine.descriptor.TestMethodTestDescriptor.prepare(TestMethodTestDescriptor.java:66)
	at org.junit.platform.engine.support.hierarchical.NodeTestTask.lambda$prepare$2(NodeTestTask.java:123)
	at org.junit.platform.engine.support.hierarchical.ThrowableCollector.execute(ThrowableCollector.java:73)
	at org.junit.platform.engine.support.hierarchical.NodeTestTask.prepare(NodeTestTask.java:123)
	at org.junit.platform.engine.support.hierarchical.NodeTestTask.execute(NodeTestTask.java:90)
	at java.base/java.util.ArrayList.forEach(ArrayList.java:1596)
	at org.junit.platform.engine.support.hierarchical.SameThreadHierarchicalTestExecutorService.invokeAll(SameThreadHierarchicalTestExecutorService.java:41)
	at org.junit.platform.engine.support.hierarchical.NodeTestTask.lambda$executeRecursively$6(NodeTestTask.java:155)
	at org.junit.platform.engine.support.hierarchical.ThrowableCollector.execute(ThrowableCollector.java:73)
	at org.junit.platform.engine.support.hierarchical.NodeTestTask.lambda$executeRecursively$8(NodeTestTask.java:141)
	at org.junit.platform.engine.support.hierarchical.Node.around(Node.java:137)
	at org.junit.platform.engine.support.hierarchical.NodeTestTask.lambda$executeRecursively$9(NodeTestTask.java:139)
	at org.junit.platform.engine.support.hierarchical.ThrowableCollector.execute(ThrowableCollector.java:73)
	at org.junit.platform.engine.support.hierarchical.NodeTestTask.executeRecursively(NodeTestTask.java:138)
	at org.junit.platform.engine.support.hierarchical.NodeTestTask.execute(NodeTestTask.java:95)
	at java.base/java.util.ArrayList.forEach(ArrayList.java:1596)
	at org.junit.platform.engine.support.hierarchical.SameThreadHierarchicalTestExecutorService.invokeAll(SameThreadHierarchicalTestExecutorService.java:41)
	at org.junit.platform.engine.support.hierarchical.NodeTestTask.lambda$executeRecursively$6(NodeTestTask.java:155)
	at org.junit.platform.engine.support.hierarchical.ThrowableCollector.execute(ThrowableCollector.java:73)
	at org.junit.platform.engine.support.hierarchical.NodeTestTask.lambda$executeRecursively$8(NodeTestTask.java:141)
	at org.junit.platform.engine.support.hierarchical.Node.around(Node.java:137)
	at org.junit.platform.engine.support.hierarchical.NodeTestTask.lambda$executeRecursively$9(NodeTestTask.java:139)
	at org.junit.platform.engine.support.hierarchical.ThrowableCollector.execute(ThrowableCollector.java:73)
	at org.junit.platform.engine.support.hierarchical.NodeTestTask.executeRecursively(NodeTestTask.java:138)
	at org.junit.platform.engine.support.hierarchical.NodeTestTask.execute(NodeTestTask.java:95)
	at org.junit.platform.engine.support.hierarchical.SameThreadHierarchicalTestExecutorService.submit(SameThreadHierarchicalTestExecutorService.java:35)
	at org.junit.platform.engine.support.hierarchical.HierarchicalTestExecutor.execute(HierarchicalTestExecutor.java:57)
	at org.junit.platform.engine.support.hierarchical.HierarchicalTestEngine.execute(HierarchicalTestEngine.java:54)
	at org.junit.platform.launcher.core.DefaultLauncher.execute(DefaultLauncher.java:220)
	at org.junit.platform.launcher.core.DefaultLauncher.lambda$execute$6(DefaultLauncher.java:188)
	at org.junit.platform.launcher.core.DefaultLauncher.withInterceptedStreams(DefaultLauncher.java:202)
	at org.junit.platform.launcher.core.DefaultLauncher.execute(DefaultLauncher.java:181)
	at org.junit.platform.launcher.core.DefaultLauncher.execute(DefaultLauncher.java:128)
	at org.apache.maven.surefire.junitplatform.JUnitPlatformProvider.invokeAllTests(JUnitPlatformProvider.java:150)
	at org.apache.maven.surefire.junitplatform.JUnitPlatformProvider.invoke(JUnitPlatformProvider.java:124)
	at org.apache.maven.surefire.booter.ForkedBooter.invokeProviderInSameClassLoader(ForkedBooter.java:384)
	at org.apache.maven.surefire.booter.ForkedBooter.runSuitesInProcess(ForkedBooter.java:345)
	at org.apache.maven.surefire.booter.ForkedBooter.execute(ForkedBooter.java:126)
	at org.apache.maven.surefire.booter.ForkedBooter.main(ForkedBooter.java:418)
Caused by: org.springframework.beans.factory.UnsatisfiedDependencyException: Error creating bean with name 'jwtUtils': Unsatisfied dependency expressed through field 'jwtEncoder'; nested exception is org.springframework.beans.factory.NoSuchBeanDefinitionException: No qualifying bean of type 'org.springframework.security.oauth2.jwt.JwtEncoder' available: expected at least 1 bean which qualifies as autowire candidate. Dependency annotations: {@org.springframework.beans.factory.annotation.Autowired(required=true)}
	at org.springframework.beans.factory.annotation.AutowiredAnnotationBeanPostProcessor$AutowiredFieldElement.resolveFieldValue(AutowiredAnnotationBeanPostProcessor.java:713)
	at org.springframework.beans.factory.annotation.AutowiredAnnotationBeanPostProcessor$AutowiredFieldElement.inject(AutowiredAnnotationBeanPostProcessor.java:693)
	at org.springframework.beans.factory.annotation.InjectionMetadata.inject(InjectionMetadata.java:119)
	at org.springframework.beans.factory.annotation.AutowiredAnnotationBeanPostProcessor.postProcessProperties(AutowiredAnnotationBeanPostProcessor.java:408)
	at org.springframework.beans.factory.support.AbstractAutowireCapableBeanFactory.populateBean(AbstractAutowireCapableBeanFactory.java:1431)
	at org.springframework.beans.factory.support.AbstractAutowireCapableBeanFactory.doCreateBean(AbstractAutowireCapableBeanFactory.java:619)
	at org.springframework.beans.factory.support.AbstractAutowireCapableBeanFactory.createBean(AbstractAutowireCapableBeanFactory.java:542)
	at org.springframework.beans.factory.support.AbstractBeanFactory.lambda$doGetBean$0(AbstractBeanFactory.java:335)
	at org.springframework.beans.factory.support.DefaultSingletonBeanRegistry.getSingleton(DefaultSingletonBeanRegistry.java:234)
	at org.springframework.beans.factory.support.AbstractBeanFactory.doGetBean(AbstractBeanFactory.java:333)
	at org.springframework.beans.factory.support.AbstractBeanFactory.getBean(AbstractBeanFactory.java:208)
	at org.springframework.beans.factory.support.DefaultListableBeanFactory.preInstantiateSingletons(DefaultListableBeanFactory.java:955)
	at org.springframework.context.support.AbstractApplicationContext.finishBeanFactoryInitialization(AbstractApplicationContext.java:929)
	at org.springframework.context.support.AbstractApplicationContext.refresh(AbstractApplicationContext.java:591)
	at org.springframework.boot.SpringApplication.refresh(SpringApplication.java:732)
	at org.springframework.boot.SpringApplication.refreshContext(SpringApplication.java:409)
	at org.springframework.boot.SpringApplication.run(SpringApplication.java:308)
	at org.springframework.boot.test.context.SpringBootContextLoader.loadContext(SpringBootContextLoader.java:136)
	at org.springframework.test.context.cache.DefaultCacheAwareContextLoaderDelegate.loadContextInternal(DefaultCacheAwareContextLoaderDelegate.java:141)
	at org.springframework.test.context.cache.DefaultCacheAwareContextLoaderDelegate.loadContext(DefaultCacheAwareContextLoaderDelegate.java:90)
	... 68 common frames omitted
Caused by: org.springframework.beans.factory.NoSuchBeanDefinitionException: No qualifying bean of type 'org.springframework.security.oauth2.jwt.JwtEncoder' available: expected at least 1 bean which qualifies as autowire candidate. Dependency annotations: {@org.springframework.beans.factory.annotation.Autowired(required=true)}
	at org.springframework.beans.factory.support.DefaultListableBeanFactory.raiseNoMatchingBeanFound(DefaultListableBeanFactory.java:1801)
	at org.springframework.beans.factory.support.DefaultListableBeanFactory.doResolveDependency(DefaultListableBeanFactory.java:1357)
	at org.springframework.beans.factory.support.DefaultListableBeanFactory.resolveDependency(DefaultListableBeanFactory.java:1311)
	at org.springframework.beans.factory.annotation.AutowiredAnnotationBeanPostProcessor$AutowiredFieldElement.resolveFieldValue(AutowiredAnnotationBeanPostProcessor.java:710)
	... 87 common frames omitted
2025-04-23 22:22:41,712 INFO o.s.b.StartupInfoLogger {logStarting} [main] Starting BikeControllerTests using Java 21 on DESKTOP-A2Q7539 with PID 10812 (started by 34618 in C:\Users\34618\Documents\2DAM Gdo. Superior\Acceso a datos 2DAM\hellospring)
2025-04-23 22:22:41,713 INFO o.s.b.SpringApplication {logStartupProfileInfo} [main] No active profile set, falling back to 1 default profile: "default"
2025-04-23 22:22:42,337 WARN o.s.c.s.AbstractApplicationContext {refresh} [main] Exception encountered during context initialization - cancelling refresh attempt: org.springframework.beans.factory.UnsatisfiedDependencyException: Error creating bean with name 'jwtUtils': Unsatisfied dependency expressed through field 'jwtEncoder'; nested exception is org.springframework.beans.factory.NoSuchBeanDefinitionException: No qualifying bean of type 'org.springframework.security.oauth2.jwt.JwtEncoder' available: expected at least 1 bean which qualifies as autowire candidate. Dependency annotations: {@org.springframework.beans.factory.annotation.Autowired(required=true)}
2025-04-23 22:22:42,341 INFO o.s.b.a.l.ConditionEvaluationReportLoggingListener {logMessage} [main] 

Error starting ApplicationContext. To display the conditions report re-run your application with 'debug' enabled.
2025-04-23 22:22:42,349 ERROR o.s.b.d.LoggingFailureAnalysisReporter {report} [main] 

***************************
APPLICATION FAILED TO START
***************************

Description:

Field jwtEncoder in com.svalero.apibikes.config.JwtUtils required a bean of type 'org.springframework.security.oauth2.jwt.JwtEncoder' that could not be found.

The injection point has the following annotations:
	- @org.springframework.beans.factory.annotation.Autowired(required=true)


Action:

Consider defining a bean of type 'org.springframework.security.oauth2.jwt.JwtEncoder' in your configuration.

2025-04-23 22:22:42,356 ERROR o.s.t.c.TestContextManager {prepareTestInstance} [main] Caught exception while allowing TestExecutionListener [org.springframework.boot.test.mock.mockito.MockitoTestExecutionListener@3e0e1046] to prepare test instance [com.svalero.apibikes.BikeControllerTests@2415e4c7]
java.lang.IllegalStateException: Failed to load ApplicationContext
	at org.springframework.test.context.cache.DefaultCacheAwareContextLoaderDelegate.loadContext(DefaultCacheAwareContextLoaderDelegate.java:98)
	at org.springframework.test.context.support.DefaultTestContext.getApplicationContext(DefaultTestContext.java:124)
	at org.springframework.boot.test.mock.mockito.MockitoTestExecutionListener.postProcessFields(MockitoTestExecutionListener.java:110)
	at org.springframework.boot.test.mock.mockito.MockitoTestExecutionListener.injectFields(MockitoTestExecutionListener.java:94)
	at org.springframework.boot.test.mock.mockito.MockitoTestExecutionListener.prepareTestInstance(MockitoTestExecutionListener.java:61)
	at org.springframework.test.context.TestContextManager.prepareTestInstance(TestContextManager.java:248)
	at org.springframework.test.context.junit.jupiter.SpringExtension.postProcessTestInstance(SpringExtension.java:138)
	at org.junit.jupiter.engine.descriptor.ClassBasedTestDescriptor.lambda$invokeTestInstancePostProcessors$8(ClassBasedTestDescriptor.java:363)
	at org.junit.jupiter.engine.descriptor.ClassBasedTestDescriptor.executeAndMaskThrowable(ClassBasedTestDescriptor.java:368)
	at org.junit.jupiter.engine.descriptor.ClassBasedTestDescriptor.lambda$invokeTestInstancePostProcessors$9(ClassBasedTestDescriptor.java:363)
	at java.base/java.util.stream.ReferencePipeline$3$1.accept(ReferencePipeline.java:197)
	at java.base/java.util.stream.ReferencePipeline$2$1.accept(ReferencePipeline.java:179)
	at java.base/java.util.ArrayList$ArrayListSpliterator.forEachRemaining(ArrayList.java:1708)
	at java.base/java.util.stream.AbstractPipeline.copyInto(AbstractPipeline.java:509)
	at java.base/java.util.stream.AbstractPipeline.wrapAndCopyInto(AbstractPipeline.java:499)
	at java.base/java.util.stream.StreamSpliterators$WrappingSpliterator.forEachRemaining(StreamSpliterators.java:310)
	at java.base/java.util.stream.Streams$ConcatSpliterator.forEachRemaining(Streams.java:735)
	at java.base/java.util.stream.Streams$ConcatSpliterator.forEachRemaining(Streams.java:734)
	at java.base/java.util.stream.ReferencePipeline$Head.forEach(ReferencePipeline.java:762)
	at org.junit.jupiter.engine.descriptor.ClassBasedTestDescriptor.invokeTestInstancePostProcessors(ClassBasedTestDescriptor.java:362)
	at org.junit.jupiter.engine.descriptor.ClassBasedTestDescriptor.lambda$instantiateAndPostProcessTestInstance$6(ClassBasedTestDescriptor.java:283)
	at org.junit.platform.engine.support.hierarchical.ThrowableCollector.execute(ThrowableCollector.java:73)
	at org.junit.jupiter.engine.descriptor.ClassBasedTestDescriptor.instantiateAndPostProcessTestInstance(ClassBasedTestDescriptor.java:282)
	at org.junit.jupiter.engine.descriptor.ClassBasedTestDescriptor.lambda$testInstancesProvider$4(ClassBasedTestDescriptor.java:272)
	at java.base/java.util.Optional.orElseGet(Optional.java:364)
	at org.junit.jupiter.engine.descriptor.ClassBasedTestDescriptor.lambda$testInstancesProvider$5(ClassBasedTestDescriptor.java:271)
	at org.junit.jupiter.engine.execution.TestInstancesProvider.getTestInstances(TestInstancesProvider.java:31)
	at org.junit.jupiter.engine.descriptor.TestMethodTestDescriptor.lambda$prepare$0(TestMethodTestDescriptor.java:102)
	at org.junit.platform.engine.support.hierarchical.ThrowableCollector.execute(ThrowableCollector.java:73)
	at org.junit.jupiter.engine.descriptor.TestMethodTestDescriptor.prepare(TestMethodTestDescriptor.java:101)
	at org.junit.jupiter.engine.descriptor.TestMethodTestDescriptor.prepare(TestMethodTestDescriptor.java:66)
	at org.junit.platform.engine.support.hierarchical.NodeTestTask.lambda$prepare$2(NodeTestTask.java:123)
	at org.junit.platform.engine.support.hierarchical.ThrowableCollector.execute(ThrowableCollector.java:73)
	at org.junit.platform.engine.support.hierarchical.NodeTestTask.prepare(NodeTestTask.java:123)
	at org.junit.platform.engine.support.hierarchical.NodeTestTask.execute(NodeTestTask.java:90)
	at java.base/java.util.ArrayList.forEach(ArrayList.java:1596)
	at org.junit.platform.engine.support.hierarchical.SameThreadHierarchicalTestExecutorService.invokeAll(SameThreadHierarchicalTestExecutorService.java:41)
	at org.junit.platform.engine.support.hierarchical.NodeTestTask.lambda$executeRecursively$6(NodeTestTask.java:155)
	at org.junit.platform.engine.support.hierarchical.ThrowableCollector.execute(ThrowableCollector.java:73)
	at org.junit.platform.engine.support.hierarchical.NodeTestTask.lambda$executeRecursively$8(NodeTestTask.java:141)
	at org.junit.platform.engine.support.hierarchical.Node.around(Node.java:137)
	at org.junit.platform.engine.support.hierarchical.NodeTestTask.lambda$executeRecursively$9(NodeTestTask.java:139)
	at org.junit.platform.engine.support.hierarchical.ThrowableCollector.execute(ThrowableCollector.java:73)
	at org.junit.platform.engine.support.hierarchical.NodeTestTask.executeRecursively(NodeTestTask.java:138)
	at org.junit.platform.engine.support.hierarchical.NodeTestTask.execute(NodeTestTask.java:95)
	at java.base/java.util.ArrayList.forEach(ArrayList.java:1596)
	at org.junit.platform.engine.support.hierarchical.SameThreadHierarchicalTestExecutorService.invokeAll(SameThreadHierarchicalTestExecutorService.java:41)
	at org.junit.platform.engine.support.hierarchical.NodeTestTask.lambda$executeRecursively$6(NodeTestTask.java:155)
	at org.junit.platform.engine.support.hierarchical.ThrowableCollector.execute(ThrowableCollector.java:73)
	at org.junit.platform.engine.support.hierarchical.NodeTestTask.lambda$executeRecursively$8(NodeTestTask.java:141)
	at org.junit.platform.engine.support.hierarchical.Node.around(Node.java:137)
	at org.junit.platform.engine.support.hierarchical.NodeTestTask.lambda$executeRecursively$9(NodeTestTask.java:139)
	at org.junit.platform.engine.support.hierarchical.ThrowableCollector.execute(ThrowableCollector.java:73)
	at org.junit.platform.engine.support.hierarchical.NodeTestTask.executeRecursively(NodeTestTask.java:138)
	at org.junit.platform.engine.support.hierarchical.NodeTestTask.execute(NodeTestTask.java:95)
	at org.junit.platform.engine.support.hierarchical.SameThreadHierarchicalTestExecutorService.submit(SameThreadHierarchicalTestExecutorService.java:35)
	at org.junit.platform.engine.support.hierarchical.HierarchicalTestExecutor.execute(HierarchicalTestExecutor.java:57)
	at org.junit.platform.engine.support.hierarchical.HierarchicalTestEngine.execute(HierarchicalTestEngine.java:54)
	at org.junit.platform.launcher.core.DefaultLauncher.execute(DefaultLauncher.java:220)
	at org.junit.platform.launcher.core.DefaultLauncher.lambda$execute$6(DefaultLauncher.java:188)
	at org.junit.platform.launcher.core.DefaultLauncher.withInterceptedStreams(DefaultLauncher.java:202)
	at org.junit.platform.launcher.core.DefaultLauncher.execute(DefaultLauncher.java:181)
	at org.junit.platform.launcher.core.DefaultLauncher.execute(DefaultLauncher.java:128)
	at org.apache.maven.surefire.junitplatform.JUnitPlatformProvider.invokeAllTests(JUnitPlatformProvider.java:150)
	at org.apache.maven.surefire.junitplatform.JUnitPlatformProvider.invoke(JUnitPlatformProvider.java:124)
	at org.apache.maven.surefire.booter.ForkedBooter.invokeProviderInSameClassLoader(ForkedBooter.java:384)
	at org.apache.maven.surefire.booter.ForkedBooter.runSuitesInProcess(ForkedBooter.java:345)
	at org.apache.maven.surefire.booter.ForkedBooter.execute(ForkedBooter.java:126)
	at org.apache.maven.surefire.booter.ForkedBooter.main(ForkedBooter.java:418)
Caused by: org.springframework.beans.factory.UnsatisfiedDependencyException: Error creating bean with name 'jwtUtils': Unsatisfied dependency expressed through field 'jwtEncoder'; nested exception is org.springframework.beans.factory.NoSuchBeanDefinitionException: No qualifying bean of type 'org.springframework.security.oauth2.jwt.JwtEncoder' available: expected at least 1 bean which qualifies as autowire candidate. Dependency annotations: {@org.springframework.beans.factory.annotation.Autowired(required=true)}
	at org.springframework.beans.factory.annotation.AutowiredAnnotationBeanPostProcessor$AutowiredFieldElement.resolveFieldValue(AutowiredAnnotationBeanPostProcessor.java:713)
	at org.springframework.beans.factory.annotation.AutowiredAnnotationBeanPostProcessor$AutowiredFieldElement.inject(AutowiredAnnotationBeanPostProcessor.java:693)
	at org.springframework.beans.factory.annotation.InjectionMetadata.inject(InjectionMetadata.java:119)
	at org.springframework.beans.factory.annotation.AutowiredAnnotationBeanPostProcessor.postProcessProperties(AutowiredAnnotationBeanPostProcessor.java:408)
	at org.springframework.beans.factory.support.AbstractAutowireCapableBeanFactory.populateBean(AbstractAutowireCapableBeanFactory.java:1431)
	at org.springframework.beans.factory.support.AbstractAutowireCapableBeanFactory.doCreateBean(AbstractAutowireCapableBeanFactory.java:619)
	at org.springframework.beans.factory.support.AbstractAutowireCapableBeanFactory.createBean(AbstractAutowireCapableBeanFactory.java:542)
	at org.springframework.beans.factory.support.AbstractBeanFactory.lambda$doGetBean$0(AbstractBeanFactory.java:335)
	at org.springframework.beans.factory.support.DefaultSingletonBeanRegistry.getSingleton(DefaultSingletonBeanRegistry.java:234)
	at org.springframework.beans.factory.support.AbstractBeanFactory.doGetBean(AbstractBeanFactory.java:333)
	at org.springframework.beans.factory.support.AbstractBeanFactory.getBean(AbstractBeanFactory.java:208)
	at org.springframework.beans.factory.support.DefaultListableBeanFactory.preInstantiateSingletons(DefaultListableBeanFactory.java:955)
	at org.springframework.context.support.AbstractApplicationContext.finishBeanFactoryInitialization(AbstractApplicationContext.java:929)
	at org.springframework.context.support.AbstractApplicationContext.refresh(AbstractApplicationContext.java:591)
	at org.springframework.boot.SpringApplication.refresh(SpringApplication.java:732)
	at org.springframework.boot.SpringApplication.refreshContext(SpringApplication.java:409)
	at org.springframework.boot.SpringApplication.run(SpringApplication.java:308)
	at org.springframework.boot.test.context.SpringBootContextLoader.loadContext(SpringBootContextLoader.java:136)
	at org.springframework.test.context.cache.DefaultCacheAwareContextLoaderDelegate.loadContextInternal(DefaultCacheAwareContextLoaderDelegate.java:141)
	at org.springframework.test.context.cache.DefaultCacheAwareContextLoaderDelegate.loadContext(DefaultCacheAwareContextLoaderDelegate.java:90)
	... 68 common frames omitted
Caused by: org.springframework.beans.factory.NoSuchBeanDefinitionException: No qualifying bean of type 'org.springframework.security.oauth2.jwt.JwtEncoder' available: expected at least 1 bean which qualifies as autowire candidate. Dependency annotations: {@org.springframework.beans.factory.annotation.Autowired(required=true)}
	at org.springframework.beans.factory.support.DefaultListableBeanFactory.raiseNoMatchingBeanFound(DefaultListableBeanFactory.java:1801)
	at org.springframework.beans.factory.support.DefaultListableBeanFactory.doResolveDependency(DefaultListableBeanFactory.java:1357)
	at org.springframework.beans.factory.support.DefaultListableBeanFactory.resolveDependency(DefaultListableBeanFactory.java:1311)
	at org.springframework.beans.factory.annotation.AutowiredAnnotationBeanPostProcessor$AutowiredFieldElement.resolveFieldValue(AutowiredAnnotationBeanPostProcessor.java:710)
	... 87 common frames omitted
2025-04-23 22:22:42,494 INFO o.s.b.StartupInfoLogger {logStarting} [main] Starting BikeControllerTests using Java 21 on DESKTOP-A2Q7539 with PID 10812 (started by 34618 in C:\Users\34618\Documents\2DAM Gdo. Superior\Acceso a datos 2DAM\hellospring)
2025-04-23 22:22:42,495 INFO o.s.b.SpringApplication {logStartupProfileInfo} [main] No active profile set, falling back to 1 default profile: "default"
2025-04-23 22:22:42,769 WARN o.s.c.s.AbstractApplicationContext {refresh} [main] Exception encountered during context initialization - cancelling refresh attempt: org.springframework.beans.factory.UnsatisfiedDependencyException: Error creating bean with name 'jwtUtils': Unsatisfied dependency expressed through field 'jwtEncoder'; nested exception is org.springframework.beans.factory.NoSuchBeanDefinitionException: No qualifying bean of type 'org.springframework.security.oauth2.jwt.JwtEncoder' available: expected at least 1 bean which qualifies as autowire candidate. Dependency annotations: {@org.springframework.beans.factory.annotation.Autowired(required=true)}
2025-04-23 22:22:42,772 INFO o.s.b.a.l.ConditionEvaluationReportLoggingListener {logMessage} [main] 

Error starting ApplicationContext. To display the conditions report re-run your application with 'debug' enabled.
2025-04-23 22:22:42,776 ERROR o.s.b.d.LoggingFailureAnalysisReporter {report} [main] 

***************************
APPLICATION FAILED TO START
***************************

Description:

Field jwtEncoder in com.svalero.apibikes.config.JwtUtils required a bean of type 'org.springframework.security.oauth2.jwt.JwtEncoder' that could not be found.

The injection point has the following annotations:
	- @org.springframework.beans.factory.annotation.Autowired(required=true)


Action:

Consider defining a bean of type 'org.springframework.security.oauth2.jwt.JwtEncoder' in your configuration.

2025-04-23 22:22:42,778 ERROR o.s.t.c.TestContextManager {prepareTestInstance} [main] Caught exception while allowing TestExecutionListener [org.springframework.boot.test.mock.mockito.MockitoTestExecutionListener@3e0e1046] to prepare test instance [com.svalero.apibikes.BikeControllerTests@39e53bef]
java.lang.IllegalStateException: Failed to load ApplicationContext
	at org.springframework.test.context.cache.DefaultCacheAwareContextLoaderDelegate.loadContext(DefaultCacheAwareContextLoaderDelegate.java:98)
	at org.springframework.test.context.support.DefaultTestContext.getApplicationContext(DefaultTestContext.java:124)
	at org.springframework.boot.test.mock.mockito.MockitoTestExecutionListener.postProcessFields(MockitoTestExecutionListener.java:110)
	at org.springframework.boot.test.mock.mockito.MockitoTestExecutionListener.injectFields(MockitoTestExecutionListener.java:94)
	at org.springframework.boot.test.mock.mockito.MockitoTestExecutionListener.prepareTestInstance(MockitoTestExecutionListener.java:61)
	at org.springframework.test.context.TestContextManager.prepareTestInstance(TestContextManager.java:248)
	at org.springframework.test.context.junit.jupiter.SpringExtension.postProcessTestInstance(SpringExtension.java:138)
	at org.junit.jupiter.engine.descriptor.ClassBasedTestDescriptor.lambda$invokeTestInstancePostProcessors$8(ClassBasedTestDescriptor.java:363)
	at org.junit.jupiter.engine.descriptor.ClassBasedTestDescriptor.executeAndMaskThrowable(ClassBasedTestDescriptor.java:368)
	at org.junit.jupiter.engine.descriptor.ClassBasedTestDescriptor.lambda$invokeTestInstancePostProcessors$9(ClassBasedTestDescriptor.java:363)
	at java.base/java.util.stream.ReferencePipeline$3$1.accept(ReferencePipeline.java:197)
	at java.base/java.util.stream.ReferencePipeline$2$1.accept(ReferencePipeline.java:179)
	at java.base/java.util.ArrayList$ArrayListSpliterator.forEachRemaining(ArrayList.java:1708)
	at java.base/java.util.stream.AbstractPipeline.copyInto(AbstractPipeline.java:509)
	at java.base/java.util.stream.AbstractPipeline.wrapAndCopyInto(AbstractPipeline.java:499)
	at java.base/java.util.stream.StreamSpliterators$WrappingSpliterator.forEachRemaining(StreamSpliterators.java:310)
	at java.base/java.util.stream.Streams$ConcatSpliterator.forEachRemaining(Streams.java:735)
	at java.base/java.util.stream.Streams$ConcatSpliterator.forEachRemaining(Streams.java:734)
	at java.base/java.util.stream.ReferencePipeline$Head.forEach(ReferencePipeline.java:762)
	at org.junit.jupiter.engine.descriptor.ClassBasedTestDescriptor.invokeTestInstancePostProcessors(ClassBasedTestDescriptor.java:362)
	at org.junit.jupiter.engine.descriptor.ClassBasedTestDescriptor.lambda$instantiateAndPostProcessTestInstance$6(ClassBasedTestDescriptor.java:283)
	at org.junit.platform.engine.support.hierarchical.ThrowableCollector.execute(ThrowableCollector.java:73)
	at org.junit.jupiter.engine.descriptor.ClassBasedTestDescriptor.instantiateAndPostProcessTestInstance(ClassBasedTestDescriptor.java:282)
	at org.junit.jupiter.engine.descriptor.ClassBasedTestDescriptor.lambda$testInstancesProvider$4(ClassBasedTestDescriptor.java:272)
	at java.base/java.util.Optional.orElseGet(Optional.java:364)
	at org.junit.jupiter.engine.descriptor.ClassBasedTestDescriptor.lambda$testInstancesProvider$5(ClassBasedTestDescriptor.java:271)
	at org.junit.jupiter.engine.execution.TestInstancesProvider.getTestInstances(TestInstancesProvider.java:31)
	at org.junit.jupiter.engine.descriptor.TestMethodTestDescriptor.lambda$prepare$0(TestMethodTestDescriptor.java:102)
	at org.junit.platform.engine.support.hierarchical.ThrowableCollector.execute(ThrowableCollector.java:73)
	at org.junit.jupiter.engine.descriptor.TestMethodTestDescriptor.prepare(TestMethodTestDescriptor.java:101)
	at org.junit.jupiter.engine.descriptor.TestMethodTestDescriptor.prepare(TestMethodTestDescriptor.java:66)
	at org.junit.platform.engine.support.hierarchical.NodeTestTask.lambda$prepare$2(NodeTestTask.java:123)
	at org.junit.platform.engine.support.hierarchical.ThrowableCollector.execute(ThrowableCollector.java:73)
	at org.junit.platform.engine.support.hierarchical.NodeTestTask.prepare(NodeTestTask.java:123)
	at org.junit.platform.engine.support.hierarchical.NodeTestTask.execute(NodeTestTask.java:90)
	at java.base/java.util.ArrayList.forEach(ArrayList.java:1596)
	at org.junit.platform.engine.support.hierarchical.SameThreadHierarchicalTestExecutorService.invokeAll(SameThreadHierarchicalTestExecutorService.java:41)
	at org.junit.platform.engine.support.hierarchical.NodeTestTask.lambda$executeRecursively$6(NodeTestTask.java:155)
	at org.junit.platform.engine.support.hierarchical.ThrowableCollector.execute(ThrowableCollector.java:73)
	at org.junit.platform.engine.support.hierarchical.NodeTestTask.lambda$executeRecursively$8(NodeTestTask.java:141)
	at org.junit.platform.engine.support.hierarchical.Node.around(Node.java:137)
	at org.junit.platform.engine.support.hierarchical.NodeTestTask.lambda$executeRecursively$9(NodeTestTask.java:139)
	at org.junit.platform.engine.support.hierarchical.ThrowableCollector.execute(ThrowableCollector.java:73)
	at org.junit.platform.engine.support.hierarchical.NodeTestTask.executeRecursively(NodeTestTask.java:138)
	at org.junit.platform.engine.support.hierarchical.NodeTestTask.execute(NodeTestTask.java:95)
	at java.base/java.util.ArrayList.forEach(ArrayList.java:1596)
	at org.junit.platform.engine.support.hierarchical.SameThreadHierarchicalTestExecutorService.invokeAll(SameThreadHierarchicalTestExecutorService.java:41)
	at org.junit.platform.engine.support.hierarchical.NodeTestTask.lambda$executeRecursively$6(NodeTestTask.java:155)
	at org.junit.platform.engine.support.hierarchical.ThrowableCollector.execute(ThrowableCollector.java:73)
	at org.junit.platform.engine.support.hierarchical.NodeTestTask.lambda$executeRecursively$8(NodeTestTask.java:141)
	at org.junit.platform.engine.support.hierarchical.Node.around(Node.java:137)
	at org.junit.platform.engine.support.hierarchical.NodeTestTask.lambda$executeRecursively$9(NodeTestTask.java:139)
	at org.junit.platform.engine.support.hierarchical.ThrowableCollector.execute(ThrowableCollector.java:73)
	at org.junit.platform.engine.support.hierarchical.NodeTestTask.executeRecursively(NodeTestTask.java:138)
	at org.junit.platform.engine.support.hierarchical.NodeTestTask.execute(NodeTestTask.java:95)
	at org.junit.platform.engine.support.hierarchical.SameThreadHierarchicalTestExecutorService.submit(SameThreadHierarchicalTestExecutorService.java:35)
	at org.junit.platform.engine.support.hierarchical.HierarchicalTestExecutor.execute(HierarchicalTestExecutor.java:57)
	at org.junit.platform.engine.support.hierarchical.HierarchicalTestEngine.execute(HierarchicalTestEngine.java:54)
	at org.junit.platform.launcher.core.DefaultLauncher.execute(DefaultLauncher.java:220)
	at org.junit.platform.launcher.core.DefaultLauncher.lambda$execute$6(DefaultLauncher.java:188)
	at org.junit.platform.launcher.core.DefaultLauncher.withInterceptedStreams(DefaultLauncher.java:202)
	at org.junit.platform.launcher.core.DefaultLauncher.execute(DefaultLauncher.java:181)
	at org.junit.platform.launcher.core.DefaultLauncher.execute(DefaultLauncher.java:128)
	at org.apache.maven.surefire.junitplatform.JUnitPlatformProvider.invokeAllTests(JUnitPlatformProvider.java:150)
	at org.apache.maven.surefire.junitplatform.JUnitPlatformProvider.invoke(JUnitPlatformProvider.java:124)
	at org.apache.maven.surefire.booter.ForkedBooter.invokeProviderInSameClassLoader(ForkedBooter.java:384)
	at org.apache.maven.surefire.booter.ForkedBooter.runSuitesInProcess(ForkedBooter.java:345)
	at org.apache.maven.surefire.booter.ForkedBooter.execute(ForkedBooter.java:126)
	at org.apache.maven.surefire.booter.ForkedBooter.main(ForkedBooter.java:418)
Caused by: org.springframework.beans.factory.UnsatisfiedDependencyException: Error creating bean with name 'jwtUtils': Unsatisfied dependency expressed through field 'jwtEncoder'; nested exception is org.springframework.beans.factory.NoSuchBeanDefinitionException: No qualifying bean of type 'org.springframework.security.oauth2.jwt.JwtEncoder' available: expected at least 1 bean which qualifies as autowire candidate. Dependency annotations: {@org.springframework.beans.factory.annotation.Autowired(required=true)}
	at org.springframework.beans.factory.annotation.AutowiredAnnotationBeanPostProcessor$AutowiredFieldElement.resolveFieldValue(AutowiredAnnotationBeanPostProcessor.java:713)
	at org.springframework.beans.factory.annotation.AutowiredAnnotationBeanPostProcessor$AutowiredFieldElement.inject(AutowiredAnnotationBeanPostProcessor.java:693)
	at org.springframework.beans.factory.annotation.InjectionMetadata.inject(InjectionMetadata.java:119)
	at org.springframework.beans.factory.annotation.AutowiredAnnotationBeanPostProcessor.postProcessProperties(AutowiredAnnotationBeanPostProcessor.java:408)
	at org.springframework.beans.factory.support.AbstractAutowireCapableBeanFactory.populateBean(AbstractAutowireCapableBeanFactory.java:1431)
	at org.springframework.beans.factory.support.AbstractAutowireCapableBeanFactory.doCreateBean(AbstractAutowireCapableBeanFactory.java:619)
	at org.springframework.beans.factory.support.AbstractAutowireCapableBeanFactory.createBean(AbstractAutowireCapableBeanFactory.java:542)
	at org.springframework.beans.factory.support.AbstractBeanFactory.lambda$doGetBean$0(AbstractBeanFactory.java:335)
	at org.springframework.beans.factory.support.DefaultSingletonBeanRegistry.getSingleton(DefaultSingletonBeanRegistry.java:234)
	at org.springframework.beans.factory.support.AbstractBeanFactory.doGetBean(AbstractBeanFactory.java:333)
	at org.springframework.beans.factory.support.AbstractBeanFactory.getBean(AbstractBeanFactory.java:208)
	at org.springframework.beans.factory.support.DefaultListableBeanFactory.preInstantiateSingletons(DefaultListableBeanFactory.java:955)
	at org.springframework.context.support.AbstractApplicationContext.finishBeanFactoryInitialization(AbstractApplicationContext.java:929)
	at org.springframework.context.support.AbstractApplicationContext.refresh(AbstractApplicationContext.java:591)
	at org.springframework.boot.SpringApplication.refresh(SpringApplication.java:732)
	at org.springframework.boot.SpringApplication.refreshContext(SpringApplication.java:409)
	at org.springframework.boot.SpringApplication.run(SpringApplication.java:308)
	at org.springframework.boot.test.context.SpringBootContextLoader.loadContext(SpringBootContextLoader.java:136)
	at org.springframework.test.context.cache.DefaultCacheAwareContextLoaderDelegate.loadContextInternal(DefaultCacheAwareContextLoaderDelegate.java:141)
	at org.springframework.test.context.cache.DefaultCacheAwareContextLoaderDelegate.loadContext(DefaultCacheAwareContextLoaderDelegate.java:90)
	... 68 common frames omitted
Caused by: org.springframework.beans.factory.NoSuchBeanDefinitionException: No qualifying bean of type 'org.springframework.security.oauth2.jwt.JwtEncoder' available: expected at least 1 bean which qualifies as autowire candidate. Dependency annotations: {@org.springframework.beans.factory.annotation.Autowired(required=true)}
	at org.springframework.beans.factory.support.DefaultListableBeanFactory.raiseNoMatchingBeanFound(DefaultListableBeanFactory.java:1801)
	at org.springframework.beans.factory.support.DefaultListableBeanFactory.doResolveDependency(DefaultListableBeanFactory.java:1357)
	at org.springframework.beans.factory.support.DefaultListableBeanFactory.resolveDependency(DefaultListableBeanFactory.java:1311)
	at org.springframework.beans.factory.annotation.AutowiredAnnotationBeanPostProcessor$AutowiredFieldElement.resolveFieldValue(AutowiredAnnotationBeanPostProcessor.java:710)
	... 87 common frames omitted
2025-04-23 22:22:42,850 INFO o.s.b.StartupInfoLogger {logStarting} [main] Starting BikeControllerTests using Java 21 on DESKTOP-A2Q7539 with PID 10812 (started by 34618 in C:\Users\34618\Documents\2DAM Gdo. Superior\Acceso a datos 2DAM\hellospring)
2025-04-23 22:22:42,851 INFO o.s.b.SpringApplication {logStartupProfileInfo} [main] No active profile set, falling back to 1 default profile: "default"
2025-04-23 22:22:43,062 WARN o.s.c.s.AbstractApplicationContext {refresh} [main] Exception encountered during context initialization - cancelling refresh attempt: org.springframework.beans.factory.UnsatisfiedDependencyException: Error creating bean with name 'jwtUtils': Unsatisfied dependency expressed through field 'jwtEncoder'; nested exception is org.springframework.beans.factory.NoSuchBeanDefinitionException: No qualifying bean of type 'org.springframework.security.oauth2.jwt.JwtEncoder' available: expected at least 1 bean which qualifies as autowire candidate. Dependency annotations: {@org.springframework.beans.factory.annotation.Autowired(required=true)}
2025-04-23 22:22:43,065 INFO o.s.b.a.l.ConditionEvaluationReportLoggingListener {logMessage} [main] 

Error starting ApplicationContext. To display the conditions report re-run your application with 'debug' enabled.
2025-04-23 22:22:43,070 ERROR o.s.b.d.LoggingFailureAnalysisReporter {report} [main] 

***************************
APPLICATION FAILED TO START
***************************

Description:

Field jwtEncoder in com.svalero.apibikes.config.JwtUtils required a bean of type 'org.springframework.security.oauth2.jwt.JwtEncoder' that could not be found.

The injection point has the following annotations:
	- @org.springframework.beans.factory.annotation.Autowired(required=true)


Action:

Consider defining a bean of type 'org.springframework.security.oauth2.jwt.JwtEncoder' in your configuration.

2025-04-23 22:22:43,072 ERROR o.s.t.c.TestContextManager {prepareTestInstance} [main] Caught exception while allowing TestExecutionListener [org.springframework.boot.test.mock.mockito.MockitoTestExecutionListener@3e0e1046] to prepare test instance [com.svalero.apibikes.BikeControllerTests@41aebbb4]
java.lang.IllegalStateException: Failed to load ApplicationContext
	at org.springframework.test.context.cache.DefaultCacheAwareContextLoaderDelegate.loadContext(DefaultCacheAwareContextLoaderDelegate.java:98)
	at org.springframework.test.context.support.DefaultTestContext.getApplicationContext(DefaultTestContext.java:124)
	at org.springframework.boot.test.mock.mockito.MockitoTestExecutionListener.postProcessFields(MockitoTestExecutionListener.java:110)
	at org.springframework.boot.test.mock.mockito.MockitoTestExecutionListener.injectFields(MockitoTestExecutionListener.java:94)
	at org.springframework.boot.test.mock.mockito.MockitoTestExecutionListener.prepareTestInstance(MockitoTestExecutionListener.java:61)
	at org.springframework.test.context.TestContextManager.prepareTestInstance(TestContextManager.java:248)
	at org.springframework.test.context.junit.jupiter.SpringExtension.postProcessTestInstance(SpringExtension.java:138)
	at org.junit.jupiter.engine.descriptor.ClassBasedTestDescriptor.lambda$invokeTestInstancePostProcessors$8(ClassBasedTestDescriptor.java:363)
	at org.junit.jupiter.engine.descriptor.ClassBasedTestDescriptor.executeAndMaskThrowable(ClassBasedTestDescriptor.java:368)
	at org.junit.jupiter.engine.descriptor.ClassBasedTestDescriptor.lambda$invokeTestInstancePostProcessors$9(ClassBasedTestDescriptor.java:363)
	at java.base/java.util.stream.ReferencePipeline$3$1.accept(ReferencePipeline.java:197)
	at java.base/java.util.stream.ReferencePipeline$2$1.accept(ReferencePipeline.java:179)
	at java.base/java.util.ArrayList$ArrayListSpliterator.forEachRemaining(ArrayList.java:1708)
	at java.base/java.util.stream.AbstractPipeline.copyInto(AbstractPipeline.java:509)
	at java.base/java.util.stream.AbstractPipeline.wrapAndCopyInto(AbstractPipeline.java:499)
	at java.base/java.util.stream.StreamSpliterators$WrappingSpliterator.forEachRemaining(StreamSpliterators.java:310)
	at java.base/java.util.stream.Streams$ConcatSpliterator.forEachRemaining(Streams.java:735)
	at java.base/java.util.stream.Streams$ConcatSpliterator.forEachRemaining(Streams.java:734)
	at java.base/java.util.stream.ReferencePipeline$Head.forEach(ReferencePipeline.java:762)
	at org.junit.jupiter.engine.descriptor.ClassBasedTestDescriptor.invokeTestInstancePostProcessors(ClassBasedTestDescriptor.java:362)
	at org.junit.jupiter.engine.descriptor.ClassBasedTestDescriptor.lambda$instantiateAndPostProcessTestInstance$6(ClassBasedTestDescriptor.java:283)
	at org.junit.platform.engine.support.hierarchical.ThrowableCollector.execute(ThrowableCollector.java:73)
	at org.junit.jupiter.engine.descriptor.ClassBasedTestDescriptor.instantiateAndPostProcessTestInstance(ClassBasedTestDescriptor.java:282)
	at org.junit.jupiter.engine.descriptor.ClassBasedTestDescriptor.lambda$testInstancesProvider$4(ClassBasedTestDescriptor.java:272)
	at java.base/java.util.Optional.orElseGet(Optional.java:364)
	at org.junit.jupiter.engine.descriptor.ClassBasedTestDescriptor.lambda$testInstancesProvider$5(ClassBasedTestDescriptor.java:271)
	at org.junit.jupiter.engine.execution.TestInstancesProvider.getTestInstances(TestInstancesProvider.java:31)
	at org.junit.jupiter.engine.descriptor.TestMethodTestDescriptor.lambda$prepare$0(TestMethodTestDescriptor.java:102)
	at org.junit.platform.engine.support.hierarchical.ThrowableCollector.execute(ThrowableCollector.java:73)
	at org.junit.jupiter.engine.descriptor.TestMethodTestDescriptor.prepare(TestMethodTestDescriptor.java:101)
	at org.junit.jupiter.engine.descriptor.TestMethodTestDescriptor.prepare(TestMethodTestDescriptor.java:66)
	at org.junit.platform.engine.support.hierarchical.NodeTestTask.lambda$prepare$2(NodeTestTask.java:123)
	at org.junit.platform.engine.support.hierarchical.ThrowableCollector.execute(ThrowableCollector.java:73)
	at org.junit.platform.engine.support.hierarchical.NodeTestTask.prepare(NodeTestTask.java:123)
	at org.junit.platform.engine.support.hierarchical.NodeTestTask.execute(NodeTestTask.java:90)
	at java.base/java.util.ArrayList.forEach(ArrayList.java:1596)
	at org.junit.platform.engine.support.hierarchical.SameThreadHierarchicalTestExecutorService.invokeAll(SameThreadHierarchicalTestExecutorService.java:41)
	at org.junit.platform.engine.support.hierarchical.NodeTestTask.lambda$executeRecursively$6(NodeTestTask.java:155)
	at org.junit.platform.engine.support.hierarchical.ThrowableCollector.execute(ThrowableCollector.java:73)
	at org.junit.platform.engine.support.hierarchical.NodeTestTask.lambda$executeRecursively$8(NodeTestTask.java:141)
	at org.junit.platform.engine.support.hierarchical.Node.around(Node.java:137)
	at org.junit.platform.engine.support.hierarchical.NodeTestTask.lambda$executeRecursively$9(NodeTestTask.java:139)
	at org.junit.platform.engine.support.hierarchical.ThrowableCollector.execute(ThrowableCollector.java:73)
	at org.junit.platform.engine.support.hierarchical.NodeTestTask.executeRecursively(NodeTestTask.java:138)
	at org.junit.platform.engine.support.hierarchical.NodeTestTask.execute(NodeTestTask.java:95)
	at java.base/java.util.ArrayList.forEach(ArrayList.java:1596)
	at org.junit.platform.engine.support.hierarchical.SameThreadHierarchicalTestExecutorService.invokeAll(SameThreadHierarchicalTestExecutorService.java:41)
	at org.junit.platform.engine.support.hierarchical.NodeTestTask.lambda$executeRecursively$6(NodeTestTask.java:155)
	at org.junit.platform.engine.support.hierarchical.ThrowableCollector.execute(ThrowableCollector.java:73)
	at org.junit.platform.engine.support.hierarchical.NodeTestTask.lambda$executeRecursively$8(NodeTestTask.java:141)
	at org.junit.platform.engine.support.hierarchical.Node.around(Node.java:137)
	at org.junit.platform.engine.support.hierarchical.NodeTestTask.lambda$executeRecursively$9(NodeTestTask.java:139)
	at org.junit.platform.engine.support.hierarchical.ThrowableCollector.execute(ThrowableCollector.java:73)
	at org.junit.platform.engine.support.hierarchical.NodeTestTask.executeRecursively(NodeTestTask.java:138)
	at org.junit.platform.engine.support.hierarchical.NodeTestTask.execute(NodeTestTask.java:95)
	at org.junit.platform.engine.support.hierarchical.SameThreadHierarchicalTestExecutorService.submit(SameThreadHierarchicalTestExecutorService.java:35)
	at org.junit.platform.engine.support.hierarchical.HierarchicalTestExecutor.execute(HierarchicalTestExecutor.java:57)
	at org.junit.platform.engine.support.hierarchical.HierarchicalTestEngine.execute(HierarchicalTestEngine.java:54)
	at org.junit.platform.launcher.core.DefaultLauncher.execute(DefaultLauncher.java:220)
	at org.junit.platform.launcher.core.DefaultLauncher.lambda$execute$6(DefaultLauncher.java:188)
	at org.junit.platform.launcher.core.DefaultLauncher.withInterceptedStreams(DefaultLauncher.java:202)
	at org.junit.platform.launcher.core.DefaultLauncher.execute(DefaultLauncher.java:181)
	at org.junit.platform.launcher.core.DefaultLauncher.execute(DefaultLauncher.java:128)
	at org.apache.maven.surefire.junitplatform.JUnitPlatformProvider.invokeAllTests(JUnitPlatformProvider.java:150)
	at org.apache.maven.surefire.junitplatform.JUnitPlatformProvider.invoke(JUnitPlatformProvider.java:124)
	at org.apache.maven.surefire.booter.ForkedBooter.invokeProviderInSameClassLoader(ForkedBooter.java:384)
	at org.apache.maven.surefire.booter.ForkedBooter.runSuitesInProcess(ForkedBooter.java:345)
	at org.apache.maven.surefire.booter.ForkedBooter.execute(ForkedBooter.java:126)
	at org.apache.maven.surefire.booter.ForkedBooter.main(ForkedBooter.java:418)
Caused by: org.springframework.beans.factory.UnsatisfiedDependencyException: Error creating bean with name 'jwtUtils': Unsatisfied dependency expressed through field 'jwtEncoder'; nested exception is org.springframework.beans.factory.NoSuchBeanDefinitionException: No qualifying bean of type 'org.springframework.security.oauth2.jwt.JwtEncoder' available: expected at least 1 bean which qualifies as autowire candidate. Dependency annotations: {@org.springframework.beans.factory.annotation.Autowired(required=true)}
	at org.springframework.beans.factory.annotation.AutowiredAnnotationBeanPostProcessor$AutowiredFieldElement.resolveFieldValue(AutowiredAnnotationBeanPostProcessor.java:713)
	at org.springframework.beans.factory.annotation.AutowiredAnnotationBeanPostProcessor$AutowiredFieldElement.inject(AutowiredAnnotationBeanPostProcessor.java:693)
	at org.springframework.beans.factory.annotation.InjectionMetadata.inject(InjectionMetadata.java:119)
	at org.springframework.beans.factory.annotation.AutowiredAnnotationBeanPostProcessor.postProcessProperties(AutowiredAnnotationBeanPostProcessor.java:408)
	at org.springframework.beans.factory.support.AbstractAutowireCapableBeanFactory.populateBean(AbstractAutowireCapableBeanFactory.java:1431)
	at org.springframework.beans.factory.support.AbstractAutowireCapableBeanFactory.doCreateBean(AbstractAutowireCapableBeanFactory.java:619)
	at org.springframework.beans.factory.support.AbstractAutowireCapableBeanFactory.createBean(AbstractAutowireCapableBeanFactory.java:542)
	at org.springframework.beans.factory.support.AbstractBeanFactory.lambda$doGetBean$0(AbstractBeanFactory.java:335)
	at org.springframework.beans.factory.support.DefaultSingletonBeanRegistry.getSingleton(DefaultSingletonBeanRegistry.java:234)
	at org.springframework.beans.factory.support.AbstractBeanFactory.doGetBean(AbstractBeanFactory.java:333)
	at org.springframework.beans.factory.support.AbstractBeanFactory.getBean(AbstractBeanFactory.java:208)
	at org.springframework.beans.factory.support.DefaultListableBeanFactory.preInstantiateSingletons(DefaultListableBeanFactory.java:955)
	at org.springframework.context.support.AbstractApplicationContext.finishBeanFactoryInitialization(AbstractApplicationContext.java:929)
	at org.springframework.context.support.AbstractApplicationContext.refresh(AbstractApplicationContext.java:591)
	at org.springframework.boot.SpringApplication.refresh(SpringApplication.java:732)
	at org.springframework.boot.SpringApplication.refreshContext(SpringApplication.java:409)
	at org.springframework.boot.SpringApplication.run(SpringApplication.java:308)
	at org.springframework.boot.test.context.SpringBootContextLoader.loadContext(SpringBootContextLoader.java:136)
	at org.springframework.test.context.cache.DefaultCacheAwareContextLoaderDelegate.loadContextInternal(DefaultCacheAwareContextLoaderDelegate.java:141)
	at org.springframework.test.context.cache.DefaultCacheAwareContextLoaderDelegate.loadContext(DefaultCacheAwareContextLoaderDelegate.java:90)
	... 68 common frames omitted
Caused by: org.springframework.beans.factory.NoSuchBeanDefinitionException: No qualifying bean of type 'org.springframework.security.oauth2.jwt.JwtEncoder' available: expected at least 1 bean which qualifies as autowire candidate. Dependency annotations: {@org.springframework.beans.factory.annotation.Autowired(required=true)}
	at org.springframework.beans.factory.support.DefaultListableBeanFactory.raiseNoMatchingBeanFound(DefaultListableBeanFactory.java:1801)
	at org.springframework.beans.factory.support.DefaultListableBeanFactory.doResolveDependency(DefaultListableBeanFactory.java:1357)
	at org.springframework.beans.factory.support.DefaultListableBeanFactory.resolveDependency(DefaultListableBeanFactory.java:1311)
	at org.springframework.beans.factory.annotation.AutowiredAnnotationBeanPostProcessor$AutowiredFieldElement.resolveFieldValue(AutowiredAnnotationBeanPostProcessor.java:710)
	... 87 common frames omitted
2025-04-23 22:22:43,159 INFO o.s.b.StartupInfoLogger {logStarting} [main] Starting BikeControllerTests using Java 21 on DESKTOP-A2Q7539 with PID 10812 (started by 34618 in C:\Users\34618\Documents\2DAM Gdo. Superior\Acceso a datos 2DAM\hellospring)
2025-04-23 22:22:43,162 INFO o.s.b.SpringApplication {logStartupProfileInfo} [main] No active profile set, falling back to 1 default profile: "default"
2025-04-23 22:22:43,335 WARN o.s.c.s.AbstractApplicationContext {refresh} [main] Exception encountered during context initialization - cancelling refresh attempt: org.springframework.beans.factory.UnsatisfiedDependencyException: Error creating bean with name 'jwtUtils': Unsatisfied dependency expressed through field 'jwtEncoder'; nested exception is org.springframework.beans.factory.NoSuchBeanDefinitionException: No qualifying bean of type 'org.springframework.security.oauth2.jwt.JwtEncoder' available: expected at least 1 bean which qualifies as autowire candidate. Dependency annotations: {@org.springframework.beans.factory.annotation.Autowired(required=true)}
2025-04-23 22:22:43,337 INFO o.s.b.a.l.ConditionEvaluationReportLoggingListener {logMessage} [main] 

Error starting ApplicationContext. To display the conditions report re-run your application with 'debug' enabled.
2025-04-23 22:22:43,341 ERROR o.s.b.d.LoggingFailureAnalysisReporter {report} [main] 

***************************
APPLICATION FAILED TO START
***************************

Description:

Field jwtEncoder in com.svalero.apibikes.config.JwtUtils required a bean of type 'org.springframework.security.oauth2.jwt.JwtEncoder' that could not be found.

The injection point has the following annotations:
	- @org.springframework.beans.factory.annotation.Autowired(required=true)


Action:

Consider defining a bean of type 'org.springframework.security.oauth2.jwt.JwtEncoder' in your configuration.

2025-04-23 22:22:43,342 ERROR o.s.t.c.TestContextManager {prepareTestInstance} [main] Caught exception while allowing TestExecutionListener [org.springframework.boot.test.mock.mockito.MockitoTestExecutionListener@3e0e1046] to prepare test instance [com.svalero.apibikes.BikeControllerTests@712e787e]
java.lang.IllegalStateException: Failed to load ApplicationContext
	at org.springframework.test.context.cache.DefaultCacheAwareContextLoaderDelegate.loadContext(DefaultCacheAwareContextLoaderDelegate.java:98)
	at org.springframework.test.context.support.DefaultTestContext.getApplicationContext(DefaultTestContext.java:124)
	at org.springframework.boot.test.mock.mockito.MockitoTestExecutionListener.postProcessFields(MockitoTestExecutionListener.java:110)
	at org.springframework.boot.test.mock.mockito.MockitoTestExecutionListener.injectFields(MockitoTestExecutionListener.java:94)
	at org.springframework.boot.test.mock.mockito.MockitoTestExecutionListener.prepareTestInstance(MockitoTestExecutionListener.java:61)
	at org.springframework.test.context.TestContextManager.prepareTestInstance(TestContextManager.java:248)
	at org.springframework.test.context.junit.jupiter.SpringExtension.postProcessTestInstance(SpringExtension.java:138)
	at org.junit.jupiter.engine.descriptor.ClassBasedTestDescriptor.lambda$invokeTestInstancePostProcessors$8(ClassBasedTestDescriptor.java:363)
	at org.junit.jupiter.engine.descriptor.ClassBasedTestDescriptor.executeAndMaskThrowable(ClassBasedTestDescriptor.java:368)
	at org.junit.jupiter.engine.descriptor.ClassBasedTestDescriptor.lambda$invokeTestInstancePostProcessors$9(ClassBasedTestDescriptor.java:363)
	at java.base/java.util.stream.ReferencePipeline$3$1.accept(ReferencePipeline.java:197)
	at java.base/java.util.stream.ReferencePipeline$2$1.accept(ReferencePipeline.java:179)
	at java.base/java.util.ArrayList$ArrayListSpliterator.forEachRemaining(ArrayList.java:1708)
	at java.base/java.util.stream.AbstractPipeline.copyInto(AbstractPipeline.java:509)
	at java.base/java.util.stream.AbstractPipeline.wrapAndCopyInto(AbstractPipeline.java:499)
	at java.base/java.util.stream.StreamSpliterators$WrappingSpliterator.forEachRemaining(StreamSpliterators.java:310)
	at java.base/java.util.stream.Streams$ConcatSpliterator.forEachRemaining(Streams.java:735)
	at java.base/java.util.stream.Streams$ConcatSpliterator.forEachRemaining(Streams.java:734)
	at java.base/java.util.stream.ReferencePipeline$Head.forEach(ReferencePipeline.java:762)
	at org.junit.jupiter.engine.descriptor.ClassBasedTestDescriptor.invokeTestInstancePostProcessors(ClassBasedTestDescriptor.java:362)
	at org.junit.jupiter.engine.descriptor.ClassBasedTestDescriptor.lambda$instantiateAndPostProcessTestInstance$6(ClassBasedTestDescriptor.java:283)
	at org.junit.platform.engine.support.hierarchical.ThrowableCollector.execute(ThrowableCollector.java:73)
	at org.junit.jupiter.engine.descriptor.ClassBasedTestDescriptor.instantiateAndPostProcessTestInstance(ClassBasedTestDescriptor.java:282)
	at org.junit.jupiter.engine.descriptor.ClassBasedTestDescriptor.lambda$testInstancesProvider$4(ClassBasedTestDescriptor.java:272)
	at java.base/java.util.Optional.orElseGet(Optional.java:364)
	at org.junit.jupiter.engine.descriptor.ClassBasedTestDescriptor.lambda$testInstancesProvider$5(ClassBasedTestDescriptor.java:271)
	at org.junit.jupiter.engine.execution.TestInstancesProvider.getTestInstances(TestInstancesProvider.java:31)
	at org.junit.jupiter.engine.descriptor.TestMethodTestDescriptor.lambda$prepare$0(TestMethodTestDescriptor.java:102)
	at org.junit.platform.engine.support.hierarchical.ThrowableCollector.execute(ThrowableCollector.java:73)
	at org.junit.jupiter.engine.descriptor.TestMethodTestDescriptor.prepare(TestMethodTestDescriptor.java:101)
	at org.junit.jupiter.engine.descriptor.TestMethodTestDescriptor.prepare(TestMethodTestDescriptor.java:66)
	at org.junit.platform.engine.support.hierarchical.NodeTestTask.lambda$prepare$2(NodeTestTask.java:123)
	at org.junit.platform.engine.support.hierarchical.ThrowableCollector.execute(ThrowableCollector.java:73)
	at org.junit.platform.engine.support.hierarchical.NodeTestTask.prepare(NodeTestTask.java:123)
	at org.junit.platform.engine.support.hierarchical.NodeTestTask.execute(NodeTestTask.java:90)
	at java.base/java.util.ArrayList.forEach(ArrayList.java:1596)
	at org.junit.platform.engine.support.hierarchical.SameThreadHierarchicalTestExecutorService.invokeAll(SameThreadHierarchicalTestExecutorService.java:41)
	at org.junit.platform.engine.support.hierarchical.NodeTestTask.lambda$executeRecursively$6(NodeTestTask.java:155)
	at org.junit.platform.engine.support.hierarchical.ThrowableCollector.execute(ThrowableCollector.java:73)
	at org.junit.platform.engine.support.hierarchical.NodeTestTask.lambda$executeRecursively$8(NodeTestTask.java:141)
	at org.junit.platform.engine.support.hierarchical.Node.around(Node.java:137)
	at org.junit.platform.engine.support.hierarchical.NodeTestTask.lambda$executeRecursively$9(NodeTestTask.java:139)
	at org.junit.platform.engine.support.hierarchical.ThrowableCollector.execute(ThrowableCollector.java:73)
	at org.junit.platform.engine.support.hierarchical.NodeTestTask.executeRecursively(NodeTestTask.java:138)
	at org.junit.platform.engine.support.hierarchical.NodeTestTask.execute(NodeTestTask.java:95)
	at java.base/java.util.ArrayList.forEach(ArrayList.java:1596)
	at org.junit.platform.engine.support.hierarchical.SameThreadHierarchicalTestExecutorService.invokeAll(SameThreadHierarchicalTestExecutorService.java:41)
	at org.junit.platform.engine.support.hierarchical.NodeTestTask.lambda$executeRecursively$6(NodeTestTask.java:155)
	at org.junit.platform.engine.support.hierarchical.ThrowableCollector.execute(ThrowableCollector.java:73)
	at org.junit.platform.engine.support.hierarchical.NodeTestTask.lambda$executeRecursively$8(NodeTestTask.java:141)
	at org.junit.platform.engine.support.hierarchical.Node.around(Node.java:137)
	at org.junit.platform.engine.support.hierarchical.NodeTestTask.lambda$executeRecursively$9(NodeTestTask.java:139)
	at org.junit.platform.engine.support.hierarchical.ThrowableCollector.execute(ThrowableCollector.java:73)
	at org.junit.platform.engine.support.hierarchical.NodeTestTask.executeRecursively(NodeTestTask.java:138)
	at org.junit.platform.engine.support.hierarchical.NodeTestTask.execute(NodeTestTask.java:95)
	at org.junit.platform.engine.support.hierarchical.SameThreadHierarchicalTestExecutorService.submit(SameThreadHierarchicalTestExecutorService.java:35)
	at org.junit.platform.engine.support.hierarchical.HierarchicalTestExecutor.execute(HierarchicalTestExecutor.java:57)
	at org.junit.platform.engine.support.hierarchical.HierarchicalTestEngine.execute(HierarchicalTestEngine.java:54)
	at org.junit.platform.launcher.core.DefaultLauncher.execute(DefaultLauncher.java:220)
	at org.junit.platform.launcher.core.DefaultLauncher.lambda$execute$6(DefaultLauncher.java:188)
	at org.junit.platform.launcher.core.DefaultLauncher.withInterceptedStreams(DefaultLauncher.java:202)
	at org.junit.platform.launcher.core.DefaultLauncher.execute(DefaultLauncher.java:181)
	at org.junit.platform.launcher.core.DefaultLauncher.execute(DefaultLauncher.java:128)
	at org.apache.maven.surefire.junitplatform.JUnitPlatformProvider.invokeAllTests(JUnitPlatformProvider.java:150)
	at org.apache.maven.surefire.junitplatform.JUnitPlatformProvider.invoke(JUnitPlatformProvider.java:124)
	at org.apache.maven.surefire.booter.ForkedBooter.invokeProviderInSameClassLoader(ForkedBooter.java:384)
	at org.apache.maven.surefire.booter.ForkedBooter.runSuitesInProcess(ForkedBooter.java:345)
	at org.apache.maven.surefire.booter.ForkedBooter.execute(ForkedBooter.java:126)
	at org.apache.maven.surefire.booter.ForkedBooter.main(ForkedBooter.java:418)
Caused by: org.springframework.beans.factory.UnsatisfiedDependencyException: Error creating bean with name 'jwtUtils': Unsatisfied dependency expressed through field 'jwtEncoder'; nested exception is org.springframework.beans.factory.NoSuchBeanDefinitionException: No qualifying bean of type 'org.springframework.security.oauth2.jwt.JwtEncoder' available: expected at least 1 bean which qualifies as autowire candidate. Dependency annotations: {@org.springframework.beans.factory.annotation.Autowired(required=true)}
	at org.springframework.beans.factory.annotation.AutowiredAnnotationBeanPostProcessor$AutowiredFieldElement.resolveFieldValue(AutowiredAnnotationBeanPostProcessor.java:713)
	at org.springframework.beans.factory.annotation.AutowiredAnnotationBeanPostProcessor$AutowiredFieldElement.inject(AutowiredAnnotationBeanPostProcessor.java:693)
	at org.springframework.beans.factory.annotation.InjectionMetadata.inject(InjectionMetadata.java:119)
	at org.springframework.beans.factory.annotation.AutowiredAnnotationBeanPostProcessor.postProcessProperties(AutowiredAnnotationBeanPostProcessor.java:408)
	at org.springframework.beans.factory.support.AbstractAutowireCapableBeanFactory.populateBean(AbstractAutowireCapableBeanFactory.java:1431)
	at org.springframework.beans.factory.support.AbstractAutowireCapableBeanFactory.doCreateBean(AbstractAutowireCapableBeanFactory.java:619)
	at org.springframework.beans.factory.support.AbstractAutowireCapableBeanFactory.createBean(AbstractAutowireCapableBeanFactory.java:542)
	at org.springframework.beans.factory.support.AbstractBeanFactory.lambda$doGetBean$0(AbstractBeanFactory.java:335)
	at org.springframework.beans.factory.support.DefaultSingletonBeanRegistry.getSingleton(DefaultSingletonBeanRegistry.java:234)
	at org.springframework.beans.factory.support.AbstractBeanFactory.doGetBean(AbstractBeanFactory.java:333)
	at org.springframework.beans.factory.support.AbstractBeanFactory.getBean(AbstractBeanFactory.java:208)
	at org.springframework.beans.factory.support.DefaultListableBeanFactory.preInstantiateSingletons(DefaultListableBeanFactory.java:955)
	at org.springframework.context.support.AbstractApplicationContext.finishBeanFactoryInitialization(AbstractApplicationContext.java:929)
	at org.springframework.context.support.AbstractApplicationContext.refresh(AbstractApplicationContext.java:591)
	at org.springframework.boot.SpringApplication.refresh(SpringApplication.java:732)
	at org.springframework.boot.SpringApplication.refreshContext(SpringApplication.java:409)
	at org.springframework.boot.SpringApplication.run(SpringApplication.java:308)
	at org.springframework.boot.test.context.SpringBootContextLoader.loadContext(SpringBootContextLoader.java:136)
	at org.springframework.test.context.cache.DefaultCacheAwareContextLoaderDelegate.loadContextInternal(DefaultCacheAwareContextLoaderDelegate.java:141)
	at org.springframework.test.context.cache.DefaultCacheAwareContextLoaderDelegate.loadContext(DefaultCacheAwareContextLoaderDelegate.java:90)
	... 68 common frames omitted
Caused by: org.springframework.beans.factory.NoSuchBeanDefinitionException: No qualifying bean of type 'org.springframework.security.oauth2.jwt.JwtEncoder' available: expected at least 1 bean which qualifies as autowire candidate. Dependency annotations: {@org.springframework.beans.factory.annotation.Autowired(required=true)}
	at org.springframework.beans.factory.support.DefaultListableBeanFactory.raiseNoMatchingBeanFound(DefaultListableBeanFactory.java:1801)
	at org.springframework.beans.factory.support.DefaultListableBeanFactory.doResolveDependency(DefaultListableBeanFactory.java:1357)
	at org.springframework.beans.factory.support.DefaultListableBeanFactory.resolveDependency(DefaultListableBeanFactory.java:1311)
	at org.springframework.beans.factory.annotation.AutowiredAnnotationBeanPostProcessor$AutowiredFieldElement.resolveFieldValue(AutowiredAnnotationBeanPostProcessor.java:710)
	... 87 common frames omitted
2025-04-23 22:22:43,400 INFO o.s.b.StartupInfoLogger {logStarting} [main] Starting BikeControllerTests using Java 21 on DESKTOP-A2Q7539 with PID 10812 (started by 34618 in C:\Users\34618\Documents\2DAM Gdo. Superior\Acceso a datos 2DAM\hellospring)
2025-04-23 22:22:43,401 INFO o.s.b.SpringApplication {logStartupProfileInfo} [main] No active profile set, falling back to 1 default profile: "default"
2025-04-23 22:22:43,599 WARN o.s.c.s.AbstractApplicationContext {refresh} [main] Exception encountered during context initialization - cancelling refresh attempt: org.springframework.beans.factory.UnsatisfiedDependencyException: Error creating bean with name 'jwtUtils': Unsatisfied dependency expressed through field 'jwtEncoder'; nested exception is org.springframework.beans.factory.NoSuchBeanDefinitionException: No qualifying bean of type 'org.springframework.security.oauth2.jwt.JwtEncoder' available: expected at least 1 bean which qualifies as autowire candidate. Dependency annotations: {@org.springframework.beans.factory.annotation.Autowired(required=true)}
2025-04-23 22:22:43,601 INFO o.s.b.a.l.ConditionEvaluationReportLoggingListener {logMessage} [main] 

Error starting ApplicationContext. To display the conditions report re-run your application with 'debug' enabled.
2025-04-23 22:22:43,605 ERROR o.s.b.d.LoggingFailureAnalysisReporter {report} [main] 

***************************
APPLICATION FAILED TO START
***************************

Description:

Field jwtEncoder in com.svalero.apibikes.config.JwtUtils required a bean of type 'org.springframework.security.oauth2.jwt.JwtEncoder' that could not be found.

The injection point has the following annotations:
	- @org.springframework.beans.factory.annotation.Autowired(required=true)


Action:

Consider defining a bean of type 'org.springframework.security.oauth2.jwt.JwtEncoder' in your configuration.

2025-04-23 22:22:43,606 ERROR o.s.t.c.TestContextManager {prepareTestInstance} [main] Caught exception while allowing TestExecutionListener [org.springframework.boot.test.mock.mockito.MockitoTestExecutionListener@3e0e1046] to prepare test instance [com.svalero.apibikes.BikeControllerTests@6afbe6a1]
java.lang.IllegalStateException: Failed to load ApplicationContext
	at org.springframework.test.context.cache.DefaultCacheAwareContextLoaderDelegate.loadContext(DefaultCacheAwareContextLoaderDelegate.java:98)
	at org.springframework.test.context.support.DefaultTestContext.getApplicationContext(DefaultTestContext.java:124)
	at org.springframework.boot.test.mock.mockito.MockitoTestExecutionListener.postProcessFields(MockitoTestExecutionListener.java:110)
	at org.springframework.boot.test.mock.mockito.MockitoTestExecutionListener.injectFields(MockitoTestExecutionListener.java:94)
	at org.springframework.boot.test.mock.mockito.MockitoTestExecutionListener.prepareTestInstance(MockitoTestExecutionListener.java:61)
	at org.springframework.test.context.TestContextManager.prepareTestInstance(TestContextManager.java:248)
	at org.springframework.test.context.junit.jupiter.SpringExtension.postProcessTestInstance(SpringExtension.java:138)
	at org.junit.jupiter.engine.descriptor.ClassBasedTestDescriptor.lambda$invokeTestInstancePostProcessors$8(ClassBasedTestDescriptor.java:363)
	at org.junit.jupiter.engine.descriptor.ClassBasedTestDescriptor.executeAndMaskThrowable(ClassBasedTestDescriptor.java:368)
	at org.junit.jupiter.engine.descriptor.ClassBasedTestDescriptor.lambda$invokeTestInstancePostProcessors$9(ClassBasedTestDescriptor.java:363)
	at java.base/java.util.stream.ReferencePipeline$3$1.accept(ReferencePipeline.java:197)
	at java.base/java.util.stream.ReferencePipeline$2$1.accept(ReferencePipeline.java:179)
	at java.base/java.util.ArrayList$ArrayListSpliterator.forEachRemaining(ArrayList.java:1708)
	at java.base/java.util.stream.AbstractPipeline.copyInto(AbstractPipeline.java:509)
	at java.base/java.util.stream.AbstractPipeline.wrapAndCopyInto(AbstractPipeline.java:499)
	at java.base/java.util.stream.StreamSpliterators$WrappingSpliterator.forEachRemaining(StreamSpliterators.java:310)
	at java.base/java.util.stream.Streams$ConcatSpliterator.forEachRemaining(Streams.java:735)
	at java.base/java.util.stream.Streams$ConcatSpliterator.forEachRemaining(Streams.java:734)
	at java.base/java.util.stream.ReferencePipeline$Head.forEach(ReferencePipeline.java:762)
	at org.junit.jupiter.engine.descriptor.ClassBasedTestDescriptor.invokeTestInstancePostProcessors(ClassBasedTestDescriptor.java:362)
	at org.junit.jupiter.engine.descriptor.ClassBasedTestDescriptor.lambda$instantiateAndPostProcessTestInstance$6(ClassBasedTestDescriptor.java:283)
	at org.junit.platform.engine.support.hierarchical.ThrowableCollector.execute(ThrowableCollector.java:73)
	at org.junit.jupiter.engine.descriptor.ClassBasedTestDescriptor.instantiateAndPostProcessTestInstance(ClassBasedTestDescriptor.java:282)
	at org.junit.jupiter.engine.descriptor.ClassBasedTestDescriptor.lambda$testInstancesProvider$4(ClassBasedTestDescriptor.java:272)
	at java.base/java.util.Optional.orElseGet(Optional.java:364)
	at org.junit.jupiter.engine.descriptor.ClassBasedTestDescriptor.lambda$testInstancesProvider$5(ClassBasedTestDescriptor.java:271)
	at org.junit.jupiter.engine.execution.TestInstancesProvider.getTestInstances(TestInstancesProvider.java:31)
	at org.junit.jupiter.engine.descriptor.TestMethodTestDescriptor.lambda$prepare$0(TestMethodTestDescriptor.java:102)
	at org.junit.platform.engine.support.hierarchical.ThrowableCollector.execute(ThrowableCollector.java:73)
	at org.junit.jupiter.engine.descriptor.TestMethodTestDescriptor.prepare(TestMethodTestDescriptor.java:101)
	at org.junit.jupiter.engine.descriptor.TestMethodTestDescriptor.prepare(TestMethodTestDescriptor.java:66)
	at org.junit.platform.engine.support.hierarchical.NodeTestTask.lambda$prepare$2(NodeTestTask.java:123)
	at org.junit.platform.engine.support.hierarchical.ThrowableCollector.execute(ThrowableCollector.java:73)
	at org.junit.platform.engine.support.hierarchical.NodeTestTask.prepare(NodeTestTask.java:123)
	at org.junit.platform.engine.support.hierarchical.NodeTestTask.execute(NodeTestTask.java:90)
	at java.base/java.util.ArrayList.forEach(ArrayList.java:1596)
	at org.junit.platform.engine.support.hierarchical.SameThreadHierarchicalTestExecutorService.invokeAll(SameThreadHierarchicalTestExecutorService.java:41)
	at org.junit.platform.engine.support.hierarchical.NodeTestTask.lambda$executeRecursively$6(NodeTestTask.java:155)
	at org.junit.platform.engine.support.hierarchical.ThrowableCollector.execute(ThrowableCollector.java:73)
	at org.junit.platform.engine.support.hierarchical.NodeTestTask.lambda$executeRecursively$8(NodeTestTask.java:141)
	at org.junit.platform.engine.support.hierarchical.Node.around(Node.java:137)
	at org.junit.platform.engine.support.hierarchical.NodeTestTask.lambda$executeRecursively$9(NodeTestTask.java:139)
	at org.junit.platform.engine.support.hierarchical.ThrowableCollector.execute(ThrowableCollector.java:73)
	at org.junit.platform.engine.support.hierarchical.NodeTestTask.executeRecursively(NodeTestTask.java:138)
	at org.junit.platform.engine.support.hierarchical.NodeTestTask.execute(NodeTestTask.java:95)
	at java.base/java.util.ArrayList.forEach(ArrayList.java:1596)
	at org.junit.platform.engine.support.hierarchical.SameThreadHierarchicalTestExecutorService.invokeAll(SameThreadHierarchicalTestExecutorService.java:41)
	at org.junit.platform.engine.support.hierarchical.NodeTestTask.lambda$executeRecursively$6(NodeTestTask.java:155)
	at org.junit.platform.engine.support.hierarchical.ThrowableCollector.execute(ThrowableCollector.java:73)
	at org.junit.platform.engine.support.hierarchical.NodeTestTask.lambda$executeRecursively$8(NodeTestTask.java:141)
	at org.junit.platform.engine.support.hierarchical.Node.around(Node.java:137)
	at org.junit.platform.engine.support.hierarchical.NodeTestTask.lambda$executeRecursively$9(NodeTestTask.java:139)
	at org.junit.platform.engine.support.hierarchical.ThrowableCollector.execute(ThrowableCollector.java:73)
	at org.junit.platform.engine.support.hierarchical.NodeTestTask.executeRecursively(NodeTestTask.java:138)
	at org.junit.platform.engine.support.hierarchical.NodeTestTask.execute(NodeTestTask.java:95)
	at org.junit.platform.engine.support.hierarchical.SameThreadHierarchicalTestExecutorService.submit(SameThreadHierarchicalTestExecutorService.java:35)
	at org.junit.platform.engine.support.hierarchical.HierarchicalTestExecutor.execute(HierarchicalTestExecutor.java:57)
	at org.junit.platform.engine.support.hierarchical.HierarchicalTestEngine.execute(HierarchicalTestEngine.java:54)
	at org.junit.platform.launcher.core.DefaultLauncher.execute(DefaultLauncher.java:220)
	at org.junit.platform.launcher.core.DefaultLauncher.lambda$execute$6(DefaultLauncher.java:188)
	at org.junit.platform.launcher.core.DefaultLauncher.withInterceptedStreams(DefaultLauncher.java:202)
	at org.junit.platform.launcher.core.DefaultLauncher.execute(DefaultLauncher.java:181)
	at org.junit.platform.launcher.core.DefaultLauncher.execute(DefaultLauncher.java:128)
	at org.apache.maven.surefire.junitplatform.JUnitPlatformProvider.invokeAllTests(JUnitPlatformProvider.java:150)
	at org.apache.maven.surefire.junitplatform.JUnitPlatformProvider.invoke(JUnitPlatformProvider.java:124)
	at org.apache.maven.surefire.booter.ForkedBooter.invokeProviderInSameClassLoader(ForkedBooter.java:384)
	at org.apache.maven.surefire.booter.ForkedBooter.runSuitesInProcess(ForkedBooter.java:345)
	at org.apache.maven.surefire.booter.ForkedBooter.execute(ForkedBooter.java:126)
	at org.apache.maven.surefire.booter.ForkedBooter.main(ForkedBooter.java:418)
Caused by: org.springframework.beans.factory.UnsatisfiedDependencyException: Error creating bean with name 'jwtUtils': Unsatisfied dependency expressed through field 'jwtEncoder'; nested exception is org.springframework.beans.factory.NoSuchBeanDefinitionException: No qualifying bean of type 'org.springframework.security.oauth2.jwt.JwtEncoder' available: expected at least 1 bean which qualifies as autowire candidate. Dependency annotations: {@org.springframework.beans.factory.annotation.Autowired(required=true)}
	at org.springframework.beans.factory.annotation.AutowiredAnnotationBeanPostProcessor$AutowiredFieldElement.resolveFieldValue(AutowiredAnnotationBeanPostProcessor.java:713)
	at org.springframework.beans.factory.annotation.AutowiredAnnotationBeanPostProcessor$AutowiredFieldElement.inject(AutowiredAnnotationBeanPostProcessor.java:693)
	at org.springframework.beans.factory.annotation.InjectionMetadata.inject(InjectionMetadata.java:119)
	at org.springframework.beans.factory.annotation.AutowiredAnnotationBeanPostProcessor.postProcessProperties(AutowiredAnnotationBeanPostProcessor.java:408)
	at org.springframework.beans.factory.support.AbstractAutowireCapableBeanFactory.populateBean(AbstractAutowireCapableBeanFactory.java:1431)
	at org.springframework.beans.factory.support.AbstractAutowireCapableBeanFactory.doCreateBean(AbstractAutowireCapableBeanFactory.java:619)
	at org.springframework.beans.factory.support.AbstractAutowireCapableBeanFactory.createBean(AbstractAutowireCapableBeanFactory.java:542)
	at org.springframework.beans.factory.support.AbstractBeanFactory.lambda$doGetBean$0(AbstractBeanFactory.java:335)
	at org.springframework.beans.factory.support.DefaultSingletonBeanRegistry.getSingleton(DefaultSingletonBeanRegistry.java:234)
	at org.springframework.beans.factory.support.AbstractBeanFactory.doGetBean(AbstractBeanFactory.java:333)
	at org.springframework.beans.factory.support.AbstractBeanFactory.getBean(AbstractBeanFactory.java:208)
	at org.springframework.beans.factory.support.DefaultListableBeanFactory.preInstantiateSingletons(DefaultListableBeanFactory.java:955)
	at org.springframework.context.support.AbstractApplicationContext.finishBeanFactoryInitialization(AbstractApplicationContext.java:929)
	at org.springframework.context.support.AbstractApplicationContext.refresh(AbstractApplicationContext.java:591)
	at org.springframework.boot.SpringApplication.refresh(SpringApplication.java:732)
	at org.springframework.boot.SpringApplication.refreshContext(SpringApplication.java:409)
	at org.springframework.boot.SpringApplication.run(SpringApplication.java:308)
	at org.springframework.boot.test.context.SpringBootContextLoader.loadContext(SpringBootContextLoader.java:136)
	at org.springframework.test.context.cache.DefaultCacheAwareContextLoaderDelegate.loadContextInternal(DefaultCacheAwareContextLoaderDelegate.java:141)
	at org.springframework.test.context.cache.DefaultCacheAwareContextLoaderDelegate.loadContext(DefaultCacheAwareContextLoaderDelegate.java:90)
	... 68 common frames omitted
Caused by: org.springframework.beans.factory.NoSuchBeanDefinitionException: No qualifying bean of type 'org.springframework.security.oauth2.jwt.JwtEncoder' available: expected at least 1 bean which qualifies as autowire candidate. Dependency annotations: {@org.springframework.beans.factory.annotation.Autowired(required=true)}
	at org.springframework.beans.factory.support.DefaultListableBeanFactory.raiseNoMatchingBeanFound(DefaultListableBeanFactory.java:1801)
	at org.springframework.beans.factory.support.DefaultListableBeanFactory.doResolveDependency(DefaultListableBeanFactory.java:1357)
	at org.springframework.beans.factory.support.DefaultListableBeanFactory.resolveDependency(DefaultListableBeanFactory.java:1311)
	at org.springframework.beans.factory.annotation.AutowiredAnnotationBeanPostProcessor$AutowiredFieldElement.resolveFieldValue(AutowiredAnnotationBeanPostProcessor.java:710)
	... 87 common frames omitted
2025-04-23 22:22:43,659 INFO o.s.b.StartupInfoLogger {logStarting} [main] Starting BikeControllerTests using Java 21 on DESKTOP-A2Q7539 with PID 10812 (started by 34618 in C:\Users\34618\Documents\2DAM Gdo. Superior\Acceso a datos 2DAM\hellospring)
2025-04-23 22:22:43,660 INFO o.s.b.SpringApplication {logStartupProfileInfo} [main] No active profile set, falling back to 1 default profile: "default"
2025-04-23 22:22:43,808 WARN o.s.c.s.AbstractApplicationContext {refresh} [main] Exception encountered during context initialization - cancelling refresh attempt: org.springframework.beans.factory.UnsatisfiedDependencyException: Error creating bean with name 'jwtUtils': Unsatisfied dependency expressed through field 'jwtEncoder'; nested exception is org.springframework.beans.factory.NoSuchBeanDefinitionException: No qualifying bean of type 'org.springframework.security.oauth2.jwt.JwtEncoder' available: expected at least 1 bean which qualifies as autowire candidate. Dependency annotations: {@org.springframework.beans.factory.annotation.Autowired(required=true)}
2025-04-23 22:22:43,810 INFO o.s.b.a.l.ConditionEvaluationReportLoggingListener {logMessage} [main] 

Error starting ApplicationContext. To display the conditions report re-run your application with 'debug' enabled.
2025-04-23 22:22:43,813 ERROR o.s.b.d.LoggingFailureAnalysisReporter {report} [main] 

***************************
APPLICATION FAILED TO START
***************************

Description:

Field jwtEncoder in com.svalero.apibikes.config.JwtUtils required a bean of type 'org.springframework.security.oauth2.jwt.JwtEncoder' that could not be found.

The injection point has the following annotations:
	- @org.springframework.beans.factory.annotation.Autowired(required=true)


Action:

Consider defining a bean of type 'org.springframework.security.oauth2.jwt.JwtEncoder' in your configuration.

2025-04-23 22:22:43,815 ERROR o.s.t.c.TestContextManager {prepareTestInstance} [main] Caught exception while allowing TestExecutionListener [org.springframework.boot.test.mock.mockito.MockitoTestExecutionListener@3e0e1046] to prepare test instance [com.svalero.apibikes.BikeControllerTests@5fd8dd66]
java.lang.IllegalStateException: Failed to load ApplicationContext
	at org.springframework.test.context.cache.DefaultCacheAwareContextLoaderDelegate.loadContext(DefaultCacheAwareContextLoaderDelegate.java:98)
	at org.springframework.test.context.support.DefaultTestContext.getApplicationContext(DefaultTestContext.java:124)
	at org.springframework.boot.test.mock.mockito.MockitoTestExecutionListener.postProcessFields(MockitoTestExecutionListener.java:110)
	at org.springframework.boot.test.mock.mockito.MockitoTestExecutionListener.injectFields(MockitoTestExecutionListener.java:94)
	at org.springframework.boot.test.mock.mockito.MockitoTestExecutionListener.prepareTestInstance(MockitoTestExecutionListener.java:61)
	at org.springframework.test.context.TestContextManager.prepareTestInstance(TestContextManager.java:248)
	at org.springframework.test.context.junit.jupiter.SpringExtension.postProcessTestInstance(SpringExtension.java:138)
	at org.junit.jupiter.engine.descriptor.ClassBasedTestDescriptor.lambda$invokeTestInstancePostProcessors$8(ClassBasedTestDescriptor.java:363)
	at org.junit.jupiter.engine.descriptor.ClassBasedTestDescriptor.executeAndMaskThrowable(ClassBasedTestDescriptor.java:368)
	at org.junit.jupiter.engine.descriptor.ClassBasedTestDescriptor.lambda$invokeTestInstancePostProcessors$9(ClassBasedTestDescriptor.java:363)
	at java.base/java.util.stream.ReferencePipeline$3$1.accept(ReferencePipeline.java:197)
	at java.base/java.util.stream.ReferencePipeline$2$1.accept(ReferencePipeline.java:179)
	at java.base/java.util.ArrayList$ArrayListSpliterator.forEachRemaining(ArrayList.java:1708)
	at java.base/java.util.stream.AbstractPipeline.copyInto(AbstractPipeline.java:509)
	at java.base/java.util.stream.AbstractPipeline.wrapAndCopyInto(AbstractPipeline.java:499)
	at java.base/java.util.stream.StreamSpliterators$WrappingSpliterator.forEachRemaining(StreamSpliterators.java:310)
	at java.base/java.util.stream.Streams$ConcatSpliterator.forEachRemaining(Streams.java:735)
	at java.base/java.util.stream.Streams$ConcatSpliterator.forEachRemaining(Streams.java:734)
	at java.base/java.util.stream.ReferencePipeline$Head.forEach(ReferencePipeline.java:762)
	at org.junit.jupiter.engine.descriptor.ClassBasedTestDescriptor.invokeTestInstancePostProcessors(ClassBasedTestDescriptor.java:362)
	at org.junit.jupiter.engine.descriptor.ClassBasedTestDescriptor.lambda$instantiateAndPostProcessTestInstance$6(ClassBasedTestDescriptor.java:283)
	at org.junit.platform.engine.support.hierarchical.ThrowableCollector.execute(ThrowableCollector.java:73)
	at org.junit.jupiter.engine.descriptor.ClassBasedTestDescriptor.instantiateAndPostProcessTestInstance(ClassBasedTestDescriptor.java:282)
	at org.junit.jupiter.engine.descriptor.ClassBasedTestDescriptor.lambda$testInstancesProvider$4(ClassBasedTestDescriptor.java:272)
	at java.base/java.util.Optional.orElseGet(Optional.java:364)
	at org.junit.jupiter.engine.descriptor.ClassBasedTestDescriptor.lambda$testInstancesProvider$5(ClassBasedTestDescriptor.java:271)
	at org.junit.jupiter.engine.execution.TestInstancesProvider.getTestInstances(TestInstancesProvider.java:31)
	at org.junit.jupiter.engine.descriptor.TestMethodTestDescriptor.lambda$prepare$0(TestMethodTestDescriptor.java:102)
	at org.junit.platform.engine.support.hierarchical.ThrowableCollector.execute(ThrowableCollector.java:73)
	at org.junit.jupiter.engine.descriptor.TestMethodTestDescriptor.prepare(TestMethodTestDescriptor.java:101)
	at org.junit.jupiter.engine.descriptor.TestMethodTestDescriptor.prepare(TestMethodTestDescriptor.java:66)
	at org.junit.platform.engine.support.hierarchical.NodeTestTask.lambda$prepare$2(NodeTestTask.java:123)
	at org.junit.platform.engine.support.hierarchical.ThrowableCollector.execute(ThrowableCollector.java:73)
	at org.junit.platform.engine.support.hierarchical.NodeTestTask.prepare(NodeTestTask.java:123)
	at org.junit.platform.engine.support.hierarchical.NodeTestTask.execute(NodeTestTask.java:90)
	at java.base/java.util.ArrayList.forEach(ArrayList.java:1596)
	at org.junit.platform.engine.support.hierarchical.SameThreadHierarchicalTestExecutorService.invokeAll(SameThreadHierarchicalTestExecutorService.java:41)
	at org.junit.platform.engine.support.hierarchical.NodeTestTask.lambda$executeRecursively$6(NodeTestTask.java:155)
	at org.junit.platform.engine.support.hierarchical.ThrowableCollector.execute(ThrowableCollector.java:73)
	at org.junit.platform.engine.support.hierarchical.NodeTestTask.lambda$executeRecursively$8(NodeTestTask.java:141)
	at org.junit.platform.engine.support.hierarchical.Node.around(Node.java:137)
	at org.junit.platform.engine.support.hierarchical.NodeTestTask.lambda$executeRecursively$9(NodeTestTask.java:139)
	at org.junit.platform.engine.support.hierarchical.ThrowableCollector.execute(ThrowableCollector.java:73)
	at org.junit.platform.engine.support.hierarchical.NodeTestTask.executeRecursively(NodeTestTask.java:138)
	at org.junit.platform.engine.support.hierarchical.NodeTestTask.execute(NodeTestTask.java:95)
	at java.base/java.util.ArrayList.forEach(ArrayList.java:1596)
	at org.junit.platform.engine.support.hierarchical.SameThreadHierarchicalTestExecutorService.invokeAll(SameThreadHierarchicalTestExecutorService.java:41)
	at org.junit.platform.engine.support.hierarchical.NodeTestTask.lambda$executeRecursively$6(NodeTestTask.java:155)
	at org.junit.platform.engine.support.hierarchical.ThrowableCollector.execute(ThrowableCollector.java:73)
	at org.junit.platform.engine.support.hierarchical.NodeTestTask.lambda$executeRecursively$8(NodeTestTask.java:141)
	at org.junit.platform.engine.support.hierarchical.Node.around(Node.java:137)
	at org.junit.platform.engine.support.hierarchical.NodeTestTask.lambda$executeRecursively$9(NodeTestTask.java:139)
	at org.junit.platform.engine.support.hierarchical.ThrowableCollector.execute(ThrowableCollector.java:73)
	at org.junit.platform.engine.support.hierarchical.NodeTestTask.executeRecursively(NodeTestTask.java:138)
	at org.junit.platform.engine.support.hierarchical.NodeTestTask.execute(NodeTestTask.java:95)
	at org.junit.platform.engine.support.hierarchical.SameThreadHierarchicalTestExecutorService.submit(SameThreadHierarchicalTestExecutorService.java:35)
	at org.junit.platform.engine.support.hierarchical.HierarchicalTestExecutor.execute(HierarchicalTestExecutor.java:57)
	at org.junit.platform.engine.support.hierarchical.HierarchicalTestEngine.execute(HierarchicalTestEngine.java:54)
	at org.junit.platform.launcher.core.DefaultLauncher.execute(DefaultLauncher.java:220)
	at org.junit.platform.launcher.core.DefaultLauncher.lambda$execute$6(DefaultLauncher.java:188)
	at org.junit.platform.launcher.core.DefaultLauncher.withInterceptedStreams(DefaultLauncher.java:202)
	at org.junit.platform.launcher.core.DefaultLauncher.execute(DefaultLauncher.java:181)
	at org.junit.platform.launcher.core.DefaultLauncher.execute(DefaultLauncher.java:128)
	at org.apache.maven.surefire.junitplatform.JUnitPlatformProvider.invokeAllTests(JUnitPlatformProvider.java:150)
	at org.apache.maven.surefire.junitplatform.JUnitPlatformProvider.invoke(JUnitPlatformProvider.java:124)
	at org.apache.maven.surefire.booter.ForkedBooter.invokeProviderInSameClassLoader(ForkedBooter.java:384)
	at org.apache.maven.surefire.booter.ForkedBooter.runSuitesInProcess(ForkedBooter.java:345)
	at org.apache.maven.surefire.booter.ForkedBooter.execute(ForkedBooter.java:126)
	at org.apache.maven.surefire.booter.ForkedBooter.main(ForkedBooter.java:418)
Caused by: org.springframework.beans.factory.UnsatisfiedDependencyException: Error creating bean with name 'jwtUtils': Unsatisfied dependency expressed through field 'jwtEncoder'; nested exception is org.springframework.beans.factory.NoSuchBeanDefinitionException: No qualifying bean of type 'org.springframework.security.oauth2.jwt.JwtEncoder' available: expected at least 1 bean which qualifies as autowire candidate. Dependency annotations: {@org.springframework.beans.factory.annotation.Autowired(required=true)}
	at org.springframework.beans.factory.annotation.AutowiredAnnotationBeanPostProcessor$AutowiredFieldElement.resolveFieldValue(AutowiredAnnotationBeanPostProcessor.java:713)
	at org.springframework.beans.factory.annotation.AutowiredAnnotationBeanPostProcessor$AutowiredFieldElement.inject(AutowiredAnnotationBeanPostProcessor.java:693)
	at org.springframework.beans.factory.annotation.InjectionMetadata.inject(InjectionMetadata.java:119)
	at org.springframework.beans.factory.annotation.AutowiredAnnotationBeanPostProcessor.postProcessProperties(AutowiredAnnotationBeanPostProcessor.java:408)
	at org.springframework.beans.factory.support.AbstractAutowireCapableBeanFactory.populateBean(AbstractAutowireCapableBeanFactory.java:1431)
	at org.springframework.beans.factory.support.AbstractAutowireCapableBeanFactory.doCreateBean(AbstractAutowireCapableBeanFactory.java:619)
	at org.springframework.beans.factory.support.AbstractAutowireCapableBeanFactory.createBean(AbstractAutowireCapableBeanFactory.java:542)
	at org.springframework.beans.factory.support.AbstractBeanFactory.lambda$doGetBean$0(AbstractBeanFactory.java:335)
	at org.springframework.beans.factory.support.DefaultSingletonBeanRegistry.getSingleton(DefaultSingletonBeanRegistry.java:234)
	at org.springframework.beans.factory.support.AbstractBeanFactory.doGetBean(AbstractBeanFactory.java:333)
	at org.springframework.beans.factory.support.AbstractBeanFactory.getBean(AbstractBeanFactory.java:208)
	at org.springframework.beans.factory.support.DefaultListableBeanFactory.preInstantiateSingletons(DefaultListableBeanFactory.java:955)
	at org.springframework.context.support.AbstractApplicationContext.finishBeanFactoryInitialization(AbstractApplicationContext.java:929)
	at org.springframework.context.support.AbstractApplicationContext.refresh(AbstractApplicationContext.java:591)
	at org.springframework.boot.SpringApplication.refresh(SpringApplication.java:732)
	at org.springframework.boot.SpringApplication.refreshContext(SpringApplication.java:409)
	at org.springframework.boot.SpringApplication.run(SpringApplication.java:308)
	at org.springframework.boot.test.context.SpringBootContextLoader.loadContext(SpringBootContextLoader.java:136)
	at org.springframework.test.context.cache.DefaultCacheAwareContextLoaderDelegate.loadContextInternal(DefaultCacheAwareContextLoaderDelegate.java:141)
	at org.springframework.test.context.cache.DefaultCacheAwareContextLoaderDelegate.loadContext(DefaultCacheAwareContextLoaderDelegate.java:90)
	... 68 common frames omitted
Caused by: org.springframework.beans.factory.NoSuchBeanDefinitionException: No qualifying bean of type 'org.springframework.security.oauth2.jwt.JwtEncoder' available: expected at least 1 bean which qualifies as autowire candidate. Dependency annotations: {@org.springframework.beans.factory.annotation.Autowired(required=true)}
	at org.springframework.beans.factory.support.DefaultListableBeanFactory.raiseNoMatchingBeanFound(DefaultListableBeanFactory.java:1801)
	at org.springframework.beans.factory.support.DefaultListableBeanFactory.doResolveDependency(DefaultListableBeanFactory.java:1357)
	at org.springframework.beans.factory.support.DefaultListableBeanFactory.resolveDependency(DefaultListableBeanFactory.java:1311)
	at org.springframework.beans.factory.annotation.AutowiredAnnotationBeanPostProcessor$AutowiredFieldElement.resolveFieldValue(AutowiredAnnotationBeanPostProcessor.java:710)
	... 87 common frames omitted
2025-04-23 22:22:43,867 INFO o.s.b.StartupInfoLogger {logStarting} [main] Starting BikeControllerTests using Java 21 on DESKTOP-A2Q7539 with PID 10812 (started by 34618 in C:\Users\34618\Documents\2DAM Gdo. Superior\Acceso a datos 2DAM\hellospring)
2025-04-23 22:22:43,868 INFO o.s.b.SpringApplication {logStartupProfileInfo} [main] No active profile set, falling back to 1 default profile: "default"
2025-04-23 22:22:44,009 WARN o.s.c.s.AbstractApplicationContext {refresh} [main] Exception encountered during context initialization - cancelling refresh attempt: org.springframework.beans.factory.UnsatisfiedDependencyException: Error creating bean with name 'jwtUtils': Unsatisfied dependency expressed through field 'jwtEncoder'; nested exception is org.springframework.beans.factory.NoSuchBeanDefinitionException: No qualifying bean of type 'org.springframework.security.oauth2.jwt.JwtEncoder' available: expected at least 1 bean which qualifies as autowire candidate. Dependency annotations: {@org.springframework.beans.factory.annotation.Autowired(required=true)}
2025-04-23 22:22:44,010 INFO o.s.b.a.l.ConditionEvaluationReportLoggingListener {logMessage} [main] 

Error starting ApplicationContext. To display the conditions report re-run your application with 'debug' enabled.
2025-04-23 22:22:44,013 ERROR o.s.b.d.LoggingFailureAnalysisReporter {report} [main] 

***************************
APPLICATION FAILED TO START
***************************

Description:

Field jwtEncoder in com.svalero.apibikes.config.JwtUtils required a bean of type 'org.springframework.security.oauth2.jwt.JwtEncoder' that could not be found.

The injection point has the following annotations:
	- @org.springframework.beans.factory.annotation.Autowired(required=true)


Action:

Consider defining a bean of type 'org.springframework.security.oauth2.jwt.JwtEncoder' in your configuration.

2025-04-23 22:22:44,014 ERROR o.s.t.c.TestContextManager {prepareTestInstance} [main] Caught exception while allowing TestExecutionListener [org.springframework.boot.test.mock.mockito.MockitoTestExecutionListener@3e0e1046] to prepare test instance [com.svalero.apibikes.BikeControllerTests@83b0d0f]
java.lang.IllegalStateException: Failed to load ApplicationContext
	at org.springframework.test.context.cache.DefaultCacheAwareContextLoaderDelegate.loadContext(DefaultCacheAwareContextLoaderDelegate.java:98)
	at org.springframework.test.context.support.DefaultTestContext.getApplicationContext(DefaultTestContext.java:124)
	at org.springframework.boot.test.mock.mockito.MockitoTestExecutionListener.postProcessFields(MockitoTestExecutionListener.java:110)
	at org.springframework.boot.test.mock.mockito.MockitoTestExecutionListener.injectFields(MockitoTestExecutionListener.java:94)
	at org.springframework.boot.test.mock.mockito.MockitoTestExecutionListener.prepareTestInstance(MockitoTestExecutionListener.java:61)
	at org.springframework.test.context.TestContextManager.prepareTestInstance(TestContextManager.java:248)
	at org.springframework.test.context.junit.jupiter.SpringExtension.postProcessTestInstance(SpringExtension.java:138)
	at org.junit.jupiter.engine.descriptor.ClassBasedTestDescriptor.lambda$invokeTestInstancePostProcessors$8(ClassBasedTestDescriptor.java:363)
	at org.junit.jupiter.engine.descriptor.ClassBasedTestDescriptor.executeAndMaskThrowable(ClassBasedTestDescriptor.java:368)
	at org.junit.jupiter.engine.descriptor.ClassBasedTestDescriptor.lambda$invokeTestInstancePostProcessors$9(ClassBasedTestDescriptor.java:363)
	at java.base/java.util.stream.ReferencePipeline$3$1.accept(ReferencePipeline.java:197)
	at java.base/java.util.stream.ReferencePipeline$2$1.accept(ReferencePipeline.java:179)
	at java.base/java.util.ArrayList$ArrayListSpliterator.forEachRemaining(ArrayList.java:1708)
	at java.base/java.util.stream.AbstractPipeline.copyInto(AbstractPipeline.java:509)
	at java.base/java.util.stream.AbstractPipeline.wrapAndCopyInto(AbstractPipeline.java:499)
	at java.base/java.util.stream.StreamSpliterators$WrappingSpliterator.forEachRemaining(StreamSpliterators.java:310)
	at java.base/java.util.stream.Streams$ConcatSpliterator.forEachRemaining(Streams.java:735)
	at java.base/java.util.stream.Streams$ConcatSpliterator.forEachRemaining(Streams.java:734)
	at java.base/java.util.stream.ReferencePipeline$Head.forEach(ReferencePipeline.java:762)
	at org.junit.jupiter.engine.descriptor.ClassBasedTestDescriptor.invokeTestInstancePostProcessors(ClassBasedTestDescriptor.java:362)
	at org.junit.jupiter.engine.descriptor.ClassBasedTestDescriptor.lambda$instantiateAndPostProcessTestInstance$6(ClassBasedTestDescriptor.java:283)
	at org.junit.platform.engine.support.hierarchical.ThrowableCollector.execute(ThrowableCollector.java:73)
	at org.junit.jupiter.engine.descriptor.ClassBasedTestDescriptor.instantiateAndPostProcessTestInstance(ClassBasedTestDescriptor.java:282)
	at org.junit.jupiter.engine.descriptor.ClassBasedTestDescriptor.lambda$testInstancesProvider$4(ClassBasedTestDescriptor.java:272)
	at java.base/java.util.Optional.orElseGet(Optional.java:364)
	at org.junit.jupiter.engine.descriptor.ClassBasedTestDescriptor.lambda$testInstancesProvider$5(ClassBasedTestDescriptor.java:271)
	at org.junit.jupiter.engine.execution.TestInstancesProvider.getTestInstances(TestInstancesProvider.java:31)
	at org.junit.jupiter.engine.descriptor.TestMethodTestDescriptor.lambda$prepare$0(TestMethodTestDescriptor.java:102)
	at org.junit.platform.engine.support.hierarchical.ThrowableCollector.execute(ThrowableCollector.java:73)
	at org.junit.jupiter.engine.descriptor.TestMethodTestDescriptor.prepare(TestMethodTestDescriptor.java:101)
	at org.junit.jupiter.engine.descriptor.TestMethodTestDescriptor.prepare(TestMethodTestDescriptor.java:66)
	at org.junit.platform.engine.support.hierarchical.NodeTestTask.lambda$prepare$2(NodeTestTask.java:123)
	at org.junit.platform.engine.support.hierarchical.ThrowableCollector.execute(ThrowableCollector.java:73)
	at org.junit.platform.engine.support.hierarchical.NodeTestTask.prepare(NodeTestTask.java:123)
	at org.junit.platform.engine.support.hierarchical.NodeTestTask.execute(NodeTestTask.java:90)
	at java.base/java.util.ArrayList.forEach(ArrayList.java:1596)
	at org.junit.platform.engine.support.hierarchical.SameThreadHierarchicalTestExecutorService.invokeAll(SameThreadHierarchicalTestExecutorService.java:41)
	at org.junit.platform.engine.support.hierarchical.NodeTestTask.lambda$executeRecursively$6(NodeTestTask.java:155)
	at org.junit.platform.engine.support.hierarchical.ThrowableCollector.execute(ThrowableCollector.java:73)
	at org.junit.platform.engine.support.hierarchical.NodeTestTask.lambda$executeRecursively$8(NodeTestTask.java:141)
	at org.junit.platform.engine.support.hierarchical.Node.around(Node.java:137)
	at org.junit.platform.engine.support.hierarchical.NodeTestTask.lambda$executeRecursively$9(NodeTestTask.java:139)
	at org.junit.platform.engine.support.hierarchical.ThrowableCollector.execute(ThrowableCollector.java:73)
	at org.junit.platform.engine.support.hierarchical.NodeTestTask.executeRecursively(NodeTestTask.java:138)
	at org.junit.platform.engine.support.hierarchical.NodeTestTask.execute(NodeTestTask.java:95)
	at java.base/java.util.ArrayList.forEach(ArrayList.java:1596)
	at org.junit.platform.engine.support.hierarchical.SameThreadHierarchicalTestExecutorService.invokeAll(SameThreadHierarchicalTestExecutorService.java:41)
	at org.junit.platform.engine.support.hierarchical.NodeTestTask.lambda$executeRecursively$6(NodeTestTask.java:155)
	at org.junit.platform.engine.support.hierarchical.ThrowableCollector.execute(ThrowableCollector.java:73)
	at org.junit.platform.engine.support.hierarchical.NodeTestTask.lambda$executeRecursively$8(NodeTestTask.java:141)
	at org.junit.platform.engine.support.hierarchical.Node.around(Node.java:137)
	at org.junit.platform.engine.support.hierarchical.NodeTestTask.lambda$executeRecursively$9(NodeTestTask.java:139)
	at org.junit.platform.engine.support.hierarchical.ThrowableCollector.execute(ThrowableCollector.java:73)
	at org.junit.platform.engine.support.hierarchical.NodeTestTask.executeRecursively(NodeTestTask.java:138)
	at org.junit.platform.engine.support.hierarchical.NodeTestTask.execute(NodeTestTask.java:95)
	at org.junit.platform.engine.support.hierarchical.SameThreadHierarchicalTestExecutorService.submit(SameThreadHierarchicalTestExecutorService.java:35)
	at org.junit.platform.engine.support.hierarchical.HierarchicalTestExecutor.execute(HierarchicalTestExecutor.java:57)
	at org.junit.platform.engine.support.hierarchical.HierarchicalTestEngine.execute(HierarchicalTestEngine.java:54)
	at org.junit.platform.launcher.core.DefaultLauncher.execute(DefaultLauncher.java:220)
	at org.junit.platform.launcher.core.DefaultLauncher.lambda$execute$6(DefaultLauncher.java:188)
	at org.junit.platform.launcher.core.DefaultLauncher.withInterceptedStreams(DefaultLauncher.java:202)
	at org.junit.platform.launcher.core.DefaultLauncher.execute(DefaultLauncher.java:181)
	at org.junit.platform.launcher.core.DefaultLauncher.execute(DefaultLauncher.java:128)
	at org.apache.maven.surefire.junitplatform.JUnitPlatformProvider.invokeAllTests(JUnitPlatformProvider.java:150)
	at org.apache.maven.surefire.junitplatform.JUnitPlatformProvider.invoke(JUnitPlatformProvider.java:124)
	at org.apache.maven.surefire.booter.ForkedBooter.invokeProviderInSameClassLoader(ForkedBooter.java:384)
	at org.apache.maven.surefire.booter.ForkedBooter.runSuitesInProcess(ForkedBooter.java:345)
	at org.apache.maven.surefire.booter.ForkedBooter.execute(ForkedBooter.java:126)
	at org.apache.maven.surefire.booter.ForkedBooter.main(ForkedBooter.java:418)
Caused by: org.springframework.beans.factory.UnsatisfiedDependencyException: Error creating bean with name 'jwtUtils': Unsatisfied dependency expressed through field 'jwtEncoder'; nested exception is org.springframework.beans.factory.NoSuchBeanDefinitionException: No qualifying bean of type 'org.springframework.security.oauth2.jwt.JwtEncoder' available: expected at least 1 bean which qualifies as autowire candidate. Dependency annotations: {@org.springframework.beans.factory.annotation.Autowired(required=true)}
	at org.springframework.beans.factory.annotation.AutowiredAnnotationBeanPostProcessor$AutowiredFieldElement.resolveFieldValue(AutowiredAnnotationBeanPostProcessor.java:713)
	at org.springframework.beans.factory.annotation.AutowiredAnnotationBeanPostProcessor$AutowiredFieldElement.inject(AutowiredAnnotationBeanPostProcessor.java:693)
	at org.springframework.beans.factory.annotation.InjectionMetadata.inject(InjectionMetadata.java:119)
	at org.springframework.beans.factory.annotation.AutowiredAnnotationBeanPostProcessor.postProcessProperties(AutowiredAnnotationBeanPostProcessor.java:408)
	at org.springframework.beans.factory.support.AbstractAutowireCapableBeanFactory.populateBean(AbstractAutowireCapableBeanFactory.java:1431)
	at org.springframework.beans.factory.support.AbstractAutowireCapableBeanFactory.doCreateBean(AbstractAutowireCapableBeanFactory.java:619)
	at org.springframework.beans.factory.support.AbstractAutowireCapableBeanFactory.createBean(AbstractAutowireCapableBeanFactory.java:542)
	at org.springframework.beans.factory.support.AbstractBeanFactory.lambda$doGetBean$0(AbstractBeanFactory.java:335)
	at org.springframework.beans.factory.support.DefaultSingletonBeanRegistry.getSingleton(DefaultSingletonBeanRegistry.java:234)
	at org.springframework.beans.factory.support.AbstractBeanFactory.doGetBean(AbstractBeanFactory.java:333)
	at org.springframework.beans.factory.support.AbstractBeanFactory.getBean(AbstractBeanFactory.java:208)
	at org.springframework.beans.factory.support.DefaultListableBeanFactory.preInstantiateSingletons(DefaultListableBeanFactory.java:955)
	at org.springframework.context.support.AbstractApplicationContext.finishBeanFactoryInitialization(AbstractApplicationContext.java:929)
	at org.springframework.context.support.AbstractApplicationContext.refresh(AbstractApplicationContext.java:591)
	at org.springframework.boot.SpringApplication.refresh(SpringApplication.java:732)
	at org.springframework.boot.SpringApplication.refreshContext(SpringApplication.java:409)
	at org.springframework.boot.SpringApplication.run(SpringApplication.java:308)
	at org.springframework.boot.test.context.SpringBootContextLoader.loadContext(SpringBootContextLoader.java:136)
	at org.springframework.test.context.cache.DefaultCacheAwareContextLoaderDelegate.loadContextInternal(DefaultCacheAwareContextLoaderDelegate.java:141)
	at org.springframework.test.context.cache.DefaultCacheAwareContextLoaderDelegate.loadContext(DefaultCacheAwareContextLoaderDelegate.java:90)
	... 68 common frames omitted
Caused by: org.springframework.beans.factory.NoSuchBeanDefinitionException: No qualifying bean of type 'org.springframework.security.oauth2.jwt.JwtEncoder' available: expected at least 1 bean which qualifies as autowire candidate. Dependency annotations: {@org.springframework.beans.factory.annotation.Autowired(required=true)}
	at org.springframework.beans.factory.support.DefaultListableBeanFactory.raiseNoMatchingBeanFound(DefaultListableBeanFactory.java:1801)
	at org.springframework.beans.factory.support.DefaultListableBeanFactory.doResolveDependency(DefaultListableBeanFactory.java:1357)
	at org.springframework.beans.factory.support.DefaultListableBeanFactory.resolveDependency(DefaultListableBeanFactory.java:1311)
	at org.springframework.beans.factory.annotation.AutowiredAnnotationBeanPostProcessor$AutowiredFieldElement.resolveFieldValue(AutowiredAnnotationBeanPostProcessor.java:710)
	... 87 common frames omitted
2025-04-23 22:31:38,583 INFO o.h.v.i.u.Version {<clinit>} [background-preinit] HV000001: Hibernate Validator 6.2.5.Final
2025-04-23 22:31:38,600 INFO o.s.b.StartupInfoLogger {logStarting} [main] Starting BikeControllerTests using Java 21 on DESKTOP-A2Q7539 with PID 16852 (started by 34618 in C:\Users\34618\Documents\2DAM Gdo. Superior\Acceso a datos 2DAM\hellospring)
2025-04-23 22:31:38,602 INFO o.s.b.SpringApplication {logStartupProfileInfo} [main] No active profile set, falling back to 1 default profile: "default"
2025-04-23 22:31:41,531 WARN o.s.c.s.AbstractApplicationContext {refresh} [main] Exception encountered during context initialization - cancelling refresh attempt: org.springframework.beans.factory.UnsatisfiedDependencyException: Error creating bean with name 'jwtUtils': Unsatisfied dependency expressed through field 'jwtDecoder'; nested exception is org.springframework.beans.factory.NoSuchBeanDefinitionException: No qualifying bean of type 'org.springframework.security.oauth2.jwt.JwtDecoder' available: expected at least 1 bean which qualifies as autowire candidate. Dependency annotations: {@org.springframework.beans.factory.annotation.Autowired(required=true)}
2025-04-23 22:31:41,550 INFO o.s.b.a.l.ConditionEvaluationReportLoggingListener {logMessage} [main] 

Error starting ApplicationContext. To display the conditions report re-run your application with 'debug' enabled.
2025-04-23 22:31:41,615 ERROR o.s.b.d.LoggingFailureAnalysisReporter {report} [main] 

***************************
APPLICATION FAILED TO START
***************************

Description:

Field jwtDecoder in com.svalero.apibikes.config.JwtUtils required a bean of type 'org.springframework.security.oauth2.jwt.JwtDecoder' that could not be found.

The injection point has the following annotations:
	- @org.springframework.beans.factory.annotation.Autowired(required=true)


Action:

Consider defining a bean of type 'org.springframework.security.oauth2.jwt.JwtDecoder' in your configuration.

2025-04-23 22:31:41,625 ERROR o.s.t.c.TestContextManager {prepareTestInstance} [main] Caught exception while allowing TestExecutionListener [org.springframework.boot.test.mock.mockito.MockitoTestExecutionListener@37313c65] to prepare test instance [com.svalero.apibikes.BikeControllerTests@245253d8]
java.lang.IllegalStateException: Failed to load ApplicationContext
	at org.springframework.test.context.cache.DefaultCacheAwareContextLoaderDelegate.loadContext(DefaultCacheAwareContextLoaderDelegate.java:98)
	at org.springframework.test.context.support.DefaultTestContext.getApplicationContext(DefaultTestContext.java:124)
	at org.springframework.boot.test.mock.mockito.MockitoTestExecutionListener.postProcessFields(MockitoTestExecutionListener.java:110)
	at org.springframework.boot.test.mock.mockito.MockitoTestExecutionListener.injectFields(MockitoTestExecutionListener.java:94)
	at org.springframework.boot.test.mock.mockito.MockitoTestExecutionListener.prepareTestInstance(MockitoTestExecutionListener.java:61)
	at org.springframework.test.context.TestContextManager.prepareTestInstance(TestContextManager.java:248)
	at org.springframework.test.context.junit.jupiter.SpringExtension.postProcessTestInstance(SpringExtension.java:138)
	at org.junit.jupiter.engine.descriptor.ClassBasedTestDescriptor.lambda$invokeTestInstancePostProcessors$8(ClassBasedTestDescriptor.java:363)
	at org.junit.jupiter.engine.descriptor.ClassBasedTestDescriptor.executeAndMaskThrowable(ClassBasedTestDescriptor.java:368)
	at org.junit.jupiter.engine.descriptor.ClassBasedTestDescriptor.lambda$invokeTestInstancePostProcessors$9(ClassBasedTestDescriptor.java:363)
	at java.base/java.util.stream.ReferencePipeline$3$1.accept(ReferencePipeline.java:197)
	at java.base/java.util.stream.ReferencePipeline$2$1.accept(ReferencePipeline.java:179)
	at java.base/java.util.ArrayList$ArrayListSpliterator.forEachRemaining(ArrayList.java:1708)
	at java.base/java.util.stream.AbstractPipeline.copyInto(AbstractPipeline.java:509)
	at java.base/java.util.stream.AbstractPipeline.wrapAndCopyInto(AbstractPipeline.java:499)
	at java.base/java.util.stream.StreamSpliterators$WrappingSpliterator.forEachRemaining(StreamSpliterators.java:310)
	at java.base/java.util.stream.Streams$ConcatSpliterator.forEachRemaining(Streams.java:735)
	at java.base/java.util.stream.Streams$ConcatSpliterator.forEachRemaining(Streams.java:734)
	at java.base/java.util.stream.ReferencePipeline$Head.forEach(ReferencePipeline.java:762)
	at org.junit.jupiter.engine.descriptor.ClassBasedTestDescriptor.invokeTestInstancePostProcessors(ClassBasedTestDescriptor.java:362)
	at org.junit.jupiter.engine.descriptor.ClassBasedTestDescriptor.lambda$instantiateAndPostProcessTestInstance$6(ClassBasedTestDescriptor.java:283)
	at org.junit.platform.engine.support.hierarchical.ThrowableCollector.execute(ThrowableCollector.java:73)
	at org.junit.jupiter.engine.descriptor.ClassBasedTestDescriptor.instantiateAndPostProcessTestInstance(ClassBasedTestDescriptor.java:282)
	at org.junit.jupiter.engine.descriptor.ClassBasedTestDescriptor.lambda$testInstancesProvider$4(ClassBasedTestDescriptor.java:272)
	at java.base/java.util.Optional.orElseGet(Optional.java:364)
	at org.junit.jupiter.engine.descriptor.ClassBasedTestDescriptor.lambda$testInstancesProvider$5(ClassBasedTestDescriptor.java:271)
	at org.junit.jupiter.engine.execution.TestInstancesProvider.getTestInstances(TestInstancesProvider.java:31)
	at org.junit.jupiter.engine.descriptor.TestMethodTestDescriptor.lambda$prepare$0(TestMethodTestDescriptor.java:102)
	at org.junit.platform.engine.support.hierarchical.ThrowableCollector.execute(ThrowableCollector.java:73)
	at org.junit.jupiter.engine.descriptor.TestMethodTestDescriptor.prepare(TestMethodTestDescriptor.java:101)
	at org.junit.jupiter.engine.descriptor.TestMethodTestDescriptor.prepare(TestMethodTestDescriptor.java:66)
	at org.junit.platform.engine.support.hierarchical.NodeTestTask.lambda$prepare$2(NodeTestTask.java:123)
	at org.junit.platform.engine.support.hierarchical.ThrowableCollector.execute(ThrowableCollector.java:73)
	at org.junit.platform.engine.support.hierarchical.NodeTestTask.prepare(NodeTestTask.java:123)
	at org.junit.platform.engine.support.hierarchical.NodeTestTask.execute(NodeTestTask.java:90)
	at java.base/java.util.ArrayList.forEach(ArrayList.java:1596)
	at org.junit.platform.engine.support.hierarchical.SameThreadHierarchicalTestExecutorService.invokeAll(SameThreadHierarchicalTestExecutorService.java:41)
	at org.junit.platform.engine.support.hierarchical.NodeTestTask.lambda$executeRecursively$6(NodeTestTask.java:155)
	at org.junit.platform.engine.support.hierarchical.ThrowableCollector.execute(ThrowableCollector.java:73)
	at org.junit.platform.engine.support.hierarchical.NodeTestTask.lambda$executeRecursively$8(NodeTestTask.java:141)
	at org.junit.platform.engine.support.hierarchical.Node.around(Node.java:137)
	at org.junit.platform.engine.support.hierarchical.NodeTestTask.lambda$executeRecursively$9(NodeTestTask.java:139)
	at org.junit.platform.engine.support.hierarchical.ThrowableCollector.execute(ThrowableCollector.java:73)
	at org.junit.platform.engine.support.hierarchical.NodeTestTask.executeRecursively(NodeTestTask.java:138)
	at org.junit.platform.engine.support.hierarchical.NodeTestTask.execute(NodeTestTask.java:95)
	at java.base/java.util.ArrayList.forEach(ArrayList.java:1596)
	at org.junit.platform.engine.support.hierarchical.SameThreadHierarchicalTestExecutorService.invokeAll(SameThreadHierarchicalTestExecutorService.java:41)
	at org.junit.platform.engine.support.hierarchical.NodeTestTask.lambda$executeRecursively$6(NodeTestTask.java:155)
	at org.junit.platform.engine.support.hierarchical.ThrowableCollector.execute(ThrowableCollector.java:73)
	at org.junit.platform.engine.support.hierarchical.NodeTestTask.lambda$executeRecursively$8(NodeTestTask.java:141)
	at org.junit.platform.engine.support.hierarchical.Node.around(Node.java:137)
	at org.junit.platform.engine.support.hierarchical.NodeTestTask.lambda$executeRecursively$9(NodeTestTask.java:139)
	at org.junit.platform.engine.support.hierarchical.ThrowableCollector.execute(ThrowableCollector.java:73)
	at org.junit.platform.engine.support.hierarchical.NodeTestTask.executeRecursively(NodeTestTask.java:138)
	at org.junit.platform.engine.support.hierarchical.NodeTestTask.execute(NodeTestTask.java:95)
	at org.junit.platform.engine.support.hierarchical.SameThreadHierarchicalTestExecutorService.submit(SameThreadHierarchicalTestExecutorService.java:35)
	at org.junit.platform.engine.support.hierarchical.HierarchicalTestExecutor.execute(HierarchicalTestExecutor.java:57)
	at org.junit.platform.engine.support.hierarchical.HierarchicalTestEngine.execute(HierarchicalTestEngine.java:54)
	at org.junit.platform.launcher.core.DefaultLauncher.execute(DefaultLauncher.java:220)
	at org.junit.platform.launcher.core.DefaultLauncher.lambda$execute$6(DefaultLauncher.java:188)
	at org.junit.platform.launcher.core.DefaultLauncher.withInterceptedStreams(DefaultLauncher.java:202)
	at org.junit.platform.launcher.core.DefaultLauncher.execute(DefaultLauncher.java:181)
	at org.junit.platform.launcher.core.DefaultLauncher.execute(DefaultLauncher.java:128)
	at org.apache.maven.surefire.junitplatform.JUnitPlatformProvider.invokeAllTests(JUnitPlatformProvider.java:150)
	at org.apache.maven.surefire.junitplatform.JUnitPlatformProvider.invoke(JUnitPlatformProvider.java:124)
	at org.apache.maven.surefire.booter.ForkedBooter.invokeProviderInSameClassLoader(ForkedBooter.java:384)
	at org.apache.maven.surefire.booter.ForkedBooter.runSuitesInProcess(ForkedBooter.java:345)
	at org.apache.maven.surefire.booter.ForkedBooter.execute(ForkedBooter.java:126)
	at org.apache.maven.surefire.booter.ForkedBooter.main(ForkedBooter.java:418)
Caused by: org.springframework.beans.factory.UnsatisfiedDependencyException: Error creating bean with name 'jwtUtils': Unsatisfied dependency expressed through field 'jwtDecoder'; nested exception is org.springframework.beans.factory.NoSuchBeanDefinitionException: No qualifying bean of type 'org.springframework.security.oauth2.jwt.JwtDecoder' available: expected at least 1 bean which qualifies as autowire candidate. Dependency annotations: {@org.springframework.beans.factory.annotation.Autowired(required=true)}
	at org.springframework.beans.factory.annotation.AutowiredAnnotationBeanPostProcessor$AutowiredFieldElement.resolveFieldValue(AutowiredAnnotationBeanPostProcessor.java:713)
	at org.springframework.beans.factory.annotation.AutowiredAnnotationBeanPostProcessor$AutowiredFieldElement.inject(AutowiredAnnotationBeanPostProcessor.java:693)
	at org.springframework.beans.factory.annotation.InjectionMetadata.inject(InjectionMetadata.java:119)
	at org.springframework.beans.factory.annotation.AutowiredAnnotationBeanPostProcessor.postProcessProperties(AutowiredAnnotationBeanPostProcessor.java:408)
	at org.springframework.beans.factory.support.AbstractAutowireCapableBeanFactory.populateBean(AbstractAutowireCapableBeanFactory.java:1431)
	at org.springframework.beans.factory.support.AbstractAutowireCapableBeanFactory.doCreateBean(AbstractAutowireCapableBeanFactory.java:619)
	at org.springframework.beans.factory.support.AbstractAutowireCapableBeanFactory.createBean(AbstractAutowireCapableBeanFactory.java:542)
	at org.springframework.beans.factory.support.AbstractBeanFactory.lambda$doGetBean$0(AbstractBeanFactory.java:335)
	at org.springframework.beans.factory.support.DefaultSingletonBeanRegistry.getSingleton(DefaultSingletonBeanRegistry.java:234)
	at org.springframework.beans.factory.support.AbstractBeanFactory.doGetBean(AbstractBeanFactory.java:333)
	at org.springframework.beans.factory.support.AbstractBeanFactory.getBean(AbstractBeanFactory.java:208)
	at org.springframework.beans.factory.support.DefaultListableBeanFactory.preInstantiateSingletons(DefaultListableBeanFactory.java:955)
	at org.springframework.context.support.AbstractApplicationContext.finishBeanFactoryInitialization(AbstractApplicationContext.java:929)
	at org.springframework.context.support.AbstractApplicationContext.refresh(AbstractApplicationContext.java:591)
	at org.springframework.boot.SpringApplication.refresh(SpringApplication.java:732)
	at org.springframework.boot.SpringApplication.refreshContext(SpringApplication.java:409)
	at org.springframework.boot.SpringApplication.run(SpringApplication.java:308)
	at org.springframework.boot.test.context.SpringBootContextLoader.loadContext(SpringBootContextLoader.java:136)
	at org.springframework.test.context.cache.DefaultCacheAwareContextLoaderDelegate.loadContextInternal(DefaultCacheAwareContextLoaderDelegate.java:141)
	at org.springframework.test.context.cache.DefaultCacheAwareContextLoaderDelegate.loadContext(DefaultCacheAwareContextLoaderDelegate.java:90)
	... 68 common frames omitted
Caused by: org.springframework.beans.factory.NoSuchBeanDefinitionException: No qualifying bean of type 'org.springframework.security.oauth2.jwt.JwtDecoder' available: expected at least 1 bean which qualifies as autowire candidate. Dependency annotations: {@org.springframework.beans.factory.annotation.Autowired(required=true)}
	at org.springframework.beans.factory.support.DefaultListableBeanFactory.raiseNoMatchingBeanFound(DefaultListableBeanFactory.java:1801)
	at org.springframework.beans.factory.support.DefaultListableBeanFactory.doResolveDependency(DefaultListableBeanFactory.java:1357)
	at org.springframework.beans.factory.support.DefaultListableBeanFactory.resolveDependency(DefaultListableBeanFactory.java:1311)
	at org.springframework.beans.factory.annotation.AutowiredAnnotationBeanPostProcessor$AutowiredFieldElement.resolveFieldValue(AutowiredAnnotationBeanPostProcessor.java:710)
	... 87 common frames omitted
2025-04-23 22:31:41,843 INFO o.s.b.StartupInfoLogger {logStarting} [main] Starting BikeControllerTests using Java 21 on DESKTOP-A2Q7539 with PID 16852 (started by 34618 in C:\Users\34618\Documents\2DAM Gdo. Superior\Acceso a datos 2DAM\hellospring)
2025-04-23 22:31:41,845 INFO o.s.b.SpringApplication {logStartupProfileInfo} [main] No active profile set, falling back to 1 default profile: "default"
2025-04-23 22:31:42,490 WARN o.s.c.s.AbstractApplicationContext {refresh} [main] Exception encountered during context initialization - cancelling refresh attempt: org.springframework.beans.factory.UnsatisfiedDependencyException: Error creating bean with name 'jwtUtils': Unsatisfied dependency expressed through field 'jwtDecoder'; nested exception is org.springframework.beans.factory.NoSuchBeanDefinitionException: No qualifying bean of type 'org.springframework.security.oauth2.jwt.JwtDecoder' available: expected at least 1 bean which qualifies as autowire candidate. Dependency annotations: {@org.springframework.beans.factory.annotation.Autowired(required=true)}
2025-04-23 22:31:42,497 INFO o.s.b.a.l.ConditionEvaluationReportLoggingListener {logMessage} [main] 

Error starting ApplicationContext. To display the conditions report re-run your application with 'debug' enabled.
2025-04-23 22:31:42,507 ERROR o.s.b.d.LoggingFailureAnalysisReporter {report} [main] 

***************************
APPLICATION FAILED TO START
***************************

Description:

Field jwtDecoder in com.svalero.apibikes.config.JwtUtils required a bean of type 'org.springframework.security.oauth2.jwt.JwtDecoder' that could not be found.

The injection point has the following annotations:
	- @org.springframework.beans.factory.annotation.Autowired(required=true)


Action:

Consider defining a bean of type 'org.springframework.security.oauth2.jwt.JwtDecoder' in your configuration.

2025-04-23 22:31:42,511 ERROR o.s.t.c.TestContextManager {prepareTestInstance} [main] Caught exception while allowing TestExecutionListener [org.springframework.boot.test.mock.mockito.MockitoTestExecutionListener@37313c65] to prepare test instance [com.svalero.apibikes.BikeControllerTests@5e50df2e]
java.lang.IllegalStateException: Failed to load ApplicationContext
	at org.springframework.test.context.cache.DefaultCacheAwareContextLoaderDelegate.loadContext(DefaultCacheAwareContextLoaderDelegate.java:98)
	at org.springframework.test.context.support.DefaultTestContext.getApplicationContext(DefaultTestContext.java:124)
	at org.springframework.boot.test.mock.mockito.MockitoTestExecutionListener.postProcessFields(MockitoTestExecutionListener.java:110)
	at org.springframework.boot.test.mock.mockito.MockitoTestExecutionListener.injectFields(MockitoTestExecutionListener.java:94)
	at org.springframework.boot.test.mock.mockito.MockitoTestExecutionListener.prepareTestInstance(MockitoTestExecutionListener.java:61)
	at org.springframework.test.context.TestContextManager.prepareTestInstance(TestContextManager.java:248)
	at org.springframework.test.context.junit.jupiter.SpringExtension.postProcessTestInstance(SpringExtension.java:138)
	at org.junit.jupiter.engine.descriptor.ClassBasedTestDescriptor.lambda$invokeTestInstancePostProcessors$8(ClassBasedTestDescriptor.java:363)
	at org.junit.jupiter.engine.descriptor.ClassBasedTestDescriptor.executeAndMaskThrowable(ClassBasedTestDescriptor.java:368)
	at org.junit.jupiter.engine.descriptor.ClassBasedTestDescriptor.lambda$invokeTestInstancePostProcessors$9(ClassBasedTestDescriptor.java:363)
	at java.base/java.util.stream.ReferencePipeline$3$1.accept(ReferencePipeline.java:197)
	at java.base/java.util.stream.ReferencePipeline$2$1.accept(ReferencePipeline.java:179)
	at java.base/java.util.ArrayList$ArrayListSpliterator.forEachRemaining(ArrayList.java:1708)
	at java.base/java.util.stream.AbstractPipeline.copyInto(AbstractPipeline.java:509)
	at java.base/java.util.stream.AbstractPipeline.wrapAndCopyInto(AbstractPipeline.java:499)
	at java.base/java.util.stream.StreamSpliterators$WrappingSpliterator.forEachRemaining(StreamSpliterators.java:310)
	at java.base/java.util.stream.Streams$ConcatSpliterator.forEachRemaining(Streams.java:735)
	at java.base/java.util.stream.Streams$ConcatSpliterator.forEachRemaining(Streams.java:734)
	at java.base/java.util.stream.ReferencePipeline$Head.forEach(ReferencePipeline.java:762)
	at org.junit.jupiter.engine.descriptor.ClassBasedTestDescriptor.invokeTestInstancePostProcessors(ClassBasedTestDescriptor.java:362)
	at org.junit.jupiter.engine.descriptor.ClassBasedTestDescriptor.lambda$instantiateAndPostProcessTestInstance$6(ClassBasedTestDescriptor.java:283)
	at org.junit.platform.engine.support.hierarchical.ThrowableCollector.execute(ThrowableCollector.java:73)
	at org.junit.jupiter.engine.descriptor.ClassBasedTestDescriptor.instantiateAndPostProcessTestInstance(ClassBasedTestDescriptor.java:282)
	at org.junit.jupiter.engine.descriptor.ClassBasedTestDescriptor.lambda$testInstancesProvider$4(ClassBasedTestDescriptor.java:272)
	at java.base/java.util.Optional.orElseGet(Optional.java:364)
	at org.junit.jupiter.engine.descriptor.ClassBasedTestDescriptor.lambda$testInstancesProvider$5(ClassBasedTestDescriptor.java:271)
	at org.junit.jupiter.engine.execution.TestInstancesProvider.getTestInstances(TestInstancesProvider.java:31)
	at org.junit.jupiter.engine.descriptor.TestMethodTestDescriptor.lambda$prepare$0(TestMethodTestDescriptor.java:102)
	at org.junit.platform.engine.support.hierarchical.ThrowableCollector.execute(ThrowableCollector.java:73)
	at org.junit.jupiter.engine.descriptor.TestMethodTestDescriptor.prepare(TestMethodTestDescriptor.java:101)
	at org.junit.jupiter.engine.descriptor.TestMethodTestDescriptor.prepare(TestMethodTestDescriptor.java:66)
	at org.junit.platform.engine.support.hierarchical.NodeTestTask.lambda$prepare$2(NodeTestTask.java:123)
	at org.junit.platform.engine.support.hierarchical.ThrowableCollector.execute(ThrowableCollector.java:73)
	at org.junit.platform.engine.support.hierarchical.NodeTestTask.prepare(NodeTestTask.java:123)
	at org.junit.platform.engine.support.hierarchical.NodeTestTask.execute(NodeTestTask.java:90)
	at java.base/java.util.ArrayList.forEach(ArrayList.java:1596)
	at org.junit.platform.engine.support.hierarchical.SameThreadHierarchicalTestExecutorService.invokeAll(SameThreadHierarchicalTestExecutorService.java:41)
	at org.junit.platform.engine.support.hierarchical.NodeTestTask.lambda$executeRecursively$6(NodeTestTask.java:155)
	at org.junit.platform.engine.support.hierarchical.ThrowableCollector.execute(ThrowableCollector.java:73)
	at org.junit.platform.engine.support.hierarchical.NodeTestTask.lambda$executeRecursively$8(NodeTestTask.java:141)
	at org.junit.platform.engine.support.hierarchical.Node.around(Node.java:137)
	at org.junit.platform.engine.support.hierarchical.NodeTestTask.lambda$executeRecursively$9(NodeTestTask.java:139)
	at org.junit.platform.engine.support.hierarchical.ThrowableCollector.execute(ThrowableCollector.java:73)
	at org.junit.platform.engine.support.hierarchical.NodeTestTask.executeRecursively(NodeTestTask.java:138)
	at org.junit.platform.engine.support.hierarchical.NodeTestTask.execute(NodeTestTask.java:95)
	at java.base/java.util.ArrayList.forEach(ArrayList.java:1596)
	at org.junit.platform.engine.support.hierarchical.SameThreadHierarchicalTestExecutorService.invokeAll(SameThreadHierarchicalTestExecutorService.java:41)
	at org.junit.platform.engine.support.hierarchical.NodeTestTask.lambda$executeRecursively$6(NodeTestTask.java:155)
	at org.junit.platform.engine.support.hierarchical.ThrowableCollector.execute(ThrowableCollector.java:73)
	at org.junit.platform.engine.support.hierarchical.NodeTestTask.lambda$executeRecursively$8(NodeTestTask.java:141)
	at org.junit.platform.engine.support.hierarchical.Node.around(Node.java:137)
	at org.junit.platform.engine.support.hierarchical.NodeTestTask.lambda$executeRecursively$9(NodeTestTask.java:139)
	at org.junit.platform.engine.support.hierarchical.ThrowableCollector.execute(ThrowableCollector.java:73)
	at org.junit.platform.engine.support.hierarchical.NodeTestTask.executeRecursively(NodeTestTask.java:138)
	at org.junit.platform.engine.support.hierarchical.NodeTestTask.execute(NodeTestTask.java:95)
	at org.junit.platform.engine.support.hierarchical.SameThreadHierarchicalTestExecutorService.submit(SameThreadHierarchicalTestExecutorService.java:35)
	at org.junit.platform.engine.support.hierarchical.HierarchicalTestExecutor.execute(HierarchicalTestExecutor.java:57)
	at org.junit.platform.engine.support.hierarchical.HierarchicalTestEngine.execute(HierarchicalTestEngine.java:54)
	at org.junit.platform.launcher.core.DefaultLauncher.execute(DefaultLauncher.java:220)
	at org.junit.platform.launcher.core.DefaultLauncher.lambda$execute$6(DefaultLauncher.java:188)
	at org.junit.platform.launcher.core.DefaultLauncher.withInterceptedStreams(DefaultLauncher.java:202)
	at org.junit.platform.launcher.core.DefaultLauncher.execute(DefaultLauncher.java:181)
	at org.junit.platform.launcher.core.DefaultLauncher.execute(DefaultLauncher.java:128)
	at org.apache.maven.surefire.junitplatform.JUnitPlatformProvider.invokeAllTests(JUnitPlatformProvider.java:150)
	at org.apache.maven.surefire.junitplatform.JUnitPlatformProvider.invoke(JUnitPlatformProvider.java:124)
	at org.apache.maven.surefire.booter.ForkedBooter.invokeProviderInSameClassLoader(ForkedBooter.java:384)
	at org.apache.maven.surefire.booter.ForkedBooter.runSuitesInProcess(ForkedBooter.java:345)
	at org.apache.maven.surefire.booter.ForkedBooter.execute(ForkedBooter.java:126)
	at org.apache.maven.surefire.booter.ForkedBooter.main(ForkedBooter.java:418)
Caused by: org.springframework.beans.factory.UnsatisfiedDependencyException: Error creating bean with name 'jwtUtils': Unsatisfied dependency expressed through field 'jwtDecoder'; nested exception is org.springframework.beans.factory.NoSuchBeanDefinitionException: No qualifying bean of type 'org.springframework.security.oauth2.jwt.JwtDecoder' available: expected at least 1 bean which qualifies as autowire candidate. Dependency annotations: {@org.springframework.beans.factory.annotation.Autowired(required=true)}
	at org.springframework.beans.factory.annotation.AutowiredAnnotationBeanPostProcessor$AutowiredFieldElement.resolveFieldValue(AutowiredAnnotationBeanPostProcessor.java:713)
	at org.springframework.beans.factory.annotation.AutowiredAnnotationBeanPostProcessor$AutowiredFieldElement.inject(AutowiredAnnotationBeanPostProcessor.java:693)
	at org.springframework.beans.factory.annotation.InjectionMetadata.inject(InjectionMetadata.java:119)
	at org.springframework.beans.factory.annotation.AutowiredAnnotationBeanPostProcessor.postProcessProperties(AutowiredAnnotationBeanPostProcessor.java:408)
	at org.springframework.beans.factory.support.AbstractAutowireCapableBeanFactory.populateBean(AbstractAutowireCapableBeanFactory.java:1431)
	at org.springframework.beans.factory.support.AbstractAutowireCapableBeanFactory.doCreateBean(AbstractAutowireCapableBeanFactory.java:619)
	at org.springframework.beans.factory.support.AbstractAutowireCapableBeanFactory.createBean(AbstractAutowireCapableBeanFactory.java:542)
	at org.springframework.beans.factory.support.AbstractBeanFactory.lambda$doGetBean$0(AbstractBeanFactory.java:335)
	at org.springframework.beans.factory.support.DefaultSingletonBeanRegistry.getSingleton(DefaultSingletonBeanRegistry.java:234)
	at org.springframework.beans.factory.support.AbstractBeanFactory.doGetBean(AbstractBeanFactory.java:333)
	at org.springframework.beans.factory.support.AbstractBeanFactory.getBean(AbstractBeanFactory.java:208)
	at org.springframework.beans.factory.support.DefaultListableBeanFactory.preInstantiateSingletons(DefaultListableBeanFactory.java:955)
	at org.springframework.context.support.AbstractApplicationContext.finishBeanFactoryInitialization(AbstractApplicationContext.java:929)
	at org.springframework.context.support.AbstractApplicationContext.refresh(AbstractApplicationContext.java:591)
	at org.springframework.boot.SpringApplication.refresh(SpringApplication.java:732)
	at org.springframework.boot.SpringApplication.refreshContext(SpringApplication.java:409)
	at org.springframework.boot.SpringApplication.run(SpringApplication.java:308)
	at org.springframework.boot.test.context.SpringBootContextLoader.loadContext(SpringBootContextLoader.java:136)
	at org.springframework.test.context.cache.DefaultCacheAwareContextLoaderDelegate.loadContextInternal(DefaultCacheAwareContextLoaderDelegate.java:141)
	at org.springframework.test.context.cache.DefaultCacheAwareContextLoaderDelegate.loadContext(DefaultCacheAwareContextLoaderDelegate.java:90)
	... 68 common frames omitted
Caused by: org.springframework.beans.factory.NoSuchBeanDefinitionException: No qualifying bean of type 'org.springframework.security.oauth2.jwt.JwtDecoder' available: expected at least 1 bean which qualifies as autowire candidate. Dependency annotations: {@org.springframework.beans.factory.annotation.Autowired(required=true)}
	at org.springframework.beans.factory.support.DefaultListableBeanFactory.raiseNoMatchingBeanFound(DefaultListableBeanFactory.java:1801)
	at org.springframework.beans.factory.support.DefaultListableBeanFactory.doResolveDependency(DefaultListableBeanFactory.java:1357)
	at org.springframework.beans.factory.support.DefaultListableBeanFactory.resolveDependency(DefaultListableBeanFactory.java:1311)
	at org.springframework.beans.factory.annotation.AutowiredAnnotationBeanPostProcessor$AutowiredFieldElement.resolveFieldValue(AutowiredAnnotationBeanPostProcessor.java:710)
	... 87 common frames omitted
2025-04-23 22:31:42,724 INFO o.s.b.StartupInfoLogger {logStarting} [main] Starting BikeControllerTests using Java 21 on DESKTOP-A2Q7539 with PID 16852 (started by 34618 in C:\Users\34618\Documents\2DAM Gdo. Superior\Acceso a datos 2DAM\hellospring)
2025-04-23 22:31:42,726 INFO o.s.b.SpringApplication {logStartupProfileInfo} [main] No active profile set, falling back to 1 default profile: "default"
2025-04-23 22:31:42,988 WARN o.s.c.s.AbstractApplicationContext {refresh} [main] Exception encountered during context initialization - cancelling refresh attempt: org.springframework.beans.factory.UnsatisfiedDependencyException: Error creating bean with name 'jwtUtils': Unsatisfied dependency expressed through field 'jwtDecoder'; nested exception is org.springframework.beans.factory.NoSuchBeanDefinitionException: No qualifying bean of type 'org.springframework.security.oauth2.jwt.JwtDecoder' available: expected at least 1 bean which qualifies as autowire candidate. Dependency annotations: {@org.springframework.beans.factory.annotation.Autowired(required=true)}
2025-04-23 22:31:42,991 INFO o.s.b.a.l.ConditionEvaluationReportLoggingListener {logMessage} [main] 

Error starting ApplicationContext. To display the conditions report re-run your application with 'debug' enabled.
2025-04-23 22:31:42,996 ERROR o.s.b.d.LoggingFailureAnalysisReporter {report} [main] 

***************************
APPLICATION FAILED TO START
***************************

Description:

Field jwtDecoder in com.svalero.apibikes.config.JwtUtils required a bean of type 'org.springframework.security.oauth2.jwt.JwtDecoder' that could not be found.

The injection point has the following annotations:
	- @org.springframework.beans.factory.annotation.Autowired(required=true)


Action:

Consider defining a bean of type 'org.springframework.security.oauth2.jwt.JwtDecoder' in your configuration.

2025-04-23 22:31:42,998 ERROR o.s.t.c.TestContextManager {prepareTestInstance} [main] Caught exception while allowing TestExecutionListener [org.springframework.boot.test.mock.mockito.MockitoTestExecutionListener@37313c65] to prepare test instance [com.svalero.apibikes.BikeControllerTests@2dff7085]
java.lang.IllegalStateException: Failed to load ApplicationContext
	at org.springframework.test.context.cache.DefaultCacheAwareContextLoaderDelegate.loadContext(DefaultCacheAwareContextLoaderDelegate.java:98)
	at org.springframework.test.context.support.DefaultTestContext.getApplicationContext(DefaultTestContext.java:124)
	at org.springframework.boot.test.mock.mockito.MockitoTestExecutionListener.postProcessFields(MockitoTestExecutionListener.java:110)
	at org.springframework.boot.test.mock.mockito.MockitoTestExecutionListener.injectFields(MockitoTestExecutionListener.java:94)
	at org.springframework.boot.test.mock.mockito.MockitoTestExecutionListener.prepareTestInstance(MockitoTestExecutionListener.java:61)
	at org.springframework.test.context.TestContextManager.prepareTestInstance(TestContextManager.java:248)
	at org.springframework.test.context.junit.jupiter.SpringExtension.postProcessTestInstance(SpringExtension.java:138)
	at org.junit.jupiter.engine.descriptor.ClassBasedTestDescriptor.lambda$invokeTestInstancePostProcessors$8(ClassBasedTestDescriptor.java:363)
	at org.junit.jupiter.engine.descriptor.ClassBasedTestDescriptor.executeAndMaskThrowable(ClassBasedTestDescriptor.java:368)
	at org.junit.jupiter.engine.descriptor.ClassBasedTestDescriptor.lambda$invokeTestInstancePostProcessors$9(ClassBasedTestDescriptor.java:363)
	at java.base/java.util.stream.ReferencePipeline$3$1.accept(ReferencePipeline.java:197)
	at java.base/java.util.stream.ReferencePipeline$2$1.accept(ReferencePipeline.java:179)
	at java.base/java.util.ArrayList$ArrayListSpliterator.forEachRemaining(ArrayList.java:1708)
	at java.base/java.util.stream.AbstractPipeline.copyInto(AbstractPipeline.java:509)
	at java.base/java.util.stream.AbstractPipeline.wrapAndCopyInto(AbstractPipeline.java:499)
	at java.base/java.util.stream.StreamSpliterators$WrappingSpliterator.forEachRemaining(StreamSpliterators.java:310)
	at java.base/java.util.stream.Streams$ConcatSpliterator.forEachRemaining(Streams.java:735)
	at java.base/java.util.stream.Streams$ConcatSpliterator.forEachRemaining(Streams.java:734)
	at java.base/java.util.stream.ReferencePipeline$Head.forEach(ReferencePipeline.java:762)
	at org.junit.jupiter.engine.descriptor.ClassBasedTestDescriptor.invokeTestInstancePostProcessors(ClassBasedTestDescriptor.java:362)
	at org.junit.jupiter.engine.descriptor.ClassBasedTestDescriptor.lambda$instantiateAndPostProcessTestInstance$6(ClassBasedTestDescriptor.java:283)
	at org.junit.platform.engine.support.hierarchical.ThrowableCollector.execute(ThrowableCollector.java:73)
	at org.junit.jupiter.engine.descriptor.ClassBasedTestDescriptor.instantiateAndPostProcessTestInstance(ClassBasedTestDescriptor.java:282)
	at org.junit.jupiter.engine.descriptor.ClassBasedTestDescriptor.lambda$testInstancesProvider$4(ClassBasedTestDescriptor.java:272)
	at java.base/java.util.Optional.orElseGet(Optional.java:364)
	at org.junit.jupiter.engine.descriptor.ClassBasedTestDescriptor.lambda$testInstancesProvider$5(ClassBasedTestDescriptor.java:271)
	at org.junit.jupiter.engine.execution.TestInstancesProvider.getTestInstances(TestInstancesProvider.java:31)
	at org.junit.jupiter.engine.descriptor.TestMethodTestDescriptor.lambda$prepare$0(TestMethodTestDescriptor.java:102)
	at org.junit.platform.engine.support.hierarchical.ThrowableCollector.execute(ThrowableCollector.java:73)
	at org.junit.jupiter.engine.descriptor.TestMethodTestDescriptor.prepare(TestMethodTestDescriptor.java:101)
	at org.junit.jupiter.engine.descriptor.TestMethodTestDescriptor.prepare(TestMethodTestDescriptor.java:66)
	at org.junit.platform.engine.support.hierarchical.NodeTestTask.lambda$prepare$2(NodeTestTask.java:123)
	at org.junit.platform.engine.support.hierarchical.ThrowableCollector.execute(ThrowableCollector.java:73)
	at org.junit.platform.engine.support.hierarchical.NodeTestTask.prepare(NodeTestTask.java:123)
	at org.junit.platform.engine.support.hierarchical.NodeTestTask.execute(NodeTestTask.java:90)
	at java.base/java.util.ArrayList.forEach(ArrayList.java:1596)
	at org.junit.platform.engine.support.hierarchical.SameThreadHierarchicalTestExecutorService.invokeAll(SameThreadHierarchicalTestExecutorService.java:41)
	at org.junit.platform.engine.support.hierarchical.NodeTestTask.lambda$executeRecursively$6(NodeTestTask.java:155)
	at org.junit.platform.engine.support.hierarchical.ThrowableCollector.execute(ThrowableCollector.java:73)
	at org.junit.platform.engine.support.hierarchical.NodeTestTask.lambda$executeRecursively$8(NodeTestTask.java:141)
	at org.junit.platform.engine.support.hierarchical.Node.around(Node.java:137)
	at org.junit.platform.engine.support.hierarchical.NodeTestTask.lambda$executeRecursively$9(NodeTestTask.java:139)
	at org.junit.platform.engine.support.hierarchical.ThrowableCollector.execute(ThrowableCollector.java:73)
	at org.junit.platform.engine.support.hierarchical.NodeTestTask.executeRecursively(NodeTestTask.java:138)
	at org.junit.platform.engine.support.hierarchical.NodeTestTask.execute(NodeTestTask.java:95)
	at java.base/java.util.ArrayList.forEach(ArrayList.java:1596)
	at org.junit.platform.engine.support.hierarchical.SameThreadHierarchicalTestExecutorService.invokeAll(SameThreadHierarchicalTestExecutorService.java:41)
	at org.junit.platform.engine.support.hierarchical.NodeTestTask.lambda$executeRecursively$6(NodeTestTask.java:155)
	at org.junit.platform.engine.support.hierarchical.ThrowableCollector.execute(ThrowableCollector.java:73)
	at org.junit.platform.engine.support.hierarchical.NodeTestTask.lambda$executeRecursively$8(NodeTestTask.java:141)
	at org.junit.platform.engine.support.hierarchical.Node.around(Node.java:137)
	at org.junit.platform.engine.support.hierarchical.NodeTestTask.lambda$executeRecursively$9(NodeTestTask.java:139)
	at org.junit.platform.engine.support.hierarchical.ThrowableCollector.execute(ThrowableCollector.java:73)
	at org.junit.platform.engine.support.hierarchical.NodeTestTask.executeRecursively(NodeTestTask.java:138)
	at org.junit.platform.engine.support.hierarchical.NodeTestTask.execute(NodeTestTask.java:95)
	at org.junit.platform.engine.support.hierarchical.SameThreadHierarchicalTestExecutorService.submit(SameThreadHierarchicalTestExecutorService.java:35)
	at org.junit.platform.engine.support.hierarchical.HierarchicalTestExecutor.execute(HierarchicalTestExecutor.java:57)
	at org.junit.platform.engine.support.hierarchical.HierarchicalTestEngine.execute(HierarchicalTestEngine.java:54)
	at org.junit.platform.launcher.core.DefaultLauncher.execute(DefaultLauncher.java:220)
	at org.junit.platform.launcher.core.DefaultLauncher.lambda$execute$6(DefaultLauncher.java:188)
	at org.junit.platform.launcher.core.DefaultLauncher.withInterceptedStreams(DefaultLauncher.java:202)
	at org.junit.platform.launcher.core.DefaultLauncher.execute(DefaultLauncher.java:181)
	at org.junit.platform.launcher.core.DefaultLauncher.execute(DefaultLauncher.java:128)
	at org.apache.maven.surefire.junitplatform.JUnitPlatformProvider.invokeAllTests(JUnitPlatformProvider.java:150)
	at org.apache.maven.surefire.junitplatform.JUnitPlatformProvider.invoke(JUnitPlatformProvider.java:124)
	at org.apache.maven.surefire.booter.ForkedBooter.invokeProviderInSameClassLoader(ForkedBooter.java:384)
	at org.apache.maven.surefire.booter.ForkedBooter.runSuitesInProcess(ForkedBooter.java:345)
	at org.apache.maven.surefire.booter.ForkedBooter.execute(ForkedBooter.java:126)
	at org.apache.maven.surefire.booter.ForkedBooter.main(ForkedBooter.java:418)
Caused by: org.springframework.beans.factory.UnsatisfiedDependencyException: Error creating bean with name 'jwtUtils': Unsatisfied dependency expressed through field 'jwtDecoder'; nested exception is org.springframework.beans.factory.NoSuchBeanDefinitionException: No qualifying bean of type 'org.springframework.security.oauth2.jwt.JwtDecoder' available: expected at least 1 bean which qualifies as autowire candidate. Dependency annotations: {@org.springframework.beans.factory.annotation.Autowired(required=true)}
	at org.springframework.beans.factory.annotation.AutowiredAnnotationBeanPostProcessor$AutowiredFieldElement.resolveFieldValue(AutowiredAnnotationBeanPostProcessor.java:713)
	at org.springframework.beans.factory.annotation.AutowiredAnnotationBeanPostProcessor$AutowiredFieldElement.inject(AutowiredAnnotationBeanPostProcessor.java:693)
	at org.springframework.beans.factory.annotation.InjectionMetadata.inject(InjectionMetadata.java:119)
	at org.springframework.beans.factory.annotation.AutowiredAnnotationBeanPostProcessor.postProcessProperties(AutowiredAnnotationBeanPostProcessor.java:408)
	at org.springframework.beans.factory.support.AbstractAutowireCapableBeanFactory.populateBean(AbstractAutowireCapableBeanFactory.java:1431)
	at org.springframework.beans.factory.support.AbstractAutowireCapableBeanFactory.doCreateBean(AbstractAutowireCapableBeanFactory.java:619)
	at org.springframework.beans.factory.support.AbstractAutowireCapableBeanFactory.createBean(AbstractAutowireCapableBeanFactory.java:542)
	at org.springframework.beans.factory.support.AbstractBeanFactory.lambda$doGetBean$0(AbstractBeanFactory.java:335)
	at org.springframework.beans.factory.support.DefaultSingletonBeanRegistry.getSingleton(DefaultSingletonBeanRegistry.java:234)
	at org.springframework.beans.factory.support.AbstractBeanFactory.doGetBean(AbstractBeanFactory.java:333)
	at org.springframework.beans.factory.support.AbstractBeanFactory.getBean(AbstractBeanFactory.java:208)
	at org.springframework.beans.factory.support.DefaultListableBeanFactory.preInstantiateSingletons(DefaultListableBeanFactory.java:955)
	at org.springframework.context.support.AbstractApplicationContext.finishBeanFactoryInitialization(AbstractApplicationContext.java:929)
	at org.springframework.context.support.AbstractApplicationContext.refresh(AbstractApplicationContext.java:591)
	at org.springframework.boot.SpringApplication.refresh(SpringApplication.java:732)
	at org.springframework.boot.SpringApplication.refreshContext(SpringApplication.java:409)
	at org.springframework.boot.SpringApplication.run(SpringApplication.java:308)
	at org.springframework.boot.test.context.SpringBootContextLoader.loadContext(SpringBootContextLoader.java:136)
	at org.springframework.test.context.cache.DefaultCacheAwareContextLoaderDelegate.loadContextInternal(DefaultCacheAwareContextLoaderDelegate.java:141)
	at org.springframework.test.context.cache.DefaultCacheAwareContextLoaderDelegate.loadContext(DefaultCacheAwareContextLoaderDelegate.java:90)
	... 68 common frames omitted
Caused by: org.springframework.beans.factory.NoSuchBeanDefinitionException: No qualifying bean of type 'org.springframework.security.oauth2.jwt.JwtDecoder' available: expected at least 1 bean which qualifies as autowire candidate. Dependency annotations: {@org.springframework.beans.factory.annotation.Autowired(required=true)}
	at org.springframework.beans.factory.support.DefaultListableBeanFactory.raiseNoMatchingBeanFound(DefaultListableBeanFactory.java:1801)
	at org.springframework.beans.factory.support.DefaultListableBeanFactory.doResolveDependency(DefaultListableBeanFactory.java:1357)
	at org.springframework.beans.factory.support.DefaultListableBeanFactory.resolveDependency(DefaultListableBeanFactory.java:1311)
	at org.springframework.beans.factory.annotation.AutowiredAnnotationBeanPostProcessor$AutowiredFieldElement.resolveFieldValue(AutowiredAnnotationBeanPostProcessor.java:710)
	... 87 common frames omitted
2025-04-23 22:31:43,109 INFO o.s.b.StartupInfoLogger {logStarting} [main] Starting BikeControllerTests using Java 21 on DESKTOP-A2Q7539 with PID 16852 (started by 34618 in C:\Users\34618\Documents\2DAM Gdo. Superior\Acceso a datos 2DAM\hellospring)
2025-04-23 22:31:43,110 INFO o.s.b.SpringApplication {logStartupProfileInfo} [main] No active profile set, falling back to 1 default profile: "default"
2025-04-23 22:31:43,314 WARN o.s.c.s.AbstractApplicationContext {refresh} [main] Exception encountered during context initialization - cancelling refresh attempt: org.springframework.beans.factory.UnsatisfiedDependencyException: Error creating bean with name 'jwtUtils': Unsatisfied dependency expressed through field 'jwtDecoder'; nested exception is org.springframework.beans.factory.NoSuchBeanDefinitionException: No qualifying bean of type 'org.springframework.security.oauth2.jwt.JwtDecoder' available: expected at least 1 bean which qualifies as autowire candidate. Dependency annotations: {@org.springframework.beans.factory.annotation.Autowired(required=true)}
2025-04-23 22:31:43,316 INFO o.s.b.a.l.ConditionEvaluationReportLoggingListener {logMessage} [main] 

Error starting ApplicationContext. To display the conditions report re-run your application with 'debug' enabled.
2025-04-23 22:31:43,320 ERROR o.s.b.d.LoggingFailureAnalysisReporter {report} [main] 

***************************
APPLICATION FAILED TO START
***************************

Description:

Field jwtDecoder in com.svalero.apibikes.config.JwtUtils required a bean of type 'org.springframework.security.oauth2.jwt.JwtDecoder' that could not be found.

The injection point has the following annotations:
	- @org.springframework.beans.factory.annotation.Autowired(required=true)


Action:

Consider defining a bean of type 'org.springframework.security.oauth2.jwt.JwtDecoder' in your configuration.

2025-04-23 22:31:43,322 ERROR o.s.t.c.TestContextManager {prepareTestInstance} [main] Caught exception while allowing TestExecutionListener [org.springframework.boot.test.mock.mockito.MockitoTestExecutionListener@37313c65] to prepare test instance [com.svalero.apibikes.BikeControllerTests@703fa45]
java.lang.IllegalStateException: Failed to load ApplicationContext
	at org.springframework.test.context.cache.DefaultCacheAwareContextLoaderDelegate.loadContext(DefaultCacheAwareContextLoaderDelegate.java:98)
	at org.springframework.test.context.support.DefaultTestContext.getApplicationContext(DefaultTestContext.java:124)
	at org.springframework.boot.test.mock.mockito.MockitoTestExecutionListener.postProcessFields(MockitoTestExecutionListener.java:110)
	at org.springframework.boot.test.mock.mockito.MockitoTestExecutionListener.injectFields(MockitoTestExecutionListener.java:94)
	at org.springframework.boot.test.mock.mockito.MockitoTestExecutionListener.prepareTestInstance(MockitoTestExecutionListener.java:61)
	at org.springframework.test.context.TestContextManager.prepareTestInstance(TestContextManager.java:248)
	at org.springframework.test.context.junit.jupiter.SpringExtension.postProcessTestInstance(SpringExtension.java:138)
	at org.junit.jupiter.engine.descriptor.ClassBasedTestDescriptor.lambda$invokeTestInstancePostProcessors$8(ClassBasedTestDescriptor.java:363)
	at org.junit.jupiter.engine.descriptor.ClassBasedTestDescriptor.executeAndMaskThrowable(ClassBasedTestDescriptor.java:368)
	at org.junit.jupiter.engine.descriptor.ClassBasedTestDescriptor.lambda$invokeTestInstancePostProcessors$9(ClassBasedTestDescriptor.java:363)
	at java.base/java.util.stream.ReferencePipeline$3$1.accept(ReferencePipeline.java:197)
	at java.base/java.util.stream.ReferencePipeline$2$1.accept(ReferencePipeline.java:179)
	at java.base/java.util.ArrayList$ArrayListSpliterator.forEachRemaining(ArrayList.java:1708)
	at java.base/java.util.stream.AbstractPipeline.copyInto(AbstractPipeline.java:509)
	at java.base/java.util.stream.AbstractPipeline.wrapAndCopyInto(AbstractPipeline.java:499)
	at java.base/java.util.stream.StreamSpliterators$WrappingSpliterator.forEachRemaining(StreamSpliterators.java:310)
	at java.base/java.util.stream.Streams$ConcatSpliterator.forEachRemaining(Streams.java:735)
	at java.base/java.util.stream.Streams$ConcatSpliterator.forEachRemaining(Streams.java:734)
	at java.base/java.util.stream.ReferencePipeline$Head.forEach(ReferencePipeline.java:762)
	at org.junit.jupiter.engine.descriptor.ClassBasedTestDescriptor.invokeTestInstancePostProcessors(ClassBasedTestDescriptor.java:362)
	at org.junit.jupiter.engine.descriptor.ClassBasedTestDescriptor.lambda$instantiateAndPostProcessTestInstance$6(ClassBasedTestDescriptor.java:283)
	at org.junit.platform.engine.support.hierarchical.ThrowableCollector.execute(ThrowableCollector.java:73)
	at org.junit.jupiter.engine.descriptor.ClassBasedTestDescriptor.instantiateAndPostProcessTestInstance(ClassBasedTestDescriptor.java:282)
	at org.junit.jupiter.engine.descriptor.ClassBasedTestDescriptor.lambda$testInstancesProvider$4(ClassBasedTestDescriptor.java:272)
	at java.base/java.util.Optional.orElseGet(Optional.java:364)
	at org.junit.jupiter.engine.descriptor.ClassBasedTestDescriptor.lambda$testInstancesProvider$5(ClassBasedTestDescriptor.java:271)
	at org.junit.jupiter.engine.execution.TestInstancesProvider.getTestInstances(TestInstancesProvider.java:31)
	at org.junit.jupiter.engine.descriptor.TestMethodTestDescriptor.lambda$prepare$0(TestMethodTestDescriptor.java:102)
	at org.junit.platform.engine.support.hierarchical.ThrowableCollector.execute(ThrowableCollector.java:73)
	at org.junit.jupiter.engine.descriptor.TestMethodTestDescriptor.prepare(TestMethodTestDescriptor.java:101)
	at org.junit.jupiter.engine.descriptor.TestMethodTestDescriptor.prepare(TestMethodTestDescriptor.java:66)
	at org.junit.platform.engine.support.hierarchical.NodeTestTask.lambda$prepare$2(NodeTestTask.java:123)
	at org.junit.platform.engine.support.hierarchical.ThrowableCollector.execute(ThrowableCollector.java:73)
	at org.junit.platform.engine.support.hierarchical.NodeTestTask.prepare(NodeTestTask.java:123)
	at org.junit.platform.engine.support.hierarchical.NodeTestTask.execute(NodeTestTask.java:90)
	at java.base/java.util.ArrayList.forEach(ArrayList.java:1596)
	at org.junit.platform.engine.support.hierarchical.SameThreadHierarchicalTestExecutorService.invokeAll(SameThreadHierarchicalTestExecutorService.java:41)
	at org.junit.platform.engine.support.hierarchical.NodeTestTask.lambda$executeRecursively$6(NodeTestTask.java:155)
	at org.junit.platform.engine.support.hierarchical.ThrowableCollector.execute(ThrowableCollector.java:73)
	at org.junit.platform.engine.support.hierarchical.NodeTestTask.lambda$executeRecursively$8(NodeTestTask.java:141)
	at org.junit.platform.engine.support.hierarchical.Node.around(Node.java:137)
	at org.junit.platform.engine.support.hierarchical.NodeTestTask.lambda$executeRecursively$9(NodeTestTask.java:139)
	at org.junit.platform.engine.support.hierarchical.ThrowableCollector.execute(ThrowableCollector.java:73)
	at org.junit.platform.engine.support.hierarchical.NodeTestTask.executeRecursively(NodeTestTask.java:138)
	at org.junit.platform.engine.support.hierarchical.NodeTestTask.execute(NodeTestTask.java:95)
	at java.base/java.util.ArrayList.forEach(ArrayList.java:1596)
	at org.junit.platform.engine.support.hierarchical.SameThreadHierarchicalTestExecutorService.invokeAll(SameThreadHierarchicalTestExecutorService.java:41)
	at org.junit.platform.engine.support.hierarchical.NodeTestTask.lambda$executeRecursively$6(NodeTestTask.java:155)
	at org.junit.platform.engine.support.hierarchical.ThrowableCollector.execute(ThrowableCollector.java:73)
	at org.junit.platform.engine.support.hierarchical.NodeTestTask.lambda$executeRecursively$8(NodeTestTask.java:141)
	at org.junit.platform.engine.support.hierarchical.Node.around(Node.java:137)
	at org.junit.platform.engine.support.hierarchical.NodeTestTask.lambda$executeRecursively$9(NodeTestTask.java:139)
	at org.junit.platform.engine.support.hierarchical.ThrowableCollector.execute(ThrowableCollector.java:73)
	at org.junit.platform.engine.support.hierarchical.NodeTestTask.executeRecursively(NodeTestTask.java:138)
	at org.junit.platform.engine.support.hierarchical.NodeTestTask.execute(NodeTestTask.java:95)
	at org.junit.platform.engine.support.hierarchical.SameThreadHierarchicalTestExecutorService.submit(SameThreadHierarchicalTestExecutorService.java:35)
	at org.junit.platform.engine.support.hierarchical.HierarchicalTestExecutor.execute(HierarchicalTestExecutor.java:57)
	at org.junit.platform.engine.support.hierarchical.HierarchicalTestEngine.execute(HierarchicalTestEngine.java:54)
	at org.junit.platform.launcher.core.DefaultLauncher.execute(DefaultLauncher.java:220)
	at org.junit.platform.launcher.core.DefaultLauncher.lambda$execute$6(DefaultLauncher.java:188)
	at org.junit.platform.launcher.core.DefaultLauncher.withInterceptedStreams(DefaultLauncher.java:202)
	at org.junit.platform.launcher.core.DefaultLauncher.execute(DefaultLauncher.java:181)
	at org.junit.platform.launcher.core.DefaultLauncher.execute(DefaultLauncher.java:128)
	at org.apache.maven.surefire.junitplatform.JUnitPlatformProvider.invokeAllTests(JUnitPlatformProvider.java:150)
	at org.apache.maven.surefire.junitplatform.JUnitPlatformProvider.invoke(JUnitPlatformProvider.java:124)
	at org.apache.maven.surefire.booter.ForkedBooter.invokeProviderInSameClassLoader(ForkedBooter.java:384)
	at org.apache.maven.surefire.booter.ForkedBooter.runSuitesInProcess(ForkedBooter.java:345)
	at org.apache.maven.surefire.booter.ForkedBooter.execute(ForkedBooter.java:126)
	at org.apache.maven.surefire.booter.ForkedBooter.main(ForkedBooter.java:418)
Caused by: org.springframework.beans.factory.UnsatisfiedDependencyException: Error creating bean with name 'jwtUtils': Unsatisfied dependency expressed through field 'jwtDecoder'; nested exception is org.springframework.beans.factory.NoSuchBeanDefinitionException: No qualifying bean of type 'org.springframework.security.oauth2.jwt.JwtDecoder' available: expected at least 1 bean which qualifies as autowire candidate. Dependency annotations: {@org.springframework.beans.factory.annotation.Autowired(required=true)}
	at org.springframework.beans.factory.annotation.AutowiredAnnotationBeanPostProcessor$AutowiredFieldElement.resolveFieldValue(AutowiredAnnotationBeanPostProcessor.java:713)
	at org.springframework.beans.factory.annotation.AutowiredAnnotationBeanPostProcessor$AutowiredFieldElement.inject(AutowiredAnnotationBeanPostProcessor.java:693)
	at org.springframework.beans.factory.annotation.InjectionMetadata.inject(InjectionMetadata.java:119)
	at org.springframework.beans.factory.annotation.AutowiredAnnotationBeanPostProcessor.postProcessProperties(AutowiredAnnotationBeanPostProcessor.java:408)
	at org.springframework.beans.factory.support.AbstractAutowireCapableBeanFactory.populateBean(AbstractAutowireCapableBeanFactory.java:1431)
	at org.springframework.beans.factory.support.AbstractAutowireCapableBeanFactory.doCreateBean(AbstractAutowireCapableBeanFactory.java:619)
	at org.springframework.beans.factory.support.AbstractAutowireCapableBeanFactory.createBean(AbstractAutowireCapableBeanFactory.java:542)
	at org.springframework.beans.factory.support.AbstractBeanFactory.lambda$doGetBean$0(AbstractBeanFactory.java:335)
	at org.springframework.beans.factory.support.DefaultSingletonBeanRegistry.getSingleton(DefaultSingletonBeanRegistry.java:234)
	at org.springframework.beans.factory.support.AbstractBeanFactory.doGetBean(AbstractBeanFactory.java:333)
	at org.springframework.beans.factory.support.AbstractBeanFactory.getBean(AbstractBeanFactory.java:208)
	at org.springframework.beans.factory.support.DefaultListableBeanFactory.preInstantiateSingletons(DefaultListableBeanFactory.java:955)
	at org.springframework.context.support.AbstractApplicationContext.finishBeanFactoryInitialization(AbstractApplicationContext.java:929)
	at org.springframework.context.support.AbstractApplicationContext.refresh(AbstractApplicationContext.java:591)
	at org.springframework.boot.SpringApplication.refresh(SpringApplication.java:732)
	at org.springframework.boot.SpringApplication.refreshContext(SpringApplication.java:409)
	at org.springframework.boot.SpringApplication.run(SpringApplication.java:308)
	at org.springframework.boot.test.context.SpringBootContextLoader.loadContext(SpringBootContextLoader.java:136)
	at org.springframework.test.context.cache.DefaultCacheAwareContextLoaderDelegate.loadContextInternal(DefaultCacheAwareContextLoaderDelegate.java:141)
	at org.springframework.test.context.cache.DefaultCacheAwareContextLoaderDelegate.loadContext(DefaultCacheAwareContextLoaderDelegate.java:90)
	... 68 common frames omitted
Caused by: org.springframework.beans.factory.NoSuchBeanDefinitionException: No qualifying bean of type 'org.springframework.security.oauth2.jwt.JwtDecoder' available: expected at least 1 bean which qualifies as autowire candidate. Dependency annotations: {@org.springframework.beans.factory.annotation.Autowired(required=true)}
	at org.springframework.beans.factory.support.DefaultListableBeanFactory.raiseNoMatchingBeanFound(DefaultListableBeanFactory.java:1801)
	at org.springframework.beans.factory.support.DefaultListableBeanFactory.doResolveDependency(DefaultListableBeanFactory.java:1357)
	at org.springframework.beans.factory.support.DefaultListableBeanFactory.resolveDependency(DefaultListableBeanFactory.java:1311)
	at org.springframework.beans.factory.annotation.AutowiredAnnotationBeanPostProcessor$AutowiredFieldElement.resolveFieldValue(AutowiredAnnotationBeanPostProcessor.java:710)
	... 87 common frames omitted
2025-04-23 22:31:43,405 INFO o.s.b.StartupInfoLogger {logStarting} [main] Starting BikeControllerTests using Java 21 on DESKTOP-A2Q7539 with PID 16852 (started by 34618 in C:\Users\34618\Documents\2DAM Gdo. Superior\Acceso a datos 2DAM\hellospring)
2025-04-23 22:31:43,406 INFO o.s.b.SpringApplication {logStartupProfileInfo} [main] No active profile set, falling back to 1 default profile: "default"
2025-04-23 22:31:43,650 WARN o.s.c.s.AbstractApplicationContext {refresh} [main] Exception encountered during context initialization - cancelling refresh attempt: org.springframework.beans.factory.UnsatisfiedDependencyException: Error creating bean with name 'jwtUtils': Unsatisfied dependency expressed through field 'jwtDecoder'; nested exception is org.springframework.beans.factory.NoSuchBeanDefinitionException: No qualifying bean of type 'org.springframework.security.oauth2.jwt.JwtDecoder' available: expected at least 1 bean which qualifies as autowire candidate. Dependency annotations: {@org.springframework.beans.factory.annotation.Autowired(required=true)}
2025-04-23 22:31:43,652 INFO o.s.b.a.l.ConditionEvaluationReportLoggingListener {logMessage} [main] 

Error starting ApplicationContext. To display the conditions report re-run your application with 'debug' enabled.
2025-04-23 22:31:43,657 ERROR o.s.b.d.LoggingFailureAnalysisReporter {report} [main] 

***************************
APPLICATION FAILED TO START
***************************

Description:

Field jwtDecoder in com.svalero.apibikes.config.JwtUtils required a bean of type 'org.springframework.security.oauth2.jwt.JwtDecoder' that could not be found.

The injection point has the following annotations:
	- @org.springframework.beans.factory.annotation.Autowired(required=true)


Action:

Consider defining a bean of type 'org.springframework.security.oauth2.jwt.JwtDecoder' in your configuration.

2025-04-23 22:31:43,660 ERROR o.s.t.c.TestContextManager {prepareTestInstance} [main] Caught exception while allowing TestExecutionListener [org.springframework.boot.test.mock.mockito.MockitoTestExecutionListener@37313c65] to prepare test instance [com.svalero.apibikes.BikeControllerTests@33e3bd2e]
java.lang.IllegalStateException: Failed to load ApplicationContext
	at org.springframework.test.context.cache.DefaultCacheAwareContextLoaderDelegate.loadContext(DefaultCacheAwareContextLoaderDelegate.java:98)
	at org.springframework.test.context.support.DefaultTestContext.getApplicationContext(DefaultTestContext.java:124)
	at org.springframework.boot.test.mock.mockito.MockitoTestExecutionListener.postProcessFields(MockitoTestExecutionListener.java:110)
	at org.springframework.boot.test.mock.mockito.MockitoTestExecutionListener.injectFields(MockitoTestExecutionListener.java:94)
	at org.springframework.boot.test.mock.mockito.MockitoTestExecutionListener.prepareTestInstance(MockitoTestExecutionListener.java:61)
	at org.springframework.test.context.TestContextManager.prepareTestInstance(TestContextManager.java:248)
	at org.springframework.test.context.junit.jupiter.SpringExtension.postProcessTestInstance(SpringExtension.java:138)
	at org.junit.jupiter.engine.descriptor.ClassBasedTestDescriptor.lambda$invokeTestInstancePostProcessors$8(ClassBasedTestDescriptor.java:363)
	at org.junit.jupiter.engine.descriptor.ClassBasedTestDescriptor.executeAndMaskThrowable(ClassBasedTestDescriptor.java:368)
	at org.junit.jupiter.engine.descriptor.ClassBasedTestDescriptor.lambda$invokeTestInstancePostProcessors$9(ClassBasedTestDescriptor.java:363)
	at java.base/java.util.stream.ReferencePipeline$3$1.accept(ReferencePipeline.java:197)
	at java.base/java.util.stream.ReferencePipeline$2$1.accept(ReferencePipeline.java:179)
	at java.base/java.util.ArrayList$ArrayListSpliterator.forEachRemaining(ArrayList.java:1708)
	at java.base/java.util.stream.AbstractPipeline.copyInto(AbstractPipeline.java:509)
	at java.base/java.util.stream.AbstractPipeline.wrapAndCopyInto(AbstractPipeline.java:499)
	at java.base/java.util.stream.StreamSpliterators$WrappingSpliterator.forEachRemaining(StreamSpliterators.java:310)
	at java.base/java.util.stream.Streams$ConcatSpliterator.forEachRemaining(Streams.java:735)
	at java.base/java.util.stream.Streams$ConcatSpliterator.forEachRemaining(Streams.java:734)
	at java.base/java.util.stream.ReferencePipeline$Head.forEach(ReferencePipeline.java:762)
	at org.junit.jupiter.engine.descriptor.ClassBasedTestDescriptor.invokeTestInstancePostProcessors(ClassBasedTestDescriptor.java:362)
	at org.junit.jupiter.engine.descriptor.ClassBasedTestDescriptor.lambda$instantiateAndPostProcessTestInstance$6(ClassBasedTestDescriptor.java:283)
	at org.junit.platform.engine.support.hierarchical.ThrowableCollector.execute(ThrowableCollector.java:73)
	at org.junit.jupiter.engine.descriptor.ClassBasedTestDescriptor.instantiateAndPostProcessTestInstance(ClassBasedTestDescriptor.java:282)
	at org.junit.jupiter.engine.descriptor.ClassBasedTestDescriptor.lambda$testInstancesProvider$4(ClassBasedTestDescriptor.java:272)
	at java.base/java.util.Optional.orElseGet(Optional.java:364)
	at org.junit.jupiter.engine.descriptor.ClassBasedTestDescriptor.lambda$testInstancesProvider$5(ClassBasedTestDescriptor.java:271)
	at org.junit.jupiter.engine.execution.TestInstancesProvider.getTestInstances(TestInstancesProvider.java:31)
	at org.junit.jupiter.engine.descriptor.TestMethodTestDescriptor.lambda$prepare$0(TestMethodTestDescriptor.java:102)
	at org.junit.platform.engine.support.hierarchical.ThrowableCollector.execute(ThrowableCollector.java:73)
	at org.junit.jupiter.engine.descriptor.TestMethodTestDescriptor.prepare(TestMethodTestDescriptor.java:101)
	at org.junit.jupiter.engine.descriptor.TestMethodTestDescriptor.prepare(TestMethodTestDescriptor.java:66)
	at org.junit.platform.engine.support.hierarchical.NodeTestTask.lambda$prepare$2(NodeTestTask.java:123)
	at org.junit.platform.engine.support.hierarchical.ThrowableCollector.execute(ThrowableCollector.java:73)
	at org.junit.platform.engine.support.hierarchical.NodeTestTask.prepare(NodeTestTask.java:123)
	at org.junit.platform.engine.support.hierarchical.NodeTestTask.execute(NodeTestTask.java:90)
	at java.base/java.util.ArrayList.forEach(ArrayList.java:1596)
	at org.junit.platform.engine.support.hierarchical.SameThreadHierarchicalTestExecutorService.invokeAll(SameThreadHierarchicalTestExecutorService.java:41)
	at org.junit.platform.engine.support.hierarchical.NodeTestTask.lambda$executeRecursively$6(NodeTestTask.java:155)
	at org.junit.platform.engine.support.hierarchical.ThrowableCollector.execute(ThrowableCollector.java:73)
	at org.junit.platform.engine.support.hierarchical.NodeTestTask.lambda$executeRecursively$8(NodeTestTask.java:141)
	at org.junit.platform.engine.support.hierarchical.Node.around(Node.java:137)
	at org.junit.platform.engine.support.hierarchical.NodeTestTask.lambda$executeRecursively$9(NodeTestTask.java:139)
	at org.junit.platform.engine.support.hierarchical.ThrowableCollector.execute(ThrowableCollector.java:73)
	at org.junit.platform.engine.support.hierarchical.NodeTestTask.executeRecursively(NodeTestTask.java:138)
	at org.junit.platform.engine.support.hierarchical.NodeTestTask.execute(NodeTestTask.java:95)
	at java.base/java.util.ArrayList.forEach(ArrayList.java:1596)
	at org.junit.platform.engine.support.hierarchical.SameThreadHierarchicalTestExecutorService.invokeAll(SameThreadHierarchicalTestExecutorService.java:41)
	at org.junit.platform.engine.support.hierarchical.NodeTestTask.lambda$executeRecursively$6(NodeTestTask.java:155)
	at org.junit.platform.engine.support.hierarchical.ThrowableCollector.execute(ThrowableCollector.java:73)
	at org.junit.platform.engine.support.hierarchical.NodeTestTask.lambda$executeRecursively$8(NodeTestTask.java:141)
	at org.junit.platform.engine.support.hierarchical.Node.around(Node.java:137)
	at org.junit.platform.engine.support.hierarchical.NodeTestTask.lambda$executeRecursively$9(NodeTestTask.java:139)
	at org.junit.platform.engine.support.hierarchical.ThrowableCollector.execute(ThrowableCollector.java:73)
	at org.junit.platform.engine.support.hierarchical.NodeTestTask.executeRecursively(NodeTestTask.java:138)
	at org.junit.platform.engine.support.hierarchical.NodeTestTask.execute(NodeTestTask.java:95)
	at org.junit.platform.engine.support.hierarchical.SameThreadHierarchicalTestExecutorService.submit(SameThreadHierarchicalTestExecutorService.java:35)
	at org.junit.platform.engine.support.hierarchical.HierarchicalTestExecutor.execute(HierarchicalTestExecutor.java:57)
	at org.junit.platform.engine.support.hierarchical.HierarchicalTestEngine.execute(HierarchicalTestEngine.java:54)
	at org.junit.platform.launcher.core.DefaultLauncher.execute(DefaultLauncher.java:220)
	at org.junit.platform.launcher.core.DefaultLauncher.lambda$execute$6(DefaultLauncher.java:188)
	at org.junit.platform.launcher.core.DefaultLauncher.withInterceptedStreams(DefaultLauncher.java:202)
	at org.junit.platform.launcher.core.DefaultLauncher.execute(DefaultLauncher.java:181)
	at org.junit.platform.launcher.core.DefaultLauncher.execute(DefaultLauncher.java:128)
	at org.apache.maven.surefire.junitplatform.JUnitPlatformProvider.invokeAllTests(JUnitPlatformProvider.java:150)
	at org.apache.maven.surefire.junitplatform.JUnitPlatformProvider.invoke(JUnitPlatformProvider.java:124)
	at org.apache.maven.surefire.booter.ForkedBooter.invokeProviderInSameClassLoader(ForkedBooter.java:384)
	at org.apache.maven.surefire.booter.ForkedBooter.runSuitesInProcess(ForkedBooter.java:345)
	at org.apache.maven.surefire.booter.ForkedBooter.execute(ForkedBooter.java:126)
	at org.apache.maven.surefire.booter.ForkedBooter.main(ForkedBooter.java:418)
Caused by: org.springframework.beans.factory.UnsatisfiedDependencyException: Error creating bean with name 'jwtUtils': Unsatisfied dependency expressed through field 'jwtDecoder'; nested exception is org.springframework.beans.factory.NoSuchBeanDefinitionException: No qualifying bean of type 'org.springframework.security.oauth2.jwt.JwtDecoder' available: expected at least 1 bean which qualifies as autowire candidate. Dependency annotations: {@org.springframework.beans.factory.annotation.Autowired(required=true)}
	at org.springframework.beans.factory.annotation.AutowiredAnnotationBeanPostProcessor$AutowiredFieldElement.resolveFieldValue(AutowiredAnnotationBeanPostProcessor.java:713)
	at org.springframework.beans.factory.annotation.AutowiredAnnotationBeanPostProcessor$AutowiredFieldElement.inject(AutowiredAnnotationBeanPostProcessor.java:693)
	at org.springframework.beans.factory.annotation.InjectionMetadata.inject(InjectionMetadata.java:119)
	at org.springframework.beans.factory.annotation.AutowiredAnnotationBeanPostProcessor.postProcessProperties(AutowiredAnnotationBeanPostProcessor.java:408)
	at org.springframework.beans.factory.support.AbstractAutowireCapableBeanFactory.populateBean(AbstractAutowireCapableBeanFactory.java:1431)
	at org.springframework.beans.factory.support.AbstractAutowireCapableBeanFactory.doCreateBean(AbstractAutowireCapableBeanFactory.java:619)
	at org.springframework.beans.factory.support.AbstractAutowireCapableBeanFactory.createBean(AbstractAutowireCapableBeanFactory.java:542)
	at org.springframework.beans.factory.support.AbstractBeanFactory.lambda$doGetBean$0(AbstractBeanFactory.java:335)
	at org.springframework.beans.factory.support.DefaultSingletonBeanRegistry.getSingleton(DefaultSingletonBeanRegistry.java:234)
	at org.springframework.beans.factory.support.AbstractBeanFactory.doGetBean(AbstractBeanFactory.java:333)
	at org.springframework.beans.factory.support.AbstractBeanFactory.getBean(AbstractBeanFactory.java:208)
	at org.springframework.beans.factory.support.DefaultListableBeanFactory.preInstantiateSingletons(DefaultListableBeanFactory.java:955)
	at org.springframework.context.support.AbstractApplicationContext.finishBeanFactoryInitialization(AbstractApplicationContext.java:929)
	at org.springframework.context.support.AbstractApplicationContext.refresh(AbstractApplicationContext.java:591)
	at org.springframework.boot.SpringApplication.refresh(SpringApplication.java:732)
	at org.springframework.boot.SpringApplication.refreshContext(SpringApplication.java:409)
	at org.springframework.boot.SpringApplication.run(SpringApplication.java:308)
	at org.springframework.boot.test.context.SpringBootContextLoader.loadContext(SpringBootContextLoader.java:136)
	at org.springframework.test.context.cache.DefaultCacheAwareContextLoaderDelegate.loadContextInternal(DefaultCacheAwareContextLoaderDelegate.java:141)
	at org.springframework.test.context.cache.DefaultCacheAwareContextLoaderDelegate.loadContext(DefaultCacheAwareContextLoaderDelegate.java:90)
	... 68 common frames omitted
Caused by: org.springframework.beans.factory.NoSuchBeanDefinitionException: No qualifying bean of type 'org.springframework.security.oauth2.jwt.JwtDecoder' available: expected at least 1 bean which qualifies as autowire candidate. Dependency annotations: {@org.springframework.beans.factory.annotation.Autowired(required=true)}
	at org.springframework.beans.factory.support.DefaultListableBeanFactory.raiseNoMatchingBeanFound(DefaultListableBeanFactory.java:1801)
	at org.springframework.beans.factory.support.DefaultListableBeanFactory.doResolveDependency(DefaultListableBeanFactory.java:1357)
	at org.springframework.beans.factory.support.DefaultListableBeanFactory.resolveDependency(DefaultListableBeanFactory.java:1311)
	at org.springframework.beans.factory.annotation.AutowiredAnnotationBeanPostProcessor$AutowiredFieldElement.resolveFieldValue(AutowiredAnnotationBeanPostProcessor.java:710)
	... 87 common frames omitted
2025-04-23 22:31:43,727 INFO o.s.b.StartupInfoLogger {logStarting} [main] Starting BikeControllerTests using Java 21 on DESKTOP-A2Q7539 with PID 16852 (started by 34618 in C:\Users\34618\Documents\2DAM Gdo. Superior\Acceso a datos 2DAM\hellospring)
2025-04-23 22:31:43,728 INFO o.s.b.SpringApplication {logStartupProfileInfo} [main] No active profile set, falling back to 1 default profile: "default"
2025-04-23 22:31:43,937 WARN o.s.c.s.AbstractApplicationContext {refresh} [main] Exception encountered during context initialization - cancelling refresh attempt: org.springframework.beans.factory.UnsatisfiedDependencyException: Error creating bean with name 'jwtUtils': Unsatisfied dependency expressed through field 'jwtDecoder'; nested exception is org.springframework.beans.factory.NoSuchBeanDefinitionException: No qualifying bean of type 'org.springframework.security.oauth2.jwt.JwtDecoder' available: expected at least 1 bean which qualifies as autowire candidate. Dependency annotations: {@org.springframework.beans.factory.annotation.Autowired(required=true)}
2025-04-23 22:31:43,941 INFO o.s.b.a.l.ConditionEvaluationReportLoggingListener {logMessage} [main] 

Error starting ApplicationContext. To display the conditions report re-run your application with 'debug' enabled.
2025-04-23 22:31:43,949 ERROR o.s.b.d.LoggingFailureAnalysisReporter {report} [main] 

***************************
APPLICATION FAILED TO START
***************************

Description:

Field jwtDecoder in com.svalero.apibikes.config.JwtUtils required a bean of type 'org.springframework.security.oauth2.jwt.JwtDecoder' that could not be found.

The injection point has the following annotations:
	- @org.springframework.beans.factory.annotation.Autowired(required=true)


Action:

Consider defining a bean of type 'org.springframework.security.oauth2.jwt.JwtDecoder' in your configuration.

2025-04-23 22:31:43,953 ERROR o.s.t.c.TestContextManager {prepareTestInstance} [main] Caught exception while allowing TestExecutionListener [org.springframework.boot.test.mock.mockito.MockitoTestExecutionListener@37313c65] to prepare test instance [com.svalero.apibikes.BikeControllerTests@159ac15f]
java.lang.IllegalStateException: Failed to load ApplicationContext
	at org.springframework.test.context.cache.DefaultCacheAwareContextLoaderDelegate.loadContext(DefaultCacheAwareContextLoaderDelegate.java:98)
	at org.springframework.test.context.support.DefaultTestContext.getApplicationContext(DefaultTestContext.java:124)
	at org.springframework.boot.test.mock.mockito.MockitoTestExecutionListener.postProcessFields(MockitoTestExecutionListener.java:110)
	at org.springframework.boot.test.mock.mockito.MockitoTestExecutionListener.injectFields(MockitoTestExecutionListener.java:94)
	at org.springframework.boot.test.mock.mockito.MockitoTestExecutionListener.prepareTestInstance(MockitoTestExecutionListener.java:61)
	at org.springframework.test.context.TestContextManager.prepareTestInstance(TestContextManager.java:248)
	at org.springframework.test.context.junit.jupiter.SpringExtension.postProcessTestInstance(SpringExtension.java:138)
	at org.junit.jupiter.engine.descriptor.ClassBasedTestDescriptor.lambda$invokeTestInstancePostProcessors$8(ClassBasedTestDescriptor.java:363)
	at org.junit.jupiter.engine.descriptor.ClassBasedTestDescriptor.executeAndMaskThrowable(ClassBasedTestDescriptor.java:368)
	at org.junit.jupiter.engine.descriptor.ClassBasedTestDescriptor.lambda$invokeTestInstancePostProcessors$9(ClassBasedTestDescriptor.java:363)
	at java.base/java.util.stream.ReferencePipeline$3$1.accept(ReferencePipeline.java:197)
	at java.base/java.util.stream.ReferencePipeline$2$1.accept(ReferencePipeline.java:179)
	at java.base/java.util.ArrayList$ArrayListSpliterator.forEachRemaining(ArrayList.java:1708)
	at java.base/java.util.stream.AbstractPipeline.copyInto(AbstractPipeline.java:509)
	at java.base/java.util.stream.AbstractPipeline.wrapAndCopyInto(AbstractPipeline.java:499)
	at java.base/java.util.stream.StreamSpliterators$WrappingSpliterator.forEachRemaining(StreamSpliterators.java:310)
	at java.base/java.util.stream.Streams$ConcatSpliterator.forEachRemaining(Streams.java:735)
	at java.base/java.util.stream.Streams$ConcatSpliterator.forEachRemaining(Streams.java:734)
	at java.base/java.util.stream.ReferencePipeline$Head.forEach(ReferencePipeline.java:762)
	at org.junit.jupiter.engine.descriptor.ClassBasedTestDescriptor.invokeTestInstancePostProcessors(ClassBasedTestDescriptor.java:362)
	at org.junit.jupiter.engine.descriptor.ClassBasedTestDescriptor.lambda$instantiateAndPostProcessTestInstance$6(ClassBasedTestDescriptor.java:283)
	at org.junit.platform.engine.support.hierarchical.ThrowableCollector.execute(ThrowableCollector.java:73)
	at org.junit.jupiter.engine.descriptor.ClassBasedTestDescriptor.instantiateAndPostProcessTestInstance(ClassBasedTestDescriptor.java:282)
	at org.junit.jupiter.engine.descriptor.ClassBasedTestDescriptor.lambda$testInstancesProvider$4(ClassBasedTestDescriptor.java:272)
	at java.base/java.util.Optional.orElseGet(Optional.java:364)
	at org.junit.jupiter.engine.descriptor.ClassBasedTestDescriptor.lambda$testInstancesProvider$5(ClassBasedTestDescriptor.java:271)
	at org.junit.jupiter.engine.execution.TestInstancesProvider.getTestInstances(TestInstancesProvider.java:31)
	at org.junit.jupiter.engine.descriptor.TestMethodTestDescriptor.lambda$prepare$0(TestMethodTestDescriptor.java:102)
	at org.junit.platform.engine.support.hierarchical.ThrowableCollector.execute(ThrowableCollector.java:73)
	at org.junit.jupiter.engine.descriptor.TestMethodTestDescriptor.prepare(TestMethodTestDescriptor.java:101)
	at org.junit.jupiter.engine.descriptor.TestMethodTestDescriptor.prepare(TestMethodTestDescriptor.java:66)
	at org.junit.platform.engine.support.hierarchical.NodeTestTask.lambda$prepare$2(NodeTestTask.java:123)
	at org.junit.platform.engine.support.hierarchical.ThrowableCollector.execute(ThrowableCollector.java:73)
	at org.junit.platform.engine.support.hierarchical.NodeTestTask.prepare(NodeTestTask.java:123)
	at org.junit.platform.engine.support.hierarchical.NodeTestTask.execute(NodeTestTask.java:90)
	at java.base/java.util.ArrayList.forEach(ArrayList.java:1596)
	at org.junit.platform.engine.support.hierarchical.SameThreadHierarchicalTestExecutorService.invokeAll(SameThreadHierarchicalTestExecutorService.java:41)
	at org.junit.platform.engine.support.hierarchical.NodeTestTask.lambda$executeRecursively$6(NodeTestTask.java:155)
	at org.junit.platform.engine.support.hierarchical.ThrowableCollector.execute(ThrowableCollector.java:73)
	at org.junit.platform.engine.support.hierarchical.NodeTestTask.lambda$executeRecursively$8(NodeTestTask.java:141)
	at org.junit.platform.engine.support.hierarchical.Node.around(Node.java:137)
	at org.junit.platform.engine.support.hierarchical.NodeTestTask.lambda$executeRecursively$9(NodeTestTask.java:139)
	at org.junit.platform.engine.support.hierarchical.ThrowableCollector.execute(ThrowableCollector.java:73)
	at org.junit.platform.engine.support.hierarchical.NodeTestTask.executeRecursively(NodeTestTask.java:138)
	at org.junit.platform.engine.support.hierarchical.NodeTestTask.execute(NodeTestTask.java:95)
	at java.base/java.util.ArrayList.forEach(ArrayList.java:1596)
	at org.junit.platform.engine.support.hierarchical.SameThreadHierarchicalTestExecutorService.invokeAll(SameThreadHierarchicalTestExecutorService.java:41)
	at org.junit.platform.engine.support.hierarchical.NodeTestTask.lambda$executeRecursively$6(NodeTestTask.java:155)
	at org.junit.platform.engine.support.hierarchical.ThrowableCollector.execute(ThrowableCollector.java:73)
	at org.junit.platform.engine.support.hierarchical.NodeTestTask.lambda$executeRecursively$8(NodeTestTask.java:141)
	at org.junit.platform.engine.support.hierarchical.Node.around(Node.java:137)
	at org.junit.platform.engine.support.hierarchical.NodeTestTask.lambda$executeRecursively$9(NodeTestTask.java:139)
	at org.junit.platform.engine.support.hierarchical.ThrowableCollector.execute(ThrowableCollector.java:73)
	at org.junit.platform.engine.support.hierarchical.NodeTestTask.executeRecursively(NodeTestTask.java:138)
	at org.junit.platform.engine.support.hierarchical.NodeTestTask.execute(NodeTestTask.java:95)
	at org.junit.platform.engine.support.hierarchical.SameThreadHierarchicalTestExecutorService.submit(SameThreadHierarchicalTestExecutorService.java:35)
	at org.junit.platform.engine.support.hierarchical.HierarchicalTestExecutor.execute(HierarchicalTestExecutor.java:57)
	at org.junit.platform.engine.support.hierarchical.HierarchicalTestEngine.execute(HierarchicalTestEngine.java:54)
	at org.junit.platform.launcher.core.DefaultLauncher.execute(DefaultLauncher.java:220)
	at org.junit.platform.launcher.core.DefaultLauncher.lambda$execute$6(DefaultLauncher.java:188)
	at org.junit.platform.launcher.core.DefaultLauncher.withInterceptedStreams(DefaultLauncher.java:202)
	at org.junit.platform.launcher.core.DefaultLauncher.execute(DefaultLauncher.java:181)
	at org.junit.platform.launcher.core.DefaultLauncher.execute(DefaultLauncher.java:128)
	at org.apache.maven.surefire.junitplatform.JUnitPlatformProvider.invokeAllTests(JUnitPlatformProvider.java:150)
	at org.apache.maven.surefire.junitplatform.JUnitPlatformProvider.invoke(JUnitPlatformProvider.java:124)
	at org.apache.maven.surefire.booter.ForkedBooter.invokeProviderInSameClassLoader(ForkedBooter.java:384)
	at org.apache.maven.surefire.booter.ForkedBooter.runSuitesInProcess(ForkedBooter.java:345)
	at org.apache.maven.surefire.booter.ForkedBooter.execute(ForkedBooter.java:126)
	at org.apache.maven.surefire.booter.ForkedBooter.main(ForkedBooter.java:418)
Caused by: org.springframework.beans.factory.UnsatisfiedDependencyException: Error creating bean with name 'jwtUtils': Unsatisfied dependency expressed through field 'jwtDecoder'; nested exception is org.springframework.beans.factory.NoSuchBeanDefinitionException: No qualifying bean of type 'org.springframework.security.oauth2.jwt.JwtDecoder' available: expected at least 1 bean which qualifies as autowire candidate. Dependency annotations: {@org.springframework.beans.factory.annotation.Autowired(required=true)}
	at org.springframework.beans.factory.annotation.AutowiredAnnotationBeanPostProcessor$AutowiredFieldElement.resolveFieldValue(AutowiredAnnotationBeanPostProcessor.java:713)
	at org.springframework.beans.factory.annotation.AutowiredAnnotationBeanPostProcessor$AutowiredFieldElement.inject(AutowiredAnnotationBeanPostProcessor.java:693)
	at org.springframework.beans.factory.annotation.InjectionMetadata.inject(InjectionMetadata.java:119)
	at org.springframework.beans.factory.annotation.AutowiredAnnotationBeanPostProcessor.postProcessProperties(AutowiredAnnotationBeanPostProcessor.java:408)
	at org.springframework.beans.factory.support.AbstractAutowireCapableBeanFactory.populateBean(AbstractAutowireCapableBeanFactory.java:1431)
	at org.springframework.beans.factory.support.AbstractAutowireCapableBeanFactory.doCreateBean(AbstractAutowireCapableBeanFactory.java:619)
	at org.springframework.beans.factory.support.AbstractAutowireCapableBeanFactory.createBean(AbstractAutowireCapableBeanFactory.java:542)
	at org.springframework.beans.factory.support.AbstractBeanFactory.lambda$doGetBean$0(AbstractBeanFactory.java:335)
	at org.springframework.beans.factory.support.DefaultSingletonBeanRegistry.getSingleton(DefaultSingletonBeanRegistry.java:234)
	at org.springframework.beans.factory.support.AbstractBeanFactory.doGetBean(AbstractBeanFactory.java:333)
	at org.springframework.beans.factory.support.AbstractBeanFactory.getBean(AbstractBeanFactory.java:208)
	at org.springframework.beans.factory.support.DefaultListableBeanFactory.preInstantiateSingletons(DefaultListableBeanFactory.java:955)
	at org.springframework.context.support.AbstractApplicationContext.finishBeanFactoryInitialization(AbstractApplicationContext.java:929)
	at org.springframework.context.support.AbstractApplicationContext.refresh(AbstractApplicationContext.java:591)
	at org.springframework.boot.SpringApplication.refresh(SpringApplication.java:732)
	at org.springframework.boot.SpringApplication.refreshContext(SpringApplication.java:409)
	at org.springframework.boot.SpringApplication.run(SpringApplication.java:308)
	at org.springframework.boot.test.context.SpringBootContextLoader.loadContext(SpringBootContextLoader.java:136)
	at org.springframework.test.context.cache.DefaultCacheAwareContextLoaderDelegate.loadContextInternal(DefaultCacheAwareContextLoaderDelegate.java:141)
	at org.springframework.test.context.cache.DefaultCacheAwareContextLoaderDelegate.loadContext(DefaultCacheAwareContextLoaderDelegate.java:90)
	... 68 common frames omitted
Caused by: org.springframework.beans.factory.NoSuchBeanDefinitionException: No qualifying bean of type 'org.springframework.security.oauth2.jwt.JwtDecoder' available: expected at least 1 bean which qualifies as autowire candidate. Dependency annotations: {@org.springframework.beans.factory.annotation.Autowired(required=true)}
	at org.springframework.beans.factory.support.DefaultListableBeanFactory.raiseNoMatchingBeanFound(DefaultListableBeanFactory.java:1801)
	at org.springframework.beans.factory.support.DefaultListableBeanFactory.doResolveDependency(DefaultListableBeanFactory.java:1357)
	at org.springframework.beans.factory.support.DefaultListableBeanFactory.resolveDependency(DefaultListableBeanFactory.java:1311)
	at org.springframework.beans.factory.annotation.AutowiredAnnotationBeanPostProcessor$AutowiredFieldElement.resolveFieldValue(AutowiredAnnotationBeanPostProcessor.java:710)
	... 87 common frames omitted
2025-04-23 22:31:44,074 INFO o.s.b.StartupInfoLogger {logStarting} [main] Starting BikeControllerTests using Java 21 on DESKTOP-A2Q7539 with PID 16852 (started by 34618 in C:\Users\34618\Documents\2DAM Gdo. Superior\Acceso a datos 2DAM\hellospring)
2025-04-23 22:31:44,076 INFO o.s.b.SpringApplication {logStartupProfileInfo} [main] No active profile set, falling back to 1 default profile: "default"
2025-04-23 22:31:44,468 WARN o.s.c.s.AbstractApplicationContext {refresh} [main] Exception encountered during context initialization - cancelling refresh attempt: org.springframework.beans.factory.UnsatisfiedDependencyException: Error creating bean with name 'jwtUtils': Unsatisfied dependency expressed through field 'jwtDecoder'; nested exception is org.springframework.beans.factory.NoSuchBeanDefinitionException: No qualifying bean of type 'org.springframework.security.oauth2.jwt.JwtDecoder' available: expected at least 1 bean which qualifies as autowire candidate. Dependency annotations: {@org.springframework.beans.factory.annotation.Autowired(required=true)}
2025-04-23 22:31:44,472 INFO o.s.b.a.l.ConditionEvaluationReportLoggingListener {logMessage} [main] 

Error starting ApplicationContext. To display the conditions report re-run your application with 'debug' enabled.
2025-04-23 22:31:44,481 ERROR o.s.b.d.LoggingFailureAnalysisReporter {report} [main] 

***************************
APPLICATION FAILED TO START
***************************

Description:

Field jwtDecoder in com.svalero.apibikes.config.JwtUtils required a bean of type 'org.springframework.security.oauth2.jwt.JwtDecoder' that could not be found.

The injection point has the following annotations:
	- @org.springframework.beans.factory.annotation.Autowired(required=true)


Action:

Consider defining a bean of type 'org.springframework.security.oauth2.jwt.JwtDecoder' in your configuration.

2025-04-23 22:31:44,487 ERROR o.s.t.c.TestContextManager {prepareTestInstance} [main] Caught exception while allowing TestExecutionListener [org.springframework.boot.test.mock.mockito.MockitoTestExecutionListener@37313c65] to prepare test instance [com.svalero.apibikes.BikeControllerTests@7a55fb81]
java.lang.IllegalStateException: Failed to load ApplicationContext
	at org.springframework.test.context.cache.DefaultCacheAwareContextLoaderDelegate.loadContext(DefaultCacheAwareContextLoaderDelegate.java:98)
	at org.springframework.test.context.support.DefaultTestContext.getApplicationContext(DefaultTestContext.java:124)
	at org.springframework.boot.test.mock.mockito.MockitoTestExecutionListener.postProcessFields(MockitoTestExecutionListener.java:110)
	at org.springframework.boot.test.mock.mockito.MockitoTestExecutionListener.injectFields(MockitoTestExecutionListener.java:94)
	at org.springframework.boot.test.mock.mockito.MockitoTestExecutionListener.prepareTestInstance(MockitoTestExecutionListener.java:61)
	at org.springframework.test.context.TestContextManager.prepareTestInstance(TestContextManager.java:248)
	at org.springframework.test.context.junit.jupiter.SpringExtension.postProcessTestInstance(SpringExtension.java:138)
	at org.junit.jupiter.engine.descriptor.ClassBasedTestDescriptor.lambda$invokeTestInstancePostProcessors$8(ClassBasedTestDescriptor.java:363)
	at org.junit.jupiter.engine.descriptor.ClassBasedTestDescriptor.executeAndMaskThrowable(ClassBasedTestDescriptor.java:368)
	at org.junit.jupiter.engine.descriptor.ClassBasedTestDescriptor.lambda$invokeTestInstancePostProcessors$9(ClassBasedTestDescriptor.java:363)
	at java.base/java.util.stream.ReferencePipeline$3$1.accept(ReferencePipeline.java:197)
	at java.base/java.util.stream.ReferencePipeline$2$1.accept(ReferencePipeline.java:179)
	at java.base/java.util.ArrayList$ArrayListSpliterator.forEachRemaining(ArrayList.java:1708)
	at java.base/java.util.stream.AbstractPipeline.copyInto(AbstractPipeline.java:509)
	at java.base/java.util.stream.AbstractPipeline.wrapAndCopyInto(AbstractPipeline.java:499)
	at java.base/java.util.stream.StreamSpliterators$WrappingSpliterator.forEachRemaining(StreamSpliterators.java:310)
	at java.base/java.util.stream.Streams$ConcatSpliterator.forEachRemaining(Streams.java:735)
	at java.base/java.util.stream.Streams$ConcatSpliterator.forEachRemaining(Streams.java:734)
	at java.base/java.util.stream.ReferencePipeline$Head.forEach(ReferencePipeline.java:762)
	at org.junit.jupiter.engine.descriptor.ClassBasedTestDescriptor.invokeTestInstancePostProcessors(ClassBasedTestDescriptor.java:362)
	at org.junit.jupiter.engine.descriptor.ClassBasedTestDescriptor.lambda$instantiateAndPostProcessTestInstance$6(ClassBasedTestDescriptor.java:283)
	at org.junit.platform.engine.support.hierarchical.ThrowableCollector.execute(ThrowableCollector.java:73)
	at org.junit.jupiter.engine.descriptor.ClassBasedTestDescriptor.instantiateAndPostProcessTestInstance(ClassBasedTestDescriptor.java:282)
	at org.junit.jupiter.engine.descriptor.ClassBasedTestDescriptor.lambda$testInstancesProvider$4(ClassBasedTestDescriptor.java:272)
	at java.base/java.util.Optional.orElseGet(Optional.java:364)
	at org.junit.jupiter.engine.descriptor.ClassBasedTestDescriptor.lambda$testInstancesProvider$5(ClassBasedTestDescriptor.java:271)
	at org.junit.jupiter.engine.execution.TestInstancesProvider.getTestInstances(TestInstancesProvider.java:31)
	at org.junit.jupiter.engine.descriptor.TestMethodTestDescriptor.lambda$prepare$0(TestMethodTestDescriptor.java:102)
	at org.junit.platform.engine.support.hierarchical.ThrowableCollector.execute(ThrowableCollector.java:73)
	at org.junit.jupiter.engine.descriptor.TestMethodTestDescriptor.prepare(TestMethodTestDescriptor.java:101)
	at org.junit.jupiter.engine.descriptor.TestMethodTestDescriptor.prepare(TestMethodTestDescriptor.java:66)
	at org.junit.platform.engine.support.hierarchical.NodeTestTask.lambda$prepare$2(NodeTestTask.java:123)
	at org.junit.platform.engine.support.hierarchical.ThrowableCollector.execute(ThrowableCollector.java:73)
	at org.junit.platform.engine.support.hierarchical.NodeTestTask.prepare(NodeTestTask.java:123)
	at org.junit.platform.engine.support.hierarchical.NodeTestTask.execute(NodeTestTask.java:90)
	at java.base/java.util.ArrayList.forEach(ArrayList.java:1596)
	at org.junit.platform.engine.support.hierarchical.SameThreadHierarchicalTestExecutorService.invokeAll(SameThreadHierarchicalTestExecutorService.java:41)
	at org.junit.platform.engine.support.hierarchical.NodeTestTask.lambda$executeRecursively$6(NodeTestTask.java:155)
	at org.junit.platform.engine.support.hierarchical.ThrowableCollector.execute(ThrowableCollector.java:73)
	at org.junit.platform.engine.support.hierarchical.NodeTestTask.lambda$executeRecursively$8(NodeTestTask.java:141)
	at org.junit.platform.engine.support.hierarchical.Node.around(Node.java:137)
	at org.junit.platform.engine.support.hierarchical.NodeTestTask.lambda$executeRecursively$9(NodeTestTask.java:139)
	at org.junit.platform.engine.support.hierarchical.ThrowableCollector.execute(ThrowableCollector.java:73)
	at org.junit.platform.engine.support.hierarchical.NodeTestTask.executeRecursively(NodeTestTask.java:138)
	at org.junit.platform.engine.support.hierarchical.NodeTestTask.execute(NodeTestTask.java:95)
	at java.base/java.util.ArrayList.forEach(ArrayList.java:1596)
	at org.junit.platform.engine.support.hierarchical.SameThreadHierarchicalTestExecutorService.invokeAll(SameThreadHierarchicalTestExecutorService.java:41)
	at org.junit.platform.engine.support.hierarchical.NodeTestTask.lambda$executeRecursively$6(NodeTestTask.java:155)
	at org.junit.platform.engine.support.hierarchical.ThrowableCollector.execute(ThrowableCollector.java:73)
	at org.junit.platform.engine.support.hierarchical.NodeTestTask.lambda$executeRecursively$8(NodeTestTask.java:141)
	at org.junit.platform.engine.support.hierarchical.Node.around(Node.java:137)
	at org.junit.platform.engine.support.hierarchical.NodeTestTask.lambda$executeRecursively$9(NodeTestTask.java:139)
	at org.junit.platform.engine.support.hierarchical.ThrowableCollector.execute(ThrowableCollector.java:73)
	at org.junit.platform.engine.support.hierarchical.NodeTestTask.executeRecursively(NodeTestTask.java:138)
	at org.junit.platform.engine.support.hierarchical.NodeTestTask.execute(NodeTestTask.java:95)
	at org.junit.platform.engine.support.hierarchical.SameThreadHierarchicalTestExecutorService.submit(SameThreadHierarchicalTestExecutorService.java:35)
	at org.junit.platform.engine.support.hierarchical.HierarchicalTestExecutor.execute(HierarchicalTestExecutor.java:57)
	at org.junit.platform.engine.support.hierarchical.HierarchicalTestEngine.execute(HierarchicalTestEngine.java:54)
	at org.junit.platform.launcher.core.DefaultLauncher.execute(DefaultLauncher.java:220)
	at org.junit.platform.launcher.core.DefaultLauncher.lambda$execute$6(DefaultLauncher.java:188)
	at org.junit.platform.launcher.core.DefaultLauncher.withInterceptedStreams(DefaultLauncher.java:202)
	at org.junit.platform.launcher.core.DefaultLauncher.execute(DefaultLauncher.java:181)
	at org.junit.platform.launcher.core.DefaultLauncher.execute(DefaultLauncher.java:128)
	at org.apache.maven.surefire.junitplatform.JUnitPlatformProvider.invokeAllTests(JUnitPlatformProvider.java:150)
	at org.apache.maven.surefire.junitplatform.JUnitPlatformProvider.invoke(JUnitPlatformProvider.java:124)
	at org.apache.maven.surefire.booter.ForkedBooter.invokeProviderInSameClassLoader(ForkedBooter.java:384)
	at org.apache.maven.surefire.booter.ForkedBooter.runSuitesInProcess(ForkedBooter.java:345)
	at org.apache.maven.surefire.booter.ForkedBooter.execute(ForkedBooter.java:126)
	at org.apache.maven.surefire.booter.ForkedBooter.main(ForkedBooter.java:418)
Caused by: org.springframework.beans.factory.UnsatisfiedDependencyException: Error creating bean with name 'jwtUtils': Unsatisfied dependency expressed through field 'jwtDecoder'; nested exception is org.springframework.beans.factory.NoSuchBeanDefinitionException: No qualifying bean of type 'org.springframework.security.oauth2.jwt.JwtDecoder' available: expected at least 1 bean which qualifies as autowire candidate. Dependency annotations: {@org.springframework.beans.factory.annotation.Autowired(required=true)}
	at org.springframework.beans.factory.annotation.AutowiredAnnotationBeanPostProcessor$AutowiredFieldElement.resolveFieldValue(AutowiredAnnotationBeanPostProcessor.java:713)
	at org.springframework.beans.factory.annotation.AutowiredAnnotationBeanPostProcessor$AutowiredFieldElement.inject(AutowiredAnnotationBeanPostProcessor.java:693)
	at org.springframework.beans.factory.annotation.InjectionMetadata.inject(InjectionMetadata.java:119)
	at org.springframework.beans.factory.annotation.AutowiredAnnotationBeanPostProcessor.postProcessProperties(AutowiredAnnotationBeanPostProcessor.java:408)
	at org.springframework.beans.factory.support.AbstractAutowireCapableBeanFactory.populateBean(AbstractAutowireCapableBeanFactory.java:1431)
	at org.springframework.beans.factory.support.AbstractAutowireCapableBeanFactory.doCreateBean(AbstractAutowireCapableBeanFactory.java:619)
	at org.springframework.beans.factory.support.AbstractAutowireCapableBeanFactory.createBean(AbstractAutowireCapableBeanFactory.java:542)
	at org.springframework.beans.factory.support.AbstractBeanFactory.lambda$doGetBean$0(AbstractBeanFactory.java:335)
	at org.springframework.beans.factory.support.DefaultSingletonBeanRegistry.getSingleton(DefaultSingletonBeanRegistry.java:234)
	at org.springframework.beans.factory.support.AbstractBeanFactory.doGetBean(AbstractBeanFactory.java:333)
	at org.springframework.beans.factory.support.AbstractBeanFactory.getBean(AbstractBeanFactory.java:208)
	at org.springframework.beans.factory.support.DefaultListableBeanFactory.preInstantiateSingletons(DefaultListableBeanFactory.java:955)
	at org.springframework.context.support.AbstractApplicationContext.finishBeanFactoryInitialization(AbstractApplicationContext.java:929)
	at org.springframework.context.support.AbstractApplicationContext.refresh(AbstractApplicationContext.java:591)
	at org.springframework.boot.SpringApplication.refresh(SpringApplication.java:732)
	at org.springframework.boot.SpringApplication.refreshContext(SpringApplication.java:409)
	at org.springframework.boot.SpringApplication.run(SpringApplication.java:308)
	at org.springframework.boot.test.context.SpringBootContextLoader.loadContext(SpringBootContextLoader.java:136)
	at org.springframework.test.context.cache.DefaultCacheAwareContextLoaderDelegate.loadContextInternal(DefaultCacheAwareContextLoaderDelegate.java:141)
	at org.springframework.test.context.cache.DefaultCacheAwareContextLoaderDelegate.loadContext(DefaultCacheAwareContextLoaderDelegate.java:90)
	... 68 common frames omitted
Caused by: org.springframework.beans.factory.NoSuchBeanDefinitionException: No qualifying bean of type 'org.springframework.security.oauth2.jwt.JwtDecoder' available: expected at least 1 bean which qualifies as autowire candidate. Dependency annotations: {@org.springframework.beans.factory.annotation.Autowired(required=true)}
	at org.springframework.beans.factory.support.DefaultListableBeanFactory.raiseNoMatchingBeanFound(DefaultListableBeanFactory.java:1801)
	at org.springframework.beans.factory.support.DefaultListableBeanFactory.doResolveDependency(DefaultListableBeanFactory.java:1357)
	at org.springframework.beans.factory.support.DefaultListableBeanFactory.resolveDependency(DefaultListableBeanFactory.java:1311)
	at org.springframework.beans.factory.annotation.AutowiredAnnotationBeanPostProcessor$AutowiredFieldElement.resolveFieldValue(AutowiredAnnotationBeanPostProcessor.java:710)
	... 87 common frames omitted
2025-04-23 22:31:44,610 INFO o.s.b.StartupInfoLogger {logStarting} [main] Starting BikeControllerTests using Java 21 on DESKTOP-A2Q7539 with PID 16852 (started by 34618 in C:\Users\34618\Documents\2DAM Gdo. Superior\Acceso a datos 2DAM\hellospring)
2025-04-23 22:31:44,622 INFO o.s.b.SpringApplication {logStartupProfileInfo} [main] No active profile set, falling back to 1 default profile: "default"
2025-04-23 22:31:45,005 WARN o.s.c.s.AbstractApplicationContext {refresh} [main] Exception encountered during context initialization - cancelling refresh attempt: org.springframework.beans.factory.UnsatisfiedDependencyException: Error creating bean with name 'jwtUtils': Unsatisfied dependency expressed through field 'jwtDecoder'; nested exception is org.springframework.beans.factory.NoSuchBeanDefinitionException: No qualifying bean of type 'org.springframework.security.oauth2.jwt.JwtDecoder' available: expected at least 1 bean which qualifies as autowire candidate. Dependency annotations: {@org.springframework.beans.factory.annotation.Autowired(required=true)}
2025-04-23 22:31:45,013 INFO o.s.b.a.l.ConditionEvaluationReportLoggingListener {logMessage} [main] 

Error starting ApplicationContext. To display the conditions report re-run your application with 'debug' enabled.
2025-04-23 22:31:45,022 ERROR o.s.b.d.LoggingFailureAnalysisReporter {report} [main] 

***************************
APPLICATION FAILED TO START
***************************

Description:

Field jwtDecoder in com.svalero.apibikes.config.JwtUtils required a bean of type 'org.springframework.security.oauth2.jwt.JwtDecoder' that could not be found.

The injection point has the following annotations:
	- @org.springframework.beans.factory.annotation.Autowired(required=true)


Action:

Consider defining a bean of type 'org.springframework.security.oauth2.jwt.JwtDecoder' in your configuration.

2025-04-23 22:31:45,024 ERROR o.s.t.c.TestContextManager {prepareTestInstance} [main] Caught exception while allowing TestExecutionListener [org.springframework.boot.test.mock.mockito.MockitoTestExecutionListener@37313c65] to prepare test instance [com.svalero.apibikes.BikeControllerTests@510da778]
java.lang.IllegalStateException: Failed to load ApplicationContext
	at org.springframework.test.context.cache.DefaultCacheAwareContextLoaderDelegate.loadContext(DefaultCacheAwareContextLoaderDelegate.java:98)
	at org.springframework.test.context.support.DefaultTestContext.getApplicationContext(DefaultTestContext.java:124)
	at org.springframework.boot.test.mock.mockito.MockitoTestExecutionListener.postProcessFields(MockitoTestExecutionListener.java:110)
	at org.springframework.boot.test.mock.mockito.MockitoTestExecutionListener.injectFields(MockitoTestExecutionListener.java:94)
	at org.springframework.boot.test.mock.mockito.MockitoTestExecutionListener.prepareTestInstance(MockitoTestExecutionListener.java:61)
	at org.springframework.test.context.TestContextManager.prepareTestInstance(TestContextManager.java:248)
	at org.springframework.test.context.junit.jupiter.SpringExtension.postProcessTestInstance(SpringExtension.java:138)
	at org.junit.jupiter.engine.descriptor.ClassBasedTestDescriptor.lambda$invokeTestInstancePostProcessors$8(ClassBasedTestDescriptor.java:363)
	at org.junit.jupiter.engine.descriptor.ClassBasedTestDescriptor.executeAndMaskThrowable(ClassBasedTestDescriptor.java:368)
	at org.junit.jupiter.engine.descriptor.ClassBasedTestDescriptor.lambda$invokeTestInstancePostProcessors$9(ClassBasedTestDescriptor.java:363)
	at java.base/java.util.stream.ReferencePipeline$3$1.accept(ReferencePipeline.java:197)
	at java.base/java.util.stream.ReferencePipeline$2$1.accept(ReferencePipeline.java:179)
	at java.base/java.util.ArrayList$ArrayListSpliterator.forEachRemaining(ArrayList.java:1708)
	at java.base/java.util.stream.AbstractPipeline.copyInto(AbstractPipeline.java:509)
	at java.base/java.util.stream.AbstractPipeline.wrapAndCopyInto(AbstractPipeline.java:499)
	at java.base/java.util.stream.StreamSpliterators$WrappingSpliterator.forEachRemaining(StreamSpliterators.java:310)
	at java.base/java.util.stream.Streams$ConcatSpliterator.forEachRemaining(Streams.java:735)
	at java.base/java.util.stream.Streams$ConcatSpliterator.forEachRemaining(Streams.java:734)
	at java.base/java.util.stream.ReferencePipeline$Head.forEach(ReferencePipeline.java:762)
	at org.junit.jupiter.engine.descriptor.ClassBasedTestDescriptor.invokeTestInstancePostProcessors(ClassBasedTestDescriptor.java:362)
	at org.junit.jupiter.engine.descriptor.ClassBasedTestDescriptor.lambda$instantiateAndPostProcessTestInstance$6(ClassBasedTestDescriptor.java:283)
	at org.junit.platform.engine.support.hierarchical.ThrowableCollector.execute(ThrowableCollector.java:73)
	at org.junit.jupiter.engine.descriptor.ClassBasedTestDescriptor.instantiateAndPostProcessTestInstance(ClassBasedTestDescriptor.java:282)
	at org.junit.jupiter.engine.descriptor.ClassBasedTestDescriptor.lambda$testInstancesProvider$4(ClassBasedTestDescriptor.java:272)
	at java.base/java.util.Optional.orElseGet(Optional.java:364)
	at org.junit.jupiter.engine.descriptor.ClassBasedTestDescriptor.lambda$testInstancesProvider$5(ClassBasedTestDescriptor.java:271)
	at org.junit.jupiter.engine.execution.TestInstancesProvider.getTestInstances(TestInstancesProvider.java:31)
	at org.junit.jupiter.engine.descriptor.TestMethodTestDescriptor.lambda$prepare$0(TestMethodTestDescriptor.java:102)
	at org.junit.platform.engine.support.hierarchical.ThrowableCollector.execute(ThrowableCollector.java:73)
	at org.junit.jupiter.engine.descriptor.TestMethodTestDescriptor.prepare(TestMethodTestDescriptor.java:101)
	at org.junit.jupiter.engine.descriptor.TestMethodTestDescriptor.prepare(TestMethodTestDescriptor.java:66)
	at org.junit.platform.engine.support.hierarchical.NodeTestTask.lambda$prepare$2(NodeTestTask.java:123)
	at org.junit.platform.engine.support.hierarchical.ThrowableCollector.execute(ThrowableCollector.java:73)
	at org.junit.platform.engine.support.hierarchical.NodeTestTask.prepare(NodeTestTask.java:123)
	at org.junit.platform.engine.support.hierarchical.NodeTestTask.execute(NodeTestTask.java:90)
	at java.base/java.util.ArrayList.forEach(ArrayList.java:1596)
	at org.junit.platform.engine.support.hierarchical.SameThreadHierarchicalTestExecutorService.invokeAll(SameThreadHierarchicalTestExecutorService.java:41)
	at org.junit.platform.engine.support.hierarchical.NodeTestTask.lambda$executeRecursively$6(NodeTestTask.java:155)
	at org.junit.platform.engine.support.hierarchical.ThrowableCollector.execute(ThrowableCollector.java:73)
	at org.junit.platform.engine.support.hierarchical.NodeTestTask.lambda$executeRecursively$8(NodeTestTask.java:141)
	at org.junit.platform.engine.support.hierarchical.Node.around(Node.java:137)
	at org.junit.platform.engine.support.hierarchical.NodeTestTask.lambda$executeRecursively$9(NodeTestTask.java:139)
	at org.junit.platform.engine.support.hierarchical.ThrowableCollector.execute(ThrowableCollector.java:73)
	at org.junit.platform.engine.support.hierarchical.NodeTestTask.executeRecursively(NodeTestTask.java:138)
	at org.junit.platform.engine.support.hierarchical.NodeTestTask.execute(NodeTestTask.java:95)
	at java.base/java.util.ArrayList.forEach(ArrayList.java:1596)
	at org.junit.platform.engine.support.hierarchical.SameThreadHierarchicalTestExecutorService.invokeAll(SameThreadHierarchicalTestExecutorService.java:41)
	at org.junit.platform.engine.support.hierarchical.NodeTestTask.lambda$executeRecursively$6(NodeTestTask.java:155)
	at org.junit.platform.engine.support.hierarchical.ThrowableCollector.execute(ThrowableCollector.java:73)
	at org.junit.platform.engine.support.hierarchical.NodeTestTask.lambda$executeRecursively$8(NodeTestTask.java:141)
	at org.junit.platform.engine.support.hierarchical.Node.around(Node.java:137)
	at org.junit.platform.engine.support.hierarchical.NodeTestTask.lambda$executeRecursively$9(NodeTestTask.java:139)
	at org.junit.platform.engine.support.hierarchical.ThrowableCollector.execute(ThrowableCollector.java:73)
	at org.junit.platform.engine.support.hierarchical.NodeTestTask.executeRecursively(NodeTestTask.java:138)
	at org.junit.platform.engine.support.hierarchical.NodeTestTask.execute(NodeTestTask.java:95)
	at org.junit.platform.engine.support.hierarchical.SameThreadHierarchicalTestExecutorService.submit(SameThreadHierarchicalTestExecutorService.java:35)
	at org.junit.platform.engine.support.hierarchical.HierarchicalTestExecutor.execute(HierarchicalTestExecutor.java:57)
	at org.junit.platform.engine.support.hierarchical.HierarchicalTestEngine.execute(HierarchicalTestEngine.java:54)
	at org.junit.platform.launcher.core.DefaultLauncher.execute(DefaultLauncher.java:220)
	at org.junit.platform.launcher.core.DefaultLauncher.lambda$execute$6(DefaultLauncher.java:188)
	at org.junit.platform.launcher.core.DefaultLauncher.withInterceptedStreams(DefaultLauncher.java:202)
	at org.junit.platform.launcher.core.DefaultLauncher.execute(DefaultLauncher.java:181)
	at org.junit.platform.launcher.core.DefaultLauncher.execute(DefaultLauncher.java:128)
	at org.apache.maven.surefire.junitplatform.JUnitPlatformProvider.invokeAllTests(JUnitPlatformProvider.java:150)
	at org.apache.maven.surefire.junitplatform.JUnitPlatformProvider.invoke(JUnitPlatformProvider.java:124)
	at org.apache.maven.surefire.booter.ForkedBooter.invokeProviderInSameClassLoader(ForkedBooter.java:384)
	at org.apache.maven.surefire.booter.ForkedBooter.runSuitesInProcess(ForkedBooter.java:345)
	at org.apache.maven.surefire.booter.ForkedBooter.execute(ForkedBooter.java:126)
	at org.apache.maven.surefire.booter.ForkedBooter.main(ForkedBooter.java:418)
Caused by: org.springframework.beans.factory.UnsatisfiedDependencyException: Error creating bean with name 'jwtUtils': Unsatisfied dependency expressed through field 'jwtDecoder'; nested exception is org.springframework.beans.factory.NoSuchBeanDefinitionException: No qualifying bean of type 'org.springframework.security.oauth2.jwt.JwtDecoder' available: expected at least 1 bean which qualifies as autowire candidate. Dependency annotations: {@org.springframework.beans.factory.annotation.Autowired(required=true)}
	at org.springframework.beans.factory.annotation.AutowiredAnnotationBeanPostProcessor$AutowiredFieldElement.resolveFieldValue(AutowiredAnnotationBeanPostProcessor.java:713)
	at org.springframework.beans.factory.annotation.AutowiredAnnotationBeanPostProcessor$AutowiredFieldElement.inject(AutowiredAnnotationBeanPostProcessor.java:693)
	at org.springframework.beans.factory.annotation.InjectionMetadata.inject(InjectionMetadata.java:119)
	at org.springframework.beans.factory.annotation.AutowiredAnnotationBeanPostProcessor.postProcessProperties(AutowiredAnnotationBeanPostProcessor.java:408)
	at org.springframework.beans.factory.support.AbstractAutowireCapableBeanFactory.populateBean(AbstractAutowireCapableBeanFactory.java:1431)
	at org.springframework.beans.factory.support.AbstractAutowireCapableBeanFactory.doCreateBean(AbstractAutowireCapableBeanFactory.java:619)
	at org.springframework.beans.factory.support.AbstractAutowireCapableBeanFactory.createBean(AbstractAutowireCapableBeanFactory.java:542)
	at org.springframework.beans.factory.support.AbstractBeanFactory.lambda$doGetBean$0(AbstractBeanFactory.java:335)
	at org.springframework.beans.factory.support.DefaultSingletonBeanRegistry.getSingleton(DefaultSingletonBeanRegistry.java:234)
	at org.springframework.beans.factory.support.AbstractBeanFactory.doGetBean(AbstractBeanFactory.java:333)
	at org.springframework.beans.factory.support.AbstractBeanFactory.getBean(AbstractBeanFactory.java:208)
	at org.springframework.beans.factory.support.DefaultListableBeanFactory.preInstantiateSingletons(DefaultListableBeanFactory.java:955)
	at org.springframework.context.support.AbstractApplicationContext.finishBeanFactoryInitialization(AbstractApplicationContext.java:929)
	at org.springframework.context.support.AbstractApplicationContext.refresh(AbstractApplicationContext.java:591)
	at org.springframework.boot.SpringApplication.refresh(SpringApplication.java:732)
	at org.springframework.boot.SpringApplication.refreshContext(SpringApplication.java:409)
	at org.springframework.boot.SpringApplication.run(SpringApplication.java:308)
	at org.springframework.boot.test.context.SpringBootContextLoader.loadContext(SpringBootContextLoader.java:136)
	at org.springframework.test.context.cache.DefaultCacheAwareContextLoaderDelegate.loadContextInternal(DefaultCacheAwareContextLoaderDelegate.java:141)
	at org.springframework.test.context.cache.DefaultCacheAwareContextLoaderDelegate.loadContext(DefaultCacheAwareContextLoaderDelegate.java:90)
	... 68 common frames omitted
Caused by: org.springframework.beans.factory.NoSuchBeanDefinitionException: No qualifying bean of type 'org.springframework.security.oauth2.jwt.JwtDecoder' available: expected at least 1 bean which qualifies as autowire candidate. Dependency annotations: {@org.springframework.beans.factory.annotation.Autowired(required=true)}
	at org.springframework.beans.factory.support.DefaultListableBeanFactory.raiseNoMatchingBeanFound(DefaultListableBeanFactory.java:1801)
	at org.springframework.beans.factory.support.DefaultListableBeanFactory.doResolveDependency(DefaultListableBeanFactory.java:1357)
	at org.springframework.beans.factory.support.DefaultListableBeanFactory.resolveDependency(DefaultListableBeanFactory.java:1311)
	at org.springframework.beans.factory.annotation.AutowiredAnnotationBeanPostProcessor$AutowiredFieldElement.resolveFieldValue(AutowiredAnnotationBeanPostProcessor.java:710)
	... 87 common frames omitted
2025-04-23 22:41:16,796 INFO o.h.v.i.u.Version {<clinit>} [background-preinit] HV000001: Hibernate Validator 6.2.5.Final
2025-04-23 22:41:16,802 INFO o.s.b.StartupInfoLogger {logStarting} [main] Starting BikeControllerTests using Java 21 on DESKTOP-A2Q7539 with PID 9656 (started by 34618 in C:\Users\34618\Documents\2DAM Gdo. Superior\Acceso a datos 2DAM\hellospring)
2025-04-23 22:41:16,804 INFO o.s.b.SpringApplication {logStartupProfileInfo} [main] No active profile set, falling back to 1 default profile: "default"
2025-04-23 22:41:22,109 INFO o.s.s.w.DefaultSecurityFilterChain {<init>} [main] Will secure any request with [org.springframework.security.web.session.DisableEncodeUrlFilter@4d4df0f4, org.springframework.security.web.context.request.async.WebAsyncManagerIntegrationFilter@74f4a2ba, org.springframework.security.web.context.SecurityContextPersistenceFilter@403364e9, org.springframework.security.web.header.HeaderWriterFilter@3de79067, org.springframework.web.filter.CorsFilter@5e385b6f, org.springframework.security.web.authentication.logout.LogoutFilter@14e750c5, com.svalero.apibikes.security.AuthTokenFilter@39652a30, org.springframework.security.web.savedrequest.RequestCacheAwareFilter@1ecf0ac6, org.springframework.security.web.servletapi.SecurityContextHolderAwareRequestFilter@27ab206, org.springframework.security.web.authentication.AnonymousAuthenticationFilter@67b560fe, org.springframework.security.web.session.SessionManagementFilter@251a90ce, org.springframework.security.web.access.ExceptionTranslationFilter@4b4969ea, org.springframework.security.web.access.intercept.FilterSecurityInterceptor@72eed547]
2025-04-23 22:41:22,622 INFO o.s.m.w.MockServletContext {log} [main] Initializing Spring TestDispatcherServlet ''
2025-04-23 22:41:22,623 INFO o.s.w.s.FrameworkServlet {initServletBean} [main] Initializing Servlet ''
2025-04-23 22:41:22,625 INFO o.s.w.s.FrameworkServlet {initServletBean} [main] Completed initialization in 2 ms
2025-04-23 22:41:22,687 INFO o.s.b.StartupInfoLogger {logStarted} [main] Started BikeControllerTests in 6.512 seconds (JVM running for 8.32)
