2025-04-29 21:54:06,910 INFO o.h.v.i.u.Version {<clinit>} [background-preinit] HV000001: Hibernate Validator 6.2.5.Final
2025-04-29 21:54:06,955 INFO o.s.b.StartupInfoLogger {logStarting} [main] Starting BikeControllerTests using Java 21 on DESKTOP-A2Q7539 with PID 2400 (started by 34618 in C:\Users\34618\Documents\2DAM Gdo. Superior\Acceso a datos 2DAM\hellospring)
2025-04-29 21:54:06,961 INFO o.s.b.SpringApplication {logStartupProfileInfo} [main] The following 1 profile is active: "test"
2025-04-29 21:54:12,830 INFO o.s.s.w.DefaultSecurityFilterChain {<init>} [main] Will secure any request with [org.springframework.security.web.session.DisableEncodeUrlFilter@3af2f846, org.springframework.security.web.context.request.async.WebAsyncManagerIntegrationFilter@6af65f29, org.springframework.security.web.context.SecurityContextPersistenceFilter@191c6e13, org.springframework.security.web.header.HeaderWriterFilter@b5ac0c1, org.springframework.security.web.authentication.logout.LogoutFilter@329dc214, org.springframework.security.web.savedrequest.RequestCacheAwareFilter@68ea253b, org.springframework.security.web.servletapi.SecurityContextHolderAwareRequestFilter@12fcb2c3, org.springframework.security.web.authentication.AnonymousAuthenticationFilter@370c9018, org.springframework.security.web.session.SessionManagementFilter@51ff3c4b, org.springframework.security.web.access.ExceptionTranslationFilter@268c030f, org.springframework.security.web.access.intercept.FilterSecurityInterceptor@26be9a6]
2025-04-29 21:54:15,715 INFO o.s.m.w.MockServletContext {log} [main] Initializing Spring TestDispatcherServlet ''
2025-04-29 21:54:15,717 INFO o.s.w.s.FrameworkServlet {initServletBean} [main] Initializing Servlet ''
2025-04-29 21:54:15,723 INFO o.s.w.s.FrameworkServlet {initServletBean} [main] Completed initialization in 4 ms
2025-04-29 21:54:15,847 INFO o.s.b.StartupInfoLogger {logStarted} [main] Started BikeControllerTests in 11.122 seconds (JVM running for 15.582)
2025-04-29 21:54:16,776 INFO c.s.a.c.BikeController {addBike} [main] BEGIN addBike
2025-04-29 21:54:16,945 INFO c.s.a.c.BikeController {filterBikes} [main] Filtrando bicicletas con parámetros: brand=Orbea, model=, color=
2025-04-29 21:54:16,954 INFO c.s.a.c.BikeController {filterBikes} [main] Operación completada: Se obtuvieron 2 bicicletas filtradas
2025-04-29 21:54:17,020 INFO c.s.a.c.BikeController {addBike} [main] BEGIN addBike
2025-04-29 21:54:17,023 INFO c.s.a.c.BikeController {addBike} [main] END addBike
2025-04-29 21:54:17,179 INFO c.s.a.c.BikeController {filterBikes} [main] Filtrando bicicletas con parámetros: brand=, model=, color=
2025-04-29 21:54:17,183 INFO c.s.a.c.BikeController {filterBikes} [main] Operación completada: Se obtuvieron 3 bicicletas filtradas
2025-04-29 21:54:17,220 INFO c.s.a.c.BikeController {getBike} [main] BEGIN getBike
2025-04-29 21:54:17,221 INFO c.s.a.c.BikeController {getBike} [main] END getBike
2025-04-29 21:54:17,340 INFO c.s.a.c.BikeController {removeBike} [main] BEGIN removeBike
2025-04-29 21:54:17,342 INFO c.s.a.c.BikeController {removeBike} [main] END removeBike
2025-04-29 21:54:17,393 INFO c.s.a.c.BikeController {modifyBike} [main] BEGIN modifyBike
2025-04-29 21:54:17,525 INFO c.s.a.c.BikeController {modifyBike} [main] BEGIN modifyBike
2025-04-29 21:54:17,535 INFO c.s.a.c.BikeController {modifyBike} [main] END modifyBike
2025-04-29 21:54:17,565 INFO c.s.a.c.BikeController {removeBike} [main] BEGIN removeBike
2025-04-29 21:54:17,589 INFO c.s.a.c.BikeController {getBike} [main] BEGIN getBike
2025-04-29 21:54:18,856 INFO o.s.t.c.s.AbstractTestContextBootstrapper {buildDefaultMergedContextConfiguration} [main] Neither @ContextConfiguration nor @ContextHierarchy found for test class [com.svalero.apibikes.MechanicControllerTests], using SpringBootContextLoader
2025-04-29 21:54:18,859 INFO o.s.t.c.s.AbstractContextLoader {generateDefaultLocations} [main] Could not detect default resource locations for test class [com.svalero.apibikes.MechanicControllerTests]: no resource found for suffixes {-context.xml, Context.groovy}.
2025-04-29 21:54:18,892 INFO o.s.t.c.s.AnnotationConfigContextLoaderUtils {detectDefaultConfigurationClasses} [main] Could not detect default configuration classes for test class [com.svalero.apibikes.MechanicControllerTests]: MechanicControllerTests does not declare any static, non-private, non-final, nested classes annotated with @Configuration.
2025-04-29 21:54:18,934 INFO o.s.b.t.c.SpringBootTestContextBootstrapper {getOrFindConfigurationClasses} [main] Found @SpringBootConfiguration com.svalero.apibikes.HellospringApplication for test class com.svalero.apibikes.MechanicControllerTests
2025-04-29 21:54:18,962 INFO o.s.t.c.s.AbstractTestContextBootstrapper {getDefaultTestExecutionListenerClassNames} [main] Loaded default TestExecutionListener class names from location [META-INF/spring.factories]: [org.springframework.boot.test.mock.mockito.MockitoTestExecutionListener, org.springframework.boot.test.mock.mockito.ResetMocksTestExecutionListener, org.springframework.boot.test.autoconfigure.restdocs.RestDocsTestExecutionListener, org.springframework.boot.test.autoconfigure.web.client.MockRestServiceServerResetTestExecutionListener, org.springframework.boot.test.autoconfigure.web.servlet.MockMvcPrintOnlyOnFailureTestExecutionListener, org.springframework.boot.test.autoconfigure.web.servlet.WebDriverTestExecutionListener, org.springframework.boot.test.autoconfigure.webservices.client.MockWebServiceServerTestExecutionListener, org.springframework.test.context.web.ServletTestExecutionListener, org.springframework.test.context.support.DirtiesContextBeforeModesTestExecutionListener, org.springframework.test.context.event.ApplicationEventsTestExecutionListener, org.springframework.test.context.support.DependencyInjectionTestExecutionListener, org.springframework.test.context.support.DirtiesContextTestExecutionListener, org.springframework.test.context.transaction.TransactionalTestExecutionListener, org.springframework.test.context.jdbc.SqlScriptsTestExecutionListener, org.springframework.test.context.event.EventPublishingTestExecutionListener]
2025-04-29 21:54:18,964 INFO o.s.t.c.s.AbstractTestContextBootstrapper {getTestExecutionListeners} [main] Using TestExecutionListeners: [org.springframework.test.context.web.ServletTestExecutionListener@783dc0e7, org.springframework.test.context.support.DirtiesContextBeforeModesTestExecutionListener@361f26b4, org.springframework.test.context.event.ApplicationEventsTestExecutionListener@1d9ff1e2, org.springframework.boot.test.mock.mockito.MockitoTestExecutionListener@722b3ba2, org.springframework.boot.test.autoconfigure.SpringBootDependencyInjectionTestExecutionListener@6487f7f8, org.springframework.test.context.support.DirtiesContextTestExecutionListener@2b62475a, org.springframework.test.context.transaction.TransactionalTestExecutionListener@4990b335, org.springframework.test.context.jdbc.SqlScriptsTestExecutionListener@624d778e, org.springframework.test.context.event.EventPublishingTestExecutionListener@39ae6408, org.springframework.boot.test.mock.mockito.ResetMocksTestExecutionListener@cfacf0, org.springframework.boot.test.autoconfigure.restdocs.RestDocsTestExecutionListener@4c8abec7, org.springframework.boot.test.autoconfigure.web.client.MockRestServiceServerResetTestExecutionListener@45f241df, org.springframework.boot.test.autoconfigure.web.servlet.MockMvcPrintOnlyOnFailureTestExecutionListener@f36f34d, org.springframework.boot.test.autoconfigure.web.servlet.WebDriverTestExecutionListener@72e36677, org.springframework.boot.test.autoconfigure.webservices.client.MockWebServiceServerTestExecutionListener@6b86826a]
2025-04-29 21:54:19,273 INFO o.s.b.StartupInfoLogger {logStarting} [main] Starting MechanicControllerTests using Java 21 on DESKTOP-A2Q7539 with PID 2400 (started by 34618 in C:\Users\34618\Documents\2DAM Gdo. Superior\Acceso a datos 2DAM\hellospring)
2025-04-29 21:54:19,273 INFO o.s.b.SpringApplication {logStartupProfileInfo} [main] The following 1 profile is active: "test"
2025-04-29 21:54:21,726 INFO o.s.s.w.DefaultSecurityFilterChain {<init>} [main] Will secure any request with [org.springframework.security.web.session.DisableEncodeUrlFilter@543ac221, org.springframework.security.web.context.request.async.WebAsyncManagerIntegrationFilter@2270f58d, org.springframework.security.web.context.SecurityContextPersistenceFilter@7e9a836, org.springframework.security.web.header.HeaderWriterFilter@360a3106, org.springframework.security.web.authentication.logout.LogoutFilter@3395c2a7, org.springframework.security.web.savedrequest.RequestCacheAwareFilter@124ff64d, org.springframework.security.web.servletapi.SecurityContextHolderAwareRequestFilter@75aa7703, org.springframework.security.web.authentication.AnonymousAuthenticationFilter@50e1f3fc, org.springframework.security.web.session.SessionManagementFilter@737ff5c4, org.springframework.security.web.access.ExceptionTranslationFilter@5018b56b, org.springframework.security.web.access.intercept.FilterSecurityInterceptor@27746c5e]
2025-04-29 21:54:23,756 INFO o.s.m.w.MockServletContext {log} [main] Initializing Spring TestDispatcherServlet ''
2025-04-29 21:54:23,758 INFO o.s.w.s.FrameworkServlet {initServletBean} [main] Initializing Servlet ''
2025-04-29 21:54:23,761 INFO o.s.w.s.FrameworkServlet {initServletBean} [main] Completed initialization in 2 ms
2025-04-29 21:54:23,829 INFO o.s.b.StartupInfoLogger {logStarted} [main] Started MechanicControllerTests in 4.854 seconds (JVM running for 23.564)
2025-04-29 21:54:23,862 INFO c.s.a.c.MechanicController {filtermechanics} [main] BEGIN getAll
2025-04-29 21:54:23,869 INFO c.s.a.c.MechanicController {filtermechanics} [main] END getAll
2025-04-29 21:54:24,009 INFO c.s.a.c.MechanicController {modifyMechanic} [main] BEGIN modifyMechanic
2025-04-29 21:54:24,014 INFO c.s.a.c.MechanicController {modifyMechanic} [main] END modifyMechanic
2025-04-29 21:54:24,054 INFO c.s.a.c.MechanicController {filtermechanics} [main] BEGIN getAll
2025-04-29 21:54:24,057 INFO c.s.a.c.MechanicController {filtermechanics} [main] END getAll
2025-04-29 21:54:24,085 INFO c.s.a.c.MechanicController {getMechanic} [main] BEGIN getMechanic
2025-04-29 21:54:24,182 INFO c.s.a.c.MechanicController {filtermechanics} [main] BEGIN getAll
2025-04-29 21:54:24,184 INFO c.s.a.c.MechanicController {filtermechanics} [main] END getAll
2025-04-29 21:54:24,261 INFO c.s.a.c.MechanicController {removeMechanic} [main] BEGIN removeMechanic
2025-04-29 21:54:24,265 INFO c.s.a.c.MechanicController {removeMechanic} [main] END removeMechanic
2025-04-29 21:54:24,371 INFO c.s.a.c.MechanicController {addMechanic} [main] BEGIN addMechanic
2025-04-29 21:54:24,374 INFO c.s.a.c.MechanicController {addMechanic} [main] END addMechanic
2025-04-29 21:54:24,396 INFO c.s.a.c.MechanicController {getMechanic} [main] BEGIN getMechanic
2025-04-29 21:54:24,397 INFO c.s.a.c.MechanicController {getMechanic} [main] END getMechanic
2025-04-29 21:54:24,442 INFO c.s.a.c.MechanicController {modifyMechanic} [main] BEGIN modifyMechanic
2025-04-29 21:54:24,466 INFO c.s.a.c.MechanicController {removeMechanic} [main] BEGIN removeMechanic
2025-04-29 21:54:24,496 INFO c.s.a.c.MechanicController {filtermechanics} [main] BEGIN getAll
2025-04-29 21:54:24,497 INFO c.s.a.c.MechanicController {filtermechanics} [main] END getAll
2025-04-29 23:22:31,875 INFO o.h.v.i.u.Version {<clinit>} [background-preinit] HV000001: Hibernate Validator 6.2.5.Final
2025-04-29 23:22:31,898 INFO o.s.b.StartupInfoLogger {logStarting} [main] Starting BikeControllerTests using Java 21 on DESKTOP-A2Q7539 with PID 8004 (started by 34618 in C:\Users\34618\Documents\2DAM Gdo. Superior\Acceso a datos 2DAM\hellospring)
2025-04-29 23:22:31,901 INFO o.s.b.SpringApplication {logStartupProfileInfo} [main] The following 1 profile is active: "test"
2025-04-29 23:22:36,212 INFO o.s.s.w.DefaultSecurityFilterChain {<init>} [main] Will secure any request with [org.springframework.security.web.session.DisableEncodeUrlFilter@4be490da, org.springframework.security.web.context.request.async.WebAsyncManagerIntegrationFilter@4168f3d9, org.springframework.security.web.context.SecurityContextPersistenceFilter@217dc48e, org.springframework.security.web.header.HeaderWriterFilter@29013ef2, org.springframework.security.web.authentication.logout.LogoutFilter@491f8831, org.springframework.security.web.savedrequest.RequestCacheAwareFilter@357c9bd9, org.springframework.security.web.servletapi.SecurityContextHolderAwareRequestFilter@7aea704c, org.springframework.security.web.authentication.AnonymousAuthenticationFilter@353e6389, org.springframework.security.web.session.SessionManagementFilter@78c262ba, org.springframework.security.web.access.ExceptionTranslationFilter@39ab5ef7, org.springframework.security.web.access.intercept.FilterSecurityInterceptor@4c38cd16]
2025-04-29 23:22:37,262 INFO o.s.m.w.MockServletContext {log} [main] Initializing Spring TestDispatcherServlet ''
2025-04-29 23:22:37,263 INFO o.s.w.s.FrameworkServlet {initServletBean} [main] Initializing Servlet ''
2025-04-29 23:22:37,265 INFO o.s.w.s.FrameworkServlet {initServletBean} [main] Completed initialization in 1 ms
2025-04-29 23:22:37,310 INFO o.s.b.StartupInfoLogger {logStarted} [main] Started BikeControllerTests in 6.28 seconds (JVM running for 9.922)
2025-04-29 23:22:37,667 INFO c.s.a.c.BikeController {addBike} [main] BEGIN addBike
2025-04-29 23:22:37,758 INFO c.s.a.c.BikeController {filterBikes} [main] Filtrando bicicletas con parámetros: brand=Orbea, model=, color=
2025-04-29 23:22:37,760 INFO c.s.a.c.BikeController {filterBikes} [main] Operación completada: Se obtuvieron 2 bicicletas filtradas
2025-04-29 23:22:37,791 INFO c.s.a.c.BikeController {addBike} [main] BEGIN addBike
2025-04-29 23:22:37,794 INFO c.s.a.c.BikeController {addBike} [main] END addBike
2025-04-29 23:22:37,954 INFO c.s.a.c.BikeController {filterBikes} [main] Filtrando bicicletas con parámetros: brand=, model=, color=
2025-04-29 23:22:37,958 INFO c.s.a.c.BikeController {filterBikes} [main] Operación completada: Se obtuvieron 3 bicicletas filtradas
2025-04-29 23:22:37,988 INFO c.s.a.c.BikeController {getBike} [main] BEGIN getBike
2025-04-29 23:22:37,993 INFO c.s.a.c.BikeController {getBike} [main] END getBike
2025-04-29 23:22:38,086 INFO c.s.a.c.BikeController {removeBike} [main] BEGIN removeBike
2025-04-29 23:22:38,088 INFO c.s.a.c.BikeController {removeBike} [main] END removeBike
2025-04-29 23:22:38,126 INFO c.s.a.c.BikeController {modifyBike} [main] BEGIN modifyBike
2025-04-29 23:22:38,184 INFO c.s.a.c.BikeController {modifyBike} [main] BEGIN modifyBike
2025-04-29 23:22:38,186 INFO c.s.a.c.BikeController {modifyBike} [main] END modifyBike
2025-04-29 23:22:38,206 INFO c.s.a.c.BikeController {removeBike} [main] BEGIN removeBike
2025-04-29 23:22:38,225 INFO c.s.a.c.BikeController {getBike} [main] BEGIN getBike
2025-04-29 23:22:38,878 INFO o.s.t.c.s.AbstractTestContextBootstrapper {buildDefaultMergedContextConfiguration} [main] Neither @ContextConfiguration nor @ContextHierarchy found for test class [com.svalero.apibikes.MechanicControllerTests], using SpringBootContextLoader
2025-04-29 23:22:38,882 INFO o.s.t.c.s.AbstractContextLoader {generateDefaultLocations} [main] Could not detect default resource locations for test class [com.svalero.apibikes.MechanicControllerTests]: no resource found for suffixes {-context.xml, Context.groovy}.
2025-04-29 23:22:38,883 INFO o.s.t.c.s.AnnotationConfigContextLoaderUtils {detectDefaultConfigurationClasses} [main] Could not detect default configuration classes for test class [com.svalero.apibikes.MechanicControllerTests]: MechanicControllerTests does not declare any static, non-private, non-final, nested classes annotated with @Configuration.
2025-04-29 23:22:38,900 INFO o.s.b.t.c.SpringBootTestContextBootstrapper {getOrFindConfigurationClasses} [main] Found @SpringBootConfiguration com.svalero.apibikes.HellospringApplication for test class com.svalero.apibikes.MechanicControllerTests
2025-04-29 23:22:38,904 INFO o.s.t.c.s.AbstractTestContextBootstrapper {getDefaultTestExecutionListenerClassNames} [main] Loaded default TestExecutionListener class names from location [META-INF/spring.factories]: [org.springframework.boot.test.mock.mockito.MockitoTestExecutionListener, org.springframework.boot.test.mock.mockito.ResetMocksTestExecutionListener, org.springframework.boot.test.autoconfigure.restdocs.RestDocsTestExecutionListener, org.springframework.boot.test.autoconfigure.web.client.MockRestServiceServerResetTestExecutionListener, org.springframework.boot.test.autoconfigure.web.servlet.MockMvcPrintOnlyOnFailureTestExecutionListener, org.springframework.boot.test.autoconfigure.web.servlet.WebDriverTestExecutionListener, org.springframework.boot.test.autoconfigure.webservices.client.MockWebServiceServerTestExecutionListener, org.springframework.test.context.web.ServletTestExecutionListener, org.springframework.test.context.support.DirtiesContextBeforeModesTestExecutionListener, org.springframework.test.context.event.ApplicationEventsTestExecutionListener, org.springframework.test.context.support.DependencyInjectionTestExecutionListener, org.springframework.test.context.support.DirtiesContextTestExecutionListener, org.springframework.test.context.transaction.TransactionalTestExecutionListener, org.springframework.test.context.jdbc.SqlScriptsTestExecutionListener, org.springframework.test.context.event.EventPublishingTestExecutionListener]
2025-04-29 23:22:38,906 INFO o.s.t.c.s.AbstractTestContextBootstrapper {getTestExecutionListeners} [main] Using TestExecutionListeners: [org.springframework.test.context.web.ServletTestExecutionListener@7323dce7, org.springframework.test.context.support.DirtiesContextBeforeModesTestExecutionListener@5f68eec6, org.springframework.test.context.event.ApplicationEventsTestExecutionListener@4ff9f715, org.springframework.boot.test.mock.mockito.MockitoTestExecutionListener@118a4d5, org.springframework.boot.test.autoconfigure.SpringBootDependencyInjectionTestExecutionListener@6cb194f5, org.springframework.test.context.support.DirtiesContextTestExecutionListener@74b7497b, org.springframework.test.context.transaction.TransactionalTestExecutionListener@74f649a7, org.springframework.test.context.jdbc.SqlScriptsTestExecutionListener@308c65e0, org.springframework.test.context.event.EventPublishingTestExecutionListener@50fa5938, org.springframework.boot.test.mock.mockito.ResetMocksTestExecutionListener@1e482ecd, org.springframework.boot.test.autoconfigure.restdocs.RestDocsTestExecutionListener@58b5f7d2, org.springframework.boot.test.autoconfigure.web.client.MockRestServiceServerResetTestExecutionListener@bc52a41, org.springframework.boot.test.autoconfigure.web.servlet.MockMvcPrintOnlyOnFailureTestExecutionListener@9f48198, org.springframework.boot.test.autoconfigure.web.servlet.WebDriverTestExecutionListener@5615f82d, org.springframework.boot.test.autoconfigure.webservices.client.MockWebServiceServerTestExecutionListener@21698e5a]
2025-04-29 23:22:39,068 INFO o.s.b.StartupInfoLogger {logStarting} [main] Starting MechanicControllerTests using Java 21 on DESKTOP-A2Q7539 with PID 8004 (started by 34618 in C:\Users\34618\Documents\2DAM Gdo. Superior\Acceso a datos 2DAM\hellospring)
2025-04-29 23:22:39,069 INFO o.s.b.SpringApplication {logStartupProfileInfo} [main] The following 1 profile is active: "test"
2025-04-29 23:22:39,879 INFO o.s.s.w.DefaultSecurityFilterChain {<init>} [main] Will secure any request with [org.springframework.security.web.session.DisableEncodeUrlFilter@74badf19, org.springframework.security.web.context.request.async.WebAsyncManagerIntegrationFilter@59b3f754, org.springframework.security.web.context.SecurityContextPersistenceFilter@291cbe70, org.springframework.security.web.header.HeaderWriterFilter@57b3d869, org.springframework.security.web.authentication.logout.LogoutFilter@1d654b5f, org.springframework.security.web.savedrequest.RequestCacheAwareFilter@6be422da, org.springframework.security.web.servletapi.SecurityContextHolderAwareRequestFilter@225ddf5f, org.springframework.security.web.authentication.AnonymousAuthenticationFilter@18dbc1b, org.springframework.security.web.session.SessionManagementFilter@51f4439e, org.springframework.security.web.access.ExceptionTranslationFilter@5da3f32a, org.springframework.security.web.access.intercept.FilterSecurityInterceptor@499c4d61]
2025-04-29 23:22:40,719 INFO o.s.m.w.MockServletContext {log} [main] Initializing Spring TestDispatcherServlet ''
2025-04-29 23:22:40,721 INFO o.s.w.s.FrameworkServlet {initServletBean} [main] Initializing Servlet ''
2025-04-29 23:22:40,725 INFO o.s.w.s.FrameworkServlet {initServletBean} [main] Completed initialization in 2 ms
2025-04-29 23:22:40,772 INFO o.s.b.StartupInfoLogger {logStarted} [main] Started MechanicControllerTests in 1.857 seconds (JVM running for 13.384)
2025-04-29 23:22:40,796 INFO c.s.a.c.MechanicController {filtermechanics} [main] BEGIN getAll
2025-04-29 23:22:40,799 INFO c.s.a.c.MechanicController {filtermechanics} [main] END getAll
2025-04-29 23:22:40,878 INFO c.s.a.c.MechanicController {modifyMechanic} [main] BEGIN modifyMechanic
2025-04-29 23:22:40,880 INFO c.s.a.c.MechanicController {modifyMechanic} [main] END modifyMechanic
2025-04-29 23:22:40,899 INFO c.s.a.c.MechanicController {filtermechanics} [main] BEGIN getAll
2025-04-29 23:22:40,903 INFO c.s.a.c.MechanicController {filtermechanics} [main] END getAll
2025-04-29 23:22:40,925 INFO c.s.a.c.MechanicController {getMechanic} [main] BEGIN getMechanic
2025-04-29 23:22:40,955 INFO c.s.a.c.MechanicController {filtermechanics} [main] BEGIN getAll
2025-04-29 23:22:40,958 INFO c.s.a.c.MechanicController {filtermechanics} [main] END getAll
2025-04-29 23:22:40,971 INFO c.s.a.c.MechanicController {removeMechanic} [main] BEGIN removeMechanic
2025-04-29 23:22:40,975 INFO c.s.a.c.MechanicController {removeMechanic} [main] END removeMechanic
2025-04-29 23:22:41,022 INFO c.s.a.c.MechanicController {addMechanic} [main] BEGIN addMechanic
2025-04-29 23:22:41,025 INFO c.s.a.c.MechanicController {addMechanic} [main] END addMechanic
2025-04-29 23:22:41,059 INFO c.s.a.c.MechanicController {getMechanic} [main] BEGIN getMechanic
2025-04-29 23:22:41,061 INFO c.s.a.c.MechanicController {getMechanic} [main] END getMechanic
2025-04-29 23:22:41,092 INFO c.s.a.c.MechanicController {modifyMechanic} [main] BEGIN modifyMechanic
2025-04-29 23:22:41,110 INFO c.s.a.c.MechanicController {removeMechanic} [main] BEGIN removeMechanic
2025-04-29 23:22:41,123 INFO c.s.a.c.MechanicController {filtermechanics} [main] BEGIN getAll
2025-04-29 23:22:41,125 INFO c.s.a.c.MechanicController {filtermechanics} [main] END getAll
2025-04-29 23:22:41,265 INFO o.s.t.c.s.AbstractTestContextBootstrapper {buildDefaultMergedContextConfiguration} [main] Neither @ContextConfiguration nor @ContextHierarchy found for test class [com.svalero.apibikes.UserControllerTests], using SpringBootContextLoader
2025-04-29 23:22:41,266 INFO o.s.t.c.s.AbstractContextLoader {generateDefaultLocations} [main] Could not detect default resource locations for test class [com.svalero.apibikes.UserControllerTests]: no resource found for suffixes {-context.xml, Context.groovy}.
2025-04-29 23:22:41,267 INFO o.s.t.c.s.AnnotationConfigContextLoaderUtils {detectDefaultConfigurationClasses} [main] Could not detect default configuration classes for test class [com.svalero.apibikes.UserControllerTests]: UserControllerTests does not declare any static, non-private, non-final, nested classes annotated with @Configuration.
2025-04-29 23:22:41,276 INFO o.s.b.t.c.SpringBootTestContextBootstrapper {getOrFindConfigurationClasses} [main] Found @SpringBootConfiguration com.svalero.apibikes.HellospringApplication for test class com.svalero.apibikes.UserControllerTests
2025-04-29 23:22:41,278 INFO o.s.t.c.s.AbstractTestContextBootstrapper {getDefaultTestExecutionListenerClassNames} [main] Loaded default TestExecutionListener class names from location [META-INF/spring.factories]: [org.springframework.boot.test.mock.mockito.MockitoTestExecutionListener, org.springframework.boot.test.mock.mockito.ResetMocksTestExecutionListener, org.springframework.boot.test.autoconfigure.restdocs.RestDocsTestExecutionListener, org.springframework.boot.test.autoconfigure.web.client.MockRestServiceServerResetTestExecutionListener, org.springframework.boot.test.autoconfigure.web.servlet.MockMvcPrintOnlyOnFailureTestExecutionListener, org.springframework.boot.test.autoconfigure.web.servlet.WebDriverTestExecutionListener, org.springframework.boot.test.autoconfigure.webservices.client.MockWebServiceServerTestExecutionListener, org.springframework.test.context.web.ServletTestExecutionListener, org.springframework.test.context.support.DirtiesContextBeforeModesTestExecutionListener, org.springframework.test.context.event.ApplicationEventsTestExecutionListener, org.springframework.test.context.support.DependencyInjectionTestExecutionListener, org.springframework.test.context.support.DirtiesContextTestExecutionListener, org.springframework.test.context.transaction.TransactionalTestExecutionListener, org.springframework.test.context.jdbc.SqlScriptsTestExecutionListener, org.springframework.test.context.event.EventPublishingTestExecutionListener]
2025-04-29 23:22:41,279 INFO o.s.t.c.s.AbstractTestContextBootstrapper {getTestExecutionListeners} [main] Using TestExecutionListeners: [org.springframework.test.context.web.ServletTestExecutionListener@7c88d04f, org.springframework.test.context.support.DirtiesContextBeforeModesTestExecutionListener@71df5f30, org.springframework.test.context.event.ApplicationEventsTestExecutionListener@4895e8f6, org.springframework.boot.test.mock.mockito.MockitoTestExecutionListener@62808e9e, org.springframework.boot.test.autoconfigure.SpringBootDependencyInjectionTestExecutionListener@58b03029, org.springframework.test.context.support.DirtiesContextTestExecutionListener@539dd2d0, org.springframework.test.context.transaction.TransactionalTestExecutionListener@3428420d, org.springframework.test.context.jdbc.SqlScriptsTestExecutionListener@523ade68, org.springframework.test.context.event.EventPublishingTestExecutionListener@b529d7e, org.springframework.boot.test.mock.mockito.ResetMocksTestExecutionListener@3664c596, org.springframework.boot.test.autoconfigure.restdocs.RestDocsTestExecutionListener@40aad17d, org.springframework.boot.test.autoconfigure.web.client.MockRestServiceServerResetTestExecutionListener@44e79e9e, org.springframework.boot.test.autoconfigure.web.servlet.MockMvcPrintOnlyOnFailureTestExecutionListener@5bc14211, org.springframework.boot.test.autoconfigure.web.servlet.WebDriverTestExecutionListener@4b99648a, org.springframework.boot.test.autoconfigure.webservices.client.MockWebServiceServerTestExecutionListener@5d2e65bd]
2025-04-29 23:22:41,332 INFO o.s.b.StartupInfoLogger {logStarting} [main] Starting UserControllerTests using Java 21 on DESKTOP-A2Q7539 with PID 8004 (started by 34618 in C:\Users\34618\Documents\2DAM Gdo. Superior\Acceso a datos 2DAM\hellospring)
2025-04-29 23:22:41,332 INFO o.s.b.SpringApplication {logStartupProfileInfo} [main] The following 1 profile is active: "test"
2025-04-29 23:22:41,729 INFO o.s.s.w.DefaultSecurityFilterChain {<init>} [main] Will secure any request with [org.springframework.security.web.session.DisableEncodeUrlFilter@48f4264e, org.springframework.security.web.context.request.async.WebAsyncManagerIntegrationFilter@2697c156, org.springframework.security.web.context.SecurityContextPersistenceFilter@7aab98b6, org.springframework.security.web.header.HeaderWriterFilter@6247c08c, org.springframework.security.web.authentication.logout.LogoutFilter@5fa9247b, org.springframework.security.web.savedrequest.RequestCacheAwareFilter@5e3405a1, org.springframework.security.web.servletapi.SecurityContextHolderAwareRequestFilter@22bfd4b, org.springframework.security.web.authentication.AnonymousAuthenticationFilter@533d7c61, org.springframework.security.web.session.SessionManagementFilter@2f3a8166, org.springframework.security.web.access.ExceptionTranslationFilter@3b4f1eb, org.springframework.security.web.access.intercept.FilterSecurityInterceptor@18b30951]
2025-04-29 23:22:42,089 INFO o.s.m.w.MockServletContext {log} [main] Initializing Spring TestDispatcherServlet ''
2025-04-29 23:22:42,090 INFO o.s.w.s.FrameworkServlet {initServletBean} [main] Initializing Servlet ''
2025-04-29 23:22:42,091 INFO o.s.w.s.FrameworkServlet {initServletBean} [main] Completed initialization in 1 ms
2025-04-29 23:22:42,106 INFO o.s.b.StartupInfoLogger {logStarted} [main] Started UserControllerTests in 0.824 seconds (JVM running for 14.719)
2025-04-29 23:22:42,121 INFO c.s.a.c.UserController {getUser} [main] BEGIN getUser
2025-04-29 23:22:42,133 INFO c.s.a.c.UserController {filterusers} [main] BEGIN getAll
2025-04-29 23:22:42,134 INFO c.s.a.c.UserController {filterusers} [main] END getAll
2025-04-29 23:22:42,168 INFO c.s.a.c.UserController {filterusers} [main] BEGIN getAll
2025-04-29 23:22:42,169 INFO c.s.a.c.UserController {filterusers} [main] END getAll
2025-04-29 23:22:42,178 INFO c.s.a.c.UserController {filterusers} [main] BEGIN getAll
2025-04-29 23:22:42,179 INFO c.s.a.c.UserController {filterusers} [main] END getAll
2025-04-29 23:22:42,218 INFO c.s.a.c.UserController {removeUser} [main] BEGIN removeUser
2025-04-29 23:22:42,220 INFO c.s.a.c.UserController {removeUser} [main] END removeUser
2025-04-29 23:22:42,230 INFO c.s.a.c.UserController {getUser} [main] BEGIN getUser
2025-04-29 23:22:42,232 INFO c.s.a.c.UserController {getUser} [main] END getUser
2025-04-29 23:22:42,251 INFO c.s.a.c.UserController {modifyUser} [main] BEGIN modifyUser
2025-04-29 23:22:42,261 INFO c.s.a.c.UserController {filterusers} [main] BEGIN getAll
2025-04-29 23:22:42,262 INFO c.s.a.c.UserController {filterusers} [main] END getAll
2025-04-29 23:22:42,271 INFO c.s.a.c.UserController {filterusers} [main] BEGIN getAll
2025-04-29 23:22:42,272 INFO c.s.a.c.UserController {filterusers} [main] END getAll
2025-04-29 23:22:42,283 INFO c.s.a.c.UserController {modifyUser} [main] BEGIN modifyUser
2025-04-29 23:22:42,284 INFO c.s.a.c.UserController {modifyUser} [main] END modifyUser
2025-04-29 23:22:42,296 INFO c.s.a.c.UserController {removeUser} [main] BEGIN removeUser
2025-04-29 23:26:51,544 INFO o.h.v.i.u.Version {<clinit>} [background-preinit] HV000001: Hibernate Validator 6.2.5.Final
2025-04-29 23:26:51,547 INFO o.s.b.StartupInfoLogger {logStarting} [main] Starting BikeControllerTests using Java 21 on DESKTOP-A2Q7539 with PID 2968 (started by 34618 in C:\Users\34618\Documents\2DAM Gdo. Superior\Acceso a datos 2DAM\hellospring)
2025-04-29 23:26:51,553 INFO o.s.b.SpringApplication {logStartupProfileInfo} [main] The following 1 profile is active: "test"
2025-04-29 23:26:54,592 INFO o.s.s.w.DefaultSecurityFilterChain {<init>} [main] Will secure any request with [org.springframework.security.web.session.DisableEncodeUrlFilter@4be490da, org.springframework.security.web.context.request.async.WebAsyncManagerIntegrationFilter@4168f3d9, org.springframework.security.web.context.SecurityContextPersistenceFilter@217dc48e, org.springframework.security.web.header.HeaderWriterFilter@29013ef2, org.springframework.security.web.authentication.logout.LogoutFilter@491f8831, org.springframework.security.web.savedrequest.RequestCacheAwareFilter@357c9bd9, org.springframework.security.web.servletapi.SecurityContextHolderAwareRequestFilter@7aea704c, org.springframework.security.web.authentication.AnonymousAuthenticationFilter@353e6389, org.springframework.security.web.session.SessionManagementFilter@78c262ba, org.springframework.security.web.access.ExceptionTranslationFilter@39ab5ef7, org.springframework.security.web.access.intercept.FilterSecurityInterceptor@4c38cd16]
2025-04-29 23:26:56,328 INFO o.s.m.w.MockServletContext {log} [main] Initializing Spring TestDispatcherServlet ''
2025-04-29 23:26:56,331 INFO o.s.w.s.FrameworkServlet {initServletBean} [main] Initializing Servlet ''
2025-04-29 23:26:56,336 INFO o.s.w.s.FrameworkServlet {initServletBean} [main] Completed initialization in 3 ms
2025-04-29 23:26:56,504 INFO o.s.b.StartupInfoLogger {logStarted} [main] Started BikeControllerTests in 6.346 seconds (JVM running for 8.219)
2025-04-29 23:26:57,254 INFO c.s.a.c.BikeController {addBike} [main] BEGIN addBike
2025-04-29 23:26:57,419 INFO c.s.a.c.BikeController {filterBikes} [main] Filtrando bicicletas con parámetros: brand=Orbea, model=, color=
2025-04-29 23:26:57,424 INFO c.s.a.c.BikeController {filterBikes} [main] Operación completada: Se obtuvieron 2 bicicletas filtradas
2025-04-29 23:26:57,479 INFO c.s.a.c.BikeController {addBike} [main] BEGIN addBike
2025-04-29 23:26:57,481 INFO c.s.a.c.BikeController {addBike} [main] END addBike
2025-04-29 23:26:57,621 INFO c.s.a.c.BikeController {filterBikes} [main] Filtrando bicicletas con parámetros: brand=, model=, color=
2025-04-29 23:26:57,624 INFO c.s.a.c.BikeController {filterBikes} [main] Operación completada: Se obtuvieron 3 bicicletas filtradas
2025-04-29 23:26:57,655 INFO c.s.a.c.BikeController {getBike} [main] BEGIN getBike
2025-04-29 23:26:57,659 INFO c.s.a.c.BikeController {getBike} [main] END getBike
2025-04-29 23:26:57,759 INFO c.s.a.c.BikeController {removeBike} [main] BEGIN removeBike
2025-04-29 23:26:57,764 INFO c.s.a.c.BikeController {removeBike} [main] END removeBike
2025-04-29 23:26:57,817 INFO c.s.a.c.BikeController {modifyBike} [main] BEGIN modifyBike
2025-04-29 23:26:57,912 INFO c.s.a.c.BikeController {modifyBike} [main] BEGIN modifyBike
2025-04-29 23:26:57,914 INFO c.s.a.c.BikeController {modifyBike} [main] END modifyBike
2025-04-29 23:26:57,943 INFO c.s.a.c.BikeController {removeBike} [main] BEGIN removeBike
2025-04-29 23:26:57,968 INFO c.s.a.c.BikeController {getBike} [main] BEGIN getBike
2025-04-29 23:26:58,664 INFO o.s.t.c.s.AbstractTestContextBootstrapper {buildDefaultMergedContextConfiguration} [main] Neither @ContextConfiguration nor @ContextHierarchy found for test class [com.svalero.apibikes.MechanicControllerTests], using SpringBootContextLoader
2025-04-29 23:26:58,666 INFO o.s.t.c.s.AbstractContextLoader {generateDefaultLocations} [main] Could not detect default resource locations for test class [com.svalero.apibikes.MechanicControllerTests]: no resource found for suffixes {-context.xml, Context.groovy}.
2025-04-29 23:26:58,667 INFO o.s.t.c.s.AnnotationConfigContextLoaderUtils {detectDefaultConfigurationClasses} [main] Could not detect default configuration classes for test class [com.svalero.apibikes.MechanicControllerTests]: MechanicControllerTests does not declare any static, non-private, non-final, nested classes annotated with @Configuration.
2025-04-29 23:26:58,678 INFO o.s.b.t.c.SpringBootTestContextBootstrapper {getOrFindConfigurationClasses} [main] Found @SpringBootConfiguration com.svalero.apibikes.HellospringApplication for test class com.svalero.apibikes.MechanicControllerTests
2025-04-29 23:26:58,680 INFO o.s.t.c.s.AbstractTestContextBootstrapper {getDefaultTestExecutionListenerClassNames} [main] Loaded default TestExecutionListener class names from location [META-INF/spring.factories]: [org.springframework.boot.test.mock.mockito.MockitoTestExecutionListener, org.springframework.boot.test.mock.mockito.ResetMocksTestExecutionListener, org.springframework.boot.test.autoconfigure.restdocs.RestDocsTestExecutionListener, org.springframework.boot.test.autoconfigure.web.client.MockRestServiceServerResetTestExecutionListener, org.springframework.boot.test.autoconfigure.web.servlet.MockMvcPrintOnlyOnFailureTestExecutionListener, org.springframework.boot.test.autoconfigure.web.servlet.WebDriverTestExecutionListener, org.springframework.boot.test.autoconfigure.webservices.client.MockWebServiceServerTestExecutionListener, org.springframework.test.context.web.ServletTestExecutionListener, org.springframework.test.context.support.DirtiesContextBeforeModesTestExecutionListener, org.springframework.test.context.event.ApplicationEventsTestExecutionListener, org.springframework.test.context.support.DependencyInjectionTestExecutionListener, org.springframework.test.context.support.DirtiesContextTestExecutionListener, org.springframework.test.context.transaction.TransactionalTestExecutionListener, org.springframework.test.context.jdbc.SqlScriptsTestExecutionListener, org.springframework.test.context.event.EventPublishingTestExecutionListener]
2025-04-29 23:26:58,681 INFO o.s.t.c.s.AbstractTestContextBootstrapper {getTestExecutionListeners} [main] Using TestExecutionListeners: [org.springframework.test.context.web.ServletTestExecutionListener@470135da, org.springframework.test.context.support.DirtiesContextBeforeModesTestExecutionListener@7323dce7, org.springframework.test.context.event.ApplicationEventsTestExecutionListener@5f68eec6, org.springframework.boot.test.mock.mockito.MockitoTestExecutionListener@4ff9f715, org.springframework.boot.test.autoconfigure.SpringBootDependencyInjectionTestExecutionListener@118a4d5, org.springframework.test.context.support.DirtiesContextTestExecutionListener@6cb194f5, org.springframework.test.context.transaction.TransactionalTestExecutionListener@74b7497b, org.springframework.test.context.jdbc.SqlScriptsTestExecutionListener@74f649a7, org.springframework.test.context.event.EventPublishingTestExecutionListener@308c65e0, org.springframework.boot.test.mock.mockito.ResetMocksTestExecutionListener@50fa5938, org.springframework.boot.test.autoconfigure.restdocs.RestDocsTestExecutionListener@1e482ecd, org.springframework.boot.test.autoconfigure.web.client.MockRestServiceServerResetTestExecutionListener@58b5f7d2, org.springframework.boot.test.autoconfigure.web.servlet.MockMvcPrintOnlyOnFailureTestExecutionListener@bc52a41, org.springframework.boot.test.autoconfigure.web.servlet.WebDriverTestExecutionListener@9f48198, org.springframework.boot.test.autoconfigure.webservices.client.MockWebServiceServerTestExecutionListener@5615f82d]
2025-04-29 23:26:58,769 INFO o.s.b.StartupInfoLogger {logStarting} [main] Starting MechanicControllerTests using Java 21 on DESKTOP-A2Q7539 with PID 2968 (started by 34618 in C:\Users\34618\Documents\2DAM Gdo. Superior\Acceso a datos 2DAM\hellospring)
2025-04-29 23:26:58,770 INFO o.s.b.SpringApplication {logStartupProfileInfo} [main] The following 1 profile is active: "test"
2025-04-29 23:26:59,349 INFO o.s.s.w.DefaultSecurityFilterChain {<init>} [main] Will secure any request with [org.springframework.security.web.session.DisableEncodeUrlFilter@499c4d61, org.springframework.security.web.context.request.async.WebAsyncManagerIntegrationFilter@74badf19, org.springframework.security.web.context.SecurityContextPersistenceFilter@51f4439e, org.springframework.security.web.header.HeaderWriterFilter@5da3f32a, org.springframework.security.web.authentication.logout.LogoutFilter@51468039, org.springframework.security.web.savedrequest.RequestCacheAwareFilter@291cbe70, org.springframework.security.web.servletapi.SecurityContextHolderAwareRequestFilter@6be422da, org.springframework.security.web.authentication.AnonymousAuthenticationFilter@59b3f754, org.springframework.security.web.session.SessionManagementFilter@57b3d869, org.springframework.security.web.access.ExceptionTranslationFilter@166ddfb7, org.springframework.security.web.access.intercept.FilterSecurityInterceptor@7e94de5f]
2025-04-29 23:27:00,031 INFO o.s.m.w.MockServletContext {log} [main] Initializing Spring TestDispatcherServlet ''
2025-04-29 23:27:00,034 INFO o.s.w.s.FrameworkServlet {initServletBean} [main] Initializing Servlet ''
2025-04-29 23:27:00,037 INFO o.s.w.s.FrameworkServlet {initServletBean} [main] Completed initialization in 1 ms
2025-04-29 23:27:00,097 INFO o.s.b.StartupInfoLogger {logStarted} [main] Started MechanicControllerTests in 1.409 seconds (JVM running for 11.812)
2025-04-29 23:27:00,139 INFO c.s.a.c.MechanicController {filtermechanics} [main] BEGIN getAll
2025-04-29 23:27:00,142 INFO c.s.a.c.MechanicController {filtermechanics} [main] END getAll
2025-04-29 23:27:00,289 INFO c.s.a.c.MechanicController {modifyMechanic} [main] BEGIN modifyMechanic
2025-04-29 23:27:00,293 INFO c.s.a.c.MechanicController {modifyMechanic} [main] END modifyMechanic
2025-04-29 23:27:00,324 INFO c.s.a.c.MechanicController {filtermechanics} [main] BEGIN getAll
2025-04-29 23:27:00,327 INFO c.s.a.c.MechanicController {filtermechanics} [main] END getAll
2025-04-29 23:27:00,354 INFO c.s.a.c.MechanicController {getMechanic} [main] BEGIN getMechanic
2025-04-29 23:27:00,393 INFO c.s.a.c.MechanicController {filtermechanics} [main] BEGIN getAll
2025-04-29 23:27:00,397 INFO c.s.a.c.MechanicController {filtermechanics} [main] END getAll
2025-04-29 23:27:00,415 INFO c.s.a.c.MechanicController {removeMechanic} [main] BEGIN removeMechanic
2025-04-29 23:27:00,417 INFO c.s.a.c.MechanicController {removeMechanic} [main] END removeMechanic
2025-04-29 23:27:00,486 INFO c.s.a.c.MechanicController {addMechanic} [main] BEGIN addMechanic
2025-04-29 23:27:00,487 INFO c.s.a.c.MechanicController {addMechanic} [main] END addMechanic
2025-04-29 23:27:00,509 INFO c.s.a.c.MechanicController {getMechanic} [main] BEGIN getMechanic
2025-04-29 23:27:00,515 INFO c.s.a.c.MechanicController {getMechanic} [main] END getMechanic
2025-04-29 23:27:00,548 INFO c.s.a.c.MechanicController {modifyMechanic} [main] BEGIN modifyMechanic
2025-04-29 23:27:00,567 INFO c.s.a.c.MechanicController {removeMechanic} [main] BEGIN removeMechanic
2025-04-29 23:27:00,582 INFO c.s.a.c.MechanicController {filtermechanics} [main] BEGIN getAll
2025-04-29 23:27:00,583 INFO c.s.a.c.MechanicController {filtermechanics} [main] END getAll
2025-04-29 23:27:00,873 INFO o.s.t.c.s.AbstractTestContextBootstrapper {buildDefaultMergedContextConfiguration} [main] Neither @ContextConfiguration nor @ContextHierarchy found for test class [com.svalero.apibikes.UserControllerTests], using SpringBootContextLoader
2025-04-29 23:27:00,880 INFO o.s.t.c.s.AbstractContextLoader {generateDefaultLocations} [main] Could not detect default resource locations for test class [com.svalero.apibikes.UserControllerTests]: no resource found for suffixes {-context.xml, Context.groovy}.
2025-04-29 23:27:00,893 INFO o.s.t.c.s.AnnotationConfigContextLoaderUtils {detectDefaultConfigurationClasses} [main] Could not detect default configuration classes for test class [com.svalero.apibikes.UserControllerTests]: UserControllerTests does not declare any static, non-private, non-final, nested classes annotated with @Configuration.
2025-04-29 23:27:00,955 INFO o.s.b.t.c.SpringBootTestContextBootstrapper {getOrFindConfigurationClasses} [main] Found @SpringBootConfiguration com.svalero.apibikes.HellospringApplication for test class com.svalero.apibikes.UserControllerTests
2025-04-29 23:27:00,971 INFO o.s.t.c.s.AbstractTestContextBootstrapper {getDefaultTestExecutionListenerClassNames} [main] Loaded default TestExecutionListener class names from location [META-INF/spring.factories]: [org.springframework.boot.test.mock.mockito.MockitoTestExecutionListener, org.springframework.boot.test.mock.mockito.ResetMocksTestExecutionListener, org.springframework.boot.test.autoconfigure.restdocs.RestDocsTestExecutionListener, org.springframework.boot.test.autoconfigure.web.client.MockRestServiceServerResetTestExecutionListener, org.springframework.boot.test.autoconfigure.web.servlet.MockMvcPrintOnlyOnFailureTestExecutionListener, org.springframework.boot.test.autoconfigure.web.servlet.WebDriverTestExecutionListener, org.springframework.boot.test.autoconfigure.webservices.client.MockWebServiceServerTestExecutionListener, org.springframework.test.context.web.ServletTestExecutionListener, org.springframework.test.context.support.DirtiesContextBeforeModesTestExecutionListener, org.springframework.test.context.event.ApplicationEventsTestExecutionListener, org.springframework.test.context.support.DependencyInjectionTestExecutionListener, org.springframework.test.context.support.DirtiesContextTestExecutionListener, org.springframework.test.context.transaction.TransactionalTestExecutionListener, org.springframework.test.context.jdbc.SqlScriptsTestExecutionListener, org.springframework.test.context.event.EventPublishingTestExecutionListener]
2025-04-29 23:27:00,973 INFO o.s.t.c.s.AbstractTestContextBootstrapper {getTestExecutionListeners} [main] Using TestExecutionListeners: [org.springframework.test.context.web.ServletTestExecutionListener@7c88d04f, org.springframework.test.context.support.DirtiesContextBeforeModesTestExecutionListener@71df5f30, org.springframework.test.context.event.ApplicationEventsTestExecutionListener@4895e8f6, org.springframework.boot.test.mock.mockito.MockitoTestExecutionListener@62808e9e, org.springframework.boot.test.autoconfigure.SpringBootDependencyInjectionTestExecutionListener@58b03029, org.springframework.test.context.support.DirtiesContextTestExecutionListener@539dd2d0, org.springframework.test.context.transaction.TransactionalTestExecutionListener@3428420d, org.springframework.test.context.jdbc.SqlScriptsTestExecutionListener@523ade68, org.springframework.test.context.event.EventPublishingTestExecutionListener@b529d7e, org.springframework.boot.test.mock.mockito.ResetMocksTestExecutionListener@3664c596, org.springframework.boot.test.autoconfigure.restdocs.RestDocsTestExecutionListener@40aad17d, org.springframework.boot.test.autoconfigure.web.client.MockRestServiceServerResetTestExecutionListener@44e79e9e, org.springframework.boot.test.autoconfigure.web.servlet.MockMvcPrintOnlyOnFailureTestExecutionListener@5bc14211, org.springframework.boot.test.autoconfigure.web.servlet.WebDriverTestExecutionListener@4b99648a, org.springframework.boot.test.autoconfigure.webservices.client.MockWebServiceServerTestExecutionListener@5d2e65bd]
2025-04-29 23:27:01,139 INFO o.s.b.StartupInfoLogger {logStarting} [main] Starting UserControllerTests using Java 21 on DESKTOP-A2Q7539 with PID 2968 (started by 34618 in C:\Users\34618\Documents\2DAM Gdo. Superior\Acceso a datos 2DAM\hellospring)
2025-04-29 23:27:01,140 INFO o.s.b.SpringApplication {logStartupProfileInfo} [main] The following 1 profile is active: "test"
2025-04-29 23:27:02,679 INFO o.s.s.w.DefaultSecurityFilterChain {<init>} [main] Will secure any request with [org.springframework.security.web.session.DisableEncodeUrlFilter@48f4264e, org.springframework.security.web.context.request.async.WebAsyncManagerIntegrationFilter@2697c156, org.springframework.security.web.context.SecurityContextPersistenceFilter@7aab98b6, org.springframework.security.web.header.HeaderWriterFilter@6247c08c, org.springframework.security.web.authentication.logout.LogoutFilter@5fa9247b, org.springframework.security.web.savedrequest.RequestCacheAwareFilter@5e3405a1, org.springframework.security.web.servletapi.SecurityContextHolderAwareRequestFilter@22bfd4b, org.springframework.security.web.authentication.AnonymousAuthenticationFilter@533d7c61, org.springframework.security.web.session.SessionManagementFilter@2f3a8166, org.springframework.security.web.access.ExceptionTranslationFilter@3b4f1eb, org.springframework.security.web.access.intercept.FilterSecurityInterceptor@18b30951]
2025-04-29 23:27:03,695 INFO o.s.m.w.MockServletContext {log} [main] Initializing Spring TestDispatcherServlet ''
2025-04-29 23:27:03,696 INFO o.s.w.s.FrameworkServlet {initServletBean} [main] Initializing Servlet ''
2025-04-29 23:27:03,698 INFO o.s.w.s.FrameworkServlet {initServletBean} [main] Completed initialization in 1 ms
2025-04-29 23:27:03,734 INFO o.s.b.StartupInfoLogger {logStarted} [main] Started UserControllerTests in 2.748 seconds (JVM running for 15.449)
2025-04-29 23:27:03,750 INFO c.s.a.c.UserController {getUser} [main] BEGIN getUser
2025-04-29 23:27:03,772 INFO c.s.a.c.UserController {filterusers} [main] BEGIN getAll
2025-04-29 23:27:03,774 INFO c.s.a.c.UserController {filterusers} [main] END getAll
2025-04-29 23:27:03,837 INFO c.s.a.c.UserController {filterusers} [main] BEGIN getAll
2025-04-29 23:27:03,837 INFO c.s.a.c.UserController {filterusers} [main] END getAll
2025-04-29 23:27:03,847 INFO c.s.a.c.UserController {filterusers} [main] BEGIN getAll
2025-04-29 23:27:03,848 INFO c.s.a.c.UserController {filterusers} [main] END getAll
2025-04-29 23:27:03,886 INFO c.s.a.c.UserController {removeUser} [main] BEGIN removeUser
2025-04-29 23:27:03,888 INFO c.s.a.c.UserController {removeUser} [main] END removeUser
2025-04-29 23:27:03,897 INFO c.s.a.c.UserController {getUser} [main] BEGIN getUser
2025-04-29 23:27:03,897 INFO c.s.a.c.UserController {getUser} [main] END getUser
2025-04-29 23:27:03,925 INFO c.s.a.c.UserController {modifyUser} [main] BEGIN modifyUser
2025-04-29 23:27:03,937 INFO c.s.a.c.UserController {filterusers} [main] BEGIN getAll
2025-04-29 23:27:03,938 INFO c.s.a.c.UserController {filterusers} [main] END getAll
2025-04-29 23:27:03,948 INFO c.s.a.c.UserController {filterusers} [main] BEGIN getAll
2025-04-29 23:27:03,951 INFO c.s.a.c.UserController {filterusers} [main] END getAll
2025-04-29 23:27:03,968 INFO c.s.a.c.UserController {modifyUser} [main] BEGIN modifyUser
2025-04-29 23:27:03,970 INFO c.s.a.c.UserController {modifyUser} [main] END modifyUser
2025-04-29 23:27:03,979 INFO c.s.a.c.UserController {removeUser} [main] BEGIN removeUser
2025-04-29 23:30:22,533 INFO o.s.b.StartupInfoLogger {logStarting} [main] Starting BikeControllerTests using Java 21 on DESKTOP-A2Q7539 with PID 6508 (started by 34618 in C:\Users\34618\Documents\2DAM Gdo. Superior\Acceso a datos 2DAM\hellospring)
2025-04-29 23:30:22,533 INFO o.h.v.i.u.Version {<clinit>} [background-preinit] HV000001: Hibernate Validator 6.2.5.Final
2025-04-29 23:30:22,538 INFO o.s.b.SpringApplication {logStartupProfileInfo} [main] The following 1 profile is active: "test"
2025-04-29 23:30:26,382 INFO o.s.s.w.DefaultSecurityFilterChain {<init>} [main] Will secure any request with [org.springframework.security.web.session.DisableEncodeUrlFilter@7a65c995, org.springframework.security.web.context.request.async.WebAsyncManagerIntegrationFilter@7c950b3b, org.springframework.security.web.context.SecurityContextPersistenceFilter@7aea704c, org.springframework.security.web.header.HeaderWriterFilter@5f395ce1, org.springframework.security.web.authentication.logout.LogoutFilter@764fffa0, org.springframework.security.web.savedrequest.RequestCacheAwareFilter@632383b9, org.springframework.security.web.servletapi.SecurityContextHolderAwareRequestFilter@4ae2e781, org.springframework.security.web.authentication.AnonymousAuthenticationFilter@3af10d0b, org.springframework.security.web.session.SessionManagementFilter@64021427, org.springframework.security.web.access.ExceptionTranslationFilter@28a6e171, org.springframework.security.web.access.intercept.FilterSecurityInterceptor@26c77f54]
2025-04-29 23:30:27,963 INFO o.s.m.w.MockServletContext {log} [main] Initializing Spring TestDispatcherServlet ''
2025-04-29 23:30:27,964 INFO o.s.w.s.FrameworkServlet {initServletBean} [main] Initializing Servlet ''
2025-04-29 23:30:27,971 INFO o.s.w.s.FrameworkServlet {initServletBean} [main] Completed initialization in 4 ms
2025-04-29 23:30:28,057 INFO o.s.b.StartupInfoLogger {logStarted} [main] Started BikeControllerTests in 6.159 seconds (JVM running for 9.255)
2025-04-29 23:30:28,275 INFO c.s.a.c.BikeController {filterBikes} [main] Filtrando bicicletas con parámetros: brand=Orbea, model=Alma, color=green
2025-04-29 23:30:28,280 INFO c.s.a.c.BikeController {filterBikes} [main] Operación completada: Se obtuvieron 1 bicicletas filtradas
2025-04-29 23:30:28,922 INFO c.s.a.c.BikeController {addBike} [main] BEGIN addBike
2025-04-29 23:30:29,009 INFO c.s.a.c.BikeController {filterBikes} [main] Filtrando bicicletas con parámetros: brand=Orbea, model=, color=
2025-04-29 23:30:29,013 INFO c.s.a.c.BikeController {filterBikes} [main] Operación completada: Se obtuvieron 2 bicicletas filtradas
2025-04-29 23:30:29,048 INFO c.s.a.c.BikeController {addBike} [main] BEGIN addBike
2025-04-29 23:30:29,053 INFO c.s.a.c.BikeController {addBike} [main] END addBike
2025-04-29 23:30:29,203 INFO c.s.a.c.BikeController {filterBikes} [main] Filtrando bicicletas con parámetros: brand=, model=, color=
2025-04-29 23:30:29,206 INFO c.s.a.c.BikeController {filterBikes} [main] Operación completada: Se obtuvieron 3 bicicletas filtradas
2025-04-29 23:30:29,236 INFO c.s.a.c.BikeController {getBike} [main] BEGIN getBike
2025-04-29 23:30:29,238 INFO c.s.a.c.BikeController {getBike} [main] END getBike
2025-04-29 23:30:29,347 INFO c.s.a.c.BikeController {removeBike} [main] BEGIN removeBike
2025-04-29 23:30:29,350 INFO c.s.a.c.BikeController {removeBike} [main] END removeBike
2025-04-29 23:30:29,407 INFO c.s.a.c.BikeController {modifyBike} [main] BEGIN modifyBike
2025-04-29 23:30:29,525 INFO c.s.a.c.BikeController {modifyBike} [main] BEGIN modifyBike
2025-04-29 23:30:29,527 INFO c.s.a.c.BikeController {modifyBike} [main] END modifyBike
2025-04-29 23:30:29,547 INFO c.s.a.c.BikeController {removeBike} [main] BEGIN removeBike
2025-04-29 23:30:29,566 INFO c.s.a.c.BikeController {getBike} [main] BEGIN getBike
2025-04-29 23:30:30,518 INFO o.s.t.c.s.AbstractTestContextBootstrapper {buildDefaultMergedContextConfiguration} [main] Neither @ContextConfiguration nor @ContextHierarchy found for test class [com.svalero.apibikes.MechanicControllerTests], using SpringBootContextLoader
2025-04-29 23:30:30,521 INFO o.s.t.c.s.AbstractContextLoader {generateDefaultLocations} [main] Could not detect default resource locations for test class [com.svalero.apibikes.MechanicControllerTests]: no resource found for suffixes {-context.xml, Context.groovy}.
2025-04-29 23:30:30,522 INFO o.s.t.c.s.AnnotationConfigContextLoaderUtils {detectDefaultConfigurationClasses} [main] Could not detect default configuration classes for test class [com.svalero.apibikes.MechanicControllerTests]: MechanicControllerTests does not declare any static, non-private, non-final, nested classes annotated with @Configuration.
2025-04-29 23:30:30,542 INFO o.s.b.t.c.SpringBootTestContextBootstrapper {getOrFindConfigurationClasses} [main] Found @SpringBootConfiguration com.svalero.apibikes.HellospringApplication for test class com.svalero.apibikes.MechanicControllerTests
2025-04-29 23:30:30,545 INFO o.s.t.c.s.AbstractTestContextBootstrapper {getDefaultTestExecutionListenerClassNames} [main] Loaded default TestExecutionListener class names from location [META-INF/spring.factories]: [org.springframework.boot.test.mock.mockito.MockitoTestExecutionListener, org.springframework.boot.test.mock.mockito.ResetMocksTestExecutionListener, org.springframework.boot.test.autoconfigure.restdocs.RestDocsTestExecutionListener, org.springframework.boot.test.autoconfigure.web.client.MockRestServiceServerResetTestExecutionListener, org.springframework.boot.test.autoconfigure.web.servlet.MockMvcPrintOnlyOnFailureTestExecutionListener, org.springframework.boot.test.autoconfigure.web.servlet.WebDriverTestExecutionListener, org.springframework.boot.test.autoconfigure.webservices.client.MockWebServiceServerTestExecutionListener, org.springframework.test.context.web.ServletTestExecutionListener, org.springframework.test.context.support.DirtiesContextBeforeModesTestExecutionListener, org.springframework.test.context.event.ApplicationEventsTestExecutionListener, org.springframework.test.context.support.DependencyInjectionTestExecutionListener, org.springframework.test.context.support.DirtiesContextTestExecutionListener, org.springframework.test.context.transaction.TransactionalTestExecutionListener, org.springframework.test.context.jdbc.SqlScriptsTestExecutionListener, org.springframework.test.context.event.EventPublishingTestExecutionListener]
2025-04-29 23:30:30,547 INFO o.s.t.c.s.AbstractTestContextBootstrapper {getTestExecutionListeners} [main] Using TestExecutionListeners: [org.springframework.test.context.web.ServletTestExecutionListener@799971ac, org.springframework.test.context.support.DirtiesContextBeforeModesTestExecutionListener@59c08cf1, org.springframework.test.context.event.ApplicationEventsTestExecutionListener@45f0038, org.springframework.boot.test.mock.mockito.MockitoTestExecutionListener@289a4b90, org.springframework.boot.test.autoconfigure.SpringBootDependencyInjectionTestExecutionListener@1a3c4b3e, org.springframework.test.context.support.DirtiesContextTestExecutionListener@4746fb8c, org.springframework.test.context.transaction.TransactionalTestExecutionListener@3be46d9c, org.springframework.test.context.jdbc.SqlScriptsTestExecutionListener@41d877bb, org.springframework.test.context.event.EventPublishingTestExecutionListener@39c5a105, org.springframework.boot.test.mock.mockito.ResetMocksTestExecutionListener@492fa72a, org.springframework.boot.test.autoconfigure.restdocs.RestDocsTestExecutionListener@513fab1e, org.springframework.boot.test.autoconfigure.web.client.MockRestServiceServerResetTestExecutionListener@53d87b2d, org.springframework.boot.test.autoconfigure.web.servlet.MockMvcPrintOnlyOnFailureTestExecutionListener@470135da, org.springframework.boot.test.autoconfigure.web.servlet.WebDriverTestExecutionListener@7323dce7, org.springframework.boot.test.autoconfigure.webservices.client.MockWebServiceServerTestExecutionListener@5f68eec6]
2025-04-29 23:30:30,729 INFO o.s.b.StartupInfoLogger {logStarting} [main] Starting MechanicControllerTests using Java 21 on DESKTOP-A2Q7539 with PID 6508 (started by 34618 in C:\Users\34618\Documents\2DAM Gdo. Superior\Acceso a datos 2DAM\hellospring)
2025-04-29 23:30:30,731 INFO o.s.b.SpringApplication {logStartupProfileInfo} [main] The following 1 profile is active: "test"
2025-04-29 23:30:32,420 INFO o.s.s.w.DefaultSecurityFilterChain {<init>} [main] Will secure any request with [org.springframework.security.web.session.DisableEncodeUrlFilter@166ddfb7, org.springframework.security.web.context.request.async.WebAsyncManagerIntegrationFilter@5da3f32a, org.springframework.security.web.context.SecurityContextPersistenceFilter@74231642, org.springframework.security.web.header.HeaderWriterFilter@4c02899, org.springframework.security.web.authentication.logout.LogoutFilter@3278d065, org.springframework.security.web.savedrequest.RequestCacheAwareFilter@4a6facb0, org.springframework.security.web.servletapi.SecurityContextHolderAwareRequestFilter@4feec184, org.springframework.security.web.authentication.AnonymousAuthenticationFilter@57b3d869, org.springframework.security.web.session.SessionManagementFilter@5b895e76, org.springframework.security.web.access.ExceptionTranslationFilter@24435620, org.springframework.security.web.access.intercept.FilterSecurityInterceptor@3c8758d1]
2025-04-29 23:30:32,833 INFO o.s.m.w.MockServletContext {log} [main] Initializing Spring TestDispatcherServlet ''
2025-04-29 23:30:32,835 INFO o.s.w.s.FrameworkServlet {initServletBean} [main] Initializing Servlet ''
2025-04-29 23:30:32,836 INFO o.s.w.s.FrameworkServlet {initServletBean} [main] Completed initialization in 1 ms
2025-04-29 23:30:32,859 INFO o.s.b.StartupInfoLogger {logStarted} [main] Started MechanicControllerTests in 2.297 seconds (JVM running for 14.057)
2025-04-29 23:30:32,873 INFO c.s.a.c.MechanicController {filtermechanics} [main] BEGIN getAll
2025-04-29 23:30:32,876 INFO c.s.a.c.MechanicController {filtermechanics} [main] END getAll
2025-04-29 23:30:32,907 INFO c.s.a.c.MechanicController {modifyMechanic} [main] BEGIN modifyMechanic
2025-04-29 23:30:32,908 INFO c.s.a.c.MechanicController {modifyMechanic} [main] END modifyMechanic
2025-04-29 23:30:32,918 INFO c.s.a.c.MechanicController {filtermechanics} [main] BEGIN getAll
2025-04-29 23:30:32,921 INFO c.s.a.c.MechanicController {filtermechanics} [main] END getAll
2025-04-29 23:30:32,929 INFO c.s.a.c.MechanicController {getMechanic} [main] BEGIN getMechanic
2025-04-29 23:30:32,942 INFO c.s.a.c.MechanicController {filtermechanics} [main] BEGIN getAll
2025-04-29 23:30:32,943 INFO c.s.a.c.MechanicController {filtermechanics} [main] END getAll
2025-04-29 23:30:32,951 INFO c.s.a.c.MechanicController {removeMechanic} [main] BEGIN removeMechanic
2025-04-29 23:30:32,953 INFO c.s.a.c.MechanicController {removeMechanic} [main] END removeMechanic
2025-04-29 23:30:32,976 INFO c.s.a.c.MechanicController {addMechanic} [main] BEGIN addMechanic
2025-04-29 23:30:32,977 INFO c.s.a.c.MechanicController {addMechanic} [main] END addMechanic
2025-04-29 23:30:32,987 INFO c.s.a.c.MechanicController {getMechanic} [main] BEGIN getMechanic
2025-04-29 23:30:32,989 INFO c.s.a.c.MechanicController {getMechanic} [main] END getMechanic
2025-04-29 23:30:32,999 INFO c.s.a.c.MechanicController {modifyMechanic} [main] BEGIN modifyMechanic
2025-04-29 23:30:33,008 INFO c.s.a.c.MechanicController {removeMechanic} [main] BEGIN removeMechanic
2025-04-29 23:30:33,018 INFO c.s.a.c.MechanicController {filtermechanics} [main] BEGIN getAll
2025-04-29 23:30:33,020 INFO c.s.a.c.MechanicController {filtermechanics} [main] END getAll
2025-04-29 23:30:33,155 INFO o.s.t.c.s.AbstractTestContextBootstrapper {buildDefaultMergedContextConfiguration} [main] Neither @ContextConfiguration nor @ContextHierarchy found for test class [com.svalero.apibikes.UserControllerTests], using SpringBootContextLoader
2025-04-29 23:30:33,159 INFO o.s.t.c.s.AbstractContextLoader {generateDefaultLocations} [main] Could not detect default resource locations for test class [com.svalero.apibikes.UserControllerTests]: no resource found for suffixes {-context.xml, Context.groovy}.
2025-04-29 23:30:33,160 INFO o.s.t.c.s.AnnotationConfigContextLoaderUtils {detectDefaultConfigurationClasses} [main] Could not detect default configuration classes for test class [com.svalero.apibikes.UserControllerTests]: UserControllerTests does not declare any static, non-private, non-final, nested classes annotated with @Configuration.
2025-04-29 23:30:33,181 INFO o.s.b.t.c.SpringBootTestContextBootstrapper {getOrFindConfigurationClasses} [main] Found @SpringBootConfiguration com.svalero.apibikes.HellospringApplication for test class com.svalero.apibikes.UserControllerTests
2025-04-29 23:30:33,183 INFO o.s.t.c.s.AbstractTestContextBootstrapper {getDefaultTestExecutionListenerClassNames} [main] Loaded default TestExecutionListener class names from location [META-INF/spring.factories]: [org.springframework.boot.test.mock.mockito.MockitoTestExecutionListener, org.springframework.boot.test.mock.mockito.ResetMocksTestExecutionListener, org.springframework.boot.test.autoconfigure.restdocs.RestDocsTestExecutionListener, org.springframework.boot.test.autoconfigure.web.client.MockRestServiceServerResetTestExecutionListener, org.springframework.boot.test.autoconfigure.web.servlet.MockMvcPrintOnlyOnFailureTestExecutionListener, org.springframework.boot.test.autoconfigure.web.servlet.WebDriverTestExecutionListener, org.springframework.boot.test.autoconfigure.webservices.client.MockWebServiceServerTestExecutionListener, org.springframework.test.context.web.ServletTestExecutionListener, org.springframework.test.context.support.DirtiesContextBeforeModesTestExecutionListener, org.springframework.test.context.event.ApplicationEventsTestExecutionListener, org.springframework.test.context.support.DependencyInjectionTestExecutionListener, org.springframework.test.context.support.DirtiesContextTestExecutionListener, org.springframework.test.context.transaction.TransactionalTestExecutionListener, org.springframework.test.context.jdbc.SqlScriptsTestExecutionListener, org.springframework.test.context.event.EventPublishingTestExecutionListener]
2025-04-29 23:30:33,185 INFO o.s.t.c.s.AbstractTestContextBootstrapper {getTestExecutionListeners} [main] Using TestExecutionListeners: [org.springframework.test.context.web.ServletTestExecutionListener@7d49a1a0, org.springframework.test.context.support.DirtiesContextBeforeModesTestExecutionListener@3a0baec0, org.springframework.test.context.event.ApplicationEventsTestExecutionListener@50c2ef56, org.springframework.boot.test.mock.mockito.MockitoTestExecutionListener@560d6d2, org.springframework.boot.test.autoconfigure.SpringBootDependencyInjectionTestExecutionListener@3514237f, org.springframework.test.context.support.DirtiesContextTestExecutionListener@520ee6b3, org.springframework.test.context.transaction.TransactionalTestExecutionListener@15f11bfb, org.springframework.test.context.jdbc.SqlScriptsTestExecutionListener@16a499d1, org.springframework.test.context.event.EventPublishingTestExecutionListener@2bf4fa1, org.springframework.boot.test.mock.mockito.ResetMocksTestExecutionListener@27210a3b, org.springframework.boot.test.autoconfigure.restdocs.RestDocsTestExecutionListener@3a12f3e7, org.springframework.boot.test.autoconfigure.web.client.MockRestServiceServerResetTestExecutionListener@84a9f65, org.springframework.boot.test.autoconfigure.web.servlet.MockMvcPrintOnlyOnFailureTestExecutionListener@70700b8a, org.springframework.boot.test.autoconfigure.web.servlet.WebDriverTestExecutionListener@5fafa76d, org.springframework.boot.test.autoconfigure.webservices.client.MockWebServiceServerTestExecutionListener@720ffab4]
2025-04-29 23:30:33,298 INFO o.s.b.StartupInfoLogger {logStarting} [main] Starting UserControllerTests using Java 21 on DESKTOP-A2Q7539 with PID 6508 (started by 34618 in C:\Users\34618\Documents\2DAM Gdo. Superior\Acceso a datos 2DAM\hellospring)
2025-04-29 23:30:33,300 INFO o.s.b.SpringApplication {logStartupProfileInfo} [main] The following 1 profile is active: "test"
2025-04-29 23:30:34,186 INFO o.s.s.w.DefaultSecurityFilterChain {<init>} [main] Will secure any request with [org.springframework.security.web.session.DisableEncodeUrlFilter@129c760d, org.springframework.security.web.context.request.async.WebAsyncManagerIntegrationFilter@361fa478, org.springframework.security.web.context.SecurityContextPersistenceFilter@38caad07, org.springframework.security.web.header.HeaderWriterFilter@1acc768, org.springframework.security.web.authentication.logout.LogoutFilter@85c3522, org.springframework.security.web.savedrequest.RequestCacheAwareFilter@15d0b458, org.springframework.security.web.servletapi.SecurityContextHolderAwareRequestFilter@72a0a60d, org.springframework.security.web.authentication.AnonymousAuthenticationFilter@180f33b2, org.springframework.security.web.session.SessionManagementFilter@25765a49, org.springframework.security.web.access.ExceptionTranslationFilter@4fbc516f, org.springframework.security.web.access.intercept.FilterSecurityInterceptor@7bdb4d69]
2025-04-29 23:30:34,935 INFO o.s.m.w.MockServletContext {log} [main] Initializing Spring TestDispatcherServlet ''
2025-04-29 23:30:34,937 INFO o.s.w.s.FrameworkServlet {initServletBean} [main] Initializing Servlet ''
2025-04-29 23:30:34,939 INFO o.s.w.s.FrameworkServlet {initServletBean} [main] Completed initialization in 2 ms
2025-04-29 23:30:34,971 INFO o.s.b.StartupInfoLogger {logStarted} [main] Started UserControllerTests in 1.779 seconds (JVM running for 16.168)
2025-04-29 23:30:34,991 INFO c.s.a.c.UserController {getUser} [main] BEGIN getUser
2025-04-29 23:30:35,017 INFO c.s.a.c.UserController {filterusers} [main] BEGIN getAll
2025-04-29 23:30:35,019 INFO c.s.a.c.UserController {filterusers} [main] END getAll
2025-04-29 23:30:35,075 INFO c.s.a.c.UserController {filterusers} [main] BEGIN getAll
2025-04-29 23:30:35,077 INFO c.s.a.c.UserController {filterusers} [main] END getAll
2025-04-29 23:30:35,090 INFO c.s.a.c.UserController {filterusers} [main] BEGIN getAll
2025-04-29 23:30:35,092 INFO c.s.a.c.UserController {filterusers} [main] END getAll
2025-04-29 23:30:35,132 INFO c.s.a.c.UserController {removeUser} [main] BEGIN removeUser
2025-04-29 23:30:35,147 INFO c.s.a.c.UserController {removeUser} [main] END removeUser
2025-04-29 23:30:35,178 INFO c.s.a.c.UserController {getUser} [main] BEGIN getUser
2025-04-29 23:30:35,180 INFO c.s.a.c.UserController {getUser} [main] END getUser
2025-04-29 23:30:35,256 INFO c.s.a.c.UserController {modifyUser} [main] BEGIN modifyUser
2025-04-29 23:30:35,275 INFO c.s.a.c.UserController {filterusers} [main] BEGIN getAll
2025-04-29 23:30:35,278 INFO c.s.a.c.UserController {filterusers} [main] END getAll
2025-04-29 23:30:35,295 INFO c.s.a.c.UserController {filterusers} [main] BEGIN getAll
2025-04-29 23:30:35,297 INFO c.s.a.c.UserController {filterusers} [main] END getAll
2025-04-29 23:30:35,315 INFO c.s.a.c.UserController {modifyUser} [main] BEGIN modifyUser
2025-04-29 23:30:35,319 INFO c.s.a.c.UserController {modifyUser} [main] END modifyUser
2025-04-29 23:30:35,335 INFO c.s.a.c.UserController {removeUser} [main] BEGIN removeUser
2025-04-29 23:32:15,797 INFO o.s.b.StartupInfoLogger {logStarting} [main] Starting BikeControllerTests using Java 21 on DESKTOP-A2Q7539 with PID 4608 (started by 34618 in C:\Users\34618\Documents\2DAM Gdo. Superior\Acceso a datos 2DAM\hellospring)
2025-04-29 23:32:15,802 INFO o.h.v.i.u.Version {<clinit>} [background-preinit] HV000001: Hibernate Validator 6.2.5.Final
2025-04-29 23:32:15,802 INFO o.s.b.SpringApplication {logStartupProfileInfo} [main] The following 1 profile is active: "test"
2025-04-29 23:32:19,528 INFO o.s.s.w.DefaultSecurityFilterChain {<init>} [main] Will secure any request with [org.springframework.security.web.session.DisableEncodeUrlFilter@4d354a3e, org.springframework.security.web.context.request.async.WebAsyncManagerIntegrationFilter@24a0c58b, org.springframework.security.web.context.SecurityContextPersistenceFilter@4702e7a5, org.springframework.security.web.header.HeaderWriterFilter@fbe70d8, org.springframework.security.web.authentication.logout.LogoutFilter@5b29ab61, org.springframework.security.web.savedrequest.RequestCacheAwareFilter@685f5d0d, org.springframework.security.web.servletapi.SecurityContextHolderAwareRequestFilter@3830b06c, org.springframework.security.web.authentication.AnonymousAuthenticationFilter@604d28c6, org.springframework.security.web.session.SessionManagementFilter@2dd63e3, org.springframework.security.web.access.ExceptionTranslationFilter@29013ef2, org.springframework.security.web.access.intercept.FilterSecurityInterceptor@69ec93c2]
2025-04-29 23:32:20,621 INFO o.s.m.w.MockServletContext {log} [main] Initializing Spring TestDispatcherServlet ''
2025-04-29 23:32:20,623 INFO o.s.w.s.FrameworkServlet {initServletBean} [main] Initializing Servlet ''
2025-04-29 23:32:20,626 INFO o.s.w.s.FrameworkServlet {initServletBean} [main] Completed initialization in 2 ms
2025-04-29 23:32:20,675 INFO o.s.b.StartupInfoLogger {logStarted} [main] Started BikeControllerTests in 5.901 seconds (JVM running for 7.415)
2025-04-29 23:32:20,857 INFO c.s.a.c.BikeController {filterBikes} [main] Filtrando bicicletas con parámetros: brand=, model=Alma, color=
2025-04-29 23:32:20,864 INFO c.s.a.c.BikeController {filterBikes} [main] Operación completada: Se obtuvieron 1 bicicletas filtradas
2025-04-29 23:32:21,148 INFO c.s.a.c.BikeController {filterBikes} [main] Filtrando bicicletas con parámetros: brand=Orbea, model=Alma, color=green
2025-04-29 23:32:21,153 INFO c.s.a.c.BikeController {filterBikes} [main] Operación completada: Se obtuvieron 1 bicicletas filtradas
2025-04-29 23:32:21,563 INFO c.s.a.c.BikeController {addBike} [main] BEGIN addBike
2025-04-29 23:32:21,611 INFO c.s.a.c.BikeController {filterBikes} [main] Filtrando bicicletas con parámetros: brand=Orbea, model=, color=
2025-04-29 23:32:21,615 INFO c.s.a.c.BikeController {filterBikes} [main] Operación completada: Se obtuvieron 2 bicicletas filtradas
2025-04-29 23:32:21,642 INFO c.s.a.c.BikeController {addBike} [main] BEGIN addBike
2025-04-29 23:32:21,645 INFO c.s.a.c.BikeController {addBike} [main] END addBike
2025-04-29 23:32:21,783 INFO c.s.a.c.BikeController {filterBikes} [main] Filtrando bicicletas con parámetros: brand=, model=, color=
2025-04-29 23:32:21,786 INFO c.s.a.c.BikeController {filterBikes} [main] Operación completada: Se obtuvieron 3 bicicletas filtradas
2025-04-29 23:32:21,807 INFO c.s.a.c.BikeController {filterBikes} [main] Filtrando bicicletas con parámetros: brand=, model=, color=green
2025-04-29 23:32:21,812 INFO c.s.a.c.BikeController {filterBikes} [main] Operación completada: Se obtuvieron 1 bicicletas filtradas
2025-04-29 23:32:21,839 INFO c.s.a.c.BikeController {getBike} [main] BEGIN getBike
2025-04-29 23:32:21,841 INFO c.s.a.c.BikeController {getBike} [main] END getBike
2025-04-29 23:32:21,943 INFO c.s.a.c.BikeController {removeBike} [main] BEGIN removeBike
2025-04-29 23:32:21,948 INFO c.s.a.c.BikeController {removeBike} [main] END removeBike
2025-04-29 23:32:21,985 INFO c.s.a.c.BikeController {modifyBike} [main] BEGIN modifyBike
2025-04-29 23:32:22,052 INFO c.s.a.c.BikeController {modifyBike} [main] BEGIN modifyBike
2025-04-29 23:32:22,055 INFO c.s.a.c.BikeController {modifyBike} [main] END modifyBike
2025-04-29 23:32:22,077 INFO c.s.a.c.BikeController {removeBike} [main] BEGIN removeBike
2025-04-29 23:32:22,101 INFO c.s.a.c.BikeController {getBike} [main] BEGIN getBike
2025-04-29 23:32:22,816 INFO o.s.t.c.s.AbstractTestContextBootstrapper {buildDefaultMergedContextConfiguration} [main] Neither @ContextConfiguration nor @ContextHierarchy found for test class [com.svalero.apibikes.MechanicControllerTests], using SpringBootContextLoader
2025-04-29 23:32:22,819 INFO o.s.t.c.s.AbstractContextLoader {generateDefaultLocations} [main] Could not detect default resource locations for test class [com.svalero.apibikes.MechanicControllerTests]: no resource found for suffixes {-context.xml, Context.groovy}.
2025-04-29 23:32:22,820 INFO o.s.t.c.s.AnnotationConfigContextLoaderUtils {detectDefaultConfigurationClasses} [main] Could not detect default configuration classes for test class [com.svalero.apibikes.MechanicControllerTests]: MechanicControllerTests does not declare any static, non-private, non-final, nested classes annotated with @Configuration.
2025-04-29 23:32:22,837 INFO o.s.b.t.c.SpringBootTestContextBootstrapper {getOrFindConfigurationClasses} [main] Found @SpringBootConfiguration com.svalero.apibikes.HellospringApplication for test class com.svalero.apibikes.MechanicControllerTests
2025-04-29 23:32:22,841 INFO o.s.t.c.s.AbstractTestContextBootstrapper {getDefaultTestExecutionListenerClassNames} [main] Loaded default TestExecutionListener class names from location [META-INF/spring.factories]: [org.springframework.boot.test.mock.mockito.MockitoTestExecutionListener, org.springframework.boot.test.mock.mockito.ResetMocksTestExecutionListener, org.springframework.boot.test.autoconfigure.restdocs.RestDocsTestExecutionListener, org.springframework.boot.test.autoconfigure.web.client.MockRestServiceServerResetTestExecutionListener, org.springframework.boot.test.autoconfigure.web.servlet.MockMvcPrintOnlyOnFailureTestExecutionListener, org.springframework.boot.test.autoconfigure.web.servlet.WebDriverTestExecutionListener, org.springframework.boot.test.autoconfigure.webservices.client.MockWebServiceServerTestExecutionListener, org.springframework.test.context.web.ServletTestExecutionListener, org.springframework.test.context.support.DirtiesContextBeforeModesTestExecutionListener, org.springframework.test.context.event.ApplicationEventsTestExecutionListener, org.springframework.test.context.support.DependencyInjectionTestExecutionListener, org.springframework.test.context.support.DirtiesContextTestExecutionListener, org.springframework.test.context.transaction.TransactionalTestExecutionListener, org.springframework.test.context.jdbc.SqlScriptsTestExecutionListener, org.springframework.test.context.event.EventPublishingTestExecutionListener]
2025-04-29 23:32:22,843 INFO o.s.t.c.s.AbstractTestContextBootstrapper {getTestExecutionListeners} [main] Using TestExecutionListeners: [org.springframework.test.context.web.ServletTestExecutionListener@39c5a105, org.springframework.test.context.support.DirtiesContextBeforeModesTestExecutionListener@492fa72a, org.springframework.test.context.event.ApplicationEventsTestExecutionListener@513fab1e, org.springframework.boot.test.mock.mockito.MockitoTestExecutionListener@53d87b2d, org.springframework.boot.test.autoconfigure.SpringBootDependencyInjectionTestExecutionListener@470135da, org.springframework.test.context.support.DirtiesContextTestExecutionListener@7323dce7, org.springframework.test.context.transaction.TransactionalTestExecutionListener@5f68eec6, org.springframework.test.context.jdbc.SqlScriptsTestExecutionListener@4ff9f715, org.springframework.test.context.event.EventPublishingTestExecutionListener@118a4d5, org.springframework.boot.test.mock.mockito.ResetMocksTestExecutionListener@6cb194f5, org.springframework.boot.test.autoconfigure.restdocs.RestDocsTestExecutionListener@74b7497b, org.springframework.boot.test.autoconfigure.web.client.MockRestServiceServerResetTestExecutionListener@74f649a7, org.springframework.boot.test.autoconfigure.web.servlet.MockMvcPrintOnlyOnFailureTestExecutionListener@308c65e0, org.springframework.boot.test.autoconfigure.web.servlet.WebDriverTestExecutionListener@50fa5938, org.springframework.boot.test.autoconfigure.webservices.client.MockWebServiceServerTestExecutionListener@1e482ecd]
2025-04-29 23:32:22,978 INFO o.s.b.StartupInfoLogger {logStarting} [main] Starting MechanicControllerTests using Java 21 on DESKTOP-A2Q7539 with PID 4608 (started by 34618 in C:\Users\34618\Documents\2DAM Gdo. Superior\Acceso a datos 2DAM\hellospring)
2025-04-29 23:32:22,979 INFO o.s.b.SpringApplication {logStartupProfileInfo} [main] The following 1 profile is active: "test"
2025-04-29 23:32:23,949 INFO o.s.s.w.DefaultSecurityFilterChain {<init>} [main] Will secure any request with [org.springframework.security.web.session.DisableEncodeUrlFilter@1d654b5f, org.springframework.security.web.context.request.async.WebAsyncManagerIntegrationFilter@575d48db, org.springframework.security.web.context.SecurityContextPersistenceFilter@3c8758d1, org.springframework.security.web.header.HeaderWriterFilter@3c9ef37b, org.springframework.security.web.authentication.logout.LogoutFilter@51f4439e, org.springframework.security.web.savedrequest.RequestCacheAwareFilter@166ddfb7, org.springframework.security.web.servletapi.SecurityContextHolderAwareRequestFilter@5da3f32a, org.springframework.security.web.authentication.AnonymousAuthenticationFilter@1b36d248, org.springframework.security.web.session.SessionManagementFilter@4888425d, org.springframework.security.web.access.ExceptionTranslationFilter@545f0b6, org.springframework.security.web.access.intercept.FilterSecurityInterceptor@51468039]
2025-04-29 23:32:24,531 INFO o.s.m.w.MockServletContext {log} [main] Initializing Spring TestDispatcherServlet ''
2025-04-29 23:32:24,531 INFO o.s.w.s.FrameworkServlet {initServletBean} [main] Initializing Servlet ''
2025-04-29 23:32:24,532 INFO o.s.w.s.FrameworkServlet {initServletBean} [main] Completed initialization in 1 ms
2025-04-29 23:32:24,548 INFO o.s.b.StartupInfoLogger {logStarted} [main] Started MechanicControllerTests in 1.697 seconds (JVM running for 11.288)
2025-04-29 23:32:24,561 INFO c.s.a.c.MechanicController {filtermechanics} [main] BEGIN getAll
2025-04-29 23:32:24,562 INFO c.s.a.c.MechanicController {filtermechanics} [main] END getAll
2025-04-29 23:32:24,591 INFO c.s.a.c.MechanicController {modifyMechanic} [main] BEGIN modifyMechanic
2025-04-29 23:32:24,593 INFO c.s.a.c.MechanicController {modifyMechanic} [main] END modifyMechanic
2025-04-29 23:32:24,602 INFO c.s.a.c.MechanicController {filtermechanics} [main] BEGIN getAll
2025-04-29 23:32:24,604 INFO c.s.a.c.MechanicController {filtermechanics} [main] END getAll
2025-04-29 23:32:24,613 INFO c.s.a.c.MechanicController {getMechanic} [main] BEGIN getMechanic
2025-04-29 23:32:24,625 INFO c.s.a.c.MechanicController {filtermechanics} [main] BEGIN getAll
2025-04-29 23:32:24,626 INFO c.s.a.c.MechanicController {filtermechanics} [main] END getAll
2025-04-29 23:32:24,642 INFO c.s.a.c.MechanicController {removeMechanic} [main] BEGIN removeMechanic
2025-04-29 23:32:24,643 INFO c.s.a.c.MechanicController {removeMechanic} [main] END removeMechanic
2025-04-29 23:32:24,678 INFO c.s.a.c.MechanicController {addMechanic} [main] BEGIN addMechanic
2025-04-29 23:32:24,680 INFO c.s.a.c.MechanicController {addMechanic} [main] END addMechanic
2025-04-29 23:32:24,690 INFO c.s.a.c.MechanicController {getMechanic} [main] BEGIN getMechanic
2025-04-29 23:32:24,691 INFO c.s.a.c.MechanicController {getMechanic} [main] END getMechanic
2025-04-29 23:32:24,707 INFO c.s.a.c.MechanicController {modifyMechanic} [main] BEGIN modifyMechanic
2025-04-29 23:32:24,719 INFO c.s.a.c.MechanicController {removeMechanic} [main] BEGIN removeMechanic
2025-04-29 23:32:24,727 INFO c.s.a.c.MechanicController {filtermechanics} [main] BEGIN getAll
2025-04-29 23:32:24,728 INFO c.s.a.c.MechanicController {filtermechanics} [main] END getAll
2025-04-29 23:32:24,843 INFO o.s.t.c.s.AbstractTestContextBootstrapper {buildDefaultMergedContextConfiguration} [main] Neither @ContextConfiguration nor @ContextHierarchy found for test class [com.svalero.apibikes.UserControllerTests], using SpringBootContextLoader
2025-04-29 23:32:24,845 INFO o.s.t.c.s.AbstractContextLoader {generateDefaultLocations} [main] Could not detect default resource locations for test class [com.svalero.apibikes.UserControllerTests]: no resource found for suffixes {-context.xml, Context.groovy}.
2025-04-29 23:32:24,848 INFO o.s.t.c.s.AnnotationConfigContextLoaderUtils {detectDefaultConfigurationClasses} [main] Could not detect default configuration classes for test class [com.svalero.apibikes.UserControllerTests]: UserControllerTests does not declare any static, non-private, non-final, nested classes annotated with @Configuration.
2025-04-29 23:32:24,859 INFO o.s.b.t.c.SpringBootTestContextBootstrapper {getOrFindConfigurationClasses} [main] Found @SpringBootConfiguration com.svalero.apibikes.HellospringApplication for test class com.svalero.apibikes.UserControllerTests
2025-04-29 23:32:24,860 INFO o.s.t.c.s.AbstractTestContextBootstrapper {getDefaultTestExecutionListenerClassNames} [main] Loaded default TestExecutionListener class names from location [META-INF/spring.factories]: [org.springframework.boot.test.mock.mockito.MockitoTestExecutionListener, org.springframework.boot.test.mock.mockito.ResetMocksTestExecutionListener, org.springframework.boot.test.autoconfigure.restdocs.RestDocsTestExecutionListener, org.springframework.boot.test.autoconfigure.web.client.MockRestServiceServerResetTestExecutionListener, org.springframework.boot.test.autoconfigure.web.servlet.MockMvcPrintOnlyOnFailureTestExecutionListener, org.springframework.boot.test.autoconfigure.web.servlet.WebDriverTestExecutionListener, org.springframework.boot.test.autoconfigure.webservices.client.MockWebServiceServerTestExecutionListener, org.springframework.test.context.web.ServletTestExecutionListener, org.springframework.test.context.support.DirtiesContextBeforeModesTestExecutionListener, org.springframework.test.context.event.ApplicationEventsTestExecutionListener, org.springframework.test.context.support.DependencyInjectionTestExecutionListener, org.springframework.test.context.support.DirtiesContextTestExecutionListener, org.springframework.test.context.transaction.TransactionalTestExecutionListener, org.springframework.test.context.jdbc.SqlScriptsTestExecutionListener, org.springframework.test.context.event.EventPublishingTestExecutionListener]
2025-04-29 23:32:24,862 INFO o.s.t.c.s.AbstractTestContextBootstrapper {getTestExecutionListeners} [main] Using TestExecutionListeners: [org.springframework.test.context.web.ServletTestExecutionListener@84a9f65, org.springframework.test.context.support.DirtiesContextBeforeModesTestExecutionListener@70700b8a, org.springframework.test.context.event.ApplicationEventsTestExecutionListener@5fafa76d, org.springframework.boot.test.mock.mockito.MockitoTestExecutionListener@720ffab4, org.springframework.boot.test.autoconfigure.SpringBootDependencyInjectionTestExecutionListener@2e62e227, org.springframework.test.context.support.DirtiesContextTestExecutionListener@5ebe903a, org.springframework.test.context.transaction.TransactionalTestExecutionListener@7c88d04f, org.springframework.test.context.jdbc.SqlScriptsTestExecutionListener@71df5f30, org.springframework.test.context.event.EventPublishingTestExecutionListener@4895e8f6, org.springframework.boot.test.mock.mockito.ResetMocksTestExecutionListener@62808e9e, org.springframework.boot.test.autoconfigure.restdocs.RestDocsTestExecutionListener@58b03029, org.springframework.boot.test.autoconfigure.web.client.MockRestServiceServerResetTestExecutionListener@539dd2d0, org.springframework.boot.test.autoconfigure.web.servlet.MockMvcPrintOnlyOnFailureTestExecutionListener@3428420d, org.springframework.boot.test.autoconfigure.web.servlet.WebDriverTestExecutionListener@523ade68, org.springframework.boot.test.autoconfigure.webservices.client.MockWebServiceServerTestExecutionListener@b529d7e]
2025-04-29 23:32:24,901 INFO o.s.b.StartupInfoLogger {logStarting} [main] Starting UserControllerTests using Java 21 on DESKTOP-A2Q7539 with PID 4608 (started by 34618 in C:\Users\34618\Documents\2DAM Gdo. Superior\Acceso a datos 2DAM\hellospring)
2025-04-29 23:32:24,902 INFO o.s.b.SpringApplication {logStartupProfileInfo} [main] The following 1 profile is active: "test"
2025-04-29 23:32:25,320 INFO o.s.s.w.DefaultSecurityFilterChain {<init>} [main] Will secure any request with [org.springframework.security.web.session.DisableEncodeUrlFilter@79e16dd9, org.springframework.security.web.context.request.async.WebAsyncManagerIntegrationFilter@5fa9247b, org.springframework.security.web.context.SecurityContextPersistenceFilter@180f33b2, org.springframework.security.web.header.HeaderWriterFilter@129c760d, org.springframework.security.web.authentication.logout.LogoutFilter@6247c08c, org.springframework.security.web.savedrequest.RequestCacheAwareFilter@391e85df, org.springframework.security.web.servletapi.SecurityContextHolderAwareRequestFilter@48c3a0ef, org.springframework.security.web.authentication.AnonymousAuthenticationFilter@21ce3b22, org.springframework.security.web.session.SessionManagementFilter@361fa478, org.springframework.security.web.access.ExceptionTranslationFilter@7bdb4d69, org.springframework.security.web.access.intercept.FilterSecurityInterceptor@22bfd4b]
2025-04-29 23:32:25,947 INFO o.s.m.w.MockServletContext {log} [main] Initializing Spring TestDispatcherServlet ''
2025-04-29 23:32:25,949 INFO o.s.w.s.FrameworkServlet {initServletBean} [main] Initializing Servlet ''
2025-04-29 23:32:25,953 INFO o.s.w.s.FrameworkServlet {initServletBean} [main] Completed initialization in 2 ms
2025-04-29 23:32:25,977 INFO o.s.b.StartupInfoLogger {logStarted} [main] Started UserControllerTests in 1.111 seconds (JVM running for 12.717)
2025-04-29 23:32:25,995 INFO c.s.a.c.UserController {getUser} [main] BEGIN getUser
2025-04-29 23:32:26,031 INFO c.s.a.c.UserController {filterusers} [main] BEGIN getAll
2025-04-29 23:32:26,034 INFO c.s.a.c.UserController {filterusers} [main] END getAll
2025-04-29 23:32:26,089 INFO c.s.a.c.UserController {filterusers} [main] BEGIN getAll
2025-04-29 23:32:26,090 INFO c.s.a.c.UserController {filterusers} [main] END getAll
2025-04-29 23:32:26,102 INFO c.s.a.c.UserController {filterusers} [main] BEGIN getAll
2025-04-29 23:32:26,104 INFO c.s.a.c.UserController {filterusers} [main] END getAll
2025-04-29 23:32:26,142 INFO c.s.a.c.UserController {removeUser} [main] BEGIN removeUser
2025-04-29 23:32:26,145 INFO c.s.a.c.UserController {removeUser} [main] END removeUser
2025-04-29 23:32:26,158 INFO c.s.a.c.UserController {getUser} [main] BEGIN getUser
2025-04-29 23:32:26,159 INFO c.s.a.c.UserController {getUser} [main] END getUser
2025-04-29 23:32:26,188 INFO c.s.a.c.UserController {modifyUser} [main] BEGIN modifyUser
2025-04-29 23:32:26,202 INFO c.s.a.c.UserController {filterusers} [main] BEGIN getAll
2025-04-29 23:32:26,203 INFO c.s.a.c.UserController {filterusers} [main] END getAll
2025-04-29 23:32:26,216 INFO c.s.a.c.UserController {filterusers} [main] BEGIN getAll
2025-04-29 23:32:26,218 INFO c.s.a.c.UserController {filterusers} [main] END getAll
2025-04-29 23:32:26,231 INFO c.s.a.c.UserController {modifyUser} [main] BEGIN modifyUser
2025-04-29 23:32:26,234 INFO c.s.a.c.UserController {modifyUser} [main] END modifyUser
2025-04-29 23:32:26,250 INFO c.s.a.c.UserController {removeUser} [main] BEGIN removeUser
2025-04-29 23:35:31,004 INFO o.s.b.StartupInfoLogger {logStarting} [main] Starting BikeControllerTests using Java 21 on DESKTOP-A2Q7539 with PID 1556 (started by 34618 in C:\Users\34618\Documents\2DAM Gdo. Superior\Acceso a datos 2DAM\hellospring)
2025-04-29 23:35:31,011 INFO o.s.b.SpringApplication {logStartupProfileInfo} [main] The following 1 profile is active: "test"
2025-04-29 23:35:31,018 INFO o.h.v.i.u.Version {<clinit>} [background-preinit] HV000001: Hibernate Validator 6.2.5.Final
2025-04-29 23:35:36,137 INFO o.s.s.w.DefaultSecurityFilterChain {<init>} [main] Will secure any request with [org.springframework.security.web.session.DisableEncodeUrlFilter@24a0c58b, org.springframework.security.web.context.request.async.WebAsyncManagerIntegrationFilter@604d28c6, org.springframework.security.web.context.SecurityContextPersistenceFilter@6a2d867d, org.springframework.security.web.header.HeaderWriterFilter@64021427, org.springframework.security.web.authentication.logout.LogoutFilter@5c313224, org.springframework.security.web.savedrequest.RequestCacheAwareFilter@3830b06c, org.springframework.security.web.servletapi.SecurityContextHolderAwareRequestFilter@3e28d779, org.springframework.security.web.authentication.AnonymousAuthenticationFilter@7f3c0399, org.springframework.security.web.session.SessionManagementFilter@7d1c164a, org.springframework.security.web.access.ExceptionTranslationFilter@265c1a7c, org.springframework.security.web.access.intercept.FilterSecurityInterceptor@19fec3d6]
2025-04-29 23:35:38,295 INFO o.s.m.w.MockServletContext {log} [main] Initializing Spring TestDispatcherServlet ''
2025-04-29 23:35:38,297 INFO o.s.w.s.FrameworkServlet {initServletBean} [main] Initializing Servlet ''
2025-04-29 23:35:38,302 INFO o.s.w.s.FrameworkServlet {initServletBean} [main] Completed initialization in 3 ms
2025-04-29 23:35:38,389 INFO o.s.b.StartupInfoLogger {logStarted} [main] Started BikeControllerTests in 8.412 seconds (JVM running for 9.98)
2025-04-29 23:35:38,623 INFO c.s.a.c.BikeController {filterBikes} [main] Filtrando bicicletas con parámetros: brand=, model=Alma, color=
2025-04-29 23:35:38,631 INFO c.s.a.c.BikeController {filterBikes} [main] Operación completada: Se obtuvieron 1 bicicletas filtradas
2025-04-29 23:35:38,786 INFO c.s.a.c.BikeController {filterBikes} [main] Filtrando bicicletas con parámetros: brand=Orbea, model=Alma, color=green
2025-04-29 23:35:38,787 INFO c.s.a.c.BikeController {filterBikes} [main] Operación completada: Se obtuvieron 1 bicicletas filtradas
2025-04-29 23:35:38,923 INFO c.s.a.c.BikeController {addBike} [main] BEGIN addBike
2025-04-29 23:35:38,943 INFO c.s.a.c.BikeController {filterBikes} [main] Filtrando bicicletas con parámetros: brand=Orbea, model=, color=
2025-04-29 23:35:38,944 INFO c.s.a.c.BikeController {filterBikes} [main] Operación completada: Se obtuvieron 2 bicicletas filtradas
2025-04-29 23:35:38,955 INFO c.s.a.c.BikeController {addBike} [main] BEGIN addBike
2025-04-29 23:35:38,956 INFO c.s.a.c.BikeController {addBike} [main] END addBike
2025-04-29 23:35:39,023 INFO c.s.a.c.BikeController {filterBikes} [main] Filtrando bicicletas con parámetros: brand=, model=, color=
2025-04-29 23:35:39,024 INFO c.s.a.c.BikeController {filterBikes} [main] Operación completada: Se obtuvieron 3 bicicletas filtradas
2025-04-29 23:35:39,033 INFO c.s.a.c.BikeController {filterBikes} [main] Filtrando bicicletas con parámetros: brand=, model=, color=green
2025-04-29 23:35:39,034 INFO c.s.a.c.BikeController {filterBikes} [main] Operación completada: Se obtuvieron 1 bicicletas filtradas
2025-04-29 23:35:39,044 INFO c.s.a.c.BikeController {getBike} [main] BEGIN getBike
2025-04-29 23:35:39,045 INFO c.s.a.c.BikeController {getBike} [main] END getBike
2025-04-29 23:35:39,090 INFO c.s.a.c.BikeController {removeBike} [main] BEGIN removeBike
2025-04-29 23:35:39,093 INFO c.s.a.c.BikeController {removeBike} [main] END removeBike
2025-04-29 23:35:39,107 INFO c.s.a.c.BikeController {modifyBike} [main] BEGIN modifyBike
2025-04-29 23:35:39,142 INFO c.s.a.c.BikeController {modifyBike} [main] BEGIN modifyBike
2025-04-29 23:35:39,144 INFO c.s.a.c.BikeController {modifyBike} [main] END modifyBike
2025-04-29 23:35:39,156 INFO c.s.a.c.BikeController {removeBike} [main] BEGIN removeBike
2025-04-29 23:35:39,165 INFO c.s.a.c.BikeController {getBike} [main] BEGIN getBike
2025-04-29 23:35:39,473 INFO o.s.t.c.s.AbstractTestContextBootstrapper {buildDefaultMergedContextConfiguration} [main] Neither @ContextConfiguration nor @ContextHierarchy found for test class [com.svalero.apibikes.MechanicControllerTests], using SpringBootContextLoader
2025-04-29 23:35:39,474 INFO o.s.t.c.s.AbstractContextLoader {generateDefaultLocations} [main] Could not detect default resource locations for test class [com.svalero.apibikes.MechanicControllerTests]: no resource found for suffixes {-context.xml, Context.groovy}.
2025-04-29 23:35:39,474 INFO o.s.t.c.s.AnnotationConfigContextLoaderUtils {detectDefaultConfigurationClasses} [main] Could not detect default configuration classes for test class [com.svalero.apibikes.MechanicControllerTests]: MechanicControllerTests does not declare any static, non-private, non-final, nested classes annotated with @Configuration.
2025-04-29 23:35:39,503 INFO o.s.b.t.c.SpringBootTestContextBootstrapper {getOrFindConfigurationClasses} [main] Found @SpringBootConfiguration com.svalero.apibikes.HellospringApplication for test class com.svalero.apibikes.MechanicControllerTests
2025-04-29 23:35:39,506 INFO o.s.t.c.s.AbstractTestContextBootstrapper {getDefaultTestExecutionListenerClassNames} [main] Loaded default TestExecutionListener class names from location [META-INF/spring.factories]: [org.springframework.boot.test.mock.mockito.MockitoTestExecutionListener, org.springframework.boot.test.mock.mockito.ResetMocksTestExecutionListener, org.springframework.boot.test.autoconfigure.restdocs.RestDocsTestExecutionListener, org.springframework.boot.test.autoconfigure.web.client.MockRestServiceServerResetTestExecutionListener, org.springframework.boot.test.autoconfigure.web.servlet.MockMvcPrintOnlyOnFailureTestExecutionListener, org.springframework.boot.test.autoconfigure.web.servlet.WebDriverTestExecutionListener, org.springframework.boot.test.autoconfigure.webservices.client.MockWebServiceServerTestExecutionListener, org.springframework.test.context.web.ServletTestExecutionListener, org.springframework.test.context.support.DirtiesContextBeforeModesTestExecutionListener, org.springframework.test.context.event.ApplicationEventsTestExecutionListener, org.springframework.test.context.support.DependencyInjectionTestExecutionListener, org.springframework.test.context.support.DirtiesContextTestExecutionListener, org.springframework.test.context.transaction.TransactionalTestExecutionListener, org.springframework.test.context.jdbc.SqlScriptsTestExecutionListener, org.springframework.test.context.event.EventPublishingTestExecutionListener]
2025-04-29 23:35:39,508 INFO o.s.t.c.s.AbstractTestContextBootstrapper {getTestExecutionListeners} [main] Using TestExecutionListeners: [org.springframework.test.context.web.ServletTestExecutionListener@bc52a41, org.springframework.test.context.support.DirtiesContextBeforeModesTestExecutionListener@9f48198, org.springframework.test.context.event.ApplicationEventsTestExecutionListener@5615f82d, org.springframework.boot.test.mock.mockito.MockitoTestExecutionListener@21698e5a, org.springframework.boot.test.autoconfigure.SpringBootDependencyInjectionTestExecutionListener@3dc2f14, org.springframework.test.context.support.DirtiesContextTestExecutionListener@2e8986b6, org.springframework.test.context.transaction.TransactionalTestExecutionListener@5724c7da, org.springframework.test.context.jdbc.SqlScriptsTestExecutionListener@3ad2883a, org.springframework.test.context.event.EventPublishingTestExecutionListener@5814b4fb, org.springframework.boot.test.mock.mockito.ResetMocksTestExecutionListener@3aca2579, org.springframework.boot.test.autoconfigure.restdocs.RestDocsTestExecutionListener@4ba13fed, org.springframework.boot.test.autoconfigure.web.client.MockRestServiceServerResetTestExecutionListener@651cedfb, org.springframework.boot.test.autoconfigure.web.servlet.MockMvcPrintOnlyOnFailureTestExecutionListener@18d22ecf, org.springframework.boot.test.autoconfigure.web.servlet.WebDriverTestExecutionListener@73d83141, org.springframework.boot.test.autoconfigure.webservices.client.MockWebServiceServerTestExecutionListener@31443680]
2025-04-29 23:35:39,627 INFO o.s.b.StartupInfoLogger {logStarting} [main] Starting MechanicControllerTests using Java 21 on DESKTOP-A2Q7539 with PID 1556 (started by 34618 in C:\Users\34618\Documents\2DAM Gdo. Superior\Acceso a datos 2DAM\hellospring)
2025-04-29 23:35:39,627 INFO o.s.b.SpringApplication {logStartupProfileInfo} [main] The following 1 profile is active: "test"
2025-04-29 23:35:40,551 INFO o.s.s.w.DefaultSecurityFilterChain {<init>} [main] Will secure any request with [org.springframework.security.web.session.DisableEncodeUrlFilter@495e8a3, org.springframework.security.web.context.request.async.WebAsyncManagerIntegrationFilter@6a7aa675, org.springframework.security.web.context.SecurityContextPersistenceFilter@18dbc1b, org.springframework.security.web.header.HeaderWriterFilter@74badf19, org.springframework.security.web.authentication.logout.LogoutFilter@22ff11ef, org.springframework.security.web.savedrequest.RequestCacheAwareFilter@2a510e0e, org.springframework.security.web.servletapi.SecurityContextHolderAwareRequestFilter@8315e4a, org.springframework.security.web.authentication.AnonymousAuthenticationFilter@6eded11a, org.springframework.security.web.session.SessionManagementFilter@59b3f754, org.springframework.security.web.access.ExceptionTranslationFilter@499c4d61, org.springframework.security.web.access.intercept.FilterSecurityInterceptor@66dd04e2]
2025-04-29 23:35:41,474 INFO o.s.m.w.MockServletContext {log} [main] Initializing Spring TestDispatcherServlet ''
2025-04-29 23:35:41,477 INFO o.s.w.s.FrameworkServlet {initServletBean} [main] Initializing Servlet ''
2025-04-29 23:35:41,480 INFO o.s.w.s.FrameworkServlet {initServletBean} [main] Completed initialization in 1 ms
2025-04-29 23:35:41,513 INFO o.s.b.StartupInfoLogger {logStarted} [main] Started MechanicControllerTests in 1.998 seconds (JVM running for 13.103)
2025-04-29 23:35:41,535 INFO c.s.a.c.MechanicController {filtermechanics} [main] BEGIN getAll
2025-04-29 23:35:41,538 INFO c.s.a.c.MechanicController {filtermechanics} [main] END getAll
2025-04-29 23:35:41,591 INFO c.s.a.c.MechanicController {modifyMechanic} [main] BEGIN modifyMechanic
2025-04-29 23:35:41,594 INFO c.s.a.c.MechanicController {modifyMechanic} [main] END modifyMechanic
2025-04-29 23:35:41,613 INFO c.s.a.c.MechanicController {filtermechanics} [main] BEGIN getAll
2025-04-29 23:35:41,616 INFO c.s.a.c.MechanicController {filtermechanics} [main] END getAll
2025-04-29 23:35:41,635 INFO c.s.a.c.MechanicController {getMechanic} [main] BEGIN getMechanic
2025-04-29 23:35:41,663 INFO c.s.a.c.MechanicController {filtermechanics} [main] BEGIN getAll
2025-04-29 23:35:41,666 INFO c.s.a.c.MechanicController {filtermechanics} [main] END getAll
2025-04-29 23:35:41,683 INFO c.s.a.c.MechanicController {removeMechanic} [main] BEGIN removeMechanic
2025-04-29 23:35:41,686 INFO c.s.a.c.MechanicController {removeMechanic} [main] END removeMechanic
2025-04-29 23:35:41,736 INFO c.s.a.c.MechanicController {addMechanic} [main] BEGIN addMechanic
2025-04-29 23:35:41,738 INFO c.s.a.c.MechanicController {addMechanic} [main] END addMechanic
2025-04-29 23:35:41,752 INFO c.s.a.c.MechanicController {getMechanic} [main] BEGIN getMechanic
2025-04-29 23:35:41,754 INFO c.s.a.c.MechanicController {getMechanic} [main] END getMechanic
2025-04-29 23:35:41,778 INFO c.s.a.c.MechanicController {modifyMechanic} [main] BEGIN modifyMechanic
2025-04-29 23:35:41,795 INFO c.s.a.c.MechanicController {filtermechanics} [main] BEGIN getAll
2025-04-29 23:35:41,799 INFO c.s.a.c.MechanicController {filtermechanics} [main] END getAll
2025-04-29 23:35:41,813 INFO c.s.a.c.MechanicController {removeMechanic} [main] BEGIN removeMechanic
2025-04-29 23:35:41,831 INFO c.s.a.c.MechanicController {filtermechanics} [main] BEGIN getAll
2025-04-29 23:35:41,834 INFO c.s.a.c.MechanicController {filtermechanics} [main] END getAll
2025-04-29 23:35:42,034 INFO o.s.t.c.s.AbstractTestContextBootstrapper {buildDefaultMergedContextConfiguration} [main] Neither @ContextConfiguration nor @ContextHierarchy found for test class [com.svalero.apibikes.UserControllerTests], using SpringBootContextLoader
2025-04-29 23:35:42,036 INFO o.s.t.c.s.AbstractContextLoader {generateDefaultLocations} [main] Could not detect default resource locations for test class [com.svalero.apibikes.UserControllerTests]: no resource found for suffixes {-context.xml, Context.groovy}.
2025-04-29 23:35:42,037 INFO o.s.t.c.s.AnnotationConfigContextLoaderUtils {detectDefaultConfigurationClasses} [main] Could not detect default configuration classes for test class [com.svalero.apibikes.UserControllerTests]: UserControllerTests does not declare any static, non-private, non-final, nested classes annotated with @Configuration.
2025-04-29 23:35:42,054 INFO o.s.b.t.c.SpringBootTestContextBootstrapper {getOrFindConfigurationClasses} [main] Found @SpringBootConfiguration com.svalero.apibikes.HellospringApplication for test class com.svalero.apibikes.UserControllerTests
2025-04-29 23:35:42,059 INFO o.s.t.c.s.AbstractTestContextBootstrapper {getDefaultTestExecutionListenerClassNames} [main] Loaded default TestExecutionListener class names from location [META-INF/spring.factories]: [org.springframework.boot.test.mock.mockito.MockitoTestExecutionListener, org.springframework.boot.test.mock.mockito.ResetMocksTestExecutionListener, org.springframework.boot.test.autoconfigure.restdocs.RestDocsTestExecutionListener, org.springframework.boot.test.autoconfigure.web.client.MockRestServiceServerResetTestExecutionListener, org.springframework.boot.test.autoconfigure.web.servlet.MockMvcPrintOnlyOnFailureTestExecutionListener, org.springframework.boot.test.autoconfigure.web.servlet.WebDriverTestExecutionListener, org.springframework.boot.test.autoconfigure.webservices.client.MockWebServiceServerTestExecutionListener, org.springframework.test.context.web.ServletTestExecutionListener, org.springframework.test.context.support.DirtiesContextBeforeModesTestExecutionListener, org.springframework.test.context.event.ApplicationEventsTestExecutionListener, org.springframework.test.context.support.DependencyInjectionTestExecutionListener, org.springframework.test.context.support.DirtiesContextTestExecutionListener, org.springframework.test.context.transaction.TransactionalTestExecutionListener, org.springframework.test.context.jdbc.SqlScriptsTestExecutionListener, org.springframework.test.context.event.EventPublishingTestExecutionListener]
2025-04-29 23:35:42,060 INFO o.s.t.c.s.AbstractTestContextBootstrapper {getTestExecutionListeners} [main] Using TestExecutionListeners: [org.springframework.test.context.web.ServletTestExecutionListener@62808e9e, org.springframework.test.context.support.DirtiesContextBeforeModesTestExecutionListener@58b03029, org.springframework.test.context.event.ApplicationEventsTestExecutionListener@539dd2d0, org.springframework.boot.test.mock.mockito.MockitoTestExecutionListener@3428420d, org.springframework.boot.test.autoconfigure.SpringBootDependencyInjectionTestExecutionListener@523ade68, org.springframework.test.context.support.DirtiesContextTestExecutionListener@b529d7e, org.springframework.test.context.transaction.TransactionalTestExecutionListener@3664c596, org.springframework.test.context.jdbc.SqlScriptsTestExecutionListener@40aad17d, org.springframework.test.context.event.EventPublishingTestExecutionListener@44e79e9e, org.springframework.boot.test.mock.mockito.ResetMocksTestExecutionListener@5bc14211, org.springframework.boot.test.autoconfigure.restdocs.RestDocsTestExecutionListener@4b99648a, org.springframework.boot.test.autoconfigure.web.client.MockRestServiceServerResetTestExecutionListener@5d2e65bd, org.springframework.boot.test.autoconfigure.web.servlet.MockMvcPrintOnlyOnFailureTestExecutionListener@254513e8, org.springframework.boot.test.autoconfigure.web.servlet.WebDriverTestExecutionListener@74450c9b, org.springframework.boot.test.autoconfigure.webservices.client.MockWebServiceServerTestExecutionListener@74f89bad]
2025-04-29 23:35:42,134 INFO o.s.b.StartupInfoLogger {logStarting} [main] Starting UserControllerTests using Java 21 on DESKTOP-A2Q7539 with PID 1556 (started by 34618 in C:\Users\34618\Documents\2DAM Gdo. Superior\Acceso a datos 2DAM\hellospring)
2025-04-29 23:35:42,135 INFO o.s.b.SpringApplication {logStartupProfileInfo} [main] The following 1 profile is active: "test"
2025-04-29 23:35:42,923 INFO o.s.s.w.DefaultSecurityFilterChain {<init>} [main] Will secure any request with [org.springframework.security.web.session.DisableEncodeUrlFilter@53c40ed6, org.springframework.security.web.context.request.async.WebAsyncManagerIntegrationFilter@3a6b94b6, org.springframework.security.web.context.SecurityContextPersistenceFilter@79e16dd9, org.springframework.security.web.header.HeaderWriterFilter@5e3405a1, org.springframework.security.web.authentication.logout.LogoutFilter@e2f6e13, org.springframework.security.web.savedrequest.RequestCacheAwareFilter@5fa9247b, org.springframework.security.web.servletapi.SecurityContextHolderAwareRequestFilter@21ce3b22, org.springframework.security.web.authentication.AnonymousAuthenticationFilter@22ee7fdc, org.springframework.security.web.session.SessionManagementFilter@22bfd4b, org.springframework.security.web.access.ExceptionTranslationFilter@7aab98b6, org.springframework.security.web.access.intercept.FilterSecurityInterceptor@533d7c61]
2025-04-29 23:35:43,311 INFO o.s.m.w.MockServletContext {log} [main] Initializing Spring TestDispatcherServlet ''
2025-04-29 23:35:43,312 INFO o.s.w.s.FrameworkServlet {initServletBean} [main] Initializing Servlet ''
2025-04-29 23:35:43,313 INFO o.s.w.s.FrameworkServlet {initServletBean} [main] Completed initialization in 1 ms
2025-04-29 23:35:43,337 INFO o.s.b.StartupInfoLogger {logStarted} [main] Started UserControllerTests in 1.27 seconds (JVM running for 14.927)
2025-04-29 23:35:43,351 INFO c.s.a.c.UserController {getUser} [main] BEGIN getUser
2025-04-29 23:35:43,362 INFO c.s.a.c.UserController {filterusers} [main] BEGIN getAll
2025-04-29 23:35:43,363 INFO c.s.a.c.UserController {filterusers} [main] END getAll
2025-04-29 23:35:43,400 INFO c.s.a.c.UserController {filterusers} [main] BEGIN getAll
2025-04-29 23:35:43,400 INFO c.s.a.c.UserController {filterusers} [main] END getAll
2025-04-29 23:35:43,411 INFO c.s.a.c.UserController {filterusers} [main] BEGIN getAll
2025-04-29 23:35:43,412 INFO c.s.a.c.UserController {filterusers} [main] END getAll
2025-04-29 23:35:43,434 INFO c.s.a.c.UserController {removeUser} [main] BEGIN removeUser
2025-04-29 23:35:43,435 INFO c.s.a.c.UserController {removeUser} [main] END removeUser
2025-04-29 23:35:43,444 INFO c.s.a.c.UserController {getUser} [main] BEGIN getUser
2025-04-29 23:35:43,446 INFO c.s.a.c.UserController {getUser} [main] END getUser
2025-04-29 23:35:43,465 INFO c.s.a.c.UserController {modifyUser} [main] BEGIN modifyUser
2025-04-29 23:35:43,473 INFO c.s.a.c.UserController {filterusers} [main] BEGIN getAll
2025-04-29 23:35:43,473 INFO c.s.a.c.UserController {filterusers} [main] END getAll
2025-04-29 23:35:43,479 INFO c.s.a.c.UserController {filterusers} [main] BEGIN getAll
2025-04-29 23:35:43,480 INFO c.s.a.c.UserController {filterusers} [main] END getAll
2025-04-29 23:35:43,489 INFO c.s.a.c.UserController {modifyUser} [main] BEGIN modifyUser
2025-04-29 23:35:43,490 INFO c.s.a.c.UserController {modifyUser} [main] END modifyUser
2025-04-29 23:35:43,496 INFO c.s.a.c.UserController {removeUser} [main] BEGIN removeUser
