2025-05-01 00:01:03,508 INFO o.h.v.i.u.Version {<clinit>} [background-preinit] HV000001: Hibernate Validator 6.2.5.Final
2025-05-01 00:01:03,527 INFO o.s.b.StartupInfoLogger {logStarting} [main] Starting BikeControllerTests using Java 21 on DESKTOP-A2Q7539 with PID 5928 (started by 34618 in C:\Users\34618\Documents\2DAM Gdo. Superior\Acceso a datos 2DAM\hellospring)
2025-05-01 00:01:03,530 INFO o.s.b.SpringApplication {logStartupProfileInfo} [main] The following 1 profile is active: "test"
2025-05-01 00:01:08,168 INFO o.s.s.w.DefaultSecurityFilterChain {<init>} [main] Will secure any request with [org.springframework.security.web.session.DisableEncodeUrlFilter@4f114b, org.springframework.security.web.context.request.async.WebAsyncManagerIntegrationFilter@257f30f7, org.springframework.security.web.context.SecurityContextPersistenceFilter@46a123e4, org.springframework.security.web.header.HeaderWriterFilter@5e599100, org.springframework.security.web.authentication.logout.LogoutFilter@22d477c2, org.springframework.security.web.savedrequest.RequestCacheAwareFilter@7558c24b, org.springframework.security.web.servletapi.SecurityContextHolderAwareRequestFilter@3a296107, org.springframework.security.web.authentication.AnonymousAuthenticationFilter@3fde2209, org.springframework.security.web.session.SessionManagementFilter@551be9f6, org.springframework.security.web.access.ExceptionTranslationFilter@626b639e, org.springframework.security.web.access.intercept.FilterSecurityInterceptor@29d25e65]
2025-05-01 00:01:09,482 INFO o.s.m.w.MockServletContext {log} [main] Initializing Spring TestDispatcherServlet ''
2025-05-01 00:01:09,483 INFO o.s.w.s.FrameworkServlet {initServletBean} [main] Initializing Servlet ''
2025-05-01 00:01:09,486 INFO o.s.w.s.FrameworkServlet {initServletBean} [main] Completed initialization in 2 ms
2025-05-01 00:01:09,545 INFO o.s.b.StartupInfoLogger {logStarted} [main] Started BikeControllerTests in 6.773 seconds (JVM running for 9.761)
2025-05-01 00:01:09,798 INFO c.s.a.c.BikeController {filterBikes} [main] Filtrando bicicletas con parámetros: brand=, model=Alma, color=
2025-05-01 00:01:09,824 INFO c.s.a.c.BikeController {filterBikes} [main] Operación completada: Se obtuvieron 1 bicicletas filtradas
2025-05-01 00:01:10,020 INFO c.s.a.c.BikeController {filterBikes} [main] Filtrando bicicletas con parámetros: brand=Orbea, model=Alma, color=green
2025-05-01 00:01:10,022 INFO c.s.a.c.BikeController {filterBikes} [main] Operación completada: Se obtuvieron 1 bicicletas filtradas
2025-05-01 00:01:10,258 INFO c.s.a.c.BikeController {addBike} [main] BEGIN addBike
2025-05-01 00:01:10,325 INFO c.s.a.c.BikeController {filterBikes} [main] Filtrando bicicletas con parámetros: brand=Orbea, model=, color=
2025-05-01 00:01:10,329 INFO c.s.a.c.BikeController {filterBikes} [main] Operación completada: Se obtuvieron 2 bicicletas filtradas
2025-05-01 00:01:10,354 INFO c.s.a.c.BikeController {addBike} [main] BEGIN addBike
2025-05-01 00:01:10,358 INFO c.s.a.c.BikeController {addBike} [main] END addBike
2025-05-01 00:01:10,504 INFO c.s.a.c.BikeController {filterBikes} [main] Filtrando bicicletas con parámetros: brand=, model=, color=
2025-05-01 00:01:10,507 INFO c.s.a.c.BikeController {filterBikes} [main] Operación completada: Se obtuvieron 3 bicicletas filtradas
2025-05-01 00:01:10,531 INFO c.s.a.c.BikeController {filterBikes} [main] Filtrando bicicletas con parámetros: brand=, model=, color=green
2025-05-01 00:01:10,531 INFO c.s.a.c.BikeController {filterBikes} [main] Operación completada: Se obtuvieron 1 bicicletas filtradas
2025-05-01 00:01:10,559 INFO c.s.a.c.BikeController {getBike} [main] BEGIN getBike
2025-05-01 00:01:10,563 INFO c.s.a.c.BikeController {getBike} [main] END getBike
2025-05-01 00:01:10,661 INFO c.s.a.c.BikeController {removeBike} [main] BEGIN removeBike
2025-05-01 00:01:10,664 INFO c.s.a.c.BikeController {removeBike} [main] END removeBike
2025-05-01 00:01:10,698 INFO c.s.a.c.BikeController {modifyBike} [main] BEGIN modifyBike
2025-05-01 00:01:10,782 INFO c.s.a.c.BikeController {modifyBike} [main] BEGIN modifyBike
2025-05-01 00:01:10,787 INFO c.s.a.c.BikeController {modifyBike} [main] END modifyBike
2025-05-01 00:01:10,813 INFO c.s.a.c.BikeController {removeBike} [main] BEGIN removeBike
2025-05-01 00:01:10,833 INFO c.s.a.c.BikeController {getBike} [main] BEGIN getBike
2025-05-01 00:01:11,505 INFO o.s.t.c.s.AbstractTestContextBootstrapper {buildDefaultMergedContextConfiguration} [main] Neither @ContextConfiguration nor @ContextHierarchy found for test class [com.svalero.apibikes.MechanicControllerTests], using SpringBootContextLoader
2025-05-01 00:01:11,509 INFO o.s.t.c.s.AbstractContextLoader {generateDefaultLocations} [main] Could not detect default resource locations for test class [com.svalero.apibikes.MechanicControllerTests]: no resource found for suffixes {-context.xml, Context.groovy}.
2025-05-01 00:01:11,509 INFO o.s.t.c.s.AnnotationConfigContextLoaderUtils {detectDefaultConfigurationClasses} [main] Could not detect default configuration classes for test class [com.svalero.apibikes.MechanicControllerTests]: MechanicControllerTests does not declare any static, non-private, non-final, nested classes annotated with @Configuration.
2025-05-01 00:01:11,549 INFO o.s.b.t.c.SpringBootTestContextBootstrapper {getOrFindConfigurationClasses} [main] Found @SpringBootConfiguration com.svalero.apibikes.HellospringApplication for test class com.svalero.apibikes.MechanicControllerTests
2025-05-01 00:01:11,552 INFO o.s.t.c.s.AbstractTestContextBootstrapper {getDefaultTestExecutionListenerClassNames} [main] Loaded default TestExecutionListener class names from location [META-INF/spring.factories]: [org.springframework.boot.test.mock.mockito.MockitoTestExecutionListener, org.springframework.boot.test.mock.mockito.ResetMocksTestExecutionListener, org.springframework.boot.test.autoconfigure.restdocs.RestDocsTestExecutionListener, org.springframework.boot.test.autoconfigure.web.client.MockRestServiceServerResetTestExecutionListener, org.springframework.boot.test.autoconfigure.web.servlet.MockMvcPrintOnlyOnFailureTestExecutionListener, org.springframework.boot.test.autoconfigure.web.servlet.WebDriverTestExecutionListener, org.springframework.boot.test.autoconfigure.webservices.client.MockWebServiceServerTestExecutionListener, org.springframework.test.context.web.ServletTestExecutionListener, org.springframework.test.context.support.DirtiesContextBeforeModesTestExecutionListener, org.springframework.test.context.event.ApplicationEventsTestExecutionListener, org.springframework.test.context.support.DependencyInjectionTestExecutionListener, org.springframework.test.context.support.DirtiesContextTestExecutionListener, org.springframework.test.context.transaction.TransactionalTestExecutionListener, org.springframework.test.context.jdbc.SqlScriptsTestExecutionListener, org.springframework.test.context.event.EventPublishingTestExecutionListener]
2025-05-01 00:01:11,554 INFO o.s.t.c.s.AbstractTestContextBootstrapper {getTestExecutionListeners} [main] Using TestExecutionListeners: [org.springframework.test.context.web.ServletTestExecutionListener@735988cf, org.springframework.test.context.support.DirtiesContextBeforeModesTestExecutionListener@2d3eecda, org.springframework.test.context.event.ApplicationEventsTestExecutionListener@236a4d30, org.springframework.boot.test.mock.mockito.MockitoTestExecutionListener@736788b, org.springframework.boot.test.autoconfigure.SpringBootDependencyInjectionTestExecutionListener@38968752, org.springframework.test.context.support.DirtiesContextTestExecutionListener@6294e4a6, org.springframework.test.context.transaction.TransactionalTestExecutionListener@13662609, org.springframework.test.context.jdbc.SqlScriptsTestExecutionListener@27a0e6ce, org.springframework.test.context.event.EventPublishingTestExecutionListener@2b80497f, org.springframework.boot.test.mock.mockito.ResetMocksTestExecutionListener@6ef4297d, org.springframework.boot.test.autoconfigure.restdocs.RestDocsTestExecutionListener@4c000cc4, org.springframework.boot.test.autoconfigure.web.client.MockRestServiceServerResetTestExecutionListener@6c36051c, org.springframework.boot.test.autoconfigure.web.servlet.MockMvcPrintOnlyOnFailureTestExecutionListener@45d46254, org.springframework.boot.test.autoconfigure.web.servlet.WebDriverTestExecutionListener@a240452, org.springframework.boot.test.autoconfigure.webservices.client.MockWebServiceServerTestExecutionListener@460e5ffe]
2025-05-01 00:01:11,698 INFO o.s.b.StartupInfoLogger {logStarting} [main] Starting MechanicControllerTests using Java 21 on DESKTOP-A2Q7539 with PID 5928 (started by 34618 in C:\Users\34618\Documents\2DAM Gdo. Superior\Acceso a datos 2DAM\hellospring)
2025-05-01 00:01:11,699 INFO o.s.b.SpringApplication {logStartupProfileInfo} [main] The following 1 profile is active: "test"
2025-05-01 00:01:12,774 INFO o.s.s.w.DefaultSecurityFilterChain {<init>} [main] Will secure any request with [org.springframework.security.web.session.DisableEncodeUrlFilter@57afe44b, org.springframework.security.web.context.request.async.WebAsyncManagerIntegrationFilter@18887028, org.springframework.security.web.context.SecurityContextPersistenceFilter@77a85e76, org.springframework.security.web.header.HeaderWriterFilter@99223ac, org.springframework.security.web.authentication.logout.LogoutFilter@36a1fd20, org.springframework.security.web.savedrequest.RequestCacheAwareFilter@2cebf82f, org.springframework.security.web.servletapi.SecurityContextHolderAwareRequestFilter@34fc315d, org.springframework.security.web.authentication.AnonymousAuthenticationFilter@28f8ce2e, org.springframework.security.web.session.SessionManagementFilter@4a5fab78, org.springframework.security.web.access.ExceptionTranslationFilter@399c408c, org.springframework.security.web.access.intercept.FilterSecurityInterceptor@505a8582]
2025-05-01 00:01:13,681 INFO o.s.m.w.MockServletContext {log} [main] Initializing Spring TestDispatcherServlet ''
2025-05-01 00:01:13,682 INFO o.s.w.s.FrameworkServlet {initServletBean} [main] Initializing Servlet ''
2025-05-01 00:01:13,683 INFO o.s.w.s.FrameworkServlet {initServletBean} [main] Completed initialization in 1 ms
2025-05-01 00:01:13,703 INFO o.s.b.StartupInfoLogger {logStarted} [main] Started MechanicControllerTests in 2.142 seconds (JVM running for 13.919)
2025-05-01 00:01:13,717 INFO c.s.a.c.MechanicController {filtermechanics} [main] BEGIN getAll
2025-05-01 00:01:13,718 INFO c.s.a.c.MechanicController {filtermechanics} [main] END getAll
2025-05-01 00:01:13,755 INFO c.s.a.c.MechanicController {modifyMechanic} [main] BEGIN modifyMechanic
2025-05-01 00:01:13,757 INFO c.s.a.c.MechanicController {modifyMechanic} [main] END modifyMechanic
2025-05-01 00:01:13,768 INFO c.s.a.c.MechanicController {filtermechanics} [main] BEGIN getAll
2025-05-01 00:01:13,768 INFO c.s.a.c.MechanicController {filtermechanics} [main] END getAll
2025-05-01 00:01:13,783 INFO c.s.a.c.MechanicController {getMechanic} [main] BEGIN getMechanic
2025-05-01 00:01:13,797 INFO c.s.a.c.MechanicController {filtermechanics} [main] BEGIN getAll
2025-05-01 00:01:13,798 INFO c.s.a.c.MechanicController {filtermechanics} [main] END getAll
2025-05-01 00:01:13,806 INFO c.s.a.c.MechanicController {removeMechanic} [main] BEGIN removeMechanic
2025-05-01 00:01:13,808 INFO c.s.a.c.MechanicController {removeMechanic} [main] END removeMechanic
2025-05-01 00:01:13,838 INFO c.s.a.c.MechanicController {addMechanic} [main] BEGIN addMechanic
2025-05-01 00:01:13,838 INFO c.s.a.c.MechanicController {addMechanic} [main] END addMechanic
2025-05-01 00:01:13,847 INFO c.s.a.c.MechanicController {getMechanic} [main] BEGIN getMechanic
2025-05-01 00:01:13,859 INFO c.s.a.c.MechanicController {getMechanic} [main] END getMechanic
2025-05-01 00:01:13,872 INFO c.s.a.c.MechanicController {modifyMechanic} [main] BEGIN modifyMechanic
2025-05-01 00:01:13,884 INFO c.s.a.c.MechanicController {filtermechanics} [main] BEGIN getAll
2025-05-01 00:01:13,885 INFO c.s.a.c.MechanicController {filtermechanics} [main] END getAll
2025-05-01 00:01:13,892 INFO c.s.a.c.MechanicController {removeMechanic} [main] BEGIN removeMechanic
2025-05-01 00:01:13,902 INFO c.s.a.c.MechanicController {filtermechanics} [main] BEGIN getAll
2025-05-01 00:01:13,903 INFO c.s.a.c.MechanicController {filtermechanics} [main] END getAll
2025-05-01 00:01:14,119 INFO o.s.t.c.s.AbstractTestContextBootstrapper {buildDefaultMergedContextConfiguration} [main] Neither @ContextConfiguration nor @ContextHierarchy found for test class [com.svalero.apibikes.UserControllerTests], using SpringBootContextLoader
2025-05-01 00:01:14,121 INFO o.s.t.c.s.AbstractContextLoader {generateDefaultLocations} [main] Could not detect default resource locations for test class [com.svalero.apibikes.UserControllerTests]: no resource found for suffixes {-context.xml, Context.groovy}.
2025-05-01 00:01:14,121 INFO o.s.t.c.s.AnnotationConfigContextLoaderUtils {detectDefaultConfigurationClasses} [main] Could not detect default configuration classes for test class [com.svalero.apibikes.UserControllerTests]: UserControllerTests does not declare any static, non-private, non-final, nested classes annotated with @Configuration.
2025-05-01 00:01:14,134 INFO o.s.b.t.c.SpringBootTestContextBootstrapper {getOrFindConfigurationClasses} [main] Found @SpringBootConfiguration com.svalero.apibikes.HellospringApplication for test class com.svalero.apibikes.UserControllerTests
2025-05-01 00:01:14,136 INFO o.s.t.c.s.AbstractTestContextBootstrapper {getDefaultTestExecutionListenerClassNames} [main] Loaded default TestExecutionListener class names from location [META-INF/spring.factories]: [org.springframework.boot.test.mock.mockito.MockitoTestExecutionListener, org.springframework.boot.test.mock.mockito.ResetMocksTestExecutionListener, org.springframework.boot.test.autoconfigure.restdocs.RestDocsTestExecutionListener, org.springframework.boot.test.autoconfigure.web.client.MockRestServiceServerResetTestExecutionListener, org.springframework.boot.test.autoconfigure.web.servlet.MockMvcPrintOnlyOnFailureTestExecutionListener, org.springframework.boot.test.autoconfigure.web.servlet.WebDriverTestExecutionListener, org.springframework.boot.test.autoconfigure.webservices.client.MockWebServiceServerTestExecutionListener, org.springframework.test.context.web.ServletTestExecutionListener, org.springframework.test.context.support.DirtiesContextBeforeModesTestExecutionListener, org.springframework.test.context.event.ApplicationEventsTestExecutionListener, org.springframework.test.context.support.DependencyInjectionTestExecutionListener, org.springframework.test.context.support.DirtiesContextTestExecutionListener, org.springframework.test.context.transaction.TransactionalTestExecutionListener, org.springframework.test.context.jdbc.SqlScriptsTestExecutionListener, org.springframework.test.context.event.EventPublishingTestExecutionListener]
2025-05-01 00:01:14,139 INFO o.s.t.c.s.AbstractTestContextBootstrapper {getTestExecutionListeners} [main] Using TestExecutionListeners: [org.springframework.test.context.web.ServletTestExecutionListener@37ade216, org.springframework.test.context.support.DirtiesContextBeforeModesTestExecutionListener@118e2487, org.springframework.test.context.event.ApplicationEventsTestExecutionListener@6032622, org.springframework.boot.test.mock.mockito.MockitoTestExecutionListener@5cc075da, org.springframework.boot.test.autoconfigure.SpringBootDependencyInjectionTestExecutionListener@4258106, org.springframework.test.context.support.DirtiesContextTestExecutionListener@64ef2719, org.springframework.test.context.transaction.TransactionalTestExecutionListener@7b423f90, org.springframework.test.context.jdbc.SqlScriptsTestExecutionListener@24f3fb87, org.springframework.test.context.event.EventPublishingTestExecutionListener@c7673ae, org.springframework.boot.test.mock.mockito.ResetMocksTestExecutionListener@113c4ad6, org.springframework.boot.test.autoconfigure.restdocs.RestDocsTestExecutionListener@7be859de, org.springframework.boot.test.autoconfigure.web.client.MockRestServiceServerResetTestExecutionListener@40fcaae7, org.springframework.boot.test.autoconfigure.web.servlet.MockMvcPrintOnlyOnFailureTestExecutionListener@7fa85a55, org.springframework.boot.test.autoconfigure.web.servlet.WebDriverTestExecutionListener@cb1c58c, org.springframework.boot.test.autoconfigure.webservices.client.MockWebServiceServerTestExecutionListener@352e4b6d]
2025-05-01 00:01:14,186 INFO o.s.b.StartupInfoLogger {logStarting} [main] Starting UserControllerTests using Java 21 on DESKTOP-A2Q7539 with PID 5928 (started by 34618 in C:\Users\34618\Documents\2DAM Gdo. Superior\Acceso a datos 2DAM\hellospring)
2025-05-01 00:01:14,187 INFO o.s.b.SpringApplication {logStartupProfileInfo} [main] The following 1 profile is active: "test"
2025-05-01 00:01:14,638 INFO o.s.s.w.DefaultSecurityFilterChain {<init>} [main] Will secure any request with [org.springframework.security.web.session.DisableEncodeUrlFilter@34647f58, org.springframework.security.web.context.request.async.WebAsyncManagerIntegrationFilter@14b96c1e, org.springframework.security.web.context.SecurityContextPersistenceFilter@59282dc6, org.springframework.security.web.header.HeaderWriterFilter@593f7d2e, org.springframework.security.web.authentication.logout.LogoutFilter@6371c5ec, org.springframework.security.web.savedrequest.RequestCacheAwareFilter@603b9d4b, org.springframework.security.web.servletapi.SecurityContextHolderAwareRequestFilter@42cf5a6f, org.springframework.security.web.authentication.AnonymousAuthenticationFilter@229514ff, org.springframework.security.web.session.SessionManagementFilter@6e8aea7e, org.springframework.security.web.access.ExceptionTranslationFilter@767d9b9, org.springframework.security.web.access.intercept.FilterSecurityInterceptor@da9374c]
2025-05-01 00:01:15,092 INFO o.s.m.w.MockServletContext {log} [main] Initializing Spring TestDispatcherServlet ''
2025-05-01 00:01:15,093 INFO o.s.w.s.FrameworkServlet {initServletBean} [main] Initializing Servlet ''
2025-05-01 00:01:15,096 INFO o.s.w.s.FrameworkServlet {initServletBean} [main] Completed initialization in 2 ms
2025-05-01 00:01:15,118 INFO o.s.b.StartupInfoLogger {logStarted} [main] Started UserControllerTests in 0.976 seconds (JVM running for 15.335)
2025-05-01 00:01:15,131 INFO c.s.a.c.UserController {getUser} [main] BEGIN getUser
2025-05-01 00:01:15,144 INFO c.s.a.c.UserController {filterusers} [main] BEGIN getAll
2025-05-01 00:01:15,144 INFO c.s.a.c.UserController {filterusers} [main] END getAll
2025-05-01 00:01:15,189 INFO c.s.a.c.UserController {filterusers} [main] BEGIN getAll
2025-05-01 00:01:15,191 INFO c.s.a.c.UserController {filterusers} [main] END getAll
2025-05-01 00:01:15,200 INFO c.s.a.c.UserController {filterusers} [main] BEGIN getAll
2025-05-01 00:01:15,201 INFO c.s.a.c.UserController {filterusers} [main] END getAll
2025-05-01 00:01:15,226 INFO c.s.a.c.UserController {removeUser} [main] BEGIN removeUser
2025-05-01 00:01:15,227 INFO c.s.a.c.UserController {removeUser} [main] END removeUser
2025-05-01 00:01:15,237 INFO c.s.a.c.UserController {getUser} [main] BEGIN getUser
2025-05-01 00:01:15,239 INFO c.s.a.c.UserController {getUser} [main] END getUser
2025-05-01 00:01:15,264 INFO c.s.a.c.UserController {modifyUser} [main] BEGIN modifyUser
2025-05-01 00:01:15,273 INFO c.s.a.c.UserController {filterusers} [main] BEGIN getAll
2025-05-01 00:01:15,276 INFO c.s.a.c.UserController {filterusers} [main] END getAll
2025-05-01 00:01:15,288 INFO c.s.a.c.UserController {filterusers} [main] BEGIN getAll
2025-05-01 00:01:15,289 INFO c.s.a.c.UserController {filterusers} [main] END getAll
2025-05-01 00:01:15,301 INFO c.s.a.c.UserController {modifyUser} [main] BEGIN modifyUser
2025-05-01 00:01:15,302 INFO c.s.a.c.UserController {modifyUser} [main] END modifyUser
2025-05-01 00:01:15,311 INFO c.s.a.c.UserController {removeUser} [main] BEGIN removeUser
2025-05-01 00:01:15,405 INFO o.s.t.c.s.AbstractTestContextBootstrapper {buildDefaultMergedContextConfiguration} [main] Neither @ContextConfiguration nor @ContextHierarchy found for test class [com.svalero.apibikes.WorkShopControllerTests], using SpringBootContextLoader
2025-05-01 00:01:15,406 INFO o.s.t.c.s.AbstractContextLoader {generateDefaultLocations} [main] Could not detect default resource locations for test class [com.svalero.apibikes.WorkShopControllerTests]: no resource found for suffixes {-context.xml, Context.groovy}.
2025-05-01 00:01:15,407 INFO o.s.t.c.s.AnnotationConfigContextLoaderUtils {detectDefaultConfigurationClasses} [main] Could not detect default configuration classes for test class [com.svalero.apibikes.WorkShopControllerTests]: WorkShopControllerTests does not declare any static, non-private, non-final, nested classes annotated with @Configuration.
2025-05-01 00:01:15,417 INFO o.s.b.t.c.SpringBootTestContextBootstrapper {getOrFindConfigurationClasses} [main] Found @SpringBootConfiguration com.svalero.apibikes.HellospringApplication for test class com.svalero.apibikes.WorkShopControllerTests
2025-05-01 00:01:15,418 INFO o.s.t.c.s.AbstractTestContextBootstrapper {getDefaultTestExecutionListenerClassNames} [main] Loaded default TestExecutionListener class names from location [META-INF/spring.factories]: [org.springframework.boot.test.mock.mockito.MockitoTestExecutionListener, org.springframework.boot.test.mock.mockito.ResetMocksTestExecutionListener, org.springframework.boot.test.autoconfigure.restdocs.RestDocsTestExecutionListener, org.springframework.boot.test.autoconfigure.web.client.MockRestServiceServerResetTestExecutionListener, org.springframework.boot.test.autoconfigure.web.servlet.MockMvcPrintOnlyOnFailureTestExecutionListener, org.springframework.boot.test.autoconfigure.web.servlet.WebDriverTestExecutionListener, org.springframework.boot.test.autoconfigure.webservices.client.MockWebServiceServerTestExecutionListener, org.springframework.test.context.web.ServletTestExecutionListener, org.springframework.test.context.support.DirtiesContextBeforeModesTestExecutionListener, org.springframework.test.context.event.ApplicationEventsTestExecutionListener, org.springframework.test.context.support.DependencyInjectionTestExecutionListener, org.springframework.test.context.support.DirtiesContextTestExecutionListener, org.springframework.test.context.transaction.TransactionalTestExecutionListener, org.springframework.test.context.jdbc.SqlScriptsTestExecutionListener, org.springframework.test.context.event.EventPublishingTestExecutionListener]
2025-05-01 00:01:15,418 INFO o.s.t.c.s.AbstractTestContextBootstrapper {getTestExecutionListeners} [main] Using TestExecutionListeners: [org.springframework.test.context.web.ServletTestExecutionListener@687f62a5, org.springframework.test.context.support.DirtiesContextBeforeModesTestExecutionListener@7857cb1d, org.springframework.test.context.event.ApplicationEventsTestExecutionListener@7646c9f5, org.springframework.boot.test.mock.mockito.MockitoTestExecutionListener@7b54a0a4, org.springframework.boot.test.autoconfigure.SpringBootDependencyInjectionTestExecutionListener@682d9f21, org.springframework.test.context.support.DirtiesContextTestExecutionListener@2e64ae1a, org.springframework.test.context.transaction.TransactionalTestExecutionListener@6eadd342, org.springframework.test.context.jdbc.SqlScriptsTestExecutionListener@30a20fb3, org.springframework.test.context.event.EventPublishingTestExecutionListener@34f24a11, org.springframework.boot.test.mock.mockito.ResetMocksTestExecutionListener@3f6d36eb, org.springframework.boot.test.autoconfigure.restdocs.RestDocsTestExecutionListener@3f5ac587, org.springframework.boot.test.autoconfigure.web.client.MockRestServiceServerResetTestExecutionListener@1fa58a48, org.springframework.boot.test.autoconfigure.web.servlet.MockMvcPrintOnlyOnFailureTestExecutionListener@3921e96f, org.springframework.boot.test.autoconfigure.web.servlet.WebDriverTestExecutionListener@6fad5ace, org.springframework.boot.test.autoconfigure.webservices.client.MockWebServiceServerTestExecutionListener@632dc41]
2025-05-01 00:01:15,460 INFO o.s.b.StartupInfoLogger {logStarting} [main] Starting WorkShopControllerTests using Java 21 on DESKTOP-A2Q7539 with PID 5928 (started by 34618 in C:\Users\34618\Documents\2DAM Gdo. Superior\Acceso a datos 2DAM\hellospring)
2025-05-01 00:01:15,460 INFO o.s.b.SpringApplication {logStartupProfileInfo} [main] The following 1 profile is active: "test"
2025-05-01 00:01:15,898 INFO o.s.s.w.DefaultSecurityFilterChain {<init>} [main] Will secure any request with [org.springframework.security.web.session.DisableEncodeUrlFilter@77d3c3d7, org.springframework.security.web.context.request.async.WebAsyncManagerIntegrationFilter@4cefa0be, org.springframework.security.web.context.SecurityContextPersistenceFilter@43f7f48d, org.springframework.security.web.header.HeaderWriterFilter@7ae6927, org.springframework.security.web.authentication.logout.LogoutFilter@77307b51, org.springframework.security.web.savedrequest.RequestCacheAwareFilter@6d0a4a22, org.springframework.security.web.servletapi.SecurityContextHolderAwareRequestFilter@1999e1f5, org.springframework.security.web.authentication.AnonymousAuthenticationFilter@5a3be84, org.springframework.security.web.session.SessionManagementFilter@7d0df326, org.springframework.security.web.access.ExceptionTranslationFilter@5c7e55a4, org.springframework.security.web.access.intercept.FilterSecurityInterceptor@1cca2e9d]
2025-05-01 00:01:16,815 INFO o.s.m.w.MockServletContext {log} [main] Initializing Spring TestDispatcherServlet ''
2025-05-01 00:01:16,817 INFO o.s.w.s.FrameworkServlet {initServletBean} [main] Initializing Servlet ''
2025-05-01 00:01:16,820 INFO o.s.w.s.FrameworkServlet {initServletBean} [main] Completed initialization in 2 ms
2025-05-01 00:01:16,884 INFO o.s.b.StartupInfoLogger {logStarted} [main] Started WorkShopControllerTests in 1.461 seconds (JVM running for 17.1)
2025-05-01 00:01:16,989 INFO c.s.a.c.WorkShopController {modifyWorkShop} [main] BEGIN modifyWorkShop
2025-05-01 00:01:16,992 INFO c.s.a.c.WorkShopController {modifyWorkShop} [main] END modifyWorkShop
2025-05-01 00:01:17,010 INFO c.s.a.c.WorkShopController {getWorkShop} [main] BEGIN getWorkShop
2025-05-01 00:01:17,012 INFO c.s.a.c.WorkShopController {getWorkShop} [main] END getWorkShop
2025-05-01 00:01:17,035 INFO c.s.a.c.WorkShopController {filterworkshops} [main] BEGIN getAll
2025-05-01 00:01:17,037 INFO c.s.a.c.WorkShopController {filterworkshops} [main] END getAll
2025-05-01 00:01:17,051 INFO c.s.a.c.WorkShopController {filterworkshops} [main] BEGIN getAll
2025-05-01 00:01:17,053 INFO c.s.a.c.WorkShopController {filterworkshops} [main] END getAll
2025-05-01 00:01:17,064 INFO c.s.a.c.WorkShopController {removeWorkShop} [main] BEGIN removeWorkShop
2025-05-01 00:01:17,064 INFO c.s.a.c.WorkShopController {removeWorkShop} [main] END removeWorkShop
2025-05-01 00:01:17,082 INFO c.s.a.c.WorkShopController {filterworkshops} [main] BEGIN getAll
2025-05-01 00:01:17,084 INFO c.s.a.c.WorkShopController {filterworkshops} [main] END getAll
2025-05-01 00:01:17,102 INFO c.s.a.c.WorkShopController {modifyWorkShop} [main] BEGIN modifyWorkShop
2025-05-01 00:01:17,144 INFO c.s.a.c.WorkShopController {removeWorkShop} [main] BEGIN removeWorkShop
2025-05-01 00:01:17,157 INFO c.s.a.c.WorkShopController {filterworkshops} [main] BEGIN getAll
2025-05-01 00:01:17,159 INFO c.s.a.c.WorkShopController {filterworkshops} [main] END getAll
2025-05-01 00:01:17,187 INFO c.s.a.c.WorkShopController {getWorkShop} [main] BEGIN getWorkShop
2025-05-01 00:01:17,198 INFO c.s.a.c.WorkShopController {filterworkshops} [main] BEGIN getAll
2025-05-01 00:01:17,200 INFO c.s.a.c.WorkShopController {filterworkshops} [main] END getAll
2025-05-01 00:01:17,216 INFO c.s.a.c.WorkShopController {addWorkShop} [main] BEGIN addWorkShop
2025-05-01 00:01:17,218 INFO c.s.a.c.WorkShopController {addWorkShop} [main] END addWorkShop
2025-05-01 00:12:16,330 INFO o.h.v.i.u.Version {<clinit>} [background-preinit] HV000001: Hibernate Validator 6.2.5.Final
2025-05-01 00:12:16,330 INFO o.s.b.StartupInfoLogger {logStarting} [main] Starting BikeControllerTests using Java 21 on DESKTOP-A2Q7539 with PID 1996 (started by 34618 in C:\Users\34618\Documents\2DAM Gdo. Superior\Acceso a datos 2DAM\hellospring)
2025-05-01 00:12:16,337 INFO o.s.b.SpringApplication {logStartupProfileInfo} [main] The following 1 profile is active: "test"
2025-05-01 00:12:20,163 INFO o.s.s.w.DefaultSecurityFilterChain {<init>} [main] Will secure any request with [org.springframework.security.web.session.DisableEncodeUrlFilter@4f114b, org.springframework.security.web.context.request.async.WebAsyncManagerIntegrationFilter@257f30f7, org.springframework.security.web.context.SecurityContextPersistenceFilter@46a123e4, org.springframework.security.web.header.HeaderWriterFilter@5e599100, org.springframework.security.web.authentication.logout.LogoutFilter@22d477c2, org.springframework.security.web.savedrequest.RequestCacheAwareFilter@7558c24b, org.springframework.security.web.servletapi.SecurityContextHolderAwareRequestFilter@3a296107, org.springframework.security.web.authentication.AnonymousAuthenticationFilter@3fde2209, org.springframework.security.web.session.SessionManagementFilter@551be9f6, org.springframework.security.web.access.ExceptionTranslationFilter@626b639e, org.springframework.security.web.access.intercept.FilterSecurityInterceptor@29d25e65]
2025-05-01 00:12:21,236 INFO o.s.m.w.MockServletContext {log} [main] Initializing Spring TestDispatcherServlet ''
2025-05-01 00:12:21,236 INFO o.s.w.s.FrameworkServlet {initServletBean} [main] Initializing Servlet ''
2025-05-01 00:12:21,248 INFO o.s.w.s.FrameworkServlet {initServletBean} [main] Completed initialization in 12 ms
2025-05-01 00:12:21,286 INFO o.s.b.StartupInfoLogger {logStarted} [main] Started BikeControllerTests in 5.989 seconds (JVM running for 7.599)
2025-05-01 00:12:21,703 INFO c.s.a.c.BikeController {filterBikes} [main] Filtrando bicicletas con parámetros: brand=, model=Alma, color=
2025-05-01 00:12:21,717 INFO c.s.a.c.BikeController {filterBikes} [main] Operación completada: Se obtuvieron 1 bicicletas filtradas
2025-05-01 00:12:21,988 INFO c.s.a.c.BikeController {filterBikes} [main] Filtrando bicicletas con parámetros: brand=Orbea, model=Alma, color=green
2025-05-01 00:12:21,993 INFO c.s.a.c.BikeController {filterBikes} [main] Operación completada: Se obtuvieron 1 bicicletas filtradas
2025-05-01 00:12:22,382 INFO c.s.a.c.BikeController {addBike} [main] BEGIN addBike
2025-05-01 00:12:22,424 INFO c.s.a.c.BikeController {filterBikes} [main] Filtrando bicicletas con parámetros: brand=Orbea, model=, color=
2025-05-01 00:12:22,424 INFO c.s.a.c.BikeController {filterBikes} [main] Operación completada: Se obtuvieron 2 bicicletas filtradas
2025-05-01 00:12:22,452 INFO c.s.a.c.BikeController {addBike} [main] BEGIN addBike
2025-05-01 00:12:22,454 INFO c.s.a.c.BikeController {addBike} [main] END addBike
2025-05-01 00:12:22,556 INFO c.s.a.c.BikeController {filterBikes} [main] Filtrando bicicletas con parámetros: brand=, model=, color=
2025-05-01 00:12:22,558 INFO c.s.a.c.BikeController {filterBikes} [main] Operación completada: Se obtuvieron 3 bicicletas filtradas
2025-05-01 00:12:22,574 INFO c.s.a.c.BikeController {filterBikes} [main] Filtrando bicicletas con parámetros: brand=, model=, color=green
2025-05-01 00:12:22,576 INFO c.s.a.c.BikeController {filterBikes} [main] Operación completada: Se obtuvieron 1 bicicletas filtradas
2025-05-01 00:12:22,598 INFO c.s.a.c.BikeController {getBike} [main] BEGIN getBike
2025-05-01 00:12:22,600 INFO c.s.a.c.BikeController {getBike} [main] END getBike
2025-05-01 00:12:22,684 INFO c.s.a.c.BikeController {removeBike} [main] BEGIN removeBike
2025-05-01 00:12:22,684 INFO c.s.a.c.BikeController {removeBike} [main] END removeBike
2025-05-01 00:12:22,716 INFO c.s.a.c.BikeController {modifyBike} [main] BEGIN modifyBike
2025-05-01 00:12:22,770 INFO c.s.a.c.BikeController {modifyBike} [main] BEGIN modifyBike
2025-05-01 00:12:22,772 INFO c.s.a.c.BikeController {modifyBike} [main] END modifyBike
2025-05-01 00:12:22,786 INFO c.s.a.c.BikeController {removeBike} [main] BEGIN removeBike
2025-05-01 00:12:22,803 INFO c.s.a.c.BikeController {getBike} [main] BEGIN getBike
2025-05-01 00:12:23,475 INFO o.s.t.c.s.AbstractTestContextBootstrapper {buildDefaultMergedContextConfiguration} [main] Neither @ContextConfiguration nor @ContextHierarchy found for test class [com.svalero.apibikes.MechanicControllerTests], using SpringBootContextLoader
2025-05-01 00:12:23,478 INFO o.s.t.c.s.AbstractContextLoader {generateDefaultLocations} [main] Could not detect default resource locations for test class [com.svalero.apibikes.MechanicControllerTests]: no resource found for suffixes {-context.xml, Context.groovy}.
2025-05-01 00:12:23,479 INFO o.s.t.c.s.AnnotationConfigContextLoaderUtils {detectDefaultConfigurationClasses} [main] Could not detect default configuration classes for test class [com.svalero.apibikes.MechanicControllerTests]: MechanicControllerTests does not declare any static, non-private, non-final, nested classes annotated with @Configuration.
2025-05-01 00:12:23,497 INFO o.s.b.t.c.SpringBootTestContextBootstrapper {getOrFindConfigurationClasses} [main] Found @SpringBootConfiguration com.svalero.apibikes.HellospringApplication for test class com.svalero.apibikes.MechanicControllerTests
2025-05-01 00:12:23,500 INFO o.s.t.c.s.AbstractTestContextBootstrapper {getDefaultTestExecutionListenerClassNames} [main] Loaded default TestExecutionListener class names from location [META-INF/spring.factories]: [org.springframework.boot.test.mock.mockito.MockitoTestExecutionListener, org.springframework.boot.test.mock.mockito.ResetMocksTestExecutionListener, org.springframework.boot.test.autoconfigure.restdocs.RestDocsTestExecutionListener, org.springframework.boot.test.autoconfigure.web.client.MockRestServiceServerResetTestExecutionListener, org.springframework.boot.test.autoconfigure.web.servlet.MockMvcPrintOnlyOnFailureTestExecutionListener, org.springframework.boot.test.autoconfigure.web.servlet.WebDriverTestExecutionListener, org.springframework.boot.test.autoconfigure.webservices.client.MockWebServiceServerTestExecutionListener, org.springframework.test.context.web.ServletTestExecutionListener, org.springframework.test.context.support.DirtiesContextBeforeModesTestExecutionListener, org.springframework.test.context.event.ApplicationEventsTestExecutionListener, org.springframework.test.context.support.DependencyInjectionTestExecutionListener, org.springframework.test.context.support.DirtiesContextTestExecutionListener, org.springframework.test.context.transaction.TransactionalTestExecutionListener, org.springframework.test.context.jdbc.SqlScriptsTestExecutionListener, org.springframework.test.context.event.EventPublishingTestExecutionListener]
2025-05-01 00:12:23,503 INFO o.s.t.c.s.AbstractTestContextBootstrapper {getTestExecutionListeners} [main] Using TestExecutionListeners: [org.springframework.test.context.web.ServletTestExecutionListener@735988cf, org.springframework.test.context.support.DirtiesContextBeforeModesTestExecutionListener@2d3eecda, org.springframework.test.context.event.ApplicationEventsTestExecutionListener@236a4d30, org.springframework.boot.test.mock.mockito.MockitoTestExecutionListener@736788b, org.springframework.boot.test.autoconfigure.SpringBootDependencyInjectionTestExecutionListener@38968752, org.springframework.test.context.support.DirtiesContextTestExecutionListener@6294e4a6, org.springframework.test.context.transaction.TransactionalTestExecutionListener@13662609, org.springframework.test.context.jdbc.SqlScriptsTestExecutionListener@27a0e6ce, org.springframework.test.context.event.EventPublishingTestExecutionListener@2b80497f, org.springframework.boot.test.mock.mockito.ResetMocksTestExecutionListener@6ef4297d, org.springframework.boot.test.autoconfigure.restdocs.RestDocsTestExecutionListener@4c000cc4, org.springframework.boot.test.autoconfigure.web.client.MockRestServiceServerResetTestExecutionListener@6c36051c, org.springframework.boot.test.autoconfigure.web.servlet.MockMvcPrintOnlyOnFailureTestExecutionListener@45d46254, org.springframework.boot.test.autoconfigure.web.servlet.WebDriverTestExecutionListener@a240452, org.springframework.boot.test.autoconfigure.webservices.client.MockWebServiceServerTestExecutionListener@460e5ffe]
2025-05-01 00:12:23,612 INFO o.s.b.StartupInfoLogger {logStarting} [main] Starting MechanicControllerTests using Java 21 on DESKTOP-A2Q7539 with PID 1996 (started by 34618 in C:\Users\34618\Documents\2DAM Gdo. Superior\Acceso a datos 2DAM\hellospring)
2025-05-01 00:12:23,614 INFO o.s.b.SpringApplication {logStartupProfileInfo} [main] The following 1 profile is active: "test"
2025-05-01 00:12:24,655 INFO o.s.s.w.DefaultSecurityFilterChain {<init>} [main] Will secure any request with [org.springframework.security.web.session.DisableEncodeUrlFilter@57afe44b, org.springframework.security.web.context.request.async.WebAsyncManagerIntegrationFilter@18887028, org.springframework.security.web.context.SecurityContextPersistenceFilter@77a85e76, org.springframework.security.web.header.HeaderWriterFilter@99223ac, org.springframework.security.web.authentication.logout.LogoutFilter@36a1fd20, org.springframework.security.web.savedrequest.RequestCacheAwareFilter@2cebf82f, org.springframework.security.web.servletapi.SecurityContextHolderAwareRequestFilter@34fc315d, org.springframework.security.web.authentication.AnonymousAuthenticationFilter@28f8ce2e, org.springframework.security.web.session.SessionManagementFilter@4a5fab78, org.springframework.security.web.access.ExceptionTranslationFilter@399c408c, org.springframework.security.web.access.intercept.FilterSecurityInterceptor@505a8582]
2025-05-01 00:12:25,096 INFO o.s.m.w.MockServletContext {log} [main] Initializing Spring TestDispatcherServlet ''
2025-05-01 00:12:25,096 INFO o.s.w.s.FrameworkServlet {initServletBean} [main] Initializing Servlet ''
2025-05-01 00:12:25,108 INFO o.s.w.s.FrameworkServlet {initServletBean} [main] Completed initialization in 1 ms
2025-05-01 00:12:25,123 INFO o.s.b.StartupInfoLogger {logStarted} [main] Started MechanicControllerTests in 1.612 seconds (JVM running for 11.425)
2025-05-01 00:12:25,131 INFO c.s.a.c.MechanicController {filtermechanics} [main] BEGIN getAll
2025-05-01 00:12:25,131 INFO c.s.a.c.MechanicController {filtermechanics} [main] END getAll
2025-05-01 00:12:25,160 INFO c.s.a.c.MechanicController {modifyMechanic} [main] BEGIN modifyMechanic
2025-05-01 00:12:25,160 INFO c.s.a.c.MechanicController {modifyMechanic} [main] END modifyMechanic
2025-05-01 00:12:25,170 INFO c.s.a.c.MechanicController {filtermechanics} [main] BEGIN getAll
2025-05-01 00:12:25,170 INFO c.s.a.c.MechanicController {filtermechanics} [main] END getAll
2025-05-01 00:12:25,191 INFO c.s.a.c.MechanicController {getMechanic} [main] BEGIN getMechanic
2025-05-01 00:12:25,203 INFO c.s.a.c.MechanicController {filtermechanics} [main] BEGIN getAll
2025-05-01 00:12:25,204 INFO c.s.a.c.MechanicController {filtermechanics} [main] END getAll
2025-05-01 00:12:25,211 INFO c.s.a.c.MechanicController {removeMechanic} [main] BEGIN removeMechanic
2025-05-01 00:12:25,221 INFO c.s.a.c.MechanicController {removeMechanic} [main] END removeMechanic
2025-05-01 00:12:25,236 INFO c.s.a.c.MechanicController {addMechanic} [main] BEGIN addMechanic
2025-05-01 00:12:25,236 INFO c.s.a.c.MechanicController {addMechanic} [main] END addMechanic
2025-05-01 00:12:25,250 INFO c.s.a.c.MechanicController {getMechanic} [main] BEGIN getMechanic
2025-05-01 00:12:25,250 INFO c.s.a.c.MechanicController {getMechanic} [main] END getMechanic
2025-05-01 00:12:25,265 INFO c.s.a.c.MechanicController {modifyMechanic} [main] BEGIN modifyMechanic
2025-05-01 00:12:25,281 INFO c.s.a.c.MechanicController {filtermechanics} [main] BEGIN getAll
2025-05-01 00:12:25,281 INFO c.s.a.c.MechanicController {filtermechanics} [main] END getAll
2025-05-01 00:12:25,290 INFO c.s.a.c.MechanicController {removeMechanic} [main] BEGIN removeMechanic
2025-05-01 00:12:25,295 INFO c.s.a.c.MechanicController {filtermechanics} [main] BEGIN getAll
2025-05-01 00:12:25,295 INFO c.s.a.c.MechanicController {filtermechanics} [main] END getAll
2025-05-01 00:12:25,459 INFO o.s.t.c.s.AbstractTestContextBootstrapper {buildDefaultMergedContextConfiguration} [main] Neither @ContextConfiguration nor @ContextHierarchy found for test class [com.svalero.apibikes.UserControllerTests], using SpringBootContextLoader
2025-05-01 00:12:25,461 INFO o.s.t.c.s.AbstractContextLoader {generateDefaultLocations} [main] Could not detect default resource locations for test class [com.svalero.apibikes.UserControllerTests]: no resource found for suffixes {-context.xml, Context.groovy}.
2025-05-01 00:12:25,461 INFO o.s.t.c.s.AnnotationConfigContextLoaderUtils {detectDefaultConfigurationClasses} [main] Could not detect default configuration classes for test class [com.svalero.apibikes.UserControllerTests]: UserControllerTests does not declare any static, non-private, non-final, nested classes annotated with @Configuration.
2025-05-01 00:12:25,472 INFO o.s.b.t.c.SpringBootTestContextBootstrapper {getOrFindConfigurationClasses} [main] Found @SpringBootConfiguration com.svalero.apibikes.HellospringApplication for test class com.svalero.apibikes.UserControllerTests
2025-05-01 00:12:25,472 INFO o.s.t.c.s.AbstractTestContextBootstrapper {getDefaultTestExecutionListenerClassNames} [main] Loaded default TestExecutionListener class names from location [META-INF/spring.factories]: [org.springframework.boot.test.mock.mockito.MockitoTestExecutionListener, org.springframework.boot.test.mock.mockito.ResetMocksTestExecutionListener, org.springframework.boot.test.autoconfigure.restdocs.RestDocsTestExecutionListener, org.springframework.boot.test.autoconfigure.web.client.MockRestServiceServerResetTestExecutionListener, org.springframework.boot.test.autoconfigure.web.servlet.MockMvcPrintOnlyOnFailureTestExecutionListener, org.springframework.boot.test.autoconfigure.web.servlet.WebDriverTestExecutionListener, org.springframework.boot.test.autoconfigure.webservices.client.MockWebServiceServerTestExecutionListener, org.springframework.test.context.web.ServletTestExecutionListener, org.springframework.test.context.support.DirtiesContextBeforeModesTestExecutionListener, org.springframework.test.context.event.ApplicationEventsTestExecutionListener, org.springframework.test.context.support.DependencyInjectionTestExecutionListener, org.springframework.test.context.support.DirtiesContextTestExecutionListener, org.springframework.test.context.transaction.TransactionalTestExecutionListener, org.springframework.test.context.jdbc.SqlScriptsTestExecutionListener, org.springframework.test.context.event.EventPublishingTestExecutionListener]
2025-05-01 00:12:25,472 INFO o.s.t.c.s.AbstractTestContextBootstrapper {getTestExecutionListeners} [main] Using TestExecutionListeners: [org.springframework.test.context.web.ServletTestExecutionListener@59b1edab, org.springframework.test.context.support.DirtiesContextBeforeModesTestExecutionListener@3855b27e, org.springframework.test.context.event.ApplicationEventsTestExecutionListener@5305f936, org.springframework.boot.test.mock.mockito.MockitoTestExecutionListener@2b1a1a37, org.springframework.boot.test.autoconfigure.SpringBootDependencyInjectionTestExecutionListener@7d90764a, org.springframework.test.context.support.DirtiesContextTestExecutionListener@6843fdc4, org.springframework.test.context.transaction.TransactionalTestExecutionListener@147375b3, org.springframework.test.context.jdbc.SqlScriptsTestExecutionListener@6f430ea8, org.springframework.test.context.event.EventPublishingTestExecutionListener@119f072c, org.springframework.boot.test.mock.mockito.ResetMocksTestExecutionListener@66456506, org.springframework.boot.test.autoconfigure.restdocs.RestDocsTestExecutionListener@69944a90, org.springframework.boot.test.autoconfigure.web.client.MockRestServiceServerResetTestExecutionListener@1ed52f44, org.springframework.boot.test.autoconfigure.web.servlet.MockMvcPrintOnlyOnFailureTestExecutionListener@771afdd5, org.springframework.boot.test.autoconfigure.web.servlet.WebDriverTestExecutionListener@3abadb65, org.springframework.boot.test.autoconfigure.webservices.client.MockWebServiceServerTestExecutionListener@7131d668]
2025-05-01 00:12:25,509 INFO o.s.b.StartupInfoLogger {logStarting} [main] Starting UserControllerTests using Java 21 on DESKTOP-A2Q7539 with PID 1996 (started by 34618 in C:\Users\34618\Documents\2DAM Gdo. Superior\Acceso a datos 2DAM\hellospring)
2025-05-01 00:12:25,514 INFO o.s.b.SpringApplication {logStartupProfileInfo} [main] The following 1 profile is active: "test"
2025-05-01 00:12:25,935 INFO o.s.s.w.DefaultSecurityFilterChain {<init>} [main] Will secure any request with [org.springframework.security.web.session.DisableEncodeUrlFilter@17477bbb, org.springframework.security.web.context.request.async.WebAsyncManagerIntegrationFilter@40fee459, org.springframework.security.web.context.SecurityContextPersistenceFilter@5c5c784c, org.springframework.security.web.header.HeaderWriterFilter@62f7d7bd, org.springframework.security.web.authentication.logout.LogoutFilter@350e3fb4, org.springframework.security.web.savedrequest.RequestCacheAwareFilter@6a299b9d, org.springframework.security.web.servletapi.SecurityContextHolderAwareRequestFilter@363fe35a, org.springframework.security.web.authentication.AnonymousAuthenticationFilter@bcd9ed6, org.springframework.security.web.session.SessionManagementFilter@de63949, org.springframework.security.web.access.ExceptionTranslationFilter@575c23f1, org.springframework.security.web.access.intercept.FilterSecurityInterceptor@699bb304]
2025-05-01 00:12:26,286 INFO o.s.m.w.MockServletContext {log} [main] Initializing Spring TestDispatcherServlet ''
2025-05-01 00:12:26,286 INFO o.s.w.s.FrameworkServlet {initServletBean} [main] Initializing Servlet ''
2025-05-01 00:12:26,286 INFO o.s.w.s.FrameworkServlet {initServletBean} [main] Completed initialization in 0 ms
2025-05-01 00:12:26,308 INFO o.s.b.StartupInfoLogger {logStarted} [main] Started UserControllerTests in 0.837 seconds (JVM running for 12.618)
2025-05-01 00:12:26,328 INFO c.s.a.c.UserController {getUser} [main] BEGIN getUser
2025-05-01 00:12:26,340 INFO c.s.a.c.UserController {filterusers} [main] BEGIN getAll
2025-05-01 00:12:26,342 INFO c.s.a.c.UserController {filterusers} [main] END getAll
2025-05-01 00:12:26,371 INFO c.s.a.c.UserController {filterusers} [main] BEGIN getAll
2025-05-01 00:12:26,371 INFO c.s.a.c.UserController {filterusers} [main] END getAll
2025-05-01 00:12:26,371 INFO c.s.a.c.UserController {filterusers} [main] BEGIN getAll
2025-05-01 00:12:26,371 INFO c.s.a.c.UserController {filterusers} [main] END getAll
2025-05-01 00:12:26,403 INFO c.s.a.c.UserController {removeUser} [main] BEGIN removeUser
2025-05-01 00:12:26,403 INFO c.s.a.c.UserController {removeUser} [main] END removeUser
2025-05-01 00:12:26,403 INFO c.s.a.c.UserController {getUser} [main] BEGIN getUser
2025-05-01 00:12:26,403 INFO c.s.a.c.UserController {getUser} [main] END getUser
2025-05-01 00:12:26,433 INFO c.s.a.c.UserController {modifyUser} [main] BEGIN modifyUser
2025-05-01 00:12:26,442 INFO c.s.a.c.UserController {filterusers} [main] BEGIN getAll
2025-05-01 00:12:26,443 INFO c.s.a.c.UserController {filterusers} [main] END getAll
2025-05-01 00:12:26,450 INFO c.s.a.c.UserController {filterusers} [main] BEGIN getAll
2025-05-01 00:12:26,451 INFO c.s.a.c.UserController {filterusers} [main] END getAll
2025-05-01 00:12:26,460 INFO c.s.a.c.UserController {modifyUser} [main] BEGIN modifyUser
2025-05-01 00:12:26,460 INFO c.s.a.c.UserController {modifyUser} [main] END modifyUser
2025-05-01 00:12:26,468 INFO c.s.a.c.UserController {removeUser} [main] BEGIN removeUser
2025-05-01 00:12:26,548 INFO o.s.t.c.s.AbstractTestContextBootstrapper {buildDefaultMergedContextConfiguration} [main] Neither @ContextConfiguration nor @ContextHierarchy found for test class [com.svalero.apibikes.WorkShopControllerTests], using SpringBootContextLoader
2025-05-01 00:12:26,548 INFO o.s.t.c.s.AbstractContextLoader {generateDefaultLocations} [main] Could not detect default resource locations for test class [com.svalero.apibikes.WorkShopControllerTests]: no resource found for suffixes {-context.xml, Context.groovy}.
2025-05-01 00:12:26,548 INFO o.s.t.c.s.AnnotationConfigContextLoaderUtils {detectDefaultConfigurationClasses} [main] Could not detect default configuration classes for test class [com.svalero.apibikes.WorkShopControllerTests]: WorkShopControllerTests does not declare any static, non-private, non-final, nested classes annotated with @Configuration.
2025-05-01 00:12:26,561 INFO o.s.b.t.c.SpringBootTestContextBootstrapper {getOrFindConfigurationClasses} [main] Found @SpringBootConfiguration com.svalero.apibikes.HellospringApplication for test class com.svalero.apibikes.WorkShopControllerTests
2025-05-01 00:12:26,563 INFO o.s.t.c.s.AbstractTestContextBootstrapper {getDefaultTestExecutionListenerClassNames} [main] Loaded default TestExecutionListener class names from location [META-INF/spring.factories]: [org.springframework.boot.test.mock.mockito.MockitoTestExecutionListener, org.springframework.boot.test.mock.mockito.ResetMocksTestExecutionListener, org.springframework.boot.test.autoconfigure.restdocs.RestDocsTestExecutionListener, org.springframework.boot.test.autoconfigure.web.client.MockRestServiceServerResetTestExecutionListener, org.springframework.boot.test.autoconfigure.web.servlet.MockMvcPrintOnlyOnFailureTestExecutionListener, org.springframework.boot.test.autoconfigure.web.servlet.WebDriverTestExecutionListener, org.springframework.boot.test.autoconfigure.webservices.client.MockWebServiceServerTestExecutionListener, org.springframework.test.context.web.ServletTestExecutionListener, org.springframework.test.context.support.DirtiesContextBeforeModesTestExecutionListener, org.springframework.test.context.event.ApplicationEventsTestExecutionListener, org.springframework.test.context.support.DependencyInjectionTestExecutionListener, org.springframework.test.context.support.DirtiesContextTestExecutionListener, org.springframework.test.context.transaction.TransactionalTestExecutionListener, org.springframework.test.context.jdbc.SqlScriptsTestExecutionListener, org.springframework.test.context.event.EventPublishingTestExecutionListener]
2025-05-01 00:12:26,564 INFO o.s.t.c.s.AbstractTestContextBootstrapper {getTestExecutionListeners} [main] Using TestExecutionListeners: [org.springframework.test.context.web.ServletTestExecutionListener@e3692ca, org.springframework.test.context.support.DirtiesContextBeforeModesTestExecutionListener@75adb1c0, org.springframework.test.context.event.ApplicationEventsTestExecutionListener@5cfe28e1, org.springframework.boot.test.mock.mockito.MockitoTestExecutionListener@7ac90dab, org.springframework.boot.test.autoconfigure.SpringBootDependencyInjectionTestExecutionListener@40d370fa, org.springframework.test.context.support.DirtiesContextTestExecutionListener@5868ea91, org.springframework.test.context.transaction.TransactionalTestExecutionListener@757c685d, org.springframework.test.context.jdbc.SqlScriptsTestExecutionListener@476a970c, org.springframework.test.context.event.EventPublishingTestExecutionListener@1ce57bbb, org.springframework.boot.test.mock.mockito.ResetMocksTestExecutionListener@34626d4, org.springframework.boot.test.autoconfigure.restdocs.RestDocsTestExecutionListener@15ee8861, org.springframework.boot.test.autoconfigure.web.client.MockRestServiceServerResetTestExecutionListener@6afaf27, org.springframework.boot.test.autoconfigure.web.servlet.MockMvcPrintOnlyOnFailureTestExecutionListener@31a024ea, org.springframework.boot.test.autoconfigure.web.servlet.WebDriverTestExecutionListener@362c48c, org.springframework.boot.test.autoconfigure.webservices.client.MockWebServiceServerTestExecutionListener@62aee901]
2025-05-01 00:12:26,592 INFO o.s.b.StartupInfoLogger {logStarting} [main] Starting WorkShopControllerTests using Java 21 on DESKTOP-A2Q7539 with PID 1996 (started by 34618 in C:\Users\34618\Documents\2DAM Gdo. Superior\Acceso a datos 2DAM\hellospring)
2025-05-01 00:12:26,592 INFO o.s.b.SpringApplication {logStartupProfileInfo} [main] The following 1 profile is active: "test"
2025-05-01 00:12:26,969 INFO o.s.s.w.DefaultSecurityFilterChain {<init>} [main] Will secure any request with [org.springframework.security.web.session.DisableEncodeUrlFilter@656302c, org.springframework.security.web.context.request.async.WebAsyncManagerIntegrationFilter@6f6a2ac8, org.springframework.security.web.context.SecurityContextPersistenceFilter@4a49919c, org.springframework.security.web.header.HeaderWriterFilter@68a94e58, org.springframework.security.web.authentication.logout.LogoutFilter@736f8837, org.springframework.security.web.savedrequest.RequestCacheAwareFilter@3e5b2630, org.springframework.security.web.servletapi.SecurityContextHolderAwareRequestFilter@1c22642d, org.springframework.security.web.authentication.AnonymousAuthenticationFilter@49809275, org.springframework.security.web.session.SessionManagementFilter@49741274, org.springframework.security.web.access.ExceptionTranslationFilter@6963b0bd, org.springframework.security.web.access.intercept.FilterSecurityInterceptor@642ec6]
2025-05-01 00:12:27,639 INFO o.s.m.w.MockServletContext {log} [main] Initializing Spring TestDispatcherServlet ''
2025-05-01 00:12:27,641 INFO o.s.w.s.FrameworkServlet {initServletBean} [main] Initializing Servlet ''
2025-05-01 00:12:27,642 INFO o.s.w.s.FrameworkServlet {initServletBean} [main] Completed initialization in 1 ms
2025-05-01 00:12:27,670 INFO o.s.b.StartupInfoLogger {logStarted} [main] Started WorkShopControllerTests in 1.105 seconds (JVM running for 13.974)
2025-05-01 00:12:27,780 INFO c.s.a.c.WorkShopController {modifyWorkShop} [main] BEGIN modifyWorkShop
2025-05-01 00:12:27,780 INFO c.s.a.c.WorkShopController {modifyWorkShop} [main] END modifyWorkShop
2025-05-01 00:12:27,801 INFO c.s.a.c.WorkShopController {getWorkShop} [main] BEGIN getWorkShop
2025-05-01 00:12:27,805 INFO c.s.a.c.WorkShopController {getWorkShop} [main] END getWorkShop
2025-05-01 00:12:27,828 INFO c.s.a.c.WorkShopController {filterworkshops} [main] BEGIN getAll
2025-05-01 00:12:27,830 INFO c.s.a.c.WorkShopController {filterworkshops} [main] END getAll
2025-05-01 00:12:27,846 INFO c.s.a.c.WorkShopController {filterworkshops} [main] BEGIN getAll
2025-05-01 00:12:27,846 INFO c.s.a.c.WorkShopController {filterworkshops} [main] END getAll
2025-05-01 00:12:27,861 INFO c.s.a.c.WorkShopController {removeWorkShop} [main] BEGIN removeWorkShop
2025-05-01 00:12:27,864 INFO c.s.a.c.WorkShopController {removeWorkShop} [main] END removeWorkShop
2025-05-01 00:12:27,882 INFO c.s.a.c.WorkShopController {filterworkshops} [main] BEGIN getAll
2025-05-01 00:12:27,882 INFO c.s.a.c.WorkShopController {filterworkshops} [main] END getAll
2025-05-01 00:12:27,904 INFO c.s.a.c.WorkShopController {modifyWorkShop} [main] BEGIN modifyWorkShop
2025-05-01 00:12:27,947 INFO c.s.a.c.WorkShopController {removeWorkShop} [main] BEGIN removeWorkShop
2025-05-01 00:12:27,964 INFO c.s.a.c.WorkShopController {filterworkshops} [main] BEGIN getAll
2025-05-01 00:12:27,968 INFO c.s.a.c.WorkShopController {filterworkshops} [main] END getAll
2025-05-01 00:12:27,994 INFO c.s.a.c.WorkShopController {getWorkShop} [main] BEGIN getWorkShop
2025-05-01 00:12:28,005 INFO c.s.a.c.WorkShopController {filterworkshops} [main] BEGIN getAll
2025-05-01 00:12:28,005 INFO c.s.a.c.WorkShopController {filterworkshops} [main] END getAll
2025-05-01 00:12:28,022 INFO c.s.a.c.WorkShopController {addWorkShop} [main] BEGIN addWorkShop
2025-05-01 00:12:28,022 INFO c.s.a.c.WorkShopController {addWorkShop} [main] END addWorkShop
2025-05-01 00:19:22,128 INFO o.s.b.StartupInfoLogger {logStarting} [main] Starting BikeControllerTests using Java 21 on DESKTOP-A2Q7539 with PID 5804 (started by 34618 in C:\Users\34618\Documents\2DAM Gdo. Superior\Acceso a datos 2DAM\hellospring)
2025-05-01 00:19:22,133 INFO o.s.b.SpringApplication {logStartupProfileInfo} [main] The following 1 profile is active: "test"
2025-05-01 00:19:22,144 INFO o.h.v.i.u.Version {<clinit>} [background-preinit] HV000001: Hibernate Validator 6.2.5.Final
2025-05-01 00:19:25,971 INFO o.s.s.w.DefaultSecurityFilterChain {<init>} [main] Will secure any request with [org.springframework.security.web.session.DisableEncodeUrlFilter@372f0a99, org.springframework.security.web.context.request.async.WebAsyncManagerIntegrationFilter@16cf8438, org.springframework.security.web.context.SecurityContextPersistenceFilter@74ba6ff5, org.springframework.security.web.header.HeaderWriterFilter@7d3691e1, org.springframework.security.web.authentication.logout.LogoutFilter@dbed7fd, org.springframework.security.web.savedrequest.RequestCacheAwareFilter@102c18e, org.springframework.security.web.servletapi.SecurityContextHolderAwareRequestFilter@26e0d39c, org.springframework.security.web.authentication.AnonymousAuthenticationFilter@3e5beab5, org.springframework.security.web.session.SessionManagementFilter@5d1d9d73, org.springframework.security.web.access.ExceptionTranslationFilter@361cd35c, org.springframework.security.web.access.intercept.FilterSecurityInterceptor@261f359f]
2025-05-01 00:19:26,970 INFO o.s.m.w.MockServletContext {log} [main] Initializing Spring TestDispatcherServlet ''
2025-05-01 00:19:26,970 INFO o.s.w.s.FrameworkServlet {initServletBean} [main] Initializing Servlet ''
2025-05-01 00:19:26,970 INFO o.s.w.s.FrameworkServlet {initServletBean} [main] Completed initialization in 0 ms
2025-05-01 00:19:27,042 INFO o.s.b.StartupInfoLogger {logStarted} [main] Started BikeControllerTests in 5.776 seconds (JVM running for 7.358)
2025-05-01 00:19:27,244 INFO c.s.a.c.BikeController {filterBikes} [main] Filtrando bicicletas con parámetros: brand=, model=Alma, color=
2025-05-01 00:19:27,255 INFO c.s.a.c.BikeController {filterBikes} [main] Operación completada: Se obtuvieron 1 bicicletas filtradas
2025-05-01 00:19:27,445 INFO c.s.a.c.BikeController {filterBikes} [main] Filtrando bicicletas con parámetros: brand=Orbea, model=Alma, color=green
2025-05-01 00:19:27,447 INFO c.s.a.c.BikeController {filterBikes} [main] Operación completada: Se obtuvieron 1 bicicletas filtradas
2025-05-01 00:19:27,876 INFO c.s.a.c.BikeController {addBike} [main] BEGIN addBike
2025-05-01 00:19:27,932 INFO c.s.a.c.BikeController {filterBikes} [main] Filtrando bicicletas con parámetros: brand=Orbea, model=, color=
2025-05-01 00:19:27,936 INFO c.s.a.c.BikeController {filterBikes} [main] Operación completada: Se obtuvieron 2 bicicletas filtradas
2025-05-01 00:19:27,957 INFO c.s.a.c.BikeController {addBike} [main] BEGIN addBike
2025-05-01 00:19:27,957 INFO c.s.a.c.BikeController {addBike} [main] END addBike
2025-05-01 00:19:28,071 INFO c.s.a.c.BikeController {filterBikes} [main] Filtrando bicicletas con parámetros: brand=, model=, color=
2025-05-01 00:19:28,073 INFO c.s.a.c.BikeController {filterBikes} [main] Operación completada: Se obtuvieron 3 bicicletas filtradas
2025-05-01 00:19:28,085 INFO c.s.a.c.BikeController {filterBikes} [main] Filtrando bicicletas con parámetros: brand=, model=, color=green
2025-05-01 00:19:28,096 INFO c.s.a.c.BikeController {filterBikes} [main] Operación completada: Se obtuvieron 1 bicicletas filtradas
2025-05-01 00:19:28,110 INFO c.s.a.c.BikeController {getBike} [main] BEGIN getBike
2025-05-01 00:19:28,121 INFO c.s.a.c.BikeController {getBike} [main] END getBike
2025-05-01 00:19:28,235 INFO c.s.a.c.BikeController {removeBike} [main] BEGIN removeBike
2025-05-01 00:19:28,235 INFO c.s.a.c.BikeController {removeBike} [main] END removeBike
2025-05-01 00:19:28,285 INFO c.s.a.c.BikeController {modifyBike} [main] BEGIN modifyBike
2025-05-01 00:19:28,346 INFO c.s.a.c.BikeController {modifyBike} [main] BEGIN modifyBike
2025-05-01 00:19:28,346 INFO c.s.a.c.BikeController {modifyBike} [main] END modifyBike
2025-05-01 00:19:28,382 INFO c.s.a.c.BikeController {removeBike} [main] BEGIN removeBike
2025-05-01 00:19:28,400 INFO c.s.a.c.BikeController {getBike} [main] BEGIN getBike
2025-05-01 00:19:28,998 INFO o.s.t.c.s.AbstractTestContextBootstrapper {buildDefaultMergedContextConfiguration} [main] Neither @ContextConfiguration nor @ContextHierarchy found for test class [com.svalero.apibikes.MechanicControllerTests], using SpringBootContextLoader
2025-05-01 00:19:29,003 INFO o.s.t.c.s.AbstractContextLoader {generateDefaultLocations} [main] Could not detect default resource locations for test class [com.svalero.apibikes.MechanicControllerTests]: no resource found for suffixes {-context.xml, Context.groovy}.
2025-05-01 00:19:29,003 INFO o.s.t.c.s.AnnotationConfigContextLoaderUtils {detectDefaultConfigurationClasses} [main] Could not detect default configuration classes for test class [com.svalero.apibikes.MechanicControllerTests]: MechanicControllerTests does not declare any static, non-private, non-final, nested classes annotated with @Configuration.
2025-05-01 00:19:29,028 INFO o.s.b.t.c.SpringBootTestContextBootstrapper {getOrFindConfigurationClasses} [main] Found @SpringBootConfiguration com.svalero.apibikes.HellospringApplication for test class com.svalero.apibikes.MechanicControllerTests
2025-05-01 00:19:29,033 INFO o.s.t.c.s.AbstractTestContextBootstrapper {getDefaultTestExecutionListenerClassNames} [main] Loaded default TestExecutionListener class names from location [META-INF/spring.factories]: [org.springframework.boot.test.mock.mockito.MockitoTestExecutionListener, org.springframework.boot.test.mock.mockito.ResetMocksTestExecutionListener, org.springframework.boot.test.autoconfigure.restdocs.RestDocsTestExecutionListener, org.springframework.boot.test.autoconfigure.web.client.MockRestServiceServerResetTestExecutionListener, org.springframework.boot.test.autoconfigure.web.servlet.MockMvcPrintOnlyOnFailureTestExecutionListener, org.springframework.boot.test.autoconfigure.web.servlet.WebDriverTestExecutionListener, org.springframework.boot.test.autoconfigure.webservices.client.MockWebServiceServerTestExecutionListener, org.springframework.test.context.web.ServletTestExecutionListener, org.springframework.test.context.support.DirtiesContextBeforeModesTestExecutionListener, org.springframework.test.context.event.ApplicationEventsTestExecutionListener, org.springframework.test.context.support.DependencyInjectionTestExecutionListener, org.springframework.test.context.support.DirtiesContextTestExecutionListener, org.springframework.test.context.transaction.TransactionalTestExecutionListener, org.springframework.test.context.jdbc.SqlScriptsTestExecutionListener, org.springframework.test.context.event.EventPublishingTestExecutionListener]
2025-05-01 00:19:29,037 INFO o.s.t.c.s.AbstractTestContextBootstrapper {getTestExecutionListeners} [main] Using TestExecutionListeners: [org.springframework.test.context.web.ServletTestExecutionListener@1a02ebe0, org.springframework.test.context.support.DirtiesContextBeforeModesTestExecutionListener@58b3eb1, org.springframework.test.context.event.ApplicationEventsTestExecutionListener@6d7e2795, org.springframework.boot.test.mock.mockito.MockitoTestExecutionListener@78743dd8, org.springframework.boot.test.autoconfigure.SpringBootDependencyInjectionTestExecutionListener@752494dd, org.springframework.test.context.support.DirtiesContextTestExecutionListener@2986427e, org.springframework.test.context.transaction.TransactionalTestExecutionListener@35d88a54, org.springframework.test.context.jdbc.SqlScriptsTestExecutionListener@6c1bebca, org.springframework.test.context.event.EventPublishingTestExecutionListener@3d4818e8, org.springframework.boot.test.mock.mockito.ResetMocksTestExecutionListener@26c6288d, org.springframework.boot.test.autoconfigure.restdocs.RestDocsTestExecutionListener@57bd9c2b, org.springframework.boot.test.autoconfigure.web.client.MockRestServiceServerResetTestExecutionListener@644b68ad, org.springframework.boot.test.autoconfigure.web.servlet.MockMvcPrintOnlyOnFailureTestExecutionListener@1939a394, org.springframework.boot.test.autoconfigure.web.servlet.WebDriverTestExecutionListener@e2c627e, org.springframework.boot.test.autoconfigure.webservices.client.MockWebServiceServerTestExecutionListener@35cbeb54]
2025-05-01 00:19:29,146 INFO o.s.b.StartupInfoLogger {logStarting} [main] Starting MechanicControllerTests using Java 21 on DESKTOP-A2Q7539 with PID 5804 (started by 34618 in C:\Users\34618\Documents\2DAM Gdo. Superior\Acceso a datos 2DAM\hellospring)
2025-05-01 00:19:29,146 INFO o.s.b.SpringApplication {logStartupProfileInfo} [main] The following 1 profile is active: "test"
2025-05-01 00:19:29,990 INFO o.s.s.w.DefaultSecurityFilterChain {<init>} [main] Will secure any request with [org.springframework.security.web.session.DisableEncodeUrlFilter@75d7297d, org.springframework.security.web.context.request.async.WebAsyncManagerIntegrationFilter@4e20a985, org.springframework.security.web.context.SecurityContextPersistenceFilter@57920d6c, org.springframework.security.web.header.HeaderWriterFilter@4dad2363, org.springframework.security.web.authentication.logout.LogoutFilter@6dd2e453, org.springframework.security.web.savedrequest.RequestCacheAwareFilter@465d1345, org.springframework.security.web.servletapi.SecurityContextHolderAwareRequestFilter@62cf86d6, org.springframework.security.web.authentication.AnonymousAuthenticationFilter@56e8a8a0, org.springframework.security.web.session.SessionManagementFilter@114b2414, org.springframework.security.web.access.ExceptionTranslationFilter@674ed201, org.springframework.security.web.access.intercept.FilterSecurityInterceptor@6edb1e9c]
2025-05-01 00:19:30,841 INFO o.s.m.w.MockServletContext {log} [main] Initializing Spring TestDispatcherServlet ''
2025-05-01 00:19:30,842 INFO o.s.w.s.FrameworkServlet {initServletBean} [main] Initializing Servlet ''
2025-05-01 00:19:30,844 INFO o.s.w.s.FrameworkServlet {initServletBean} [main] Completed initialization in 1 ms
2025-05-01 00:19:30,859 INFO o.s.b.StartupInfoLogger {logStarted} [main] Started MechanicControllerTests in 1.811 seconds (JVM running for 11.173)
2025-05-01 00:19:30,872 INFO c.s.a.c.MechanicController {filtermechanics} [main] BEGIN getAll
2025-05-01 00:19:30,872 INFO c.s.a.c.MechanicController {filtermechanics} [main] END getAll
2025-05-01 00:19:30,893 INFO c.s.a.c.MechanicController {modifyMechanic} [main] BEGIN modifyMechanic
2025-05-01 00:19:30,893 INFO c.s.a.c.MechanicController {modifyMechanic} [main] END modifyMechanic
2025-05-01 00:19:30,909 INFO c.s.a.c.MechanicController {filtermechanics} [main] BEGIN getAll
2025-05-01 00:19:30,909 INFO c.s.a.c.MechanicController {filtermechanics} [main] END getAll
2025-05-01 00:19:30,924 INFO c.s.a.c.MechanicController {getMechanic} [main] BEGIN getMechanic
2025-05-01 00:19:30,937 INFO c.s.a.c.MechanicController {filtermechanics} [main] BEGIN getAll
2025-05-01 00:19:30,941 INFO c.s.a.c.MechanicController {filtermechanics} [main] END getAll
2025-05-01 00:19:30,947 INFO c.s.a.c.MechanicController {removeMechanic} [main] BEGIN removeMechanic
2025-05-01 00:19:30,949 INFO c.s.a.c.MechanicController {removeMechanic} [main] END removeMechanic
2025-05-01 00:19:30,974 INFO c.s.a.c.MechanicController {addMechanic} [main] BEGIN addMechanic
2025-05-01 00:19:30,977 INFO c.s.a.c.MechanicController {addMechanic} [main] END addMechanic
2025-05-01 00:19:30,977 INFO c.s.a.c.MechanicController {getMechanic} [main] BEGIN getMechanic
2025-05-01 00:19:30,986 INFO c.s.a.c.MechanicController {getMechanic} [main] END getMechanic
2025-05-01 00:19:30,993 INFO c.s.a.c.MechanicController {modifyMechanic} [main] BEGIN modifyMechanic
2025-05-01 00:19:31,004 INFO c.s.a.c.MechanicController {filtermechanics} [main] BEGIN getAll
2025-05-01 00:19:31,004 INFO c.s.a.c.MechanicController {filtermechanics} [main] END getAll
2025-05-01 00:19:31,004 INFO c.s.a.c.MechanicController {removeMechanic} [main] BEGIN removeMechanic
2025-05-01 00:19:31,025 INFO c.s.a.c.MechanicController {filtermechanics} [main] BEGIN getAll
2025-05-01 00:19:31,025 INFO c.s.a.c.MechanicController {filtermechanics} [main] END getAll
2025-05-01 00:19:31,269 INFO o.s.t.c.s.AbstractTestContextBootstrapper {buildDefaultMergedContextConfiguration} [main] Neither @ContextConfiguration nor @ContextHierarchy found for test class [com.svalero.apibikes.UserControllerTests], using SpringBootContextLoader
2025-05-01 00:19:31,271 INFO o.s.t.c.s.AbstractContextLoader {generateDefaultLocations} [main] Could not detect default resource locations for test class [com.svalero.apibikes.UserControllerTests]: no resource found for suffixes {-context.xml, Context.groovy}.
2025-05-01 00:19:31,271 INFO o.s.t.c.s.AnnotationConfigContextLoaderUtils {detectDefaultConfigurationClasses} [main] Could not detect default configuration classes for test class [com.svalero.apibikes.UserControllerTests]: UserControllerTests does not declare any static, non-private, non-final, nested classes annotated with @Configuration.
2025-05-01 00:19:31,280 INFO o.s.b.t.c.SpringBootTestContextBootstrapper {getOrFindConfigurationClasses} [main] Found @SpringBootConfiguration com.svalero.apibikes.HellospringApplication for test class com.svalero.apibikes.UserControllerTests
2025-05-01 00:19:31,282 INFO o.s.t.c.s.AbstractTestContextBootstrapper {getDefaultTestExecutionListenerClassNames} [main] Loaded default TestExecutionListener class names from location [META-INF/spring.factories]: [org.springframework.boot.test.mock.mockito.MockitoTestExecutionListener, org.springframework.boot.test.mock.mockito.ResetMocksTestExecutionListener, org.springframework.boot.test.autoconfigure.restdocs.RestDocsTestExecutionListener, org.springframework.boot.test.autoconfigure.web.client.MockRestServiceServerResetTestExecutionListener, org.springframework.boot.test.autoconfigure.web.servlet.MockMvcPrintOnlyOnFailureTestExecutionListener, org.springframework.boot.test.autoconfigure.web.servlet.WebDriverTestExecutionListener, org.springframework.boot.test.autoconfigure.webservices.client.MockWebServiceServerTestExecutionListener, org.springframework.test.context.web.ServletTestExecutionListener, org.springframework.test.context.support.DirtiesContextBeforeModesTestExecutionListener, org.springframework.test.context.event.ApplicationEventsTestExecutionListener, org.springframework.test.context.support.DependencyInjectionTestExecutionListener, org.springframework.test.context.support.DirtiesContextTestExecutionListener, org.springframework.test.context.transaction.TransactionalTestExecutionListener, org.springframework.test.context.jdbc.SqlScriptsTestExecutionListener, org.springframework.test.context.event.EventPublishingTestExecutionListener]
2025-05-01 00:19:31,285 INFO o.s.t.c.s.AbstractTestContextBootstrapper {getTestExecutionListeners} [main] Using TestExecutionListeners: [org.springframework.test.context.web.ServletTestExecutionListener@5751e53e, org.springframework.test.context.support.DirtiesContextBeforeModesTestExecutionListener@4e45fbd0, org.springframework.test.context.event.ApplicationEventsTestExecutionListener@19ce19b7, org.springframework.boot.test.mock.mockito.MockitoTestExecutionListener@13047d3d, org.springframework.boot.test.autoconfigure.SpringBootDependencyInjectionTestExecutionListener@4b240276, org.springframework.test.context.support.DirtiesContextTestExecutionListener@2a5efbb9, org.springframework.test.context.transaction.TransactionalTestExecutionListener@43b45ce4, org.springframework.test.context.jdbc.SqlScriptsTestExecutionListener@73e93c3a, org.springframework.test.context.event.EventPublishingTestExecutionListener@1835b783, org.springframework.boot.test.mock.mockito.ResetMocksTestExecutionListener@456b140f, org.springframework.boot.test.autoconfigure.restdocs.RestDocsTestExecutionListener@2459333a, org.springframework.boot.test.autoconfigure.web.client.MockRestServiceServerResetTestExecutionListener@1e6bd367, org.springframework.boot.test.autoconfigure.web.servlet.MockMvcPrintOnlyOnFailureTestExecutionListener@2bd7f686, org.springframework.boot.test.autoconfigure.web.servlet.WebDriverTestExecutionListener@3601549f, org.springframework.boot.test.autoconfigure.webservices.client.MockWebServiceServerTestExecutionListener@5b2c7186]
2025-05-01 00:19:31,317 INFO o.s.b.StartupInfoLogger {logStarting} [main] Starting UserControllerTests using Java 21 on DESKTOP-A2Q7539 with PID 5804 (started by 34618 in C:\Users\34618\Documents\2DAM Gdo. Superior\Acceso a datos 2DAM\hellospring)
2025-05-01 00:19:31,317 INFO o.s.b.SpringApplication {logStartupProfileInfo} [main] The following 1 profile is active: "test"
2025-05-01 00:19:31,725 INFO o.s.s.w.DefaultSecurityFilterChain {<init>} [main] Will secure any request with [org.springframework.security.web.session.DisableEncodeUrlFilter@a97a895, org.springframework.security.web.context.request.async.WebAsyncManagerIntegrationFilter@5401c6a8, org.springframework.security.web.context.SecurityContextPersistenceFilter@34e4fb39, org.springframework.security.web.header.HeaderWriterFilter@1e1598e5, org.springframework.security.web.authentication.logout.LogoutFilter@5cb6abc8, org.springframework.security.web.savedrequest.RequestCacheAwareFilter@36fe83d, org.springframework.security.web.servletapi.SecurityContextHolderAwareRequestFilter@310f8a05, org.springframework.security.web.authentication.AnonymousAuthenticationFilter@1ef5cde4, org.springframework.security.web.session.SessionManagementFilter@67a3394c, org.springframework.security.web.access.ExceptionTranslationFilter@1eb52131, org.springframework.security.web.access.intercept.FilterSecurityInterceptor@e04b8a0]
2025-05-01 00:19:32,098 INFO o.s.m.w.MockServletContext {log} [main] Initializing Spring TestDispatcherServlet ''
2025-05-01 00:19:32,098 INFO o.s.w.s.FrameworkServlet {initServletBean} [main] Initializing Servlet ''
2025-05-01 00:19:32,098 INFO o.s.w.s.FrameworkServlet {initServletBean} [main] Completed initialization in 0 ms
2025-05-01 00:19:32,112 INFO o.s.b.StartupInfoLogger {logStarted} [main] Started UserControllerTests in 0.825 seconds (JVM running for 12.428)
2025-05-01 00:19:32,116 INFO c.s.a.c.UserController {getUser} [main] BEGIN getUser
2025-05-01 00:19:32,136 INFO c.s.a.c.UserController {filterusers} [main] BEGIN getAll
2025-05-01 00:19:32,137 INFO c.s.a.c.UserController {filterusers} [main] END getAll
2025-05-01 00:19:32,168 INFO c.s.a.c.UserController {filterusers} [main] BEGIN getAll
2025-05-01 00:19:32,169 INFO c.s.a.c.UserController {filterusers} [main] END getAll
2025-05-01 00:19:32,176 INFO c.s.a.c.UserController {filterusers} [main] BEGIN getAll
2025-05-01 00:19:32,177 INFO c.s.a.c.UserController {filterusers} [main] END getAll
2025-05-01 00:19:32,203 INFO c.s.a.c.UserController {removeUser} [main] BEGIN removeUser
2025-05-01 00:19:32,203 INFO c.s.a.c.UserController {removeUser} [main] END removeUser
2025-05-01 00:19:32,207 INFO c.s.a.c.UserController {getUser} [main] BEGIN getUser
2025-05-01 00:19:32,207 INFO c.s.a.c.UserController {getUser} [main] END getUser
2025-05-01 00:19:32,225 INFO c.s.a.c.UserController {modifyUser} [main] BEGIN modifyUser
2025-05-01 00:19:32,239 INFO c.s.a.c.UserController {filterusers} [main] BEGIN getAll
2025-05-01 00:19:32,239 INFO c.s.a.c.UserController {filterusers} [main] END getAll
2025-05-01 00:19:32,243 INFO c.s.a.c.UserController {filterusers} [main] BEGIN getAll
2025-05-01 00:19:32,243 INFO c.s.a.c.UserController {filterusers} [main] END getAll
2025-05-01 00:19:32,243 INFO c.s.a.c.UserController {modifyUser} [main] BEGIN modifyUser
2025-05-01 00:19:32,259 INFO c.s.a.c.UserController {modifyUser} [main] END modifyUser
2025-05-01 00:19:32,268 INFO c.s.a.c.UserController {removeUser} [main] BEGIN removeUser
2025-05-01 00:19:32,334 INFO o.s.t.c.s.AbstractTestContextBootstrapper {buildDefaultMergedContextConfiguration} [main] Neither @ContextConfiguration nor @ContextHierarchy found for test class [com.svalero.apibikes.WorkShopControllerTests], using SpringBootContextLoader
2025-05-01 00:19:32,334 INFO o.s.t.c.s.AbstractContextLoader {generateDefaultLocations} [main] Could not detect default resource locations for test class [com.svalero.apibikes.WorkShopControllerTests]: no resource found for suffixes {-context.xml, Context.groovy}.
2025-05-01 00:19:32,334 INFO o.s.t.c.s.AnnotationConfigContextLoaderUtils {detectDefaultConfigurationClasses} [main] Could not detect default configuration classes for test class [com.svalero.apibikes.WorkShopControllerTests]: WorkShopControllerTests does not declare any static, non-private, non-final, nested classes annotated with @Configuration.
2025-05-01 00:19:32,345 INFO o.s.b.t.c.SpringBootTestContextBootstrapper {getOrFindConfigurationClasses} [main] Found @SpringBootConfiguration com.svalero.apibikes.HellospringApplication for test class com.svalero.apibikes.WorkShopControllerTests
2025-05-01 00:19:32,345 INFO o.s.t.c.s.AbstractTestContextBootstrapper {getDefaultTestExecutionListenerClassNames} [main] Loaded default TestExecutionListener class names from location [META-INF/spring.factories]: [org.springframework.boot.test.mock.mockito.MockitoTestExecutionListener, org.springframework.boot.test.mock.mockito.ResetMocksTestExecutionListener, org.springframework.boot.test.autoconfigure.restdocs.RestDocsTestExecutionListener, org.springframework.boot.test.autoconfigure.web.client.MockRestServiceServerResetTestExecutionListener, org.springframework.boot.test.autoconfigure.web.servlet.MockMvcPrintOnlyOnFailureTestExecutionListener, org.springframework.boot.test.autoconfigure.web.servlet.WebDriverTestExecutionListener, org.springframework.boot.test.autoconfigure.webservices.client.MockWebServiceServerTestExecutionListener, org.springframework.test.context.web.ServletTestExecutionListener, org.springframework.test.context.support.DirtiesContextBeforeModesTestExecutionListener, org.springframework.test.context.event.ApplicationEventsTestExecutionListener, org.springframework.test.context.support.DependencyInjectionTestExecutionListener, org.springframework.test.context.support.DirtiesContextTestExecutionListener, org.springframework.test.context.transaction.TransactionalTestExecutionListener, org.springframework.test.context.jdbc.SqlScriptsTestExecutionListener, org.springframework.test.context.event.EventPublishingTestExecutionListener]
2025-05-01 00:19:32,347 INFO o.s.t.c.s.AbstractTestContextBootstrapper {getTestExecutionListeners} [main] Using TestExecutionListeners: [org.springframework.test.context.web.ServletTestExecutionListener@1ee22768, org.springframework.test.context.support.DirtiesContextBeforeModesTestExecutionListener@38a52072, org.springframework.test.context.event.ApplicationEventsTestExecutionListener@306bf4c3, org.springframework.boot.test.mock.mockito.MockitoTestExecutionListener@5cf80dfb, org.springframework.boot.test.autoconfigure.SpringBootDependencyInjectionTestExecutionListener@532ea86b, org.springframework.test.context.support.DirtiesContextTestExecutionListener@4219a4cc, org.springframework.test.context.transaction.TransactionalTestExecutionListener@2dbb8da0, org.springframework.test.context.jdbc.SqlScriptsTestExecutionListener@3130ca39, org.springframework.test.context.event.EventPublishingTestExecutionListener@17fb5184, org.springframework.boot.test.mock.mockito.ResetMocksTestExecutionListener@184bb873, org.springframework.boot.test.autoconfigure.restdocs.RestDocsTestExecutionListener@696ce057, org.springframework.boot.test.autoconfigure.web.client.MockRestServiceServerResetTestExecutionListener@5eba9e41, org.springframework.boot.test.autoconfigure.web.servlet.MockMvcPrintOnlyOnFailureTestExecutionListener@13809363, org.springframework.boot.test.autoconfigure.web.servlet.WebDriverTestExecutionListener@564d3940, org.springframework.boot.test.autoconfigure.webservices.client.MockWebServiceServerTestExecutionListener@58ad0586]
2025-05-01 00:19:32,389 INFO o.s.b.StartupInfoLogger {logStarting} [main] Starting WorkShopControllerTests using Java 21 on DESKTOP-A2Q7539 with PID 5804 (started by 34618 in C:\Users\34618\Documents\2DAM Gdo. Superior\Acceso a datos 2DAM\hellospring)
2025-05-01 00:19:32,389 INFO o.s.b.SpringApplication {logStartupProfileInfo} [main] The following 1 profile is active: "test"
2025-05-01 00:19:32,812 INFO o.s.s.w.DefaultSecurityFilterChain {<init>} [main] Will secure any request with [org.springframework.security.web.session.DisableEncodeUrlFilter@47994b51, org.springframework.security.web.context.request.async.WebAsyncManagerIntegrationFilter@19f99aaf, org.springframework.security.web.context.SecurityContextPersistenceFilter@d271d6c, org.springframework.security.web.header.HeaderWriterFilter@6fafbdac, org.springframework.security.web.authentication.logout.LogoutFilter@4136b193, org.springframework.security.web.savedrequest.RequestCacheAwareFilter@a302f30, org.springframework.security.web.servletapi.SecurityContextHolderAwareRequestFilter@1860b107, org.springframework.security.web.authentication.AnonymousAuthenticationFilter@5020e5ab, org.springframework.security.web.session.SessionManagementFilter@c7c07ff, org.springframework.security.web.access.ExceptionTranslationFilter@50caeb4b, org.springframework.security.web.access.intercept.FilterSecurityInterceptor@2ffcdc9b]
2025-05-01 00:19:33,305 INFO o.s.m.w.MockServletContext {log} [main] Initializing Spring TestDispatcherServlet ''
2025-05-01 00:19:33,307 INFO o.s.w.s.FrameworkServlet {initServletBean} [main] Initializing Servlet ''
2025-05-01 00:19:33,308 INFO o.s.w.s.FrameworkServlet {initServletBean} [main] Completed initialization in 1 ms
2025-05-01 00:19:33,336 INFO o.s.b.StartupInfoLogger {logStarted} [main] Started WorkShopControllerTests in 0.983 seconds (JVM running for 13.651)
2025-05-01 00:19:33,433 INFO c.s.a.c.WorkShopController {modifyWorkShop} [main] BEGIN modifyWorkShop
2025-05-01 00:19:33,436 INFO c.s.a.c.WorkShopController {modifyWorkShop} [main] END modifyWorkShop
2025-05-01 00:19:33,456 INFO c.s.a.c.WorkShopController {getWorkShop} [main] BEGIN getWorkShop
2025-05-01 00:19:33,456 INFO c.s.a.c.WorkShopController {getWorkShop} [main] END getWorkShop
2025-05-01 00:19:33,490 INFO c.s.a.c.WorkShopController {filterworkshops} [main] BEGIN getAll
2025-05-01 00:19:33,492 INFO c.s.a.c.WorkShopController {filterworkshops} [main] END getAll
2025-05-01 00:19:33,510 INFO c.s.a.c.WorkShopController {filterworkshops} [main] BEGIN getAll
2025-05-01 00:19:33,511 INFO c.s.a.c.WorkShopController {filterworkshops} [main] END getAll
2025-05-01 00:19:33,527 INFO c.s.a.c.WorkShopController {removeWorkShop} [main] BEGIN removeWorkShop
2025-05-01 00:19:33,527 INFO c.s.a.c.WorkShopController {removeWorkShop} [main] END removeWorkShop
2025-05-01 00:19:33,547 INFO c.s.a.c.WorkShopController {filterworkshops} [main] BEGIN getAll
2025-05-01 00:19:33,552 INFO c.s.a.c.WorkShopController {filterworkshops} [main] END getAll
2025-05-01 00:19:33,570 INFO c.s.a.c.WorkShopController {modifyWorkShop} [main] BEGIN modifyWorkShop
2025-05-01 00:19:33,623 INFO c.s.a.c.WorkShopController {removeWorkShop} [main] BEGIN removeWorkShop
2025-05-01 00:19:33,627 INFO c.s.a.c.WorkShopController {filterworkshops} [main] BEGIN getAll
2025-05-01 00:19:33,643 INFO c.s.a.c.WorkShopController {filterworkshops} [main] END getAll
2025-05-01 00:19:33,672 INFO c.s.a.c.WorkShopController {getWorkShop} [main] BEGIN getWorkShop
2025-05-01 00:19:33,685 INFO c.s.a.c.WorkShopController {filterworkshops} [main] BEGIN getAll
2025-05-01 00:19:33,685 INFO c.s.a.c.WorkShopController {filterworkshops} [main] END getAll
2025-05-01 00:19:33,700 INFO c.s.a.c.WorkShopController {addWorkShop} [main] BEGIN addWorkShop
2025-05-01 00:19:33,702 INFO c.s.a.c.WorkShopController {addWorkShop} [main] END addWorkShop
2025-05-01 00:24:26,373 INFO o.h.v.i.u.Version {<clinit>} [background-preinit] HV000001: Hibernate Validator 6.2.5.Final
2025-05-01 00:24:26,407 INFO o.s.b.StartupInfoLogger {logStarting} [main] Starting BikeControllerTests using Java 21 on DESKTOP-A2Q7539 with PID 12524 (started by 34618 in C:\Users\34618\Documents\2DAM Gdo. Superior\Acceso a datos 2DAM\hellospring)
2025-05-01 00:24:26,411 INFO o.s.b.SpringApplication {logStartupProfileInfo} [main] The following 1 profile is active: "test"
2025-05-01 00:24:30,060 INFO o.s.s.w.DefaultSecurityFilterChain {<init>} [main] Will secure any request with [org.springframework.security.web.session.DisableEncodeUrlFilter@3fde2209, org.springframework.security.web.context.request.async.WebAsyncManagerIntegrationFilter@1f916219, org.springframework.security.web.context.SecurityContextPersistenceFilter@3c28e5b6, org.springframework.security.web.header.HeaderWriterFilter@361cd35c, org.springframework.security.web.authentication.logout.LogoutFilter@41def031, org.springframework.security.web.savedrequest.RequestCacheAwareFilter@1f129467, org.springframework.security.web.servletapi.SecurityContextHolderAwareRequestFilter@646cd766, org.springframework.security.web.authentication.AnonymousAuthenticationFilter@67acfde9, org.springframework.security.web.session.SessionManagementFilter@13250132, org.springframework.security.web.access.ExceptionTranslationFilter@527a8665, org.springframework.security.web.access.intercept.FilterSecurityInterceptor@59c43561]
2025-05-01 00:24:31,115 INFO o.s.m.w.MockServletContext {log} [main] Initializing Spring TestDispatcherServlet ''
2025-05-01 00:24:31,115 INFO o.s.w.s.FrameworkServlet {initServletBean} [main] Initializing Servlet ''
2025-05-01 00:24:31,124 INFO o.s.w.s.FrameworkServlet {initServletBean} [main] Completed initialization in 9 ms
2025-05-01 00:24:31,215 INFO o.s.b.StartupInfoLogger {logStarted} [main] Started BikeControllerTests in 5.988 seconds (JVM running for 7.613)
2025-05-01 00:24:31,664 INFO c.s.a.c.BikeController {filterBikes} [main] Filtrando bicicletas con parámetros: brand=, model=Alma, color=
2025-05-01 00:24:31,673 INFO c.s.a.c.BikeController {filterBikes} [main] Operación completada: Se obtuvieron 1 bicicletas filtradas
2025-05-01 00:24:32,003 INFO c.s.a.c.BikeController {filterBikes} [main] Filtrando bicicletas con parámetros: brand=Orbea, model=Alma, color=green
2025-05-01 00:24:32,013 INFO c.s.a.c.BikeController {filterBikes} [main] Operación completada: Se obtuvieron 1 bicicletas filtradas
2025-05-01 00:24:32,317 INFO c.s.a.c.BikeController {addBike} [main] BEGIN addBike
2025-05-01 00:24:32,390 INFO c.s.a.c.BikeController {filterBikes} [main] Filtrando bicicletas con parámetros: brand=Orbea, model=, color=
2025-05-01 00:24:32,395 INFO c.s.a.c.BikeController {filterBikes} [main] Operación completada: Se obtuvieron 2 bicicletas filtradas
2025-05-01 00:24:32,415 INFO c.s.a.c.BikeController {addBike} [main] BEGIN addBike
2025-05-01 00:24:32,418 INFO c.s.a.c.BikeController {addBike} [main] END addBike
2025-05-01 00:24:32,532 INFO c.s.a.c.BikeController {filterBikes} [main] Filtrando bicicletas con parámetros: brand=, model=, color=
2025-05-01 00:24:32,533 INFO c.s.a.c.BikeController {filterBikes} [main] Operación completada: Se obtuvieron 3 bicicletas filtradas
2025-05-01 00:24:32,552 INFO c.s.a.c.BikeController {filterBikes} [main] Filtrando bicicletas con parámetros: brand=, model=, color=green
2025-05-01 00:24:32,555 INFO c.s.a.c.BikeController {filterBikes} [main] Operación completada: Se obtuvieron 1 bicicletas filtradas
2025-05-01 00:24:32,580 INFO c.s.a.c.BikeController {getBike} [main] BEGIN getBike
2025-05-01 00:24:32,584 INFO c.s.a.c.BikeController {getBike} [main] END getBike
2025-05-01 00:24:32,666 INFO c.s.a.c.BikeController {removeBike} [main] BEGIN removeBike
2025-05-01 00:24:32,668 INFO c.s.a.c.BikeController {removeBike} [main] END removeBike
2025-05-01 00:24:32,711 INFO c.s.a.c.BikeController {modifyBike} [main] BEGIN modifyBike
2025-05-01 00:24:32,779 INFO c.s.a.c.BikeController {modifyBike} [main] BEGIN modifyBike
2025-05-01 00:24:32,781 INFO c.s.a.c.BikeController {modifyBike} [main] END modifyBike
2025-05-01 00:24:32,799 INFO c.s.a.c.BikeController {removeBike} [main] BEGIN removeBike
2025-05-01 00:24:32,818 INFO c.s.a.c.BikeController {getBike} [main] BEGIN getBike
2025-05-01 00:24:33,418 INFO o.s.t.c.s.AbstractTestContextBootstrapper {buildDefaultMergedContextConfiguration} [main] Neither @ContextConfiguration nor @ContextHierarchy found for test class [com.svalero.apibikes.MechanicControllerTests], using SpringBootContextLoader
2025-05-01 00:24:33,424 INFO o.s.t.c.s.AbstractContextLoader {generateDefaultLocations} [main] Could not detect default resource locations for test class [com.svalero.apibikes.MechanicControllerTests]: no resource found for suffixes {-context.xml, Context.groovy}.
2025-05-01 00:24:33,428 INFO o.s.t.c.s.AnnotationConfigContextLoaderUtils {detectDefaultConfigurationClasses} [main] Could not detect default configuration classes for test class [com.svalero.apibikes.MechanicControllerTests]: MechanicControllerTests does not declare any static, non-private, non-final, nested classes annotated with @Configuration.
2025-05-01 00:24:33,453 INFO o.s.b.t.c.SpringBootTestContextBootstrapper {getOrFindConfigurationClasses} [main] Found @SpringBootConfiguration com.svalero.apibikes.HellospringApplication for test class com.svalero.apibikes.MechanicControllerTests
2025-05-01 00:24:33,457 INFO o.s.t.c.s.AbstractTestContextBootstrapper {getDefaultTestExecutionListenerClassNames} [main] Loaded default TestExecutionListener class names from location [META-INF/spring.factories]: [org.springframework.boot.test.mock.mockito.MockitoTestExecutionListener, org.springframework.boot.test.mock.mockito.ResetMocksTestExecutionListener, org.springframework.boot.test.autoconfigure.restdocs.RestDocsTestExecutionListener, org.springframework.boot.test.autoconfigure.web.client.MockRestServiceServerResetTestExecutionListener, org.springframework.boot.test.autoconfigure.web.servlet.MockMvcPrintOnlyOnFailureTestExecutionListener, org.springframework.boot.test.autoconfigure.web.servlet.WebDriverTestExecutionListener, org.springframework.boot.test.autoconfigure.webservices.client.MockWebServiceServerTestExecutionListener, org.springframework.test.context.web.ServletTestExecutionListener, org.springframework.test.context.support.DirtiesContextBeforeModesTestExecutionListener, org.springframework.test.context.event.ApplicationEventsTestExecutionListener, org.springframework.test.context.support.DependencyInjectionTestExecutionListener, org.springframework.test.context.support.DirtiesContextTestExecutionListener, org.springframework.test.context.transaction.TransactionalTestExecutionListener, org.springframework.test.context.jdbc.SqlScriptsTestExecutionListener, org.springframework.test.context.event.EventPublishingTestExecutionListener]
2025-05-01 00:24:33,458 INFO o.s.t.c.s.AbstractTestContextBootstrapper {getTestExecutionListeners} [main] Using TestExecutionListeners: [org.springframework.test.context.web.ServletTestExecutionListener@71eff6a3, org.springframework.test.context.support.DirtiesContextBeforeModesTestExecutionListener@574218f, org.springframework.test.context.event.ApplicationEventsTestExecutionListener@735988cf, org.springframework.boot.test.mock.mockito.MockitoTestExecutionListener@2d3eecda, org.springframework.boot.test.autoconfigure.SpringBootDependencyInjectionTestExecutionListener@236a4d30, org.springframework.test.context.support.DirtiesContextTestExecutionListener@736788b, org.springframework.test.context.transaction.TransactionalTestExecutionListener@38968752, org.springframework.test.context.jdbc.SqlScriptsTestExecutionListener@6294e4a6, org.springframework.test.context.event.EventPublishingTestExecutionListener@13662609, org.springframework.boot.test.mock.mockito.ResetMocksTestExecutionListener@27a0e6ce, org.springframework.boot.test.autoconfigure.restdocs.RestDocsTestExecutionListener@2b80497f, org.springframework.boot.test.autoconfigure.web.client.MockRestServiceServerResetTestExecutionListener@6ef4297d, org.springframework.boot.test.autoconfigure.web.servlet.MockMvcPrintOnlyOnFailureTestExecutionListener@4c000cc4, org.springframework.boot.test.autoconfigure.web.servlet.WebDriverTestExecutionListener@6c36051c, org.springframework.boot.test.autoconfigure.webservices.client.MockWebServiceServerTestExecutionListener@45d46254]
2025-05-01 00:24:33,569 INFO o.s.b.StartupInfoLogger {logStarting} [main] Starting MechanicControllerTests using Java 21 on DESKTOP-A2Q7539 with PID 12524 (started by 34618 in C:\Users\34618\Documents\2DAM Gdo. Superior\Acceso a datos 2DAM\hellospring)
2025-05-01 00:24:33,570 INFO o.s.b.SpringApplication {logStartupProfileInfo} [main] The following 1 profile is active: "test"
2025-05-01 00:24:34,483 INFO o.s.s.w.DefaultSecurityFilterChain {<init>} [main] Will secure any request with [org.springframework.security.web.session.DisableEncodeUrlFilter@69ab2d6a, org.springframework.security.web.context.request.async.WebAsyncManagerIntegrationFilter@505a8582, org.springframework.security.web.context.SecurityContextPersistenceFilter@99223ac, org.springframework.security.web.header.HeaderWriterFilter@543d2ef3, org.springframework.security.web.authentication.logout.LogoutFilter@34fc315d, org.springframework.security.web.savedrequest.RequestCacheAwareFilter@4a5fab78, org.springframework.security.web.servletapi.SecurityContextHolderAwareRequestFilter@77a85e76, org.springframework.security.web.authentication.AnonymousAuthenticationFilter@57afe44b, org.springframework.security.web.session.SessionManagementFilter@399c408c, org.springframework.security.web.access.ExceptionTranslationFilter@4bf10fe1, org.springframework.security.web.access.intercept.FilterSecurityInterceptor@10dbf660]
2025-05-01 00:24:34,893 INFO o.s.m.w.MockServletContext {log} [main] Initializing Spring TestDispatcherServlet ''
2025-05-01 00:24:34,895 INFO o.s.w.s.FrameworkServlet {initServletBean} [main] Initializing Servlet ''
2025-05-01 00:24:34,897 INFO o.s.w.s.FrameworkServlet {initServletBean} [main] Completed initialization in 2 ms
2025-05-01 00:24:34,914 INFO o.s.b.StartupInfoLogger {logStarted} [main] Started MechanicControllerTests in 1.446 seconds (JVM running for 11.31)
2025-05-01 00:24:34,927 INFO c.s.a.c.MechanicController {filtermechanics} [main] BEGIN getAll
2025-05-01 00:24:34,927 INFO c.s.a.c.MechanicController {filtermechanics} [main] END getAll
2025-05-01 00:24:34,955 INFO c.s.a.c.MechanicController {modifyMechanic} [main] BEGIN modifyMechanic
2025-05-01 00:24:34,963 INFO c.s.a.c.MechanicController {modifyMechanic} [main] END modifyMechanic
2025-05-01 00:24:34,975 INFO c.s.a.c.MechanicController {filtermechanics} [main] BEGIN getAll
2025-05-01 00:24:34,977 INFO c.s.a.c.MechanicController {filtermechanics} [main] END getAll
2025-05-01 00:24:34,984 INFO c.s.a.c.MechanicController {getMechanic} [main] BEGIN getMechanic
2025-05-01 00:24:34,997 INFO c.s.a.c.MechanicController {filtermechanics} [main] BEGIN getAll
2025-05-01 00:24:34,999 INFO c.s.a.c.MechanicController {filtermechanics} [main] END getAll
2025-05-01 00:24:35,007 INFO c.s.a.c.MechanicController {removeMechanic} [main] BEGIN removeMechanic
2025-05-01 00:24:35,009 INFO c.s.a.c.MechanicController {removeMechanic} [main] END removeMechanic
2025-05-01 00:24:35,033 INFO c.s.a.c.MechanicController {addMechanic} [main] BEGIN addMechanic
2025-05-01 00:24:35,033 INFO c.s.a.c.MechanicController {addMechanic} [main] END addMechanic
2025-05-01 00:24:35,042 INFO c.s.a.c.MechanicController {getMechanic} [main] BEGIN getMechanic
2025-05-01 00:24:35,042 INFO c.s.a.c.MechanicController {getMechanic} [main] END getMechanic
2025-05-01 00:24:35,062 INFO c.s.a.c.MechanicController {modifyMechanic} [main] BEGIN modifyMechanic
2025-05-01 00:24:35,065 INFO c.s.a.c.MechanicController {filtermechanics} [main] BEGIN getAll
2025-05-01 00:24:35,065 INFO c.s.a.c.MechanicController {filtermechanics} [main] END getAll
2025-05-01 00:24:35,075 INFO c.s.a.c.MechanicController {removeMechanic} [main] BEGIN removeMechanic
2025-05-01 00:24:35,085 INFO c.s.a.c.MechanicController {filtermechanics} [main] BEGIN getAll
2025-05-01 00:24:35,087 INFO c.s.a.c.MechanicController {filtermechanics} [main] END getAll
2025-05-01 00:24:35,267 INFO o.s.t.c.s.AbstractTestContextBootstrapper {buildDefaultMergedContextConfiguration} [main] Neither @ContextConfiguration nor @ContextHierarchy found for test class [com.svalero.apibikes.UserControllerTests], using SpringBootContextLoader
2025-05-01 00:24:35,267 INFO o.s.t.c.s.AbstractContextLoader {generateDefaultLocations} [main] Could not detect default resource locations for test class [com.svalero.apibikes.UserControllerTests]: no resource found for suffixes {-context.xml, Context.groovy}.
2025-05-01 00:24:35,267 INFO o.s.t.c.s.AnnotationConfigContextLoaderUtils {detectDefaultConfigurationClasses} [main] Could not detect default configuration classes for test class [com.svalero.apibikes.UserControllerTests]: UserControllerTests does not declare any static, non-private, non-final, nested classes annotated with @Configuration.
2025-05-01 00:24:35,281 INFO o.s.b.t.c.SpringBootTestContextBootstrapper {getOrFindConfigurationClasses} [main] Found @SpringBootConfiguration com.svalero.apibikes.HellospringApplication for test class com.svalero.apibikes.UserControllerTests
2025-05-01 00:24:35,283 INFO o.s.t.c.s.AbstractTestContextBootstrapper {getDefaultTestExecutionListenerClassNames} [main] Loaded default TestExecutionListener class names from location [META-INF/spring.factories]: [org.springframework.boot.test.mock.mockito.MockitoTestExecutionListener, org.springframework.boot.test.mock.mockito.ResetMocksTestExecutionListener, org.springframework.boot.test.autoconfigure.restdocs.RestDocsTestExecutionListener, org.springframework.boot.test.autoconfigure.web.client.MockRestServiceServerResetTestExecutionListener, org.springframework.boot.test.autoconfigure.web.servlet.MockMvcPrintOnlyOnFailureTestExecutionListener, org.springframework.boot.test.autoconfigure.web.servlet.WebDriverTestExecutionListener, org.springframework.boot.test.autoconfigure.webservices.client.MockWebServiceServerTestExecutionListener, org.springframework.test.context.web.ServletTestExecutionListener, org.springframework.test.context.support.DirtiesContextBeforeModesTestExecutionListener, org.springframework.test.context.event.ApplicationEventsTestExecutionListener, org.springframework.test.context.support.DependencyInjectionTestExecutionListener, org.springframework.test.context.support.DirtiesContextTestExecutionListener, org.springframework.test.context.transaction.TransactionalTestExecutionListener, org.springframework.test.context.jdbc.SqlScriptsTestExecutionListener, org.springframework.test.context.event.EventPublishingTestExecutionListener]
2025-05-01 00:24:35,283 INFO o.s.t.c.s.AbstractTestContextBootstrapper {getTestExecutionListeners} [main] Using TestExecutionListeners: [org.springframework.test.context.web.ServletTestExecutionListener@119f072c, org.springframework.test.context.support.DirtiesContextBeforeModesTestExecutionListener@66456506, org.springframework.test.context.event.ApplicationEventsTestExecutionListener@69944a90, org.springframework.boot.test.mock.mockito.MockitoTestExecutionListener@1ed52f44, org.springframework.boot.test.autoconfigure.SpringBootDependencyInjectionTestExecutionListener@771afdd5, org.springframework.test.context.support.DirtiesContextTestExecutionListener@3abadb65, org.springframework.test.context.transaction.TransactionalTestExecutionListener@7131d668, org.springframework.test.context.jdbc.SqlScriptsTestExecutionListener@46a97805, org.springframework.test.context.event.EventPublishingTestExecutionListener@667dd150, org.springframework.boot.test.mock.mockito.ResetMocksTestExecutionListener@af04f09, org.springframework.boot.test.autoconfigure.restdocs.RestDocsTestExecutionListener@758d4aa9, org.springframework.boot.test.autoconfigure.web.client.MockRestServiceServerResetTestExecutionListener@78e97d4d, org.springframework.boot.test.autoconfigure.web.servlet.MockMvcPrintOnlyOnFailureTestExecutionListener@7096d451, org.springframework.boot.test.autoconfigure.web.servlet.WebDriverTestExecutionListener@7816454d, org.springframework.boot.test.autoconfigure.webservices.client.MockWebServiceServerTestExecutionListener@67d180e4]
2025-05-01 00:24:35,319 INFO o.s.b.StartupInfoLogger {logStarting} [main] Starting UserControllerTests using Java 21 on DESKTOP-A2Q7539 with PID 12524 (started by 34618 in C:\Users\34618\Documents\2DAM Gdo. Superior\Acceso a datos 2DAM\hellospring)
2025-05-01 00:24:35,319 INFO o.s.b.SpringApplication {logStartupProfileInfo} [main] The following 1 profile is active: "test"
2025-05-01 00:24:35,728 INFO o.s.s.w.DefaultSecurityFilterChain {<init>} [main] Will secure any request with [org.springframework.security.web.session.DisableEncodeUrlFilter@5e2718b3, org.springframework.security.web.context.request.async.WebAsyncManagerIntegrationFilter@440461ef, org.springframework.security.web.context.SecurityContextPersistenceFilter@699bb304, org.springframework.security.web.header.HeaderWriterFilter@5a31abe9, org.springframework.security.web.authentication.logout.LogoutFilter@3ffa0f38, org.springframework.security.web.savedrequest.RequestCacheAwareFilter@17477bbb, org.springframework.security.web.servletapi.SecurityContextHolderAwareRequestFilter@40fee459, org.springframework.security.web.authentication.AnonymousAuthenticationFilter@5977bdea, org.springframework.security.web.session.SessionManagementFilter@2dacda9a, org.springframework.security.web.access.ExceptionTranslationFilter@13ddaffb, org.springframework.security.web.access.intercept.FilterSecurityInterceptor@2c978637]
2025-05-01 00:24:36,104 INFO o.s.m.w.MockServletContext {log} [main] Initializing Spring TestDispatcherServlet ''
2025-05-01 00:24:36,105 INFO o.s.w.s.FrameworkServlet {initServletBean} [main] Initializing Servlet ''
2025-05-01 00:24:36,106 INFO o.s.w.s.FrameworkServlet {initServletBean} [main] Completed initialization in 1 ms
2025-05-01 00:24:36,120 INFO o.s.b.StartupInfoLogger {logStarted} [main] Started UserControllerTests in 0.832 seconds (JVM running for 12.516)
2025-05-01 00:24:36,127 INFO c.s.a.c.UserController {getUser} [main] BEGIN getUser
2025-05-01 00:24:36,143 INFO c.s.a.c.UserController {filterusers} [main] BEGIN getAll
2025-05-01 00:24:36,143 INFO c.s.a.c.UserController {filterusers} [main] END getAll
2025-05-01 00:24:36,164 INFO c.s.a.c.UserController {filterusers} [main] BEGIN getAll
2025-05-01 00:24:36,175 INFO c.s.a.c.UserController {filterusers} [main] END getAll
2025-05-01 00:24:36,184 INFO c.s.a.c.UserController {filterusers} [main] BEGIN getAll
2025-05-01 00:24:36,184 INFO c.s.a.c.UserController {filterusers} [main] END getAll
2025-05-01 00:24:36,215 INFO c.s.a.c.UserController {removeUser} [main] BEGIN removeUser
2025-05-01 00:24:36,217 INFO c.s.a.c.UserController {removeUser} [main] END removeUser
2025-05-01 00:24:36,239 INFO c.s.a.c.UserController {getUser} [main] BEGIN getUser
2025-05-01 00:24:36,239 INFO c.s.a.c.UserController {getUser} [main] END getUser
2025-05-01 00:24:36,352 INFO c.s.a.c.UserController {modifyUser} [main] BEGIN modifyUser
2025-05-01 00:24:36,368 INFO c.s.a.c.UserController {filterusers} [main] BEGIN getAll
2025-05-01 00:24:36,368 INFO c.s.a.c.UserController {filterusers} [main] END getAll
2025-05-01 00:24:36,378 INFO c.s.a.c.UserController {filterusers} [main] BEGIN getAll
2025-05-01 00:24:36,378 INFO c.s.a.c.UserController {filterusers} [main] END getAll
2025-05-01 00:24:36,386 INFO c.s.a.c.UserController {modifyUser} [main] BEGIN modifyUser
2025-05-01 00:24:36,388 INFO c.s.a.c.UserController {modifyUser} [main] END modifyUser
2025-05-01 00:24:36,394 INFO c.s.a.c.UserController {removeUser} [main] BEGIN removeUser
2025-05-01 00:24:36,462 INFO o.s.t.c.s.AbstractTestContextBootstrapper {buildDefaultMergedContextConfiguration} [main] Neither @ContextConfiguration nor @ContextHierarchy found for test class [com.svalero.apibikes.WorkShopControllerTests], using SpringBootContextLoader
2025-05-01 00:24:36,464 INFO o.s.t.c.s.AbstractContextLoader {generateDefaultLocations} [main] Could not detect default resource locations for test class [com.svalero.apibikes.WorkShopControllerTests]: no resource found for suffixes {-context.xml, Context.groovy}.
2025-05-01 00:24:36,464 INFO o.s.t.c.s.AnnotationConfigContextLoaderUtils {detectDefaultConfigurationClasses} [main] Could not detect default configuration classes for test class [com.svalero.apibikes.WorkShopControllerTests]: WorkShopControllerTests does not declare any static, non-private, non-final, nested classes annotated with @Configuration.
2025-05-01 00:24:36,472 INFO o.s.b.t.c.SpringBootTestContextBootstrapper {getOrFindConfigurationClasses} [main] Found @SpringBootConfiguration com.svalero.apibikes.HellospringApplication for test class com.svalero.apibikes.WorkShopControllerTests
2025-05-01 00:24:36,473 INFO o.s.t.c.s.AbstractTestContextBootstrapper {getDefaultTestExecutionListenerClassNames} [main] Loaded default TestExecutionListener class names from location [META-INF/spring.factories]: [org.springframework.boot.test.mock.mockito.MockitoTestExecutionListener, org.springframework.boot.test.mock.mockito.ResetMocksTestExecutionListener, org.springframework.boot.test.autoconfigure.restdocs.RestDocsTestExecutionListener, org.springframework.boot.test.autoconfigure.web.client.MockRestServiceServerResetTestExecutionListener, org.springframework.boot.test.autoconfigure.web.servlet.MockMvcPrintOnlyOnFailureTestExecutionListener, org.springframework.boot.test.autoconfigure.web.servlet.WebDriverTestExecutionListener, org.springframework.boot.test.autoconfigure.webservices.client.MockWebServiceServerTestExecutionListener, org.springframework.test.context.web.ServletTestExecutionListener, org.springframework.test.context.support.DirtiesContextBeforeModesTestExecutionListener, org.springframework.test.context.event.ApplicationEventsTestExecutionListener, org.springframework.test.context.support.DependencyInjectionTestExecutionListener, org.springframework.test.context.support.DirtiesContextTestExecutionListener, org.springframework.test.context.transaction.TransactionalTestExecutionListener, org.springframework.test.context.jdbc.SqlScriptsTestExecutionListener, org.springframework.test.context.event.EventPublishingTestExecutionListener]
2025-05-01 00:24:36,474 INFO o.s.t.c.s.AbstractTestContextBootstrapper {getTestExecutionListeners} [main] Using TestExecutionListeners: [org.springframework.test.context.web.ServletTestExecutionListener@7ac90dab, org.springframework.test.context.support.DirtiesContextBeforeModesTestExecutionListener@40d370fa, org.springframework.test.context.event.ApplicationEventsTestExecutionListener@5868ea91, org.springframework.boot.test.mock.mockito.MockitoTestExecutionListener@757c685d, org.springframework.boot.test.autoconfigure.SpringBootDependencyInjectionTestExecutionListener@476a970c, org.springframework.test.context.support.DirtiesContextTestExecutionListener@1ce57bbb, org.springframework.test.context.transaction.TransactionalTestExecutionListener@34626d4, org.springframework.test.context.jdbc.SqlScriptsTestExecutionListener@15ee8861, org.springframework.test.context.event.EventPublishingTestExecutionListener@6afaf27, org.springframework.boot.test.mock.mockito.ResetMocksTestExecutionListener@31a024ea, org.springframework.boot.test.autoconfigure.restdocs.RestDocsTestExecutionListener@362c48c, org.springframework.boot.test.autoconfigure.web.client.MockRestServiceServerResetTestExecutionListener@62aee901, org.springframework.boot.test.autoconfigure.web.servlet.MockMvcPrintOnlyOnFailureTestExecutionListener@1983a4e4, org.springframework.boot.test.autoconfigure.web.servlet.WebDriverTestExecutionListener@29b4444a, org.springframework.boot.test.autoconfigure.webservices.client.MockWebServiceServerTestExecutionListener@3ce7a354]
2025-05-01 00:24:36,511 INFO o.s.b.StartupInfoLogger {logStarting} [main] Starting WorkShopControllerTests using Java 21 on DESKTOP-A2Q7539 with PID 12524 (started by 34618 in C:\Users\34618\Documents\2DAM Gdo. Superior\Acceso a datos 2DAM\hellospring)
2025-05-01 00:24:36,511 INFO o.s.b.SpringApplication {logStartupProfileInfo} [main] The following 1 profile is active: "test"
2025-05-01 00:24:37,049 INFO o.s.s.w.DefaultSecurityFilterChain {<init>} [main] Will secure any request with [org.springframework.security.web.session.DisableEncodeUrlFilter@68b3979d, org.springframework.security.web.context.request.async.WebAsyncManagerIntegrationFilter@5fd31df7, org.springframework.security.web.context.SecurityContextPersistenceFilter@75ac326f, org.springframework.security.web.header.HeaderWriterFilter@3e5b2630, org.springframework.security.web.authentication.logout.LogoutFilter@f453129, org.springframework.security.web.savedrequest.RequestCacheAwareFilter@736f8837, org.springframework.security.web.servletapi.SecurityContextHolderAwareRequestFilter@14624acc, org.springframework.security.web.authentication.AnonymousAuthenticationFilter@61d150af, org.springframework.security.web.session.SessionManagementFilter@1c22642d, org.springframework.security.web.access.ExceptionTranslationFilter@4a49919c, org.springframework.security.web.access.intercept.FilterSecurityInterceptor@49809275]
2025-05-01 00:24:37,752 INFO o.s.m.w.MockServletContext {log} [main] Initializing Spring TestDispatcherServlet ''
2025-05-01 00:24:37,752 INFO o.s.w.s.FrameworkServlet {initServletBean} [main] Initializing Servlet ''
2025-05-01 00:24:37,768 INFO o.s.w.s.FrameworkServlet {initServletBean} [main] Completed initialization in 16 ms
2025-05-01 00:24:37,795 INFO o.s.b.StartupInfoLogger {logStarted} [main] Started WorkShopControllerTests in 1.318 seconds (JVM running for 14.191)
2025-05-01 00:24:37,898 INFO c.s.a.c.WorkShopController {modifyWorkShop} [main] BEGIN modifyWorkShop
2025-05-01 00:24:37,899 INFO c.s.a.c.WorkShopController {modifyWorkShop} [main] END modifyWorkShop
2025-05-01 00:24:37,921 INFO c.s.a.c.WorkShopController {getWorkShop} [main] BEGIN getWorkShop
2025-05-01 00:24:37,924 INFO c.s.a.c.WorkShopController {getWorkShop} [main] END getWorkShop
2025-05-01 00:24:37,945 INFO c.s.a.c.WorkShopController {filterworkshops} [main] BEGIN getAll
2025-05-01 00:24:37,945 INFO c.s.a.c.WorkShopController {filterworkshops} [main] END getAll
2025-05-01 00:24:37,963 INFO c.s.a.c.WorkShopController {filterworkshops} [main] BEGIN getAll
2025-05-01 00:24:37,965 INFO c.s.a.c.WorkShopController {filterworkshops} [main] END getAll
2025-05-01 00:24:37,979 INFO c.s.a.c.WorkShopController {removeWorkShop} [main] BEGIN removeWorkShop
2025-05-01 00:24:37,979 INFO c.s.a.c.WorkShopController {removeWorkShop} [main] END removeWorkShop
2025-05-01 00:24:37,996 INFO c.s.a.c.WorkShopController {filterworkshops} [main] BEGIN getAll
2025-05-01 00:24:37,998 INFO c.s.a.c.WorkShopController {filterworkshops} [main] END getAll
2025-05-01 00:24:38,014 INFO c.s.a.c.WorkShopController {modifyWorkShop} [main] BEGIN modifyWorkShop
2025-05-01 00:24:38,058 INFO c.s.a.c.WorkShopController {removeWorkShop} [main] BEGIN removeWorkShop
2025-05-01 00:24:38,074 INFO c.s.a.c.WorkShopController {filterworkshops} [main] BEGIN getAll
2025-05-01 00:24:38,076 INFO c.s.a.c.WorkShopController {filterworkshops} [main] END getAll
2025-05-01 00:24:38,104 INFO c.s.a.c.WorkShopController {getWorkShop} [main] BEGIN getWorkShop
2025-05-01 00:24:38,117 INFO c.s.a.c.WorkShopController {filterworkshops} [main] BEGIN getAll
2025-05-01 00:24:38,119 INFO c.s.a.c.WorkShopController {filterworkshops} [main] END getAll
2025-05-01 00:24:38,134 INFO c.s.a.c.WorkShopController {addWorkShop} [main] BEGIN addWorkShop
2025-05-01 00:24:38,138 INFO c.s.a.c.WorkShopController {addWorkShop} [main] END addWorkShop
2025-05-01 00:36:52,494 INFO o.s.b.StartupInfoLogger {logStarting} [main] Starting BikeControllerTests using Java 21 on DESKTOP-A2Q7539 with PID 3640 (started by 34618 in C:\Users\34618\Documents\2DAM Gdo. Superior\Acceso a datos 2DAM\hellospring)
2025-05-01 00:36:52,498 INFO o.s.b.SpringApplication {logStartupProfileInfo} [main] The following 1 profile is active: "test"
2025-05-01 00:36:52,508 INFO o.h.v.i.u.Version {<clinit>} [background-preinit] HV000001: Hibernate Validator 6.2.5.Final
2025-05-01 00:36:56,555 INFO o.s.s.w.DefaultSecurityFilterChain {<init>} [main] Will secure any request with [org.springframework.security.web.session.DisableEncodeUrlFilter@2a8dd942, org.springframework.security.web.context.request.async.WebAsyncManagerIntegrationFilter@2322e56f, org.springframework.security.web.context.SecurityContextPersistenceFilter@2faa55bb, org.springframework.security.web.header.HeaderWriterFilter@56a4abd0, org.springframework.security.web.authentication.logout.LogoutFilter@590d6c76, org.springframework.security.web.savedrequest.RequestCacheAwareFilter@b30a50d, org.springframework.security.web.servletapi.SecurityContextHolderAwareRequestFilter@764a3e5d, org.springframework.security.web.authentication.AnonymousAuthenticationFilter@35025a0a, org.springframework.security.web.session.SessionManagementFilter@3a296107, org.springframework.security.web.access.ExceptionTranslationFilter@6f85ee02, org.springframework.security.web.access.intercept.FilterSecurityInterceptor@281b2dfd]
2025-05-01 00:36:57,851 INFO o.s.m.w.MockServletContext {log} [main] Initializing Spring TestDispatcherServlet ''
2025-05-01 00:36:57,851 INFO o.s.w.s.FrameworkServlet {initServletBean} [main] Initializing Servlet ''
2025-05-01 00:36:57,860 INFO o.s.w.s.FrameworkServlet {initServletBean} [main] Completed initialization in 9 ms
2025-05-01 00:36:57,908 INFO o.s.b.StartupInfoLogger {logStarted} [main] Started BikeControllerTests in 6.389 seconds (JVM running for 9.093)
2025-05-01 00:36:58,138 INFO c.s.a.c.BikeController {filterBikes} [main] Filtrando bicicletas con parámetros: brand=, model=Alma, color=
2025-05-01 00:36:58,160 INFO c.s.a.c.BikeController {filterBikes} [main] Operación completada: Se obtuvieron 1 bicicletas filtradas
2025-05-01 00:36:58,338 INFO c.s.a.c.BikeController {filterBikes} [main] Filtrando bicicletas con parámetros: brand=Orbea, model=Alma, color=green
2025-05-01 00:36:58,340 INFO c.s.a.c.BikeController {filterBikes} [main] Operación completada: Se obtuvieron 1 bicicletas filtradas
2025-05-01 00:36:58,532 INFO c.s.a.c.BikeController {addBike} [main] BEGIN addBike
2025-05-01 00:36:58,566 INFO c.s.a.c.BikeController {filterBikes} [main] Filtrando bicicletas con parámetros: brand=Orbea, model=, color=
2025-05-01 00:36:58,568 INFO c.s.a.c.BikeController {filterBikes} [main] Operación completada: Se obtuvieron 2 bicicletas filtradas
2025-05-01 00:36:58,582 INFO c.s.a.c.BikeController {addBike} [main] BEGIN addBike
2025-05-01 00:36:58,585 INFO c.s.a.c.BikeController {addBike} [main] END addBike
2025-05-01 00:36:58,704 INFO c.s.a.c.BikeController {filterBikes} [main] Filtrando bicicletas con parámetros: brand=, model=, color=
2025-05-01 00:36:58,706 INFO c.s.a.c.BikeController {filterBikes} [main] Operación completada: Se obtuvieron 3 bicicletas filtradas
2025-05-01 00:36:58,721 INFO c.s.a.c.BikeController {filterBikes} [main] Filtrando bicicletas con parámetros: brand=, model=, color=green
2025-05-01 00:36:58,722 INFO c.s.a.c.BikeController {filterBikes} [main] Operación completada: Se obtuvieron 1 bicicletas filtradas
2025-05-01 00:36:58,732 INFO c.s.a.c.BikeController {getBike} [main] BEGIN getBike
2025-05-01 00:36:58,740 INFO c.s.a.c.BikeController {getBike} [main] END getBike
2025-05-01 00:36:58,798 INFO c.s.a.c.BikeController {removeBike} [main] BEGIN removeBike
2025-05-01 00:36:58,801 INFO c.s.a.c.BikeController {removeBike} [main] END removeBike
2025-05-01 00:36:58,820 INFO c.s.a.c.BikeController {modifyBike} [main] BEGIN modifyBike
2025-05-01 00:36:58,852 INFO c.s.a.c.BikeController {modifyBike} [main] BEGIN modifyBike
2025-05-01 00:36:58,852 INFO c.s.a.c.BikeController {modifyBike} [main] END modifyBike
2025-05-01 00:36:58,864 INFO c.s.a.c.BikeController {removeBike} [main] BEGIN removeBike
2025-05-01 00:36:58,877 INFO c.s.a.c.BikeController {getBike} [main] BEGIN getBike
2025-05-01 00:36:59,546 INFO o.s.t.c.s.AbstractTestContextBootstrapper {buildDefaultMergedContextConfiguration} [main] Neither @ContextConfiguration nor @ContextHierarchy found for test class [com.svalero.apibikes.MechanicControllerTests], using SpringBootContextLoader
2025-05-01 00:36:59,551 INFO o.s.t.c.s.AbstractContextLoader {generateDefaultLocations} [main] Could not detect default resource locations for test class [com.svalero.apibikes.MechanicControllerTests]: no resource found for suffixes {-context.xml, Context.groovy}.
2025-05-01 00:36:59,552 INFO o.s.t.c.s.AnnotationConfigContextLoaderUtils {detectDefaultConfigurationClasses} [main] Could not detect default configuration classes for test class [com.svalero.apibikes.MechanicControllerTests]: MechanicControllerTests does not declare any static, non-private, non-final, nested classes annotated with @Configuration.
2025-05-01 00:36:59,568 INFO o.s.b.t.c.SpringBootTestContextBootstrapper {getOrFindConfigurationClasses} [main] Found @SpringBootConfiguration com.svalero.apibikes.HellospringApplication for test class com.svalero.apibikes.MechanicControllerTests
2025-05-01 00:36:59,571 INFO o.s.t.c.s.AbstractTestContextBootstrapper {getDefaultTestExecutionListenerClassNames} [main] Loaded default TestExecutionListener class names from location [META-INF/spring.factories]: [org.springframework.boot.test.mock.mockito.MockitoTestExecutionListener, org.springframework.boot.test.mock.mockito.ResetMocksTestExecutionListener, org.springframework.boot.test.autoconfigure.restdocs.RestDocsTestExecutionListener, org.springframework.boot.test.autoconfigure.web.client.MockRestServiceServerResetTestExecutionListener, org.springframework.boot.test.autoconfigure.web.servlet.MockMvcPrintOnlyOnFailureTestExecutionListener, org.springframework.boot.test.autoconfigure.web.servlet.WebDriverTestExecutionListener, org.springframework.boot.test.autoconfigure.webservices.client.MockWebServiceServerTestExecutionListener, org.springframework.test.context.web.ServletTestExecutionListener, org.springframework.test.context.support.DirtiesContextBeforeModesTestExecutionListener, org.springframework.test.context.event.ApplicationEventsTestExecutionListener, org.springframework.test.context.support.DependencyInjectionTestExecutionListener, org.springframework.test.context.support.DirtiesContextTestExecutionListener, org.springframework.test.context.transaction.TransactionalTestExecutionListener, org.springframework.test.context.jdbc.SqlScriptsTestExecutionListener, org.springframework.test.context.event.EventPublishingTestExecutionListener]
2025-05-01 00:36:59,572 INFO o.s.t.c.s.AbstractTestContextBootstrapper {getTestExecutionListeners} [main] Using TestExecutionListeners: [org.springframework.test.context.web.ServletTestExecutionListener@38968752, org.springframework.test.context.support.DirtiesContextBeforeModesTestExecutionListener@6294e4a6, org.springframework.test.context.event.ApplicationEventsTestExecutionListener@13662609, org.springframework.boot.test.mock.mockito.MockitoTestExecutionListener@27a0e6ce, org.springframework.boot.test.autoconfigure.SpringBootDependencyInjectionTestExecutionListener@2b80497f, org.springframework.test.context.support.DirtiesContextTestExecutionListener@6ef4297d, org.springframework.test.context.transaction.TransactionalTestExecutionListener@4c000cc4, org.springframework.test.context.jdbc.SqlScriptsTestExecutionListener@6c36051c, org.springframework.test.context.event.EventPublishingTestExecutionListener@45d46254, org.springframework.boot.test.mock.mockito.ResetMocksTestExecutionListener@a240452, org.springframework.boot.test.autoconfigure.restdocs.RestDocsTestExecutionListener@460e5ffe, org.springframework.boot.test.autoconfigure.web.client.MockRestServiceServerResetTestExecutionListener@1a4cbcc6, org.springframework.boot.test.autoconfigure.web.servlet.MockMvcPrintOnlyOnFailureTestExecutionListener@7cecab19, org.springframework.boot.test.autoconfigure.web.servlet.WebDriverTestExecutionListener@56402642, org.springframework.boot.test.autoconfigure.webservices.client.MockWebServiceServerTestExecutionListener@620572db]
2025-05-01 00:36:59,678 INFO o.s.b.StartupInfoLogger {logStarting} [main] Starting MechanicControllerTests using Java 21 on DESKTOP-A2Q7539 with PID 3640 (started by 34618 in C:\Users\34618\Documents\2DAM Gdo. Superior\Acceso a datos 2DAM\hellospring)
2025-05-01 00:36:59,678 INFO o.s.b.SpringApplication {logStartupProfileInfo} [main] The following 1 profile is active: "test"
2025-05-01 00:37:00,744 INFO o.s.s.w.DefaultSecurityFilterChain {<init>} [main] Will secure any request with [org.springframework.security.web.session.DisableEncodeUrlFilter@4af0c50, org.springframework.security.web.context.request.async.WebAsyncManagerIntegrationFilter@5ffd35dd, org.springframework.security.web.context.SecurityContextPersistenceFilter@36a1fd20, org.springframework.security.web.header.HeaderWriterFilter@34fc315d, org.springframework.security.web.authentication.logout.LogoutFilter@505a8582, org.springframework.security.web.savedrequest.RequestCacheAwareFilter@45f8415b, org.springframework.security.web.servletapi.SecurityContextHolderAwareRequestFilter@10dbf660, org.springframework.security.web.authentication.AnonymousAuthenticationFilter@311a09b2, org.springframework.security.web.session.SessionManagementFilter@34f48d1, org.springframework.security.web.access.ExceptionTranslationFilter@2cebf82f, org.springframework.security.web.access.intercept.FilterSecurityInterceptor@2c0a3826]
2025-05-01 00:37:01,806 INFO o.s.m.w.MockServletContext {log} [main] Initializing Spring TestDispatcherServlet ''
2025-05-01 00:37:01,808 INFO o.s.w.s.FrameworkServlet {initServletBean} [main] Initializing Servlet ''
2025-05-01 00:37:01,811 INFO o.s.w.s.FrameworkServlet {initServletBean} [main] Completed initialization in 3 ms
2025-05-01 00:37:01,851 INFO o.s.b.StartupInfoLogger {logStarted} [main] Started MechanicControllerTests in 2.27 seconds (JVM running for 13.035)
2025-05-01 00:37:01,877 INFO c.s.a.c.MechanicController {filtermechanics} [main] BEGIN getAll
2025-05-01 00:37:01,878 INFO c.s.a.c.MechanicController {filtermechanics} [main] END getAll
2025-05-01 00:37:01,932 INFO c.s.a.c.MechanicController {modifyMechanic} [main] BEGIN modifyMechanic
2025-05-01 00:37:01,932 INFO c.s.a.c.MechanicController {modifyMechanic} [main] END modifyMechanic
2025-05-01 00:37:01,953 INFO c.s.a.c.MechanicController {filtermechanics} [main] BEGIN getAll
2025-05-01 00:37:01,955 INFO c.s.a.c.MechanicController {filtermechanics} [main] END getAll
2025-05-01 00:37:01,974 INFO c.s.a.c.MechanicController {getMechanic} [main] BEGIN getMechanic
2025-05-01 00:37:01,998 INFO c.s.a.c.MechanicController {filtermechanics} [main] BEGIN getAll
2025-05-01 00:37:02,001 INFO c.s.a.c.MechanicController {filtermechanics} [main] END getAll
2025-05-01 00:37:02,017 INFO c.s.a.c.MechanicController {removeMechanic} [main] BEGIN removeMechanic
2025-05-01 00:37:02,021 INFO c.s.a.c.MechanicController {removeMechanic} [main] END removeMechanic
2025-05-01 00:37:02,078 INFO c.s.a.c.MechanicController {addMechanic} [main] BEGIN addMechanic
2025-05-01 00:37:02,083 INFO c.s.a.c.MechanicController {addMechanic} [main] END addMechanic
2025-05-01 00:37:02,103 INFO c.s.a.c.MechanicController {getMechanic} [main] BEGIN getMechanic
2025-05-01 00:37:02,108 INFO c.s.a.c.MechanicController {getMechanic} [main] END getMechanic
2025-05-01 00:37:02,141 INFO c.s.a.c.MechanicController {modifyMechanic} [main] BEGIN modifyMechanic
2025-05-01 00:37:02,169 INFO c.s.a.c.MechanicController {filtermechanics} [main] BEGIN getAll
2025-05-01 00:37:02,173 INFO c.s.a.c.MechanicController {filtermechanics} [main] END getAll
2025-05-01 00:37:02,193 INFO c.s.a.c.MechanicController {removeMechanic} [main] BEGIN removeMechanic
2025-05-01 00:37:02,213 INFO c.s.a.c.MechanicController {filtermechanics} [main] BEGIN getAll
2025-05-01 00:37:02,215 INFO c.s.a.c.MechanicController {filtermechanics} [main] END getAll
2025-05-01 00:37:02,457 INFO o.s.t.c.s.AbstractTestContextBootstrapper {buildDefaultMergedContextConfiguration} [main] Neither @ContextConfiguration nor @ContextHierarchy found for test class [com.svalero.apibikes.UserControllerTests], using SpringBootContextLoader
2025-05-01 00:37:02,458 INFO o.s.t.c.s.AbstractContextLoader {generateDefaultLocations} [main] Could not detect default resource locations for test class [com.svalero.apibikes.UserControllerTests]: no resource found for suffixes {-context.xml, Context.groovy}.
2025-05-01 00:37:02,458 INFO o.s.t.c.s.AnnotationConfigContextLoaderUtils {detectDefaultConfigurationClasses} [main] Could not detect default configuration classes for test class [com.svalero.apibikes.UserControllerTests]: UserControllerTests does not declare any static, non-private, non-final, nested classes annotated with @Configuration.
2025-05-01 00:37:02,467 INFO o.s.b.t.c.SpringBootTestContextBootstrapper {getOrFindConfigurationClasses} [main] Found @SpringBootConfiguration com.svalero.apibikes.HellospringApplication for test class com.svalero.apibikes.UserControllerTests
2025-05-01 00:37:02,468 INFO o.s.t.c.s.AbstractTestContextBootstrapper {getDefaultTestExecutionListenerClassNames} [main] Loaded default TestExecutionListener class names from location [META-INF/spring.factories]: [org.springframework.boot.test.mock.mockito.MockitoTestExecutionListener, org.springframework.boot.test.mock.mockito.ResetMocksTestExecutionListener, org.springframework.boot.test.autoconfigure.restdocs.RestDocsTestExecutionListener, org.springframework.boot.test.autoconfigure.web.client.MockRestServiceServerResetTestExecutionListener, org.springframework.boot.test.autoconfigure.web.servlet.MockMvcPrintOnlyOnFailureTestExecutionListener, org.springframework.boot.test.autoconfigure.web.servlet.WebDriverTestExecutionListener, org.springframework.boot.test.autoconfigure.webservices.client.MockWebServiceServerTestExecutionListener, org.springframework.test.context.web.ServletTestExecutionListener, org.springframework.test.context.support.DirtiesContextBeforeModesTestExecutionListener, org.springframework.test.context.event.ApplicationEventsTestExecutionListener, org.springframework.test.context.support.DependencyInjectionTestExecutionListener, org.springframework.test.context.support.DirtiesContextTestExecutionListener, org.springframework.test.context.transaction.TransactionalTestExecutionListener, org.springframework.test.context.jdbc.SqlScriptsTestExecutionListener, org.springframework.test.context.event.EventPublishingTestExecutionListener]
2025-05-01 00:37:02,470 INFO o.s.t.c.s.AbstractTestContextBootstrapper {getTestExecutionListeners} [main] Using TestExecutionListeners: [org.springframework.test.context.web.ServletTestExecutionListener@7816454d, org.springframework.test.context.support.DirtiesContextBeforeModesTestExecutionListener@67d180e4, org.springframework.test.context.event.ApplicationEventsTestExecutionListener@54e18a46, org.springframework.boot.test.mock.mockito.MockitoTestExecutionListener@1293f8d7, org.springframework.boot.test.autoconfigure.SpringBootDependencyInjectionTestExecutionListener@58e5fbe5, org.springframework.test.context.support.DirtiesContextTestExecutionListener@335896bd, org.springframework.test.context.transaction.TransactionalTestExecutionListener@6b33892a, org.springframework.test.context.jdbc.SqlScriptsTestExecutionListener@666b91db, org.springframework.test.context.event.EventPublishingTestExecutionListener@11a67420, org.springframework.boot.test.mock.mockito.ResetMocksTestExecutionListener@663cf5d7, org.springframework.boot.test.autoconfigure.restdocs.RestDocsTestExecutionListener@11b14ae3, org.springframework.boot.test.autoconfigure.web.client.MockRestServiceServerResetTestExecutionListener@2b6ee447, org.springframework.boot.test.autoconfigure.web.servlet.MockMvcPrintOnlyOnFailureTestExecutionListener@9cb927e, org.springframework.boot.test.autoconfigure.web.servlet.WebDriverTestExecutionListener@8585cdd, org.springframework.boot.test.autoconfigure.webservices.client.MockWebServiceServerTestExecutionListener@1325f967]
2025-05-01 00:37:02,508 INFO o.s.b.StartupInfoLogger {logStarting} [main] Starting UserControllerTests using Java 21 on DESKTOP-A2Q7539 with PID 3640 (started by 34618 in C:\Users\34618\Documents\2DAM Gdo. Superior\Acceso a datos 2DAM\hellospring)
2025-05-01 00:37:02,509 INFO o.s.b.SpringApplication {logStartupProfileInfo} [main] The following 1 profile is active: "test"
2025-05-01 00:37:02,982 INFO o.s.s.w.DefaultSecurityFilterChain {<init>} [main] Will secure any request with [org.springframework.security.web.session.DisableEncodeUrlFilter@7f8cd5fc, org.springframework.security.web.context.request.async.WebAsyncManagerIntegrationFilter@2c465259, org.springframework.security.web.context.SecurityContextPersistenceFilter@2f4545c6, org.springframework.security.web.header.HeaderWriterFilter@5977bdea, org.springframework.security.web.authentication.logout.LogoutFilter@69cc49ec, org.springframework.security.web.savedrequest.RequestCacheAwareFilter@482942d8, org.springframework.security.web.servletapi.SecurityContextHolderAwareRequestFilter@2cd52eda, org.springframework.security.web.authentication.AnonymousAuthenticationFilter@52f7fa65, org.springframework.security.web.session.SessionManagementFilter@49c13ecd, org.springframework.security.web.access.ExceptionTranslationFilter@440461ef, org.springframework.security.web.access.intercept.FilterSecurityInterceptor@1b556a88]
2025-05-01 00:37:03,437 INFO o.s.m.w.MockServletContext {log} [main] Initializing Spring TestDispatcherServlet ''
2025-05-01 00:37:03,438 INFO o.s.w.s.FrameworkServlet {initServletBean} [main] Initializing Servlet ''
2025-05-01 00:37:03,440 INFO o.s.w.s.FrameworkServlet {initServletBean} [main] Completed initialization in 2 ms
2025-05-01 00:37:03,456 INFO o.s.b.StartupInfoLogger {logStarted} [main] Started UserControllerTests in 0.982 seconds (JVM running for 14.641)
2025-05-01 00:37:03,468 INFO c.s.a.c.UserController {getUser} [main] BEGIN getUser
2025-05-01 00:37:03,485 INFO c.s.a.c.UserController {filterusers} [main] BEGIN getAll
2025-05-01 00:37:03,489 INFO c.s.a.c.UserController {filterusers} [main] END getAll
2025-05-01 00:37:03,528 INFO c.s.a.c.UserController {filterusers} [main] BEGIN getAll
2025-05-01 00:37:03,530 INFO c.s.a.c.UserController {filterusers} [main] END getAll
2025-05-01 00:37:03,546 INFO c.s.a.c.UserController {filterusers} [main] BEGIN getAll
2025-05-01 00:37:03,547 INFO c.s.a.c.UserController {filterusers} [main] END getAll
2025-05-01 00:37:03,571 INFO c.s.a.c.UserController {removeUser} [main] BEGIN removeUser
2025-05-01 00:37:03,571 INFO c.s.a.c.UserController {removeUser} [main] END removeUser
2025-05-01 00:37:03,583 INFO c.s.a.c.UserController {getUser} [main] BEGIN getUser
2025-05-01 00:37:03,584 INFO c.s.a.c.UserController {getUser} [main] END getUser
2025-05-01 00:37:03,603 INFO c.s.a.c.UserController {modifyUser} [main] BEGIN modifyUser
2025-05-01 00:37:03,613 INFO c.s.a.c.UserController {filterusers} [main] BEGIN getAll
2025-05-01 00:37:03,615 INFO c.s.a.c.UserController {filterusers} [main] END getAll
2025-05-01 00:37:03,624 INFO c.s.a.c.UserController {filterusers} [main] BEGIN getAll
2025-05-01 00:37:03,626 INFO c.s.a.c.UserController {filterusers} [main] END getAll
2025-05-01 00:37:03,636 INFO c.s.a.c.UserController {modifyUser} [main] BEGIN modifyUser
2025-05-01 00:37:03,637 INFO c.s.a.c.UserController {modifyUser} [main] END modifyUser
2025-05-01 00:37:03,644 INFO c.s.a.c.UserController {removeUser} [main] BEGIN removeUser
2025-05-01 00:37:03,741 INFO o.s.t.c.s.AbstractTestContextBootstrapper {buildDefaultMergedContextConfiguration} [main] Neither @ContextConfiguration nor @ContextHierarchy found for test class [com.svalero.apibikes.WorkShopControllerTests], using SpringBootContextLoader
2025-05-01 00:37:03,743 INFO o.s.t.c.s.AbstractContextLoader {generateDefaultLocations} [main] Could not detect default resource locations for test class [com.svalero.apibikes.WorkShopControllerTests]: no resource found for suffixes {-context.xml, Context.groovy}.
2025-05-01 00:37:03,743 INFO o.s.t.c.s.AnnotationConfigContextLoaderUtils {detectDefaultConfigurationClasses} [main] Could not detect default configuration classes for test class [com.svalero.apibikes.WorkShopControllerTests]: WorkShopControllerTests does not declare any static, non-private, non-final, nested classes annotated with @Configuration.
2025-05-01 00:37:03,758 INFO o.s.b.t.c.SpringBootTestContextBootstrapper {getOrFindConfigurationClasses} [main] Found @SpringBootConfiguration com.svalero.apibikes.HellospringApplication for test class com.svalero.apibikes.WorkShopControllerTests
2025-05-01 00:37:03,760 INFO o.s.t.c.s.AbstractTestContextBootstrapper {getDefaultTestExecutionListenerClassNames} [main] Loaded default TestExecutionListener class names from location [META-INF/spring.factories]: [org.springframework.boot.test.mock.mockito.MockitoTestExecutionListener, org.springframework.boot.test.mock.mockito.ResetMocksTestExecutionListener, org.springframework.boot.test.autoconfigure.restdocs.RestDocsTestExecutionListener, org.springframework.boot.test.autoconfigure.web.client.MockRestServiceServerResetTestExecutionListener, org.springframework.boot.test.autoconfigure.web.servlet.MockMvcPrintOnlyOnFailureTestExecutionListener, org.springframework.boot.test.autoconfigure.web.servlet.WebDriverTestExecutionListener, org.springframework.boot.test.autoconfigure.webservices.client.MockWebServiceServerTestExecutionListener, org.springframework.test.context.web.ServletTestExecutionListener, org.springframework.test.context.support.DirtiesContextBeforeModesTestExecutionListener, org.springframework.test.context.event.ApplicationEventsTestExecutionListener, org.springframework.test.context.support.DependencyInjectionTestExecutionListener, org.springframework.test.context.support.DirtiesContextTestExecutionListener, org.springframework.test.context.transaction.TransactionalTestExecutionListener, org.springframework.test.context.jdbc.SqlScriptsTestExecutionListener, org.springframework.test.context.event.EventPublishingTestExecutionListener]
2025-05-01 00:37:03,761 INFO o.s.t.c.s.AbstractTestContextBootstrapper {getTestExecutionListeners} [main] Using TestExecutionListeners: [org.springframework.test.context.web.ServletTestExecutionListener@31a024ea, org.springframework.test.context.support.DirtiesContextBeforeModesTestExecutionListener@362c48c, org.springframework.test.context.event.ApplicationEventsTestExecutionListener@62aee901, org.springframework.boot.test.mock.mockito.MockitoTestExecutionListener@1983a4e4, org.springframework.boot.test.autoconfigure.SpringBootDependencyInjectionTestExecutionListener@29b4444a, org.springframework.test.context.support.DirtiesContextTestExecutionListener@3ce7a354, org.springframework.test.context.transaction.TransactionalTestExecutionListener@2914a328, org.springframework.test.context.jdbc.SqlScriptsTestExecutionListener@2d34866a, org.springframework.test.context.event.EventPublishingTestExecutionListener@26291192, org.springframework.boot.test.mock.mockito.ResetMocksTestExecutionListener@27d5eb00, org.springframework.boot.test.autoconfigure.restdocs.RestDocsTestExecutionListener@2b540131, org.springframework.boot.test.autoconfigure.web.client.MockRestServiceServerResetTestExecutionListener@225ac5e7, org.springframework.boot.test.autoconfigure.web.servlet.MockMvcPrintOnlyOnFailureTestExecutionListener@4c91f5bf, org.springframework.boot.test.autoconfigure.web.servlet.WebDriverTestExecutionListener@44948ac6, org.springframework.boot.test.autoconfigure.webservices.client.MockWebServiceServerTestExecutionListener@4fc256ec]
2025-05-01 00:37:03,807 INFO o.s.b.StartupInfoLogger {logStarting} [main] Starting WorkShopControllerTests using Java 21 on DESKTOP-A2Q7539 with PID 3640 (started by 34618 in C:\Users\34618\Documents\2DAM Gdo. Superior\Acceso a datos 2DAM\hellospring)
2025-05-01 00:37:03,808 INFO o.s.b.SpringApplication {logStartupProfileInfo} [main] The following 1 profile is active: "test"
2025-05-01 00:37:04,237 INFO o.s.s.w.DefaultSecurityFilterChain {<init>} [main] Will secure any request with [org.springframework.security.web.session.DisableEncodeUrlFilter@4b9b5da5, org.springframework.security.web.context.request.async.WebAsyncManagerIntegrationFilter@5ff29e8b, org.springframework.security.web.context.SecurityContextPersistenceFilter@5fd31df7, org.springframework.security.web.header.HeaderWriterFilter@49809275, org.springframework.security.web.authentication.logout.LogoutFilter@1f0f92f5, org.springframework.security.web.savedrequest.RequestCacheAwareFilter@61d150af, org.springframework.security.web.servletapi.SecurityContextHolderAwareRequestFilter@2c8f65da, org.springframework.security.web.authentication.AnonymousAuthenticationFilter@7acfcfc4, org.springframework.security.web.session.SessionManagementFilter@68b3979d, org.springframework.security.web.access.ExceptionTranslationFilter@6f6a2ac8, org.springframework.security.web.access.intercept.FilterSecurityInterceptor@38347345]
2025-05-01 00:37:04,762 INFO o.s.m.w.MockServletContext {log} [main] Initializing Spring TestDispatcherServlet ''
2025-05-01 00:37:04,765 INFO o.s.w.s.FrameworkServlet {initServletBean} [main] Initializing Servlet ''
2025-05-01 00:37:04,766 INFO o.s.w.s.FrameworkServlet {initServletBean} [main] Completed initialization in 1 ms
2025-05-01 00:37:04,796 INFO o.s.b.StartupInfoLogger {logStarted} [main] Started WorkShopControllerTests in 1.03 seconds (JVM running for 15.98)
2025-05-01 00:37:04,902 INFO c.s.a.c.WorkShopController {modifyWorkShop} [main] BEGIN modifyWorkShop
2025-05-01 00:37:04,902 INFO c.s.a.c.WorkShopController {modifyWorkShop} [main] END modifyWorkShop
2025-05-01 00:37:04,924 INFO c.s.a.c.WorkShopController {getWorkShop} [main] BEGIN getWorkShop
2025-05-01 00:37:04,925 INFO c.s.a.c.WorkShopController {getWorkShop} [main] END getWorkShop
2025-05-01 00:37:04,942 INFO c.s.a.c.WorkShopController {filterworkshops} [main] BEGIN getAll
2025-05-01 00:37:04,942 INFO c.s.a.c.WorkShopController {filterworkshops} [main] END getAll
2025-05-01 00:37:04,967 INFO c.s.a.c.WorkShopController {filterworkshops} [main] BEGIN getAll
2025-05-01 00:37:04,972 INFO c.s.a.c.WorkShopController {filterworkshops} [main] END getAll
2025-05-01 00:37:04,990 INFO c.s.a.c.WorkShopController {removeWorkShop} [main] BEGIN removeWorkShop
2025-05-01 00:37:04,992 INFO c.s.a.c.WorkShopController {removeWorkShop} [main] END removeWorkShop
2025-05-01 00:37:05,014 INFO c.s.a.c.WorkShopController {filterworkshops} [main] BEGIN getAll
2025-05-01 00:37:05,018 INFO c.s.a.c.WorkShopController {filterworkshops} [main] END getAll
2025-05-01 00:37:05,037 INFO c.s.a.c.WorkShopController {modifyWorkShop} [main] BEGIN modifyWorkShop
2025-05-01 00:37:05,091 INFO c.s.a.c.WorkShopController {removeWorkShop} [main] BEGIN removeWorkShop
2025-05-01 00:37:05,108 INFO c.s.a.c.WorkShopController {filterworkshops} [main] BEGIN getAll
2025-05-01 00:37:05,109 INFO c.s.a.c.WorkShopController {filterworkshops} [main] END getAll
2025-05-01 00:37:05,140 INFO c.s.a.c.WorkShopController {getWorkShop} [main] BEGIN getWorkShop
2025-05-01 00:37:05,154 INFO c.s.a.c.WorkShopController {filterworkshops} [main] BEGIN getAll
2025-05-01 00:37:05,155 INFO c.s.a.c.WorkShopController {filterworkshops} [main] END getAll
2025-05-01 00:37:05,172 INFO c.s.a.c.WorkShopController {addWorkShop} [main] BEGIN addWorkShop
2025-05-01 00:37:05,172 INFO c.s.a.c.WorkShopController {addWorkShop} [main] END addWorkShop
2025-05-01 00:40:25,312 INFO o.h.v.i.u.Version {<clinit>} [background-preinit] HV000001: Hibernate Validator 6.2.5.Final
2025-05-01 00:40:25,324 INFO o.s.b.StartupInfoLogger {logStarting} [main] Starting BikeControllerTests using Java 21 on DESKTOP-A2Q7539 with PID 1636 (started by 34618 in C:\Users\34618\Documents\2DAM Gdo. Superior\Acceso a datos 2DAM\hellospring)
2025-05-01 00:40:25,324 INFO o.s.b.SpringApplication {logStartupProfileInfo} [main] The following 1 profile is active: "test"
2025-05-01 00:40:28,751 INFO o.s.s.w.DefaultSecurityFilterChain {<init>} [main] Will secure any request with [org.springframework.security.web.session.DisableEncodeUrlFilter@3e5beab5, org.springframework.security.web.context.request.async.WebAsyncManagerIntegrationFilter@7c588adc, org.springframework.security.web.context.SecurityContextPersistenceFilter@7a84788f, org.springframework.security.web.header.HeaderWriterFilter@44bc2449, org.springframework.security.web.authentication.logout.LogoutFilter@76c86567, org.springframework.security.web.savedrequest.RequestCacheAwareFilter@65eb3597, org.springframework.security.web.servletapi.SecurityContextHolderAwareRequestFilter@3c7279a5, org.springframework.security.web.authentication.AnonymousAuthenticationFilter@33ec2c0c, org.springframework.security.web.session.SessionManagementFilter@764a3e5d, org.springframework.security.web.access.ExceptionTranslationFilter@4a642e4b, org.springframework.security.web.access.intercept.FilterSecurityInterceptor@57186526]
2025-05-01 00:40:30,364 INFO o.s.m.w.MockServletContext {log} [main] Initializing Spring TestDispatcherServlet ''
2025-05-01 00:40:30,366 INFO o.s.w.s.FrameworkServlet {initServletBean} [main] Initializing Servlet ''
2025-05-01 00:40:30,368 INFO o.s.w.s.FrameworkServlet {initServletBean} [main] Completed initialization in 2 ms
2025-05-01 00:40:30,455 INFO o.s.b.StartupInfoLogger {logStarted} [main] Started BikeControllerTests in 5.814 seconds (JVM running for 8.44)
2025-05-01 00:40:30,672 INFO c.s.a.c.BikeController {filterBikes} [main] Filtrando bicicletas con parámetros: brand=, model=Alma, color=
2025-05-01 00:40:30,676 INFO c.s.a.c.BikeController {filterBikes} [main] Operación completada: Se obtuvieron 1 bicicletas filtradas
2025-05-01 00:40:30,854 INFO c.s.a.c.BikeController {filterBikes} [main] Filtrando bicicletas con parámetros: brand=Orbea, model=Alma, color=green
2025-05-01 00:40:30,855 INFO c.s.a.c.BikeController {filterBikes} [main] Operación completada: Se obtuvieron 1 bicicletas filtradas
2025-05-01 00:40:31,011 INFO c.s.a.c.BikeController {addBike} [main] BEGIN addBike
2025-05-01 00:40:31,044 INFO c.s.a.c.BikeController {filterBikes} [main] Filtrando bicicletas con parámetros: brand=Orbea, model=, color=
2025-05-01 00:40:31,046 INFO c.s.a.c.BikeController {filterBikes} [main] Operación completada: Se obtuvieron 2 bicicletas filtradas
2025-05-01 00:40:31,059 INFO c.s.a.c.BikeController {addBike} [main] BEGIN addBike
2025-05-01 00:40:31,061 INFO c.s.a.c.BikeController {addBike} [main] END addBike
2025-05-01 00:40:31,111 INFO c.s.a.c.BikeController {filterBikes} [main] Filtrando bicicletas con parámetros: brand=, model=, color=
2025-05-01 00:40:31,111 INFO c.s.a.c.BikeController {filterBikes} [main] Operación completada: Se obtuvieron 3 bicicletas filtradas
2025-05-01 00:40:31,118 INFO c.s.a.c.BikeController {filterBikes} [main] Filtrando bicicletas con parámetros: brand=, model=, color=green
2025-05-01 00:40:31,118 INFO c.s.a.c.BikeController {filterBikes} [main] Operación completada: Se obtuvieron 1 bicicletas filtradas
2025-05-01 00:40:31,130 INFO c.s.a.c.BikeController {getBike} [main] BEGIN getBike
2025-05-01 00:40:31,130 INFO c.s.a.c.BikeController {getBike} [main] END getBike
2025-05-01 00:40:31,180 INFO c.s.a.c.BikeController {removeBike} [main] BEGIN removeBike
2025-05-01 00:40:31,181 INFO c.s.a.c.BikeController {removeBike} [main] END removeBike
2025-05-01 00:40:31,201 INFO c.s.a.c.BikeController {modifyBike} [main] BEGIN modifyBike
2025-05-01 00:40:31,240 INFO c.s.a.c.BikeController {modifyBike} [main] BEGIN modifyBike
2025-05-01 00:40:31,242 INFO c.s.a.c.BikeController {modifyBike} [main] END modifyBike
2025-05-01 00:40:31,251 INFO c.s.a.c.BikeController {removeBike} [main] BEGIN removeBike
2025-05-01 00:40:31,263 INFO c.s.a.c.BikeController {getBike} [main] BEGIN getBike
2025-05-01 00:40:31,551 INFO o.s.t.c.s.AbstractTestContextBootstrapper {buildDefaultMergedContextConfiguration} [main] Neither @ContextConfiguration nor @ContextHierarchy found for test class [com.svalero.apibikes.MechanicControllerTests], using SpringBootContextLoader
2025-05-01 00:40:31,553 INFO o.s.t.c.s.AbstractContextLoader {generateDefaultLocations} [main] Could not detect default resource locations for test class [com.svalero.apibikes.MechanicControllerTests]: no resource found for suffixes {-context.xml, Context.groovy}.
2025-05-01 00:40:31,553 INFO o.s.t.c.s.AnnotationConfigContextLoaderUtils {detectDefaultConfigurationClasses} [main] Could not detect default configuration classes for test class [com.svalero.apibikes.MechanicControllerTests]: MechanicControllerTests does not declare any static, non-private, non-final, nested classes annotated with @Configuration.
2025-05-01 00:40:31,581 INFO o.s.b.t.c.SpringBootTestContextBootstrapper {getOrFindConfigurationClasses} [main] Found @SpringBootConfiguration com.svalero.apibikes.HellospringApplication for test class com.svalero.apibikes.MechanicControllerTests
2025-05-01 00:40:31,584 INFO o.s.t.c.s.AbstractTestContextBootstrapper {getDefaultTestExecutionListenerClassNames} [main] Loaded default TestExecutionListener class names from location [META-INF/spring.factories]: [org.springframework.boot.test.mock.mockito.MockitoTestExecutionListener, org.springframework.boot.test.mock.mockito.ResetMocksTestExecutionListener, org.springframework.boot.test.autoconfigure.restdocs.RestDocsTestExecutionListener, org.springframework.boot.test.autoconfigure.web.client.MockRestServiceServerResetTestExecutionListener, org.springframework.boot.test.autoconfigure.web.servlet.MockMvcPrintOnlyOnFailureTestExecutionListener, org.springframework.boot.test.autoconfigure.web.servlet.WebDriverTestExecutionListener, org.springframework.boot.test.autoconfigure.webservices.client.MockWebServiceServerTestExecutionListener, org.springframework.test.context.web.ServletTestExecutionListener, org.springframework.test.context.support.DirtiesContextBeforeModesTestExecutionListener, org.springframework.test.context.event.ApplicationEventsTestExecutionListener, org.springframework.test.context.support.DependencyInjectionTestExecutionListener, org.springframework.test.context.support.DirtiesContextTestExecutionListener, org.springframework.test.context.transaction.TransactionalTestExecutionListener, org.springframework.test.context.jdbc.SqlScriptsTestExecutionListener, org.springframework.test.context.event.EventPublishingTestExecutionListener]
2025-05-01 00:40:31,587 INFO o.s.t.c.s.AbstractTestContextBootstrapper {getTestExecutionListeners} [main] Using TestExecutionListeners: [org.springframework.test.context.web.ServletTestExecutionListener@58b3eb1, org.springframework.test.context.support.DirtiesContextBeforeModesTestExecutionListener@6d7e2795, org.springframework.test.context.event.ApplicationEventsTestExecutionListener@78743dd8, org.springframework.boot.test.mock.mockito.MockitoTestExecutionListener@752494dd, org.springframework.boot.test.autoconfigure.SpringBootDependencyInjectionTestExecutionListener@2986427e, org.springframework.test.context.support.DirtiesContextTestExecutionListener@35d88a54, org.springframework.test.context.transaction.TransactionalTestExecutionListener@6c1bebca, org.springframework.test.context.jdbc.SqlScriptsTestExecutionListener@3d4818e8, org.springframework.test.context.event.EventPublishingTestExecutionListener@26c6288d, org.springframework.boot.test.mock.mockito.ResetMocksTestExecutionListener@57bd9c2b, org.springframework.boot.test.autoconfigure.restdocs.RestDocsTestExecutionListener@644b68ad, org.springframework.boot.test.autoconfigure.web.client.MockRestServiceServerResetTestExecutionListener@1939a394, org.springframework.boot.test.autoconfigure.web.servlet.MockMvcPrintOnlyOnFailureTestExecutionListener@e2c627e, org.springframework.boot.test.autoconfigure.web.servlet.WebDriverTestExecutionListener@35cbeb54, org.springframework.boot.test.autoconfigure.webservices.client.MockWebServiceServerTestExecutionListener@a7ae340]
2025-05-01 00:40:31,660 INFO o.s.b.StartupInfoLogger {logStarting} [main] Starting MechanicControllerTests using Java 21 on DESKTOP-A2Q7539 with PID 1636 (started by 34618 in C:\Users\34618\Documents\2DAM Gdo. Superior\Acceso a datos 2DAM\hellospring)
2025-05-01 00:40:31,660 INFO o.s.b.SpringApplication {logStartupProfileInfo} [main] The following 1 profile is active: "test"
2025-05-01 00:40:32,335 INFO o.s.s.w.DefaultSecurityFilterChain {<init>} [main] Will secure any request with [org.springframework.security.web.session.DisableEncodeUrlFilter@4e20a985, org.springframework.security.web.context.request.async.WebAsyncManagerIntegrationFilter@56e8a8a0, org.springframework.security.web.context.SecurityContextPersistenceFilter@465d1345, org.springframework.security.web.header.HeaderWriterFilter@114b2414, org.springframework.security.web.authentication.logout.LogoutFilter@433b1597, org.springframework.security.web.savedrequest.RequestCacheAwareFilter@62cf86d6, org.springframework.security.web.servletapi.SecurityContextHolderAwareRequestFilter@2a6c751f, org.springframework.security.web.authentication.AnonymousAuthenticationFilter@6071631f, org.springframework.security.web.session.SessionManagementFilter@57920d6c, org.springframework.security.web.access.ExceptionTranslationFilter@4dad2363, org.springframework.security.web.access.intercept.FilterSecurityInterceptor@75d7297d]
2025-05-01 00:40:34,318 INFO o.s.m.w.MockServletContext {log} [main] Initializing Spring TestDispatcherServlet ''
2025-05-01 00:40:34,320 INFO o.s.w.s.FrameworkServlet {initServletBean} [main] Initializing Servlet ''
2025-05-01 00:40:34,322 INFO o.s.w.s.FrameworkServlet {initServletBean} [main] Completed initialization in 2 ms
2025-05-01 00:40:34,383 INFO o.s.b.StartupInfoLogger {logStarted} [main] Started MechanicControllerTests in 2.788 seconds (JVM running for 12.362)
2025-05-01 00:40:34,424 INFO c.s.a.c.MechanicController {filtermechanics} [main] BEGIN getAll
2025-05-01 00:40:34,428 INFO c.s.a.c.MechanicController {filtermechanics} [main] END getAll
2025-05-01 00:40:34,554 INFO c.s.a.c.MechanicController {modifyMechanic} [main] BEGIN modifyMechanic
2025-05-01 00:40:34,557 INFO c.s.a.c.MechanicController {modifyMechanic} [main] END modifyMechanic
2025-05-01 00:40:34,580 INFO c.s.a.c.MechanicController {filtermechanics} [main] BEGIN getAll
2025-05-01 00:40:34,582 INFO c.s.a.c.MechanicController {filtermechanics} [main] END getAll
2025-05-01 00:40:34,633 INFO c.s.a.c.MechanicController {getMechanic} [main] BEGIN getMechanic
2025-05-01 00:40:34,673 INFO c.s.a.c.MechanicController {filtermechanics} [main] BEGIN getAll
2025-05-01 00:40:34,679 INFO c.s.a.c.MechanicController {filtermechanics} [main] END getAll
2025-05-01 00:40:34,703 INFO c.s.a.c.MechanicController {removeMechanic} [main] BEGIN removeMechanic
2025-05-01 00:40:34,705 INFO c.s.a.c.MechanicController {removeMechanic} [main] END removeMechanic
2025-05-01 00:40:34,826 INFO c.s.a.c.MechanicController {addMechanic} [main] BEGIN addMechanic
2025-05-01 00:40:34,828 INFO c.s.a.c.MechanicController {addMechanic} [main] END addMechanic
2025-05-01 00:40:34,864 INFO c.s.a.c.MechanicController {getMechanic} [main] BEGIN getMechanic
2025-05-01 00:40:34,868 INFO c.s.a.c.MechanicController {getMechanic} [main] END getMechanic
2025-05-01 00:40:34,914 INFO c.s.a.c.MechanicController {modifyMechanic} [main] BEGIN modifyMechanic
2025-05-01 00:40:34,943 INFO c.s.a.c.MechanicController {filtermechanics} [main] BEGIN getAll
2025-05-01 00:40:34,955 INFO c.s.a.c.MechanicController {filtermechanics} [main] END getAll
2025-05-01 00:40:34,981 INFO c.s.a.c.MechanicController {removeMechanic} [main] BEGIN removeMechanic
2025-05-01 00:40:35,012 INFO c.s.a.c.MechanicController {filtermechanics} [main] BEGIN getAll
2025-05-01 00:40:35,018 INFO c.s.a.c.MechanicController {filtermechanics} [main] END getAll
2025-05-01 00:40:35,620 INFO o.s.t.c.s.AbstractTestContextBootstrapper {buildDefaultMergedContextConfiguration} [main] Neither @ContextConfiguration nor @ContextHierarchy found for test class [com.svalero.apibikes.UserControllerTests], using SpringBootContextLoader
2025-05-01 00:40:35,627 INFO o.s.t.c.s.AbstractContextLoader {generateDefaultLocations} [main] Could not detect default resource locations for test class [com.svalero.apibikes.UserControllerTests]: no resource found for suffixes {-context.xml, Context.groovy}.
2025-05-01 00:40:35,627 INFO o.s.t.c.s.AnnotationConfigContextLoaderUtils {detectDefaultConfigurationClasses} [main] Could not detect default configuration classes for test class [com.svalero.apibikes.UserControllerTests]: UserControllerTests does not declare any static, non-private, non-final, nested classes annotated with @Configuration.
2025-05-01 00:40:35,661 INFO o.s.b.t.c.SpringBootTestContextBootstrapper {getOrFindConfigurationClasses} [main] Found @SpringBootConfiguration com.svalero.apibikes.HellospringApplication for test class com.svalero.apibikes.UserControllerTests
2025-05-01 00:40:35,663 INFO o.s.t.c.s.AbstractTestContextBootstrapper {getDefaultTestExecutionListenerClassNames} [main] Loaded default TestExecutionListener class names from location [META-INF/spring.factories]: [org.springframework.boot.test.mock.mockito.MockitoTestExecutionListener, org.springframework.boot.test.mock.mockito.ResetMocksTestExecutionListener, org.springframework.boot.test.autoconfigure.restdocs.RestDocsTestExecutionListener, org.springframework.boot.test.autoconfigure.web.client.MockRestServiceServerResetTestExecutionListener, org.springframework.boot.test.autoconfigure.web.servlet.MockMvcPrintOnlyOnFailureTestExecutionListener, org.springframework.boot.test.autoconfigure.web.servlet.WebDriverTestExecutionListener, org.springframework.boot.test.autoconfigure.webservices.client.MockWebServiceServerTestExecutionListener, org.springframework.test.context.web.ServletTestExecutionListener, org.springframework.test.context.support.DirtiesContextBeforeModesTestExecutionListener, org.springframework.test.context.event.ApplicationEventsTestExecutionListener, org.springframework.test.context.support.DependencyInjectionTestExecutionListener, org.springframework.test.context.support.DirtiesContextTestExecutionListener, org.springframework.test.context.transaction.TransactionalTestExecutionListener, org.springframework.test.context.jdbc.SqlScriptsTestExecutionListener, org.springframework.test.context.event.EventPublishingTestExecutionListener]
2025-05-01 00:40:35,664 INFO o.s.t.c.s.AbstractTestContextBootstrapper {getTestExecutionListeners} [main] Using TestExecutionListeners: [org.springframework.test.context.web.ServletTestExecutionListener@4189e668, org.springframework.test.context.support.DirtiesContextBeforeModesTestExecutionListener@3a589eed, org.springframework.test.context.event.ApplicationEventsTestExecutionListener@5807ea46, org.springframework.boot.test.mock.mockito.MockitoTestExecutionListener@305289b3, org.springframework.boot.test.autoconfigure.SpringBootDependencyInjectionTestExecutionListener@3ee68377, org.springframework.test.context.support.DirtiesContextTestExecutionListener@4037cdb0, org.springframework.test.context.transaction.TransactionalTestExecutionListener@27055a2a, org.springframework.test.context.jdbc.SqlScriptsTestExecutionListener@33e4068, org.springframework.test.context.event.EventPublishingTestExecutionListener@9499643, org.springframework.boot.test.mock.mockito.ResetMocksTestExecutionListener@776d8097, org.springframework.boot.test.autoconfigure.restdocs.RestDocsTestExecutionListener@7a34505a, org.springframework.boot.test.autoconfigure.web.client.MockRestServiceServerResetTestExecutionListener@b787274, org.springframework.boot.test.autoconfigure.web.servlet.MockMvcPrintOnlyOnFailureTestExecutionListener@4ec616d6, org.springframework.boot.test.autoconfigure.web.servlet.WebDriverTestExecutionListener@55b45ea1, org.springframework.boot.test.autoconfigure.webservices.client.MockWebServiceServerTestExecutionListener@d5a72cd]
2025-05-01 00:40:35,769 INFO o.s.b.StartupInfoLogger {logStarting} [main] Starting UserControllerTests using Java 21 on DESKTOP-A2Q7539 with PID 1636 (started by 34618 in C:\Users\34618\Documents\2DAM Gdo. Superior\Acceso a datos 2DAM\hellospring)
2025-05-01 00:40:35,770 INFO o.s.b.SpringApplication {logStartupProfileInfo} [main] The following 1 profile is active: "test"
2025-05-01 00:40:36,415 INFO o.s.s.w.DefaultSecurityFilterChain {<init>} [main] Will secure any request with [org.springframework.security.web.session.DisableEncodeUrlFilter@63b58ff4, org.springframework.security.web.context.request.async.WebAsyncManagerIntegrationFilter@3691d4da, org.springframework.security.web.context.SecurityContextPersistenceFilter@e97f51c, org.springframework.security.web.header.HeaderWriterFilter@2157889c, org.springframework.security.web.authentication.logout.LogoutFilter@2954c429, org.springframework.security.web.savedrequest.RequestCacheAwareFilter@29394966, org.springframework.security.web.servletapi.SecurityContextHolderAwareRequestFilter@343727b5, org.springframework.security.web.authentication.AnonymousAuthenticationFilter@4c91a008, org.springframework.security.web.session.SessionManagementFilter@65e92505, org.springframework.security.web.access.ExceptionTranslationFilter@6da9541c, org.springframework.security.web.access.intercept.FilterSecurityInterceptor@7c4a03a]
2025-05-01 00:40:36,881 INFO o.s.m.w.MockServletContext {log} [main] Initializing Spring TestDispatcherServlet ''
2025-05-01 00:40:36,882 INFO o.s.w.s.FrameworkServlet {initServletBean} [main] Initializing Servlet ''
2025-05-01 00:40:36,884 INFO o.s.w.s.FrameworkServlet {initServletBean} [main] Completed initialization in 1 ms
2025-05-01 00:40:36,952 INFO o.s.b.StartupInfoLogger {logStarted} [main] Started UserControllerTests in 1.284 seconds (JVM running for 14.931)
2025-05-01 00:40:36,972 INFO c.s.a.c.UserController {getUser} [main] BEGIN getUser
2025-05-01 00:40:36,994 INFO c.s.a.c.UserController {filterusers} [main] BEGIN getAll
2025-05-01 00:40:36,997 INFO c.s.a.c.UserController {filterusers} [main] END getAll
2025-05-01 00:40:37,053 INFO c.s.a.c.UserController {filterusers} [main] BEGIN getAll
2025-05-01 00:40:37,055 INFO c.s.a.c.UserController {filterusers} [main] END getAll
2025-05-01 00:40:37,064 INFO c.s.a.c.UserController {filterusers} [main] BEGIN getAll
2025-05-01 00:40:37,066 INFO c.s.a.c.UserController {filterusers} [main] END getAll
2025-05-01 00:40:37,095 INFO c.s.a.c.UserController {removeUser} [main] BEGIN removeUser
2025-05-01 00:40:37,097 INFO c.s.a.c.UserController {removeUser} [main] END removeUser
2025-05-01 00:40:37,105 INFO c.s.a.c.UserController {getUser} [main] BEGIN getUser
2025-05-01 00:40:37,107 INFO c.s.a.c.UserController {getUser} [main] END getUser
2025-05-01 00:40:37,132 INFO c.s.a.c.UserController {modifyUser} [main] BEGIN modifyUser
2025-05-01 00:40:37,140 INFO c.s.a.c.UserController {filterusers} [main] BEGIN getAll
2025-05-01 00:40:37,142 INFO c.s.a.c.UserController {filterusers} [main] END getAll
2025-05-01 00:40:37,151 INFO c.s.a.c.UserController {filterusers} [main] BEGIN getAll
2025-05-01 00:40:37,153 INFO c.s.a.c.UserController {filterusers} [main] END getAll
2025-05-01 00:40:37,164 INFO c.s.a.c.UserController {modifyUser} [main] BEGIN modifyUser
2025-05-01 00:40:37,165 INFO c.s.a.c.UserController {modifyUser} [main] END modifyUser
2025-05-01 00:40:37,173 INFO c.s.a.c.UserController {removeUser} [main] BEGIN removeUser
2025-05-01 00:40:37,235 INFO o.s.t.c.s.AbstractTestContextBootstrapper {buildDefaultMergedContextConfiguration} [main] Neither @ContextConfiguration nor @ContextHierarchy found for test class [com.svalero.apibikes.WorkShopControllerTests], using SpringBootContextLoader
2025-05-01 00:40:37,236 INFO o.s.t.c.s.AbstractContextLoader {generateDefaultLocations} [main] Could not detect default resource locations for test class [com.svalero.apibikes.WorkShopControllerTests]: no resource found for suffixes {-context.xml, Context.groovy}.
2025-05-01 00:40:37,237 INFO o.s.t.c.s.AnnotationConfigContextLoaderUtils {detectDefaultConfigurationClasses} [main] Could not detect default configuration classes for test class [com.svalero.apibikes.WorkShopControllerTests]: WorkShopControllerTests does not declare any static, non-private, non-final, nested classes annotated with @Configuration.
2025-05-01 00:40:37,246 INFO o.s.b.t.c.SpringBootTestContextBootstrapper {getOrFindConfigurationClasses} [main] Found @SpringBootConfiguration com.svalero.apibikes.HellospringApplication for test class com.svalero.apibikes.WorkShopControllerTests
2025-05-01 00:40:37,247 INFO o.s.t.c.s.AbstractTestContextBootstrapper {getDefaultTestExecutionListenerClassNames} [main] Loaded default TestExecutionListener class names from location [META-INF/spring.factories]: [org.springframework.boot.test.mock.mockito.MockitoTestExecutionListener, org.springframework.boot.test.mock.mockito.ResetMocksTestExecutionListener, org.springframework.boot.test.autoconfigure.restdocs.RestDocsTestExecutionListener, org.springframework.boot.test.autoconfigure.web.client.MockRestServiceServerResetTestExecutionListener, org.springframework.boot.test.autoconfigure.web.servlet.MockMvcPrintOnlyOnFailureTestExecutionListener, org.springframework.boot.test.autoconfigure.web.servlet.WebDriverTestExecutionListener, org.springframework.boot.test.autoconfigure.webservices.client.MockWebServiceServerTestExecutionListener, org.springframework.test.context.web.ServletTestExecutionListener, org.springframework.test.context.support.DirtiesContextBeforeModesTestExecutionListener, org.springframework.test.context.event.ApplicationEventsTestExecutionListener, org.springframework.test.context.support.DependencyInjectionTestExecutionListener, org.springframework.test.context.support.DirtiesContextTestExecutionListener, org.springframework.test.context.transaction.TransactionalTestExecutionListener, org.springframework.test.context.jdbc.SqlScriptsTestExecutionListener, org.springframework.test.context.event.EventPublishingTestExecutionListener]
2025-05-01 00:40:37,248 INFO o.s.t.c.s.AbstractTestContextBootstrapper {getTestExecutionListeners} [main] Using TestExecutionListeners: [org.springframework.test.context.web.ServletTestExecutionListener@507f7cd1, org.springframework.test.context.support.DirtiesContextBeforeModesTestExecutionListener@349996a6, org.springframework.test.context.event.ApplicationEventsTestExecutionListener@78aa1753, org.springframework.boot.test.mock.mockito.MockitoTestExecutionListener@67292fc7, org.springframework.boot.test.autoconfigure.SpringBootDependencyInjectionTestExecutionListener@4c1b4e07, org.springframework.test.context.support.DirtiesContextTestExecutionListener@34cfdd84, org.springframework.test.context.transaction.TransactionalTestExecutionListener@1c7744c1, org.springframework.test.context.jdbc.SqlScriptsTestExecutionListener@320e179f, org.springframework.test.context.event.EventPublishingTestExecutionListener@24731caf, org.springframework.boot.test.mock.mockito.ResetMocksTestExecutionListener@6e1ad658, org.springframework.boot.test.autoconfigure.restdocs.RestDocsTestExecutionListener@486dd616, org.springframework.boot.test.autoconfigure.web.client.MockRestServiceServerResetTestExecutionListener@a1d926b, org.springframework.boot.test.autoconfigure.web.servlet.MockMvcPrintOnlyOnFailureTestExecutionListener@36b761e3, org.springframework.boot.test.autoconfigure.web.servlet.WebDriverTestExecutionListener@e27d97b, org.springframework.boot.test.autoconfigure.webservices.client.MockWebServiceServerTestExecutionListener@285c63cf]
2025-05-01 00:40:37,277 INFO o.s.b.StartupInfoLogger {logStarting} [main] Starting WorkShopControllerTests using Java 21 on DESKTOP-A2Q7539 with PID 1636 (started by 34618 in C:\Users\34618\Documents\2DAM Gdo. Superior\Acceso a datos 2DAM\hellospring)
2025-05-01 00:40:37,278 INFO o.s.b.SpringApplication {logStartupProfileInfo} [main] The following 1 profile is active: "test"
2025-05-01 00:40:37,702 INFO o.s.s.w.DefaultSecurityFilterChain {<init>} [main] Will secure any request with [org.springframework.security.web.session.DisableEncodeUrlFilter@2114eb1a, org.springframework.security.web.context.request.async.WebAsyncManagerIntegrationFilter@7e514482, org.springframework.security.web.context.SecurityContextPersistenceFilter@47666b39, org.springframework.security.web.header.HeaderWriterFilter@212c0aff, org.springframework.security.web.authentication.logout.LogoutFilter@799cf32d, org.springframework.security.web.savedrequest.RequestCacheAwareFilter@2dbcee03, org.springframework.security.web.servletapi.SecurityContextHolderAwareRequestFilter@6c8672b9, org.springframework.security.web.authentication.AnonymousAuthenticationFilter@1e5e3147, org.springframework.security.web.session.SessionManagementFilter@21780905, org.springframework.security.web.access.ExceptionTranslationFilter@351be56b, org.springframework.security.web.access.intercept.FilterSecurityInterceptor@44dcc0e4]
2025-05-01 00:40:38,575 INFO o.s.m.w.MockServletContext {log} [main] Initializing Spring TestDispatcherServlet ''
2025-05-01 00:40:38,577 INFO o.s.w.s.FrameworkServlet {initServletBean} [main] Initializing Servlet ''
2025-05-01 00:40:38,579 INFO o.s.w.s.FrameworkServlet {initServletBean} [main] Completed initialization in 1 ms
2025-05-01 00:40:38,617 INFO o.s.b.StartupInfoLogger {logStarted} [main] Started WorkShopControllerTests in 1.367 seconds (JVM running for 16.597)
2025-05-01 00:40:38,736 INFO c.s.a.c.WorkShopController {modifyWorkShop} [main] BEGIN modifyWorkShop
2025-05-01 00:40:38,739 INFO c.s.a.c.WorkShopController {modifyWorkShop} [main] END modifyWorkShop
2025-05-01 00:40:38,758 INFO c.s.a.c.WorkShopController {getWorkShop} [main] BEGIN getWorkShop
2025-05-01 00:40:38,760 INFO c.s.a.c.WorkShopController {getWorkShop} [main] END getWorkShop
2025-05-01 00:40:38,778 INFO c.s.a.c.WorkShopController {filterworkshops} [main] BEGIN getAll
2025-05-01 00:40:38,782 INFO c.s.a.c.WorkShopController {filterworkshops} [main] END getAll
2025-05-01 00:40:38,797 INFO c.s.a.c.WorkShopController {filterworkshops} [main] BEGIN getAll
2025-05-01 00:40:38,799 INFO c.s.a.c.WorkShopController {filterworkshops} [main] END getAll
2025-05-01 00:40:38,813 INFO c.s.a.c.WorkShopController {removeWorkShop} [main] BEGIN removeWorkShop
2025-05-01 00:40:38,817 INFO c.s.a.c.WorkShopController {removeWorkShop} [main] END removeWorkShop
2025-05-01 00:40:38,835 INFO c.s.a.c.WorkShopController {filterworkshops} [main] BEGIN getAll
2025-05-01 00:40:38,837 INFO c.s.a.c.WorkShopController {filterworkshops} [main] END getAll
2025-05-01 00:40:38,858 INFO c.s.a.c.WorkShopController {modifyWorkShop} [main] BEGIN modifyWorkShop
2025-05-01 00:40:38,898 INFO c.s.a.c.WorkShopController {removeWorkShop} [main] BEGIN removeWorkShop
2025-05-01 00:40:38,912 INFO c.s.a.c.WorkShopController {filterworkshops} [main] BEGIN getAll
2025-05-01 00:40:38,914 INFO c.s.a.c.WorkShopController {filterworkshops} [main] END getAll
2025-05-01 00:40:38,942 INFO c.s.a.c.WorkShopController {getWorkShop} [main] BEGIN getWorkShop
2025-05-01 00:40:38,954 INFO c.s.a.c.WorkShopController {filterworkshops} [main] BEGIN getAll
2025-05-01 00:40:38,956 INFO c.s.a.c.WorkShopController {filterworkshops} [main] END getAll
2025-05-01 00:40:38,970 INFO c.s.a.c.WorkShopController {addWorkShop} [main] BEGIN addWorkShop
2025-05-01 00:40:38,972 INFO c.s.a.c.WorkShopController {addWorkShop} [main] END addWorkShop
2025-05-01 00:41:39,855 INFO o.s.b.StartupInfoLogger {logStarting} [main] Starting BikeControllerTests using Java 21 on DESKTOP-A2Q7539 with PID 2524 (started by 34618 in C:\Users\34618\Documents\2DAM Gdo. Superior\Acceso a datos 2DAM\hellospring)
2025-05-01 00:41:39,859 INFO o.s.b.SpringApplication {logStartupProfileInfo} [main] The following 1 profile is active: "test"
2025-05-01 00:41:39,882 INFO o.h.v.i.u.Version {<clinit>} [background-preinit] HV000001: Hibernate Validator 6.2.5.Final
2025-05-01 00:41:42,831 INFO o.s.s.w.DefaultSecurityFilterChain {<init>} [main] Will secure any request with [org.springframework.security.web.session.DisableEncodeUrlFilter@48cd319d, org.springframework.security.web.context.request.async.WebAsyncManagerIntegrationFilter@6f38f084, org.springframework.security.web.context.SecurityContextPersistenceFilter@6c742b84, org.springframework.security.web.header.HeaderWriterFilter@13250132, org.springframework.security.web.authentication.logout.LogoutFilter@7abeabe9, org.springframework.security.web.savedrequest.RequestCacheAwareFilter@74ba6ff5, org.springframework.security.web.servletapi.SecurityContextHolderAwareRequestFilter@395f52ed, org.springframework.security.web.authentication.AnonymousAuthenticationFilter@4ef18604, org.springframework.security.web.session.SessionManagementFilter@2dff7085, org.springframework.security.web.access.ExceptionTranslationFilter@8fcc534, org.springframework.security.web.access.intercept.FilterSecurityInterceptor@76216830]
2025-05-01 00:41:44,377 INFO o.s.m.w.MockServletContext {log} [main] Initializing Spring TestDispatcherServlet ''
2025-05-01 00:41:44,377 INFO o.s.w.s.FrameworkServlet {initServletBean} [main] Initializing Servlet ''
2025-05-01 00:41:44,377 INFO o.s.w.s.FrameworkServlet {initServletBean} [main] Completed initialization in 0 ms
2025-05-01 00:41:44,508 INFO o.s.b.StartupInfoLogger {logStarted} [main] Started BikeControllerTests in 5.945 seconds (JVM running for 8.047)
2025-05-01 00:41:44,845 INFO c.s.a.c.BikeController {filterBikes} [main] Filtrando bicicletas con parámetros: brand=, model=Alma, color=
2025-05-01 00:41:44,873 INFO c.s.a.c.BikeController {filterBikes} [main] Operación completada: Se obtuvieron 1 bicicletas filtradas
2025-05-01 00:41:45,155 INFO c.s.a.c.BikeController {filterBikes} [main] Filtrando bicicletas con parámetros: brand=Orbea, model=Alma, color=green
2025-05-01 00:41:45,159 INFO c.s.a.c.BikeController {filterBikes} [main] Operación completada: Se obtuvieron 1 bicicletas filtradas
2025-05-01 00:41:45,497 INFO c.s.a.c.BikeController {addBike} [main] BEGIN addBike
2025-05-01 00:41:45,541 INFO c.s.a.c.BikeController {filterBikes} [main] Filtrando bicicletas con parámetros: brand=Orbea, model=, color=
2025-05-01 00:41:45,541 INFO c.s.a.c.BikeController {filterBikes} [main] Operación completada: Se obtuvieron 2 bicicletas filtradas
2025-05-01 00:41:45,573 INFO c.s.a.c.BikeController {addBike} [main] BEGIN addBike
2025-05-01 00:41:45,577 INFO c.s.a.c.BikeController {addBike} [main] END addBike
2025-05-01 00:41:45,742 INFO c.s.a.c.BikeController {filterBikes} [main] Filtrando bicicletas con parámetros: brand=, model=, color=
2025-05-01 00:41:45,746 INFO c.s.a.c.BikeController {filterBikes} [main] Operación completada: Se obtuvieron 3 bicicletas filtradas
2025-05-01 00:41:45,782 INFO c.s.a.c.BikeController {filterBikes} [main] Filtrando bicicletas con parámetros: brand=, model=, color=green
2025-05-01 00:41:45,787 INFO c.s.a.c.BikeController {filterBikes} [main] Operación completada: Se obtuvieron 1 bicicletas filtradas
2025-05-01 00:41:45,823 INFO c.s.a.c.BikeController {getBike} [main] BEGIN getBike
2025-05-01 00:41:45,827 INFO c.s.a.c.BikeController {getBike} [main] END getBike
2025-05-01 00:41:45,941 INFO c.s.a.c.BikeController {removeBike} [main] BEGIN removeBike
2025-05-01 00:41:45,942 INFO c.s.a.c.BikeController {removeBike} [main] END removeBike
2025-05-01 00:41:45,997 INFO c.s.a.c.BikeController {modifyBike} [main] BEGIN modifyBike
2025-05-01 00:41:46,073 INFO c.s.a.c.BikeController {modifyBike} [main] BEGIN modifyBike
2025-05-01 00:41:46,073 INFO c.s.a.c.BikeController {modifyBike} [main] END modifyBike
2025-05-01 00:41:46,095 INFO c.s.a.c.BikeController {removeBike} [main] BEGIN removeBike
2025-05-01 00:41:46,119 INFO c.s.a.c.BikeController {getBike} [main] BEGIN getBike
2025-05-01 00:41:46,796 INFO o.s.t.c.s.AbstractTestContextBootstrapper {buildDefaultMergedContextConfiguration} [main] Neither @ContextConfiguration nor @ContextHierarchy found for test class [com.svalero.apibikes.MechanicControllerTests], using SpringBootContextLoader
2025-05-01 00:41:46,798 INFO o.s.t.c.s.AbstractContextLoader {generateDefaultLocations} [main] Could not detect default resource locations for test class [com.svalero.apibikes.MechanicControllerTests]: no resource found for suffixes {-context.xml, Context.groovy}.
2025-05-01 00:41:46,800 INFO o.s.t.c.s.AnnotationConfigContextLoaderUtils {detectDefaultConfigurationClasses} [main] Could not detect default configuration classes for test class [com.svalero.apibikes.MechanicControllerTests]: MechanicControllerTests does not declare any static, non-private, non-final, nested classes annotated with @Configuration.
2025-05-01 00:41:46,819 INFO o.s.b.t.c.SpringBootTestContextBootstrapper {getOrFindConfigurationClasses} [main] Found @SpringBootConfiguration com.svalero.apibikes.HellospringApplication for test class com.svalero.apibikes.MechanicControllerTests
2025-05-01 00:41:46,822 INFO o.s.t.c.s.AbstractTestContextBootstrapper {getDefaultTestExecutionListenerClassNames} [main] Loaded default TestExecutionListener class names from location [META-INF/spring.factories]: [org.springframework.boot.test.mock.mockito.MockitoTestExecutionListener, org.springframework.boot.test.mock.mockito.ResetMocksTestExecutionListener, org.springframework.boot.test.autoconfigure.restdocs.RestDocsTestExecutionListener, org.springframework.boot.test.autoconfigure.web.client.MockRestServiceServerResetTestExecutionListener, org.springframework.boot.test.autoconfigure.web.servlet.MockMvcPrintOnlyOnFailureTestExecutionListener, org.springframework.boot.test.autoconfigure.web.servlet.WebDriverTestExecutionListener, org.springframework.boot.test.autoconfigure.webservices.client.MockWebServiceServerTestExecutionListener, org.springframework.test.context.web.ServletTestExecutionListener, org.springframework.test.context.support.DirtiesContextBeforeModesTestExecutionListener, org.springframework.test.context.event.ApplicationEventsTestExecutionListener, org.springframework.test.context.support.DependencyInjectionTestExecutionListener, org.springframework.test.context.support.DirtiesContextTestExecutionListener, org.springframework.test.context.transaction.TransactionalTestExecutionListener, org.springframework.test.context.jdbc.SqlScriptsTestExecutionListener, org.springframework.test.context.event.EventPublishingTestExecutionListener]
2025-05-01 00:41:46,824 INFO o.s.t.c.s.AbstractTestContextBootstrapper {getTestExecutionListeners} [main] Using TestExecutionListeners: [org.springframework.test.context.web.ServletTestExecutionListener@45d46254, org.springframework.test.context.support.DirtiesContextBeforeModesTestExecutionListener@a240452, org.springframework.test.context.event.ApplicationEventsTestExecutionListener@460e5ffe, org.springframework.boot.test.mock.mockito.MockitoTestExecutionListener@1a4cbcc6, org.springframework.boot.test.autoconfigure.SpringBootDependencyInjectionTestExecutionListener@7cecab19, org.springframework.test.context.support.DirtiesContextTestExecutionListener@56402642, org.springframework.test.context.transaction.TransactionalTestExecutionListener@620572db, org.springframework.test.context.jdbc.SqlScriptsTestExecutionListener@1d5048d1, org.springframework.test.context.event.EventPublishingTestExecutionListener@47d9c01, org.springframework.boot.test.mock.mockito.ResetMocksTestExecutionListener@5358c8fa, org.springframework.boot.test.autoconfigure.restdocs.RestDocsTestExecutionListener@1a02ebe0, org.springframework.boot.test.autoconfigure.web.client.MockRestServiceServerResetTestExecutionListener@58b3eb1, org.springframework.boot.test.autoconfigure.web.servlet.MockMvcPrintOnlyOnFailureTestExecutionListener@6d7e2795, org.springframework.boot.test.autoconfigure.web.servlet.WebDriverTestExecutionListener@78743dd8, org.springframework.boot.test.autoconfigure.webservices.client.MockWebServiceServerTestExecutionListener@752494dd]
2025-05-01 00:41:46,904 INFO o.s.b.StartupInfoLogger {logStarting} [main] Starting MechanicControllerTests using Java 21 on DESKTOP-A2Q7539 with PID 2524 (started by 34618 in C:\Users\34618\Documents\2DAM Gdo. Superior\Acceso a datos 2DAM\hellospring)
2025-05-01 00:41:46,904 INFO o.s.b.SpringApplication {logStartupProfileInfo} [main] The following 1 profile is active: "test"
2025-05-01 00:41:47,408 INFO o.s.s.w.DefaultSecurityFilterChain {<init>} [main] Will secure any request with [org.springframework.security.web.session.DisableEncodeUrlFilter@114b2414, org.springframework.security.web.context.request.async.WebAsyncManagerIntegrationFilter@57920d6c, org.springframework.security.web.context.SecurityContextPersistenceFilter@2c0a3826, org.springframework.security.web.header.HeaderWriterFilter@18887028, org.springframework.security.web.authentication.logout.LogoutFilter@4cacccbf, org.springframework.security.web.savedrequest.RequestCacheAwareFilter@4af0c50, org.springframework.security.web.servletapi.SecurityContextHolderAwareRequestFilter@5ffd35dd, org.springframework.security.web.authentication.AnonymousAuthenticationFilter@465d1345, org.springframework.security.web.session.SessionManagementFilter@28f8ce2e, org.springframework.security.web.access.ExceptionTranslationFilter@57afe44b, org.springframework.security.web.access.intercept.FilterSecurityInterceptor@4dad2363]
2025-05-01 00:41:47,798 INFO o.s.m.w.MockServletContext {log} [main] Initializing Spring TestDispatcherServlet ''
2025-05-01 00:41:47,798 INFO o.s.w.s.FrameworkServlet {initServletBean} [main] Initializing Servlet ''
2025-05-01 00:41:47,798 INFO o.s.w.s.FrameworkServlet {initServletBean} [main] Completed initialization in 0 ms
2025-05-01 00:41:47,831 INFO o.s.b.StartupInfoLogger {logStarted} [main] Started MechanicControllerTests in 0.994 seconds (JVM running for 11.37)
2025-05-01 00:41:47,842 INFO c.s.a.c.MechanicController {filtermechanics} [main] BEGIN getAll
2025-05-01 00:41:47,843 INFO c.s.a.c.MechanicController {filtermechanics} [main] END getAll
2025-05-01 00:41:47,869 INFO c.s.a.c.MechanicController {modifyMechanic} [main] BEGIN modifyMechanic
2025-05-01 00:41:47,869 INFO c.s.a.c.MechanicController {modifyMechanic} [main] END modifyMechanic
2025-05-01 00:41:47,883 INFO c.s.a.c.MechanicController {filtermechanics} [main] BEGIN getAll
2025-05-01 00:41:47,883 INFO c.s.a.c.MechanicController {filtermechanics} [main] END getAll
2025-05-01 00:41:47,887 INFO c.s.a.c.MechanicController {getMechanic} [main] BEGIN getMechanic
2025-05-01 00:41:47,903 INFO c.s.a.c.MechanicController {filtermechanics} [main] BEGIN getAll
2025-05-01 00:41:47,904 INFO c.s.a.c.MechanicController {filtermechanics} [main] END getAll
2025-05-01 00:41:47,911 INFO c.s.a.c.MechanicController {removeMechanic} [main] BEGIN removeMechanic
2025-05-01 00:41:47,912 INFO c.s.a.c.MechanicController {removeMechanic} [main] END removeMechanic
2025-05-01 00:41:47,937 INFO c.s.a.c.MechanicController {addMechanic} [main] BEGIN addMechanic
2025-05-01 00:41:47,938 INFO c.s.a.c.MechanicController {addMechanic} [main] END addMechanic
2025-05-01 00:41:47,946 INFO c.s.a.c.MechanicController {getMechanic} [main] BEGIN getMechanic
2025-05-01 00:41:47,947 INFO c.s.a.c.MechanicController {getMechanic} [main] END getMechanic
2025-05-01 00:41:47,955 INFO c.s.a.c.MechanicController {modifyMechanic} [main] BEGIN modifyMechanic
2025-05-01 00:41:47,966 INFO c.s.a.c.MechanicController {filtermechanics} [main] BEGIN getAll
2025-05-01 00:41:47,966 INFO c.s.a.c.MechanicController {filtermechanics} [main] END getAll
2025-05-01 00:41:47,978 INFO c.s.a.c.MechanicController {removeMechanic} [main] BEGIN removeMechanic
2025-05-01 00:41:47,978 INFO c.s.a.c.MechanicController {filtermechanics} [main] BEGIN getAll
2025-05-01 00:41:47,978 INFO c.s.a.c.MechanicController {filtermechanics} [main] END getAll
2025-05-01 00:41:48,161 INFO o.s.t.c.s.AbstractTestContextBootstrapper {buildDefaultMergedContextConfiguration} [main] Neither @ContextConfiguration nor @ContextHierarchy found for test class [com.svalero.apibikes.UserControllerTests], using SpringBootContextLoader
2025-05-01 00:41:48,163 INFO o.s.t.c.s.AbstractContextLoader {generateDefaultLocations} [main] Could not detect default resource locations for test class [com.svalero.apibikes.UserControllerTests]: no resource found for suffixes {-context.xml, Context.groovy}.
2025-05-01 00:41:48,163 INFO o.s.t.c.s.AnnotationConfigContextLoaderUtils {detectDefaultConfigurationClasses} [main] Could not detect default configuration classes for test class [com.svalero.apibikes.UserControllerTests]: UserControllerTests does not declare any static, non-private, non-final, nested classes annotated with @Configuration.
2025-05-01 00:41:48,170 INFO o.s.b.t.c.SpringBootTestContextBootstrapper {getOrFindConfigurationClasses} [main] Found @SpringBootConfiguration com.svalero.apibikes.HellospringApplication for test class com.svalero.apibikes.UserControllerTests
2025-05-01 00:41:48,171 INFO o.s.t.c.s.AbstractTestContextBootstrapper {getDefaultTestExecutionListenerClassNames} [main] Loaded default TestExecutionListener class names from location [META-INF/spring.factories]: [org.springframework.boot.test.mock.mockito.MockitoTestExecutionListener, org.springframework.boot.test.mock.mockito.ResetMocksTestExecutionListener, org.springframework.boot.test.autoconfigure.restdocs.RestDocsTestExecutionListener, org.springframework.boot.test.autoconfigure.web.client.MockRestServiceServerResetTestExecutionListener, org.springframework.boot.test.autoconfigure.web.servlet.MockMvcPrintOnlyOnFailureTestExecutionListener, org.springframework.boot.test.autoconfigure.web.servlet.WebDriverTestExecutionListener, org.springframework.boot.test.autoconfigure.webservices.client.MockWebServiceServerTestExecutionListener, org.springframework.test.context.web.ServletTestExecutionListener, org.springframework.test.context.support.DirtiesContextBeforeModesTestExecutionListener, org.springframework.test.context.event.ApplicationEventsTestExecutionListener, org.springframework.test.context.support.DependencyInjectionTestExecutionListener, org.springframework.test.context.support.DirtiesContextTestExecutionListener, org.springframework.test.context.transaction.TransactionalTestExecutionListener, org.springframework.test.context.jdbc.SqlScriptsTestExecutionListener, org.springframework.test.context.event.EventPublishingTestExecutionListener]
2025-05-01 00:41:48,172 INFO o.s.t.c.s.AbstractTestContextBootstrapper {getTestExecutionListeners} [main] Using TestExecutionListeners: [org.springframework.test.context.web.ServletTestExecutionListener@5614ae05, org.springframework.test.context.support.DirtiesContextBeforeModesTestExecutionListener@54970127, org.springframework.test.context.event.ApplicationEventsTestExecutionListener@3c4c7e51, org.springframework.boot.test.mock.mockito.MockitoTestExecutionListener@749ee0e3, org.springframework.boot.test.autoconfigure.SpringBootDependencyInjectionTestExecutionListener@7891cf3, org.springframework.test.context.support.DirtiesContextTestExecutionListener@6bfbab1c, org.springframework.test.context.transaction.TransactionalTestExecutionListener@349aeec4, org.springframework.test.context.jdbc.SqlScriptsTestExecutionListener@3700994c, org.springframework.test.context.event.EventPublishingTestExecutionListener@78a165db, org.springframework.boot.test.mock.mockito.ResetMocksTestExecutionListener@4eb48298, org.springframework.boot.test.autoconfigure.restdocs.RestDocsTestExecutionListener@2d3bb944, org.springframework.boot.test.autoconfigure.web.client.MockRestServiceServerResetTestExecutionListener@1e429f56, org.springframework.boot.test.autoconfigure.web.servlet.MockMvcPrintOnlyOnFailureTestExecutionListener@6dbeaef8, org.springframework.boot.test.autoconfigure.web.servlet.WebDriverTestExecutionListener@7744195, org.springframework.boot.test.autoconfigure.webservices.client.MockWebServiceServerTestExecutionListener@77f529a6]
2025-05-01 00:41:48,202 INFO o.s.b.StartupInfoLogger {logStarting} [main] Starting UserControllerTests using Java 21 on DESKTOP-A2Q7539 with PID 2524 (started by 34618 in C:\Users\34618\Documents\2DAM Gdo. Superior\Acceso a datos 2DAM\hellospring)
2025-05-01 00:41:48,203 INFO o.s.b.SpringApplication {logStartupProfileInfo} [main] The following 1 profile is active: "test"
2025-05-01 00:41:48,597 INFO o.s.s.w.DefaultSecurityFilterChain {<init>} [main] Will secure any request with [org.springframework.security.web.session.DisableEncodeUrlFilter@8167f57, org.springframework.security.web.context.request.async.WebAsyncManagerIntegrationFilter@75da2db, org.springframework.security.web.context.SecurityContextPersistenceFilter@55c8fc60, org.springframework.security.web.header.HeaderWriterFilter@1cca3e8c, org.springframework.security.web.authentication.logout.LogoutFilter@5cf33d25, org.springframework.security.web.savedrequest.RequestCacheAwareFilter@50d05167, org.springframework.security.web.servletapi.SecurityContextHolderAwareRequestFilter@1da32baf, org.springframework.security.web.authentication.AnonymousAuthenticationFilter@541897c6, org.springframework.security.web.session.SessionManagementFilter@46b2a11a, org.springframework.security.web.access.ExceptionTranslationFilter@6d4d0a14, org.springframework.security.web.access.intercept.FilterSecurityInterceptor@5617168c]
2025-05-01 00:41:49,079 INFO o.s.m.w.MockServletContext {log} [main] Initializing Spring TestDispatcherServlet ''
2025-05-01 00:41:49,080 INFO o.s.w.s.FrameworkServlet {initServletBean} [main] Initializing Servlet ''
2025-05-01 00:41:49,081 INFO o.s.w.s.FrameworkServlet {initServletBean} [main] Completed initialization in 0 ms
2025-05-01 00:41:49,098 INFO o.s.b.StartupInfoLogger {logStarted} [main] Started UserControllerTests in 0.921 seconds (JVM running for 12.637)
2025-05-01 00:41:49,111 INFO c.s.a.c.UserController {getUser} [main] BEGIN getUser
2025-05-01 00:41:49,125 INFO c.s.a.c.UserController {filterusers} [main] BEGIN getAll
2025-05-01 00:41:49,133 INFO c.s.a.c.UserController {filterusers} [main] END getAll
2025-05-01 00:41:49,188 INFO c.s.a.c.UserController {filterusers} [main] BEGIN getAll
2025-05-01 00:41:49,190 INFO c.s.a.c.UserController {filterusers} [main] END getAll
2025-05-01 00:41:49,204 INFO c.s.a.c.UserController {filterusers} [main] BEGIN getAll
2025-05-01 00:41:49,206 INFO c.s.a.c.UserController {filterusers} [main] END getAll
2025-05-01 00:41:49,251 INFO c.s.a.c.UserController {removeUser} [main] BEGIN removeUser
2025-05-01 00:41:49,253 INFO c.s.a.c.UserController {removeUser} [main] END removeUser
2025-05-01 00:41:49,269 INFO c.s.a.c.UserController {getUser} [main] BEGIN getUser
2025-05-01 00:41:49,272 INFO c.s.a.c.UserController {getUser} [main] END getUser
2025-05-01 00:41:49,307 INFO c.s.a.c.UserController {modifyUser} [main] BEGIN modifyUser
2025-05-01 00:41:49,322 INFO c.s.a.c.UserController {filterusers} [main] BEGIN getAll
2025-05-01 00:41:49,324 INFO c.s.a.c.UserController {filterusers} [main] END getAll
2025-05-01 00:41:49,342 INFO c.s.a.c.UserController {filterusers} [main] BEGIN getAll
2025-05-01 00:41:49,343 INFO c.s.a.c.UserController {filterusers} [main] END getAll
2025-05-01 00:41:49,362 INFO c.s.a.c.UserController {modifyUser} [main] BEGIN modifyUser
2025-05-01 00:41:49,364 INFO c.s.a.c.UserController {modifyUser} [main] END modifyUser
2025-05-01 00:41:49,380 INFO c.s.a.c.UserController {removeUser} [main] BEGIN removeUser
2025-05-01 00:41:49,547 INFO o.s.t.c.s.AbstractTestContextBootstrapper {buildDefaultMergedContextConfiguration} [main] Neither @ContextConfiguration nor @ContextHierarchy found for test class [com.svalero.apibikes.WorkShopControllerTests], using SpringBootContextLoader
2025-05-01 00:41:49,549 INFO o.s.t.c.s.AbstractContextLoader {generateDefaultLocations} [main] Could not detect default resource locations for test class [com.svalero.apibikes.WorkShopControllerTests]: no resource found for suffixes {-context.xml, Context.groovy}.
2025-05-01 00:41:49,551 INFO o.s.t.c.s.AnnotationConfigContextLoaderUtils {detectDefaultConfigurationClasses} [main] Could not detect default configuration classes for test class [com.svalero.apibikes.WorkShopControllerTests]: WorkShopControllerTests does not declare any static, non-private, non-final, nested classes annotated with @Configuration.
2025-05-01 00:41:49,563 INFO o.s.b.t.c.SpringBootTestContextBootstrapper {getOrFindConfigurationClasses} [main] Found @SpringBootConfiguration com.svalero.apibikes.HellospringApplication for test class com.svalero.apibikes.WorkShopControllerTests
2025-05-01 00:41:49,565 INFO o.s.t.c.s.AbstractTestContextBootstrapper {getDefaultTestExecutionListenerClassNames} [main] Loaded default TestExecutionListener class names from location [META-INF/spring.factories]: [org.springframework.boot.test.mock.mockito.MockitoTestExecutionListener, org.springframework.boot.test.mock.mockito.ResetMocksTestExecutionListener, org.springframework.boot.test.autoconfigure.restdocs.RestDocsTestExecutionListener, org.springframework.boot.test.autoconfigure.web.client.MockRestServiceServerResetTestExecutionListener, org.springframework.boot.test.autoconfigure.web.servlet.MockMvcPrintOnlyOnFailureTestExecutionListener, org.springframework.boot.test.autoconfigure.web.servlet.WebDriverTestExecutionListener, org.springframework.boot.test.autoconfigure.webservices.client.MockWebServiceServerTestExecutionListener, org.springframework.test.context.web.ServletTestExecutionListener, org.springframework.test.context.support.DirtiesContextBeforeModesTestExecutionListener, org.springframework.test.context.event.ApplicationEventsTestExecutionListener, org.springframework.test.context.support.DependencyInjectionTestExecutionListener, org.springframework.test.context.support.DirtiesContextTestExecutionListener, org.springframework.test.context.transaction.TransactionalTestExecutionListener, org.springframework.test.context.jdbc.SqlScriptsTestExecutionListener, org.springframework.test.context.event.EventPublishingTestExecutionListener]
2025-05-01 00:41:49,567 INFO o.s.t.c.s.AbstractTestContextBootstrapper {getTestExecutionListeners} [main] Using TestExecutionListeners: [org.springframework.test.context.web.ServletTestExecutionListener@4cd51e4e, org.springframework.test.context.support.DirtiesContextBeforeModesTestExecutionListener@7e451790, org.springframework.test.context.event.ApplicationEventsTestExecutionListener@25172993, org.springframework.boot.test.mock.mockito.MockitoTestExecutionListener@3f71ae7f, org.springframework.boot.test.autoconfigure.SpringBootDependencyInjectionTestExecutionListener@5b32e0b1, org.springframework.test.context.support.DirtiesContextTestExecutionListener@d1d85d0, org.springframework.test.context.transaction.TransactionalTestExecutionListener@115a7e51, org.springframework.test.context.jdbc.SqlScriptsTestExecutionListener@23ea3853, org.springframework.test.context.event.EventPublishingTestExecutionListener@6f1163f7, org.springframework.boot.test.mock.mockito.ResetMocksTestExecutionListener@e4348c0, org.springframework.boot.test.autoconfigure.restdocs.RestDocsTestExecutionListener@4ca907af, org.springframework.boot.test.autoconfigure.web.client.MockRestServiceServerResetTestExecutionListener@3ef396c9, org.springframework.boot.test.autoconfigure.web.servlet.MockMvcPrintOnlyOnFailureTestExecutionListener@5a99543b, org.springframework.boot.test.autoconfigure.web.servlet.WebDriverTestExecutionListener@4e0802e0, org.springframework.boot.test.autoconfigure.webservices.client.MockWebServiceServerTestExecutionListener@4a18e0f1]
2025-05-01 00:41:49,660 INFO o.s.b.StartupInfoLogger {logStarting} [main] Starting WorkShopControllerTests using Java 21 on DESKTOP-A2Q7539 with PID 2524 (started by 34618 in C:\Users\34618\Documents\2DAM Gdo. Superior\Acceso a datos 2DAM\hellospring)
2025-05-01 00:41:49,661 INFO o.s.b.SpringApplication {logStartupProfileInfo} [main] The following 1 profile is active: "test"
2025-05-01 00:41:50,445 INFO o.s.s.w.DefaultSecurityFilterChain {<init>} [main] Will secure any request with [org.springframework.security.web.session.DisableEncodeUrlFilter@a6a2c20, org.springframework.security.web.context.request.async.WebAsyncManagerIntegrationFilter@5d04fbb7, org.springframework.security.web.context.SecurityContextPersistenceFilter@1dac0784, org.springframework.security.web.header.HeaderWriterFilter@3945886e, org.springframework.security.web.authentication.logout.LogoutFilter@7f5ecada, org.springframework.security.web.savedrequest.RequestCacheAwareFilter@3703a400, org.springframework.security.web.servletapi.SecurityContextHolderAwareRequestFilter@22105c76, org.springframework.security.web.authentication.AnonymousAuthenticationFilter@da67c46, org.springframework.security.web.session.SessionManagementFilter@12765ebd, org.springframework.security.web.access.ExceptionTranslationFilter@66a99584, org.springframework.security.web.access.intercept.FilterSecurityInterceptor@65c689e7]
2025-05-01 00:41:51,212 INFO o.s.m.w.MockServletContext {log} [main] Initializing Spring TestDispatcherServlet ''
2025-05-01 00:41:51,213 INFO o.s.w.s.FrameworkServlet {initServletBean} [main] Initializing Servlet ''
2025-05-01 00:41:51,215 INFO o.s.w.s.FrameworkServlet {initServletBean} [main] Completed initialization in 1 ms
2025-05-01 00:41:51,244 INFO o.s.b.StartupInfoLogger {logStarted} [main] Started WorkShopControllerTests in 1.67 seconds (JVM running for 14.784)
2025-05-01 00:41:51,338 INFO c.s.a.c.WorkShopController {modifyWorkShop} [main] BEGIN modifyWorkShop
2025-05-01 00:41:51,341 INFO c.s.a.c.WorkShopController {modifyWorkShop} [main] END modifyWorkShop
2025-05-01 00:41:51,346 INFO c.s.a.c.WorkShopController {getWorkShop} [main] BEGIN getWorkShop
2025-05-01 00:41:51,362 INFO c.s.a.c.WorkShopController {getWorkShop} [main] END getWorkShop
2025-05-01 00:41:51,382 INFO c.s.a.c.WorkShopController {filterworkshops} [main] BEGIN getAll
2025-05-01 00:41:51,382 INFO c.s.a.c.WorkShopController {filterworkshops} [main] END getAll
2025-05-01 00:41:51,403 INFO c.s.a.c.WorkShopController {filterworkshops} [main] BEGIN getAll
2025-05-01 00:41:51,406 INFO c.s.a.c.WorkShopController {filterworkshops} [main] END getAll
2025-05-01 00:41:51,415 INFO c.s.a.c.WorkShopController {removeWorkShop} [main] BEGIN removeWorkShop
2025-05-01 00:41:51,417 INFO c.s.a.c.WorkShopController {removeWorkShop} [main] END removeWorkShop
2025-05-01 00:41:51,425 INFO c.s.a.c.WorkShopController {filterworkshops} [main] BEGIN getAll
2025-05-01 00:41:51,425 INFO c.s.a.c.WorkShopController {filterworkshops} [main] END getAll
2025-05-01 00:41:51,446 INFO c.s.a.c.WorkShopController {modifyWorkShop} [main] BEGIN modifyWorkShop
2025-05-01 00:41:51,471 INFO c.s.a.c.WorkShopController {removeWorkShop} [main] BEGIN removeWorkShop
2025-05-01 00:41:51,492 INFO c.s.a.c.WorkShopController {filterworkshops} [main] BEGIN getAll
2025-05-01 00:41:51,493 INFO c.s.a.c.WorkShopController {filterworkshops} [main] END getAll
2025-05-01 00:41:51,515 INFO c.s.a.c.WorkShopController {getWorkShop} [main] BEGIN getWorkShop
2025-05-01 00:41:51,520 INFO c.s.a.c.WorkShopController {filterworkshops} [main] BEGIN getAll
2025-05-01 00:41:51,520 INFO c.s.a.c.WorkShopController {filterworkshops} [main] END getAll
2025-05-01 00:41:51,545 INFO c.s.a.c.WorkShopController {addWorkShop} [main] BEGIN addWorkShop
2025-05-01 00:41:51,546 INFO c.s.a.c.WorkShopController {addWorkShop} [main] END addWorkShop
2025-05-01 00:50:46,670 INFO o.s.b.StartupInfoLogger {logStarting} [main] Starting BikeControllerTests using Java 21 on DESKTOP-A2Q7539 with PID 10956 (started by 34618 in C:\Users\34618\Documents\2DAM Gdo. Superior\Acceso a datos 2DAM\hellospring)
2025-05-01 00:50:46,679 INFO o.s.b.SpringApplication {logStartupProfileInfo} [main] The following 1 profile is active: "test"
2025-05-01 00:50:46,697 INFO o.h.v.i.u.Version {<clinit>} [background-preinit] HV000001: Hibernate Validator 6.2.5.Final
2025-05-01 00:50:50,072 INFO o.s.s.w.DefaultSecurityFilterChain {<init>} [main] Will secure any request with [org.springframework.security.web.session.DisableEncodeUrlFilter@48cd319d, org.springframework.security.web.context.request.async.WebAsyncManagerIntegrationFilter@6f38f084, org.springframework.security.web.context.SecurityContextPersistenceFilter@6c742b84, org.springframework.security.web.header.HeaderWriterFilter@13250132, org.springframework.security.web.authentication.logout.LogoutFilter@7abeabe9, org.springframework.security.web.savedrequest.RequestCacheAwareFilter@74ba6ff5, org.springframework.security.web.servletapi.SecurityContextHolderAwareRequestFilter@395f52ed, org.springframework.security.web.authentication.AnonymousAuthenticationFilter@4ef18604, org.springframework.security.web.session.SessionManagementFilter@2dff7085, org.springframework.security.web.access.ExceptionTranslationFilter@8fcc534, org.springframework.security.web.access.intercept.FilterSecurityInterceptor@76216830]
2025-05-01 00:50:51,314 INFO o.s.m.w.MockServletContext {log} [main] Initializing Spring TestDispatcherServlet ''
2025-05-01 00:50:51,314 INFO o.s.w.s.FrameworkServlet {initServletBean} [main] Initializing Servlet ''
2025-05-01 00:50:51,321 INFO o.s.w.s.FrameworkServlet {initServletBean} [main] Completed initialization in 7 ms
2025-05-01 00:50:51,430 INFO o.s.b.StartupInfoLogger {logStarted} [main] Started BikeControllerTests in 6.074 seconds (JVM running for 7.595)
2025-05-01 00:50:51,794 INFO c.s.a.c.BikeController {filterBikes} [main] Filtrando bicicletas con parámetros: brand=, model=Alma, color=
2025-05-01 00:50:51,839 INFO c.s.a.c.BikeController {filterBikes} [main] Operación completada: Se obtuvieron 1 bicicletas filtradas
2025-05-01 00:50:52,201 INFO c.s.a.c.BikeController {filterBikes} [main] Filtrando bicicletas con parámetros: brand=Orbea, model=Alma, color=green
2025-05-01 00:50:52,202 INFO c.s.a.c.BikeController {filterBikes} [main] Operación completada: Se obtuvieron 1 bicicletas filtradas
2025-05-01 00:50:52,706 INFO c.s.a.c.BikeController {addBike} [main] BEGIN addBike
2025-05-01 00:50:52,768 INFO c.s.a.c.BikeController {filterBikes} [main] Filtrando bicicletas con parámetros: brand=Orbea, model=, color=
2025-05-01 00:50:52,771 INFO c.s.a.c.BikeController {filterBikes} [main] Operación completada: Se obtuvieron 2 bicicletas filtradas
2025-05-01 00:50:52,787 INFO c.s.a.c.BikeController {addBike} [main] BEGIN addBike
2025-05-01 00:50:52,787 INFO c.s.a.c.BikeController {addBike} [main] END addBike
2025-05-01 00:50:53,001 INFO c.s.a.c.BikeController {filterBikes} [main] Filtrando bicicletas con parámetros: brand=, model=, color=
2025-05-01 00:50:53,001 INFO c.s.a.c.BikeController {filterBikes} [main] Operación completada: Se obtuvieron 3 bicicletas filtradas
2025-05-01 00:50:53,031 INFO c.s.a.c.BikeController {filterBikes} [main] Filtrando bicicletas con parámetros: brand=, model=, color=green
2025-05-01 00:50:53,035 INFO c.s.a.c.BikeController {filterBikes} [main] Operación completada: Se obtuvieron 1 bicicletas filtradas
2025-05-01 00:50:53,066 INFO c.s.a.c.BikeController {getBike} [main] BEGIN getBike
2025-05-01 00:50:53,069 INFO c.s.a.c.BikeController {getBike} [main] END getBike
2025-05-01 00:50:53,163 INFO c.s.a.c.BikeController {removeBike} [main] BEGIN removeBike
2025-05-01 00:50:53,165 INFO c.s.a.c.BikeController {removeBike} [main] END removeBike
2025-05-01 00:50:53,211 INFO c.s.a.c.BikeController {modifyBike} [main] BEGIN modifyBike
2025-05-01 00:50:53,288 INFO c.s.a.c.BikeController {modifyBike} [main] BEGIN modifyBike
2025-05-01 00:50:53,291 INFO c.s.a.c.BikeController {modifyBike} [main] END modifyBike
2025-05-01 00:50:53,332 INFO c.s.a.c.BikeController {removeBike} [main] BEGIN removeBike
2025-05-01 00:50:53,361 INFO c.s.a.c.BikeController {getBike} [main] BEGIN getBike
2025-05-01 00:50:54,081 INFO o.s.t.c.s.AbstractTestContextBootstrapper {buildDefaultMergedContextConfiguration} [main] Neither @ContextConfiguration nor @ContextHierarchy found for test class [com.svalero.apibikes.MechanicControllerTests], using SpringBootContextLoader
2025-05-01 00:50:54,084 INFO o.s.t.c.s.AbstractContextLoader {generateDefaultLocations} [main] Could not detect default resource locations for test class [com.svalero.apibikes.MechanicControllerTests]: no resource found for suffixes {-context.xml, Context.groovy}.
2025-05-01 00:50:54,090 INFO o.s.t.c.s.AnnotationConfigContextLoaderUtils {detectDefaultConfigurationClasses} [main] Could not detect default configuration classes for test class [com.svalero.apibikes.MechanicControllerTests]: MechanicControllerTests does not declare any static, non-private, non-final, nested classes annotated with @Configuration.
2025-05-01 00:50:54,128 INFO o.s.b.t.c.SpringBootTestContextBootstrapper {getOrFindConfigurationClasses} [main] Found @SpringBootConfiguration com.svalero.apibikes.HellospringApplication for test class com.svalero.apibikes.MechanicControllerTests
2025-05-01 00:50:54,132 INFO o.s.t.c.s.AbstractTestContextBootstrapper {getDefaultTestExecutionListenerClassNames} [main] Loaded default TestExecutionListener class names from location [META-INF/spring.factories]: [org.springframework.boot.test.mock.mockito.MockitoTestExecutionListener, org.springframework.boot.test.mock.mockito.ResetMocksTestExecutionListener, org.springframework.boot.test.autoconfigure.restdocs.RestDocsTestExecutionListener, org.springframework.boot.test.autoconfigure.web.client.MockRestServiceServerResetTestExecutionListener, org.springframework.boot.test.autoconfigure.web.servlet.MockMvcPrintOnlyOnFailureTestExecutionListener, org.springframework.boot.test.autoconfigure.web.servlet.WebDriverTestExecutionListener, org.springframework.boot.test.autoconfigure.webservices.client.MockWebServiceServerTestExecutionListener, org.springframework.test.context.web.ServletTestExecutionListener, org.springframework.test.context.support.DirtiesContextBeforeModesTestExecutionListener, org.springframework.test.context.event.ApplicationEventsTestExecutionListener, org.springframework.test.context.support.DependencyInjectionTestExecutionListener, org.springframework.test.context.support.DirtiesContextTestExecutionListener, org.springframework.test.context.transaction.TransactionalTestExecutionListener, org.springframework.test.context.jdbc.SqlScriptsTestExecutionListener, org.springframework.test.context.event.EventPublishingTestExecutionListener]
2025-05-01 00:50:54,133 INFO o.s.t.c.s.AbstractTestContextBootstrapper {getTestExecutionListeners} [main] Using TestExecutionListeners: [org.springframework.test.context.web.ServletTestExecutionListener@27a0e6ce, org.springframework.test.context.support.DirtiesContextBeforeModesTestExecutionListener@2b80497f, org.springframework.test.context.event.ApplicationEventsTestExecutionListener@6ef4297d, org.springframework.boot.test.mock.mockito.MockitoTestExecutionListener@4c000cc4, org.springframework.boot.test.autoconfigure.SpringBootDependencyInjectionTestExecutionListener@6c36051c, org.springframework.test.context.support.DirtiesContextTestExecutionListener@45d46254, org.springframework.test.context.transaction.TransactionalTestExecutionListener@a240452, org.springframework.test.context.jdbc.SqlScriptsTestExecutionListener@460e5ffe, org.springframework.test.context.event.EventPublishingTestExecutionListener@1a4cbcc6, org.springframework.boot.test.mock.mockito.ResetMocksTestExecutionListener@7cecab19, org.springframework.boot.test.autoconfigure.restdocs.RestDocsTestExecutionListener@56402642, org.springframework.boot.test.autoconfigure.web.client.MockRestServiceServerResetTestExecutionListener@620572db, org.springframework.boot.test.autoconfigure.web.servlet.MockMvcPrintOnlyOnFailureTestExecutionListener@1d5048d1, org.springframework.boot.test.autoconfigure.web.servlet.WebDriverTestExecutionListener@47d9c01, org.springframework.boot.test.autoconfigure.webservices.client.MockWebServiceServerTestExecutionListener@5358c8fa]
2025-05-01 00:50:54,265 INFO o.s.b.StartupInfoLogger {logStarting} [main] Starting MechanicControllerTests using Java 21 on DESKTOP-A2Q7539 with PID 10956 (started by 34618 in C:\Users\34618\Documents\2DAM Gdo. Superior\Acceso a datos 2DAM\hellospring)
2025-05-01 00:50:54,266 INFO o.s.b.SpringApplication {logStartupProfileInfo} [main] The following 1 profile is active: "test"
2025-05-01 00:50:55,573 INFO o.s.s.w.DefaultSecurityFilterChain {<init>} [main] Will secure any request with [org.springframework.security.web.session.DisableEncodeUrlFilter@4cacccbf, org.springframework.security.web.context.request.async.WebAsyncManagerIntegrationFilter@301d84f6, org.springframework.security.web.context.SecurityContextPersistenceFilter@69ab2d6a, org.springframework.security.web.header.HeaderWriterFilter@45f8415b, org.springframework.security.web.authentication.logout.LogoutFilter@28f8ce2e, org.springframework.security.web.savedrequest.RequestCacheAwareFilter@505a8582, org.springframework.security.web.servletapi.SecurityContextHolderAwareRequestFilter@57afe44b, org.springframework.security.web.authentication.AnonymousAuthenticationFilter@6f80cf5, org.springframework.security.web.session.SessionManagementFilter@10dbf660, org.springframework.security.web.access.ExceptionTranslationFilter@36a1fd20, org.springframework.security.web.access.intercept.FilterSecurityInterceptor@311a09b2]
2025-05-01 00:50:56,088 INFO o.s.m.w.MockServletContext {log} [main] Initializing Spring TestDispatcherServlet ''
2025-05-01 00:50:56,090 INFO o.s.w.s.FrameworkServlet {initServletBean} [main] Initializing Servlet ''
2025-05-01 00:50:56,091 INFO o.s.w.s.FrameworkServlet {initServletBean} [main] Completed initialization in 1 ms
2025-05-01 00:50:56,112 INFO o.s.b.StartupInfoLogger {logStarted} [main] Started MechanicControllerTests in 1.975 seconds (JVM running for 12.281)
2025-05-01 00:50:56,131 INFO c.s.a.c.MechanicController {filtermechanics} [main] BEGIN getAll
2025-05-01 00:50:56,131 INFO c.s.a.c.MechanicController {filtermechanics} [main] END getAll
2025-05-01 00:50:56,161 INFO c.s.a.c.MechanicController {modifyMechanic} [main] BEGIN modifyMechanic
2025-05-01 00:50:56,161 INFO c.s.a.c.MechanicController {modifyMechanic} [main] END modifyMechanic
2025-05-01 00:50:56,174 INFO c.s.a.c.MechanicController {filtermechanics} [main] BEGIN getAll
2025-05-01 00:50:56,174 INFO c.s.a.c.MechanicController {filtermechanics} [main] END getAll
2025-05-01 00:50:56,186 INFO c.s.a.c.MechanicController {getMechanic} [main] BEGIN getMechanic
2025-05-01 00:50:56,202 INFO c.s.a.c.MechanicController {filtermechanics} [main] BEGIN getAll
2025-05-01 00:50:56,204 INFO c.s.a.c.MechanicController {filtermechanics} [main] END getAll
2025-05-01 00:50:56,214 INFO c.s.a.c.MechanicController {removeMechanic} [main] BEGIN removeMechanic
2025-05-01 00:50:56,215 INFO c.s.a.c.MechanicController {removeMechanic} [main] END removeMechanic
2025-05-01 00:50:56,243 INFO c.s.a.c.MechanicController {addMechanic} [main] BEGIN addMechanic
2025-05-01 00:50:56,244 INFO c.s.a.c.MechanicController {addMechanic} [main] END addMechanic
2025-05-01 00:50:56,253 INFO c.s.a.c.MechanicController {getMechanic} [main] BEGIN getMechanic
2025-05-01 00:50:56,255 INFO c.s.a.c.MechanicController {getMechanic} [main] END getMechanic
2025-05-01 00:50:56,271 INFO c.s.a.c.MechanicController {modifyMechanic} [main] BEGIN modifyMechanic
2025-05-01 00:50:56,281 INFO c.s.a.c.MechanicController {filtermechanics} [main] BEGIN getAll
2025-05-01 00:50:56,282 INFO c.s.a.c.MechanicController {filtermechanics} [main] END getAll
2025-05-01 00:50:56,283 INFO c.s.a.c.MechanicController {removeMechanic} [main] BEGIN removeMechanic
2025-05-01 00:50:56,296 INFO c.s.a.c.MechanicController {filtermechanics} [main] BEGIN getAll
2025-05-01 00:50:56,296 INFO c.s.a.c.MechanicController {filtermechanics} [main] END getAll
2025-05-01 00:50:56,522 INFO o.s.t.c.s.AbstractTestContextBootstrapper {buildDefaultMergedContextConfiguration} [main] Neither @ContextConfiguration nor @ContextHierarchy found for test class [com.svalero.apibikes.UserControllerTests], using SpringBootContextLoader
2025-05-01 00:50:56,524 INFO o.s.t.c.s.AbstractContextLoader {generateDefaultLocations} [main] Could not detect default resource locations for test class [com.svalero.apibikes.UserControllerTests]: no resource found for suffixes {-context.xml, Context.groovy}.
2025-05-01 00:50:56,525 INFO o.s.t.c.s.AnnotationConfigContextLoaderUtils {detectDefaultConfigurationClasses} [main] Could not detect default configuration classes for test class [com.svalero.apibikes.UserControllerTests]: UserControllerTests does not declare any static, non-private, non-final, nested classes annotated with @Configuration.
2025-05-01 00:50:56,533 INFO o.s.b.t.c.SpringBootTestContextBootstrapper {getOrFindConfigurationClasses} [main] Found @SpringBootConfiguration com.svalero.apibikes.HellospringApplication for test class com.svalero.apibikes.UserControllerTests
2025-05-01 00:50:56,535 INFO o.s.t.c.s.AbstractTestContextBootstrapper {getDefaultTestExecutionListenerClassNames} [main] Loaded default TestExecutionListener class names from location [META-INF/spring.factories]: [org.springframework.boot.test.mock.mockito.MockitoTestExecutionListener, org.springframework.boot.test.mock.mockito.ResetMocksTestExecutionListener, org.springframework.boot.test.autoconfigure.restdocs.RestDocsTestExecutionListener, org.springframework.boot.test.autoconfigure.web.client.MockRestServiceServerResetTestExecutionListener, org.springframework.boot.test.autoconfigure.web.servlet.MockMvcPrintOnlyOnFailureTestExecutionListener, org.springframework.boot.test.autoconfigure.web.servlet.WebDriverTestExecutionListener, org.springframework.boot.test.autoconfigure.webservices.client.MockWebServiceServerTestExecutionListener, org.springframework.test.context.web.ServletTestExecutionListener, org.springframework.test.context.support.DirtiesContextBeforeModesTestExecutionListener, org.springframework.test.context.event.ApplicationEventsTestExecutionListener, org.springframework.test.context.support.DependencyInjectionTestExecutionListener, org.springframework.test.context.support.DirtiesContextTestExecutionListener, org.springframework.test.context.transaction.TransactionalTestExecutionListener, org.springframework.test.context.jdbc.SqlScriptsTestExecutionListener, org.springframework.test.context.event.EventPublishingTestExecutionListener]
2025-05-01 00:50:56,536 INFO o.s.t.c.s.AbstractTestContextBootstrapper {getTestExecutionListeners} [main] Using TestExecutionListeners: [org.springframework.test.context.web.ServletTestExecutionListener@504c415c, org.springframework.test.context.support.DirtiesContextBeforeModesTestExecutionListener@6c9e74f3, org.springframework.test.context.event.ApplicationEventsTestExecutionListener@813ab53, org.springframework.boot.test.mock.mockito.MockitoTestExecutionListener@5030997b, org.springframework.boot.test.autoconfigure.SpringBootDependencyInjectionTestExecutionListener@62c47480, org.springframework.test.context.support.DirtiesContextTestExecutionListener@7de2bdc7, org.springframework.test.context.transaction.TransactionalTestExecutionListener@683ed81b, org.springframework.test.context.jdbc.SqlScriptsTestExecutionListener@3c116f26, org.springframework.test.context.event.EventPublishingTestExecutionListener@7db06c50, org.springframework.boot.test.mock.mockito.ResetMocksTestExecutionListener@1554eaa4, org.springframework.boot.test.autoconfigure.restdocs.RestDocsTestExecutionListener@b340615, org.springframework.boot.test.autoconfigure.web.client.MockRestServiceServerResetTestExecutionListener@3c6b300a, org.springframework.boot.test.autoconfigure.web.servlet.MockMvcPrintOnlyOnFailureTestExecutionListener@4247093b, org.springframework.boot.test.autoconfigure.web.servlet.WebDriverTestExecutionListener@7074da1d, org.springframework.boot.test.autoconfigure.webservices.client.MockWebServiceServerTestExecutionListener@5bdb6ea8]
2025-05-01 00:50:56,575 INFO o.s.b.StartupInfoLogger {logStarting} [main] Starting UserControllerTests using Java 21 on DESKTOP-A2Q7539 with PID 10956 (started by 34618 in C:\Users\34618\Documents\2DAM Gdo. Superior\Acceso a datos 2DAM\hellospring)
2025-05-01 00:50:56,576 INFO o.s.b.SpringApplication {logStartupProfileInfo} [main] The following 1 profile is active: "test"
2025-05-01 00:50:57,368 INFO o.s.s.w.DefaultSecurityFilterChain {<init>} [main] Will secure any request with [org.springframework.security.web.session.DisableEncodeUrlFilter@48aaaed9, org.springframework.security.web.context.request.async.WebAsyncManagerIntegrationFilter@116915f1, org.springframework.security.web.context.SecurityContextPersistenceFilter@41581c3f, org.springframework.security.web.header.HeaderWriterFilter@87f6ab5, org.springframework.security.web.authentication.logout.LogoutFilter@352ce817, org.springframework.security.web.savedrequest.RequestCacheAwareFilter@10ba9780, org.springframework.security.web.servletapi.SecurityContextHolderAwareRequestFilter@63636de0, org.springframework.security.web.authentication.AnonymousAuthenticationFilter@27bbe773, org.springframework.security.web.session.SessionManagementFilter@5c316230, org.springframework.security.web.access.ExceptionTranslationFilter@65b680b4, org.springframework.security.web.access.intercept.FilterSecurityInterceptor@4a3bf37c]
2025-05-01 00:50:58,176 INFO o.s.m.w.MockServletContext {log} [main] Initializing Spring TestDispatcherServlet ''
2025-05-01 00:50:58,176 INFO o.s.w.s.FrameworkServlet {initServletBean} [main] Initializing Servlet ''
2025-05-01 00:50:58,186 INFO o.s.w.s.FrameworkServlet {initServletBean} [main] Completed initialization in 0 ms
2025-05-01 00:50:58,223 INFO o.s.b.StartupInfoLogger {logStarted} [main] Started UserControllerTests in 1.683 seconds (JVM running for 14.389)
2025-05-01 00:50:58,246 INFO c.s.a.c.UserController {getUser} [main] BEGIN getUser
2025-05-01 00:50:58,270 INFO c.s.a.c.UserController {filterusers} [main] BEGIN getAll
2025-05-01 00:50:58,270 INFO c.s.a.c.UserController {filterusers} [main] END getAll
2025-05-01 00:50:58,326 INFO c.s.a.c.UserController {filterusers} [main] BEGIN getAll
2025-05-01 00:50:58,330 INFO c.s.a.c.UserController {filterusers} [main] END getAll
2025-05-01 00:50:58,338 INFO c.s.a.c.UserController {filterusers} [main] BEGIN getAll
2025-05-01 00:50:58,338 INFO c.s.a.c.UserController {filterusers} [main] END getAll
2025-05-01 00:50:58,377 INFO c.s.a.c.UserController {removeUser} [main] BEGIN removeUser
2025-05-01 00:50:58,377 INFO c.s.a.c.UserController {removeUser} [main] END removeUser
2025-05-01 00:50:58,390 INFO c.s.a.c.UserController {getUser} [main] BEGIN getUser
2025-05-01 00:50:58,390 INFO c.s.a.c.UserController {getUser} [main] END getUser
2025-05-01 00:50:58,438 INFO c.s.a.c.UserController {modifyUser} [main] BEGIN modifyUser
2025-05-01 00:50:58,457 INFO c.s.a.c.UserController {filterusers} [main] BEGIN getAll
2025-05-01 00:50:58,459 INFO c.s.a.c.UserController {filterusers} [main] END getAll
2025-05-01 00:50:58,473 INFO c.s.a.c.UserController {filterusers} [main] BEGIN getAll
2025-05-01 00:50:58,476 INFO c.s.a.c.UserController {filterusers} [main] END getAll
2025-05-01 00:50:58,490 INFO c.s.a.c.UserController {modifyUser} [main] BEGIN modifyUser
2025-05-01 00:50:58,491 INFO c.s.a.c.UserController {modifyUser} [main] END modifyUser
2025-05-01 00:50:58,507 INFO c.s.a.c.UserController {removeUser} [main] BEGIN removeUser
2025-05-01 00:50:58,664 INFO o.s.t.c.s.AbstractTestContextBootstrapper {buildDefaultMergedContextConfiguration} [main] Neither @ContextConfiguration nor @ContextHierarchy found for test class [com.svalero.apibikes.WorkShopControllerTests], using SpringBootContextLoader
2025-05-01 00:50:58,667 INFO o.s.t.c.s.AbstractContextLoader {generateDefaultLocations} [main] Could not detect default resource locations for test class [com.svalero.apibikes.WorkShopControllerTests]: no resource found for suffixes {-context.xml, Context.groovy}.
2025-05-01 00:50:58,668 INFO o.s.t.c.s.AnnotationConfigContextLoaderUtils {detectDefaultConfigurationClasses} [main] Could not detect default configuration classes for test class [com.svalero.apibikes.WorkShopControllerTests]: WorkShopControllerTests does not declare any static, non-private, non-final, nested classes annotated with @Configuration.
2025-05-01 00:50:58,685 INFO o.s.b.t.c.SpringBootTestContextBootstrapper {getOrFindConfigurationClasses} [main] Found @SpringBootConfiguration com.svalero.apibikes.HellospringApplication for test class com.svalero.apibikes.WorkShopControllerTests
2025-05-01 00:50:58,687 INFO o.s.t.c.s.AbstractTestContextBootstrapper {getDefaultTestExecutionListenerClassNames} [main] Loaded default TestExecutionListener class names from location [META-INF/spring.factories]: [org.springframework.boot.test.mock.mockito.MockitoTestExecutionListener, org.springframework.boot.test.mock.mockito.ResetMocksTestExecutionListener, org.springframework.boot.test.autoconfigure.restdocs.RestDocsTestExecutionListener, org.springframework.boot.test.autoconfigure.web.client.MockRestServiceServerResetTestExecutionListener, org.springframework.boot.test.autoconfigure.web.servlet.MockMvcPrintOnlyOnFailureTestExecutionListener, org.springframework.boot.test.autoconfigure.web.servlet.WebDriverTestExecutionListener, org.springframework.boot.test.autoconfigure.webservices.client.MockWebServiceServerTestExecutionListener, org.springframework.test.context.web.ServletTestExecutionListener, org.springframework.test.context.support.DirtiesContextBeforeModesTestExecutionListener, org.springframework.test.context.event.ApplicationEventsTestExecutionListener, org.springframework.test.context.support.DependencyInjectionTestExecutionListener, org.springframework.test.context.support.DirtiesContextTestExecutionListener, org.springframework.test.context.transaction.TransactionalTestExecutionListener, org.springframework.test.context.jdbc.SqlScriptsTestExecutionListener, org.springframework.test.context.event.EventPublishingTestExecutionListener]
2025-05-01 00:50:58,689 INFO o.s.t.c.s.AbstractTestContextBootstrapper {getTestExecutionListeners} [main] Using TestExecutionListeners: [org.springframework.test.context.web.ServletTestExecutionListener@3b839f68, org.springframework.test.context.support.DirtiesContextBeforeModesTestExecutionListener@e5c52fa, org.springframework.test.context.event.ApplicationEventsTestExecutionListener@614361fa, org.springframework.boot.test.mock.mockito.MockitoTestExecutionListener@538a90a5, org.springframework.boot.test.autoconfigure.SpringBootDependencyInjectionTestExecutionListener@74d53d63, org.springframework.test.context.support.DirtiesContextTestExecutionListener@18f27a81, org.springframework.test.context.transaction.TransactionalTestExecutionListener@624494d4, org.springframework.test.context.jdbc.SqlScriptsTestExecutionListener@654c2f81, org.springframework.test.context.event.EventPublishingTestExecutionListener@38af386e, org.springframework.boot.test.mock.mockito.ResetMocksTestExecutionListener@33827b88, org.springframework.boot.test.autoconfigure.restdocs.RestDocsTestExecutionListener@7526bb18, org.springframework.boot.test.autoconfigure.web.client.MockRestServiceServerResetTestExecutionListener@7112b21a, org.springframework.boot.test.autoconfigure.web.servlet.MockMvcPrintOnlyOnFailureTestExecutionListener@30bf881e, org.springframework.boot.test.autoconfigure.web.servlet.WebDriverTestExecutionListener@1041ebba, org.springframework.boot.test.autoconfigure.webservices.client.MockWebServiceServerTestExecutionListener@507f7cd1]
2025-05-01 00:50:58,753 INFO o.s.b.StartupInfoLogger {logStarting} [main] Starting WorkShopControllerTests using Java 21 on DESKTOP-A2Q7539 with PID 10956 (started by 34618 in C:\Users\34618\Documents\2DAM Gdo. Superior\Acceso a datos 2DAM\hellospring)
2025-05-01 00:50:58,755 INFO o.s.b.SpringApplication {logStartupProfileInfo} [main] The following 1 profile is active: "test"
2025-05-01 00:50:59,579 INFO o.s.s.w.DefaultSecurityFilterChain {<init>} [main] Will secure any request with [org.springframework.security.web.session.DisableEncodeUrlFilter@654cb30c, org.springframework.security.web.context.request.async.WebAsyncManagerIntegrationFilter@5cc669d, org.springframework.security.web.context.SecurityContextPersistenceFilter@48bab2c6, org.springframework.security.web.header.HeaderWriterFilter@66a8ff6d, org.springframework.security.web.authentication.logout.LogoutFilter@1260c85e, org.springframework.security.web.savedrequest.RequestCacheAwareFilter@6ad26381, org.springframework.security.web.servletapi.SecurityContextHolderAwareRequestFilter@4b20aa21, org.springframework.security.web.authentication.AnonymousAuthenticationFilter@351be56b, org.springframework.security.web.session.SessionManagementFilter@1abbc1d4, org.springframework.security.web.access.ExceptionTranslationFilter@66589252, org.springframework.security.web.access.intercept.FilterSecurityInterceptor@353422fd]
2025-05-01 00:51:00,220 INFO o.s.m.w.MockServletContext {log} [main] Initializing Spring TestDispatcherServlet ''
2025-05-01 00:51:00,220 INFO o.s.w.s.FrameworkServlet {initServletBean} [main] Initializing Servlet ''
2025-05-01 00:51:00,220 INFO o.s.w.s.FrameworkServlet {initServletBean} [main] Completed initialization in 0 ms
2025-05-01 00:51:00,245 INFO o.s.b.StartupInfoLogger {logStarted} [main] Started WorkShopControllerTests in 1.548 seconds (JVM running for 16.41)
2025-05-01 00:51:00,300 INFO c.s.a.c.WorkShopController {modifyWorkShop} [main] BEGIN modifyWorkShop
2025-05-01 00:51:00,301 INFO c.s.a.c.WorkShopController {modifyWorkShop} [main] END modifyWorkShop
2025-05-01 00:51:00,312 INFO c.s.a.c.WorkShopController {getWorkShop} [main] BEGIN getWorkShop
2025-05-01 00:51:00,314 INFO c.s.a.c.WorkShopController {getWorkShop} [main] END getWorkShop
2025-05-01 00:51:00,325 INFO c.s.a.c.WorkShopController {filterworkshops} [main] BEGIN getAll
2025-05-01 00:51:00,326 INFO c.s.a.c.WorkShopController {filterworkshops} [main] END getAll
2025-05-01 00:51:00,329 INFO c.s.a.c.WorkShopController {filterworkshops} [main] BEGIN getAll
2025-05-01 00:51:00,329 INFO c.s.a.c.WorkShopController {filterworkshops} [main] END getAll
2025-05-01 00:51:00,338 INFO c.s.a.c.WorkShopController {removeWorkShop} [main] BEGIN removeWorkShop
2025-05-01 00:51:00,338 INFO c.s.a.c.WorkShopController {removeWorkShop} [main] END removeWorkShop
2025-05-01 00:51:00,347 INFO c.s.a.c.WorkShopController {filterworkshops} [main] BEGIN getAll
2025-05-01 00:51:00,354 INFO c.s.a.c.WorkShopController {filterworkshops} [main] END getAll
2025-05-01 00:51:00,361 INFO c.s.a.c.WorkShopController {modifyWorkShop} [main] BEGIN modifyWorkShop
2025-05-01 00:51:00,385 INFO c.s.a.c.WorkShopController {removeWorkShop} [main] BEGIN removeWorkShop
2025-05-01 00:51:00,393 INFO c.s.a.c.WorkShopController {filterworkshops} [main] BEGIN getAll
2025-05-01 00:51:00,393 INFO c.s.a.c.WorkShopController {filterworkshops} [main] END getAll
2025-05-01 00:51:00,399 INFO c.s.a.c.WorkShopController {getWorkShop} [main] BEGIN getWorkShop
2025-05-01 00:51:00,408 INFO c.s.a.c.WorkShopController {filterworkshops} [main] BEGIN getAll
2025-05-01 00:51:00,408 INFO c.s.a.c.WorkShopController {filterworkshops} [main] END getAll
2025-05-01 00:51:00,408 INFO c.s.a.c.WorkShopController {addWorkShop} [main] BEGIN addWorkShop
2025-05-01 00:51:00,408 INFO c.s.a.c.WorkShopController {addWorkShop} [main] END addWorkShop
2025-05-01 00:52:15,625 INFO o.h.v.i.u.Version {<clinit>} [background-preinit] HV000001: Hibernate Validator 6.2.5.Final
2025-05-01 00:52:15,633 INFO o.s.b.StartupInfoLogger {logStarting} [main] Starting BikeControllerTests using Java 21 on DESKTOP-A2Q7539 with PID 1492 (started by 34618 in C:\Users\34618\Documents\2DAM Gdo. Superior\Acceso a datos 2DAM\hellospring)
2025-05-01 00:52:15,636 INFO o.s.b.SpringApplication {logStartupProfileInfo} [main] The following 1 profile is active: "test"
2025-05-01 00:52:18,625 INFO o.s.s.w.DefaultSecurityFilterChain {<init>} [main] Will secure any request with [org.springframework.security.web.session.DisableEncodeUrlFilter@2322e56f, org.springframework.security.web.context.request.async.WebAsyncManagerIntegrationFilter@35025a0a, org.springframework.security.web.context.SecurityContextPersistenceFilter@501957bf, org.springframework.security.web.header.HeaderWriterFilter@5eed6dfb, org.springframework.security.web.authentication.logout.LogoutFilter@25791d40, org.springframework.security.web.savedrequest.RequestCacheAwareFilter@764a3e5d, org.springframework.security.web.servletapi.SecurityContextHolderAwareRequestFilter@6c742b84, org.springframework.security.web.authentication.AnonymousAuthenticationFilter@38732364, org.springframework.security.web.session.SessionManagementFilter@1f129467, org.springframework.security.web.access.ExceptionTranslationFilter@679d0be8, org.springframework.security.web.access.intercept.FilterSecurityInterceptor@492be039]
2025-05-01 00:52:21,053 INFO o.s.m.w.MockServletContext {log} [main] Initializing Spring TestDispatcherServlet ''
2025-05-01 00:52:21,054 INFO o.s.w.s.FrameworkServlet {initServletBean} [main] Initializing Servlet ''
2025-05-01 00:52:21,061 INFO o.s.w.s.FrameworkServlet {initServletBean} [main] Completed initialization in 4 ms
2025-05-01 00:52:21,200 INFO o.s.b.StartupInfoLogger {logStarted} [main] Started BikeControllerTests in 7.24 seconds (JVM running for 9.586)
2025-05-01 00:52:21,738 INFO c.s.a.c.BikeController {filterBikes} [main] Filtrando bicicletas con parámetros: brand=, model=Alma, color=
2025-05-01 00:52:21,749 INFO c.s.a.c.BikeController {filterBikes} [main] Operación completada: Se obtuvieron 1 bicicletas filtradas
2025-05-01 00:52:21,952 INFO c.s.a.c.BikeController {filterBikes} [main] Filtrando bicicletas con parámetros: brand=Orbea, model=Alma, color=green
2025-05-01 00:52:21,955 INFO c.s.a.c.BikeController {filterBikes} [main] Operación completada: Se obtuvieron 1 bicicletas filtradas
2025-05-01 00:52:22,158 INFO c.s.a.c.BikeController {addBike} [main] BEGIN addBike
2025-05-01 00:52:22,193 INFO c.s.a.c.BikeController {filterBikes} [main] Filtrando bicicletas con parámetros: brand=Orbea, model=, color=
2025-05-01 00:52:22,195 INFO c.s.a.c.BikeController {filterBikes} [main] Operación completada: Se obtuvieron 2 bicicletas filtradas
2025-05-01 00:52:22,216 INFO c.s.a.c.BikeController {addBike} [main] BEGIN addBike
2025-05-01 00:52:22,224 INFO c.s.a.c.BikeController {addBike} [main] END addBike
2025-05-01 00:52:22,270 INFO c.s.a.c.BikeController {filterBikes} [main] Filtrando bicicletas con parámetros: brand=, model=, color=
2025-05-01 00:52:22,271 INFO c.s.a.c.BikeController {filterBikes} [main] Operación completada: Se obtuvieron 3 bicicletas filtradas
2025-05-01 00:52:22,281 INFO c.s.a.c.BikeController {filterBikes} [main] Filtrando bicicletas con parámetros: brand=, model=, color=green
2025-05-01 00:52:22,282 INFO c.s.a.c.BikeController {filterBikes} [main] Operación completada: Se obtuvieron 1 bicicletas filtradas
2025-05-01 00:52:22,293 INFO c.s.a.c.BikeController {getBike} [main] BEGIN getBike
2025-05-01 00:52:22,295 INFO c.s.a.c.BikeController {getBike} [main] END getBike
2025-05-01 00:52:22,350 INFO c.s.a.c.BikeController {removeBike} [main] BEGIN removeBike
2025-05-01 00:52:22,351 INFO c.s.a.c.BikeController {removeBike} [main] END removeBike
2025-05-01 00:52:22,374 INFO c.s.a.c.BikeController {modifyBike} [main] BEGIN modifyBike
2025-05-01 00:52:22,411 INFO c.s.a.c.BikeController {modifyBike} [main] BEGIN modifyBike
2025-05-01 00:52:22,413 INFO c.s.a.c.BikeController {modifyBike} [main] END modifyBike
2025-05-01 00:52:22,427 INFO c.s.a.c.BikeController {removeBike} [main] BEGIN removeBike
2025-05-01 00:52:22,437 INFO c.s.a.c.BikeController {getBike} [main] BEGIN getBike
2025-05-01 00:52:22,795 INFO o.s.t.c.s.AbstractTestContextBootstrapper {buildDefaultMergedContextConfiguration} [main] Neither @ContextConfiguration nor @ContextHierarchy found for test class [com.svalero.apibikes.MechanicControllerTests], using SpringBootContextLoader
2025-05-01 00:52:22,797 INFO o.s.t.c.s.AbstractContextLoader {generateDefaultLocations} [main] Could not detect default resource locations for test class [com.svalero.apibikes.MechanicControllerTests]: no resource found for suffixes {-context.xml, Context.groovy}.
2025-05-01 00:52:22,798 INFO o.s.t.c.s.AnnotationConfigContextLoaderUtils {detectDefaultConfigurationClasses} [main] Could not detect default configuration classes for test class [com.svalero.apibikes.MechanicControllerTests]: MechanicControllerTests does not declare any static, non-private, non-final, nested classes annotated with @Configuration.
2025-05-01 00:52:22,815 INFO o.s.b.t.c.SpringBootTestContextBootstrapper {getOrFindConfigurationClasses} [main] Found @SpringBootConfiguration com.svalero.apibikes.HellospringApplication for test class com.svalero.apibikes.MechanicControllerTests
2025-05-01 00:52:22,818 INFO o.s.t.c.s.AbstractTestContextBootstrapper {getDefaultTestExecutionListenerClassNames} [main] Loaded default TestExecutionListener class names from location [META-INF/spring.factories]: [org.springframework.boot.test.mock.mockito.MockitoTestExecutionListener, org.springframework.boot.test.mock.mockito.ResetMocksTestExecutionListener, org.springframework.boot.test.autoconfigure.restdocs.RestDocsTestExecutionListener, org.springframework.boot.test.autoconfigure.web.client.MockRestServiceServerResetTestExecutionListener, org.springframework.boot.test.autoconfigure.web.servlet.MockMvcPrintOnlyOnFailureTestExecutionListener, org.springframework.boot.test.autoconfigure.web.servlet.WebDriverTestExecutionListener, org.springframework.boot.test.autoconfigure.webservices.client.MockWebServiceServerTestExecutionListener, org.springframework.test.context.web.ServletTestExecutionListener, org.springframework.test.context.support.DirtiesContextBeforeModesTestExecutionListener, org.springframework.test.context.event.ApplicationEventsTestExecutionListener, org.springframework.test.context.support.DependencyInjectionTestExecutionListener, org.springframework.test.context.support.DirtiesContextTestExecutionListener, org.springframework.test.context.transaction.TransactionalTestExecutionListener, org.springframework.test.context.jdbc.SqlScriptsTestExecutionListener, org.springframework.test.context.event.EventPublishingTestExecutionListener]
2025-05-01 00:52:22,819 INFO o.s.t.c.s.AbstractTestContextBootstrapper {getTestExecutionListeners} [main] Using TestExecutionListeners: [org.springframework.test.context.web.ServletTestExecutionListener@620572db, org.springframework.test.context.support.DirtiesContextBeforeModesTestExecutionListener@1d5048d1, org.springframework.test.context.event.ApplicationEventsTestExecutionListener@47d9c01, org.springframework.boot.test.mock.mockito.MockitoTestExecutionListener@5358c8fa, org.springframework.boot.test.autoconfigure.SpringBootDependencyInjectionTestExecutionListener@1a02ebe0, org.springframework.test.context.support.DirtiesContextTestExecutionListener@58b3eb1, org.springframework.test.context.transaction.TransactionalTestExecutionListener@6d7e2795, org.springframework.test.context.jdbc.SqlScriptsTestExecutionListener@78743dd8, org.springframework.test.context.event.EventPublishingTestExecutionListener@752494dd, org.springframework.boot.test.mock.mockito.ResetMocksTestExecutionListener@2986427e, org.springframework.boot.test.autoconfigure.restdocs.RestDocsTestExecutionListener@35d88a54, org.springframework.boot.test.autoconfigure.web.client.MockRestServiceServerResetTestExecutionListener@6c1bebca, org.springframework.boot.test.autoconfigure.web.servlet.MockMvcPrintOnlyOnFailureTestExecutionListener@3d4818e8, org.springframework.boot.test.autoconfigure.web.servlet.WebDriverTestExecutionListener@26c6288d, org.springframework.boot.test.autoconfigure.webservices.client.MockWebServiceServerTestExecutionListener@57bd9c2b]
2025-05-01 00:52:22,885 INFO o.s.b.StartupInfoLogger {logStarting} [main] Starting MechanicControllerTests using Java 21 on DESKTOP-A2Q7539 with PID 1492 (started by 34618 in C:\Users\34618\Documents\2DAM Gdo. Superior\Acceso a datos 2DAM\hellospring)
2025-05-01 00:52:22,885 INFO o.s.b.SpringApplication {logStartupProfileInfo} [main] The following 1 profile is active: "test"
2025-05-01 00:52:23,419 INFO o.s.s.w.DefaultSecurityFilterChain {<init>} [main] Will secure any request with [org.springframework.security.web.session.DisableEncodeUrlFilter@433b1597, org.springframework.security.web.context.request.async.WebAsyncManagerIntegrationFilter@5d5cd210, org.springframework.security.web.context.SecurityContextPersistenceFilter@6f80cf5, org.springframework.security.web.header.HeaderWriterFilter@4cacccbf, org.springframework.security.web.authentication.logout.LogoutFilter@57920d6c, org.springframework.security.web.savedrequest.RequestCacheAwareFilter@674ed201, org.springframework.security.web.servletapi.SecurityContextHolderAwareRequestFilter@4dad2363, org.springframework.security.web.authentication.AnonymousAuthenticationFilter@14d18029, org.springframework.security.web.session.SessionManagementFilter@301d84f6, org.springframework.security.web.access.ExceptionTranslationFilter@311a09b2, org.springframework.security.web.access.intercept.FilterSecurityInterceptor@6dd2e453]
2025-05-01 00:52:23,949 INFO o.s.m.w.MockServletContext {log} [main] Initializing Spring TestDispatcherServlet ''
2025-05-01 00:52:23,951 INFO o.s.w.s.FrameworkServlet {initServletBean} [main] Initializing Servlet ''
2025-05-01 00:52:23,952 INFO o.s.w.s.FrameworkServlet {initServletBean} [main] Completed initialization in 1 ms
2025-05-01 00:52:23,972 INFO o.s.b.StartupInfoLogger {logStarted} [main] Started MechanicControllerTests in 1.148 seconds (JVM running for 12.357)
2025-05-01 00:52:23,986 INFO c.s.a.c.MechanicController {filtermechanics} [main] BEGIN getAll
2025-05-01 00:52:23,989 INFO c.s.a.c.MechanicController {filtermechanics} [main] END getAll
2025-05-01 00:52:24,038 INFO c.s.a.c.MechanicController {modifyMechanic} [main] BEGIN modifyMechanic
2025-05-01 00:52:24,041 INFO c.s.a.c.MechanicController {modifyMechanic} [main] END modifyMechanic
2025-05-01 00:52:24,067 INFO c.s.a.c.MechanicController {filtermechanics} [main] BEGIN getAll
2025-05-01 00:52:24,068 INFO c.s.a.c.MechanicController {filtermechanics} [main] END getAll
2025-05-01 00:52:24,095 INFO c.s.a.c.MechanicController {getMechanic} [main] BEGIN getMechanic
2025-05-01 00:52:24,132 INFO c.s.a.c.MechanicController {filtermechanics} [main] BEGIN getAll
2025-05-01 00:52:24,134 INFO c.s.a.c.MechanicController {filtermechanics} [main] END getAll
2025-05-01 00:52:24,154 INFO c.s.a.c.MechanicController {removeMechanic} [main] BEGIN removeMechanic
2025-05-01 00:52:24,159 INFO c.s.a.c.MechanicController {removeMechanic} [main] END removeMechanic
2025-05-01 00:52:24,218 INFO c.s.a.c.MechanicController {addMechanic} [main] BEGIN addMechanic
2025-05-01 00:52:24,218 INFO c.s.a.c.MechanicController {addMechanic} [main] END addMechanic
2025-05-01 00:52:24,241 INFO c.s.a.c.MechanicController {getMechanic} [main] BEGIN getMechanic
2025-05-01 00:52:24,246 INFO c.s.a.c.MechanicController {getMechanic} [main] END getMechanic
2025-05-01 00:52:24,283 INFO c.s.a.c.MechanicController {modifyMechanic} [main] BEGIN modifyMechanic
2025-05-01 00:52:24,307 INFO c.s.a.c.MechanicController {filtermechanics} [main] BEGIN getAll
2025-05-01 00:52:24,311 INFO c.s.a.c.MechanicController {filtermechanics} [main] END getAll
2025-05-01 00:52:24,334 INFO c.s.a.c.MechanicController {removeMechanic} [main] BEGIN removeMechanic
2025-05-01 00:52:24,361 INFO c.s.a.c.MechanicController {filtermechanics} [main] BEGIN getAll
2025-05-01 00:52:24,363 INFO c.s.a.c.MechanicController {filtermechanics} [main] END getAll
2025-05-01 00:52:24,773 INFO o.s.t.c.s.AbstractTestContextBootstrapper {buildDefaultMergedContextConfiguration} [main] Neither @ContextConfiguration nor @ContextHierarchy found for test class [com.svalero.apibikes.UserControllerTests], using SpringBootContextLoader
2025-05-01 00:52:24,777 INFO o.s.t.c.s.AbstractContextLoader {generateDefaultLocations} [main] Could not detect default resource locations for test class [com.svalero.apibikes.UserControllerTests]: no resource found for suffixes {-context.xml, Context.groovy}.
2025-05-01 00:52:24,777 INFO o.s.t.c.s.AnnotationConfigContextLoaderUtils {detectDefaultConfigurationClasses} [main] Could not detect default configuration classes for test class [com.svalero.apibikes.UserControllerTests]: UserControllerTests does not declare any static, non-private, non-final, nested classes annotated with @Configuration.
2025-05-01 00:52:24,793 INFO o.s.b.t.c.SpringBootTestContextBootstrapper {getOrFindConfigurationClasses} [main] Found @SpringBootConfiguration com.svalero.apibikes.HellospringApplication for test class com.svalero.apibikes.UserControllerTests
2025-05-01 00:52:24,797 INFO o.s.t.c.s.AbstractTestContextBootstrapper {getDefaultTestExecutionListenerClassNames} [main] Loaded default TestExecutionListener class names from location [META-INF/spring.factories]: [org.springframework.boot.test.mock.mockito.MockitoTestExecutionListener, org.springframework.boot.test.mock.mockito.ResetMocksTestExecutionListener, org.springframework.boot.test.autoconfigure.restdocs.RestDocsTestExecutionListener, org.springframework.boot.test.autoconfigure.web.client.MockRestServiceServerResetTestExecutionListener, org.springframework.boot.test.autoconfigure.web.servlet.MockMvcPrintOnlyOnFailureTestExecutionListener, org.springframework.boot.test.autoconfigure.web.servlet.WebDriverTestExecutionListener, org.springframework.boot.test.autoconfigure.webservices.client.MockWebServiceServerTestExecutionListener, org.springframework.test.context.web.ServletTestExecutionListener, org.springframework.test.context.support.DirtiesContextBeforeModesTestExecutionListener, org.springframework.test.context.event.ApplicationEventsTestExecutionListener, org.springframework.test.context.support.DependencyInjectionTestExecutionListener, org.springframework.test.context.support.DirtiesContextTestExecutionListener, org.springframework.test.context.transaction.TransactionalTestExecutionListener, org.springframework.test.context.jdbc.SqlScriptsTestExecutionListener, org.springframework.test.context.event.EventPublishingTestExecutionListener]
2025-05-01 00:52:24,797 INFO o.s.t.c.s.AbstractTestContextBootstrapper {getTestExecutionListeners} [main] Using TestExecutionListeners: [org.springframework.test.context.web.ServletTestExecutionListener@3cc2e3e, org.springframework.test.context.support.DirtiesContextBeforeModesTestExecutionListener@4e14d520, org.springframework.test.context.event.ApplicationEventsTestExecutionListener@4189e668, org.springframework.boot.test.mock.mockito.MockitoTestExecutionListener@3a589eed, org.springframework.boot.test.autoconfigure.SpringBootDependencyInjectionTestExecutionListener@5807ea46, org.springframework.test.context.support.DirtiesContextTestExecutionListener@305289b3, org.springframework.test.context.transaction.TransactionalTestExecutionListener@3ee68377, org.springframework.test.context.jdbc.SqlScriptsTestExecutionListener@4037cdb0, org.springframework.test.context.event.EventPublishingTestExecutionListener@27055a2a, org.springframework.boot.test.mock.mockito.ResetMocksTestExecutionListener@33e4068, org.springframework.boot.test.autoconfigure.restdocs.RestDocsTestExecutionListener@9499643, org.springframework.boot.test.autoconfigure.web.client.MockRestServiceServerResetTestExecutionListener@776d8097, org.springframework.boot.test.autoconfigure.web.servlet.MockMvcPrintOnlyOnFailureTestExecutionListener@7a34505a, org.springframework.boot.test.autoconfigure.web.servlet.WebDriverTestExecutionListener@b787274, org.springframework.boot.test.autoconfigure.webservices.client.MockWebServiceServerTestExecutionListener@4ec616d6]
2025-05-01 00:52:24,870 INFO o.s.b.StartupInfoLogger {logStarting} [main] Starting UserControllerTests using Java 21 on DESKTOP-A2Q7539 with PID 1492 (started by 34618 in C:\Users\34618\Documents\2DAM Gdo. Superior\Acceso a datos 2DAM\hellospring)
2025-05-01 00:52:24,871 INFO o.s.b.SpringApplication {logStartupProfileInfo} [main] The following 1 profile is active: "test"
2025-05-01 00:52:25,883 INFO o.s.s.w.DefaultSecurityFilterChain {<init>} [main] Will secure any request with [org.springframework.security.web.session.DisableEncodeUrlFilter@83e5898, org.springframework.security.web.context.request.async.WebAsyncManagerIntegrationFilter@7c4a03a, org.springframework.security.web.context.SecurityContextPersistenceFilter@2157889c, org.springframework.security.web.header.HeaderWriterFilter@1e1ea16d, org.springframework.security.web.authentication.logout.LogoutFilter@343727b5, org.springframework.security.web.savedrequest.RequestCacheAwareFilter@65e92505, org.springframework.security.web.servletapi.SecurityContextHolderAwareRequestFilter@e97f51c, org.springframework.security.web.authentication.AnonymousAuthenticationFilter@63b58ff4, org.springframework.security.web.session.SessionManagementFilter@6da9541c, org.springframework.security.web.access.ExceptionTranslationFilter@4e614370, org.springframework.security.web.access.intercept.FilterSecurityInterceptor@4742466e]
2025-05-01 00:52:26,814 INFO o.s.m.w.MockServletContext {log} [main] Initializing Spring TestDispatcherServlet ''
2025-05-01 00:52:26,816 INFO o.s.w.s.FrameworkServlet {initServletBean} [main] Initializing Servlet ''
2025-05-01 00:52:26,827 INFO o.s.w.s.FrameworkServlet {initServletBean} [main] Completed initialization in 1 ms
2025-05-01 00:52:26,862 INFO o.s.b.StartupInfoLogger {logStarted} [main] Started UserControllerTests in 2.06 seconds (JVM running for 15.248)
2025-05-01 00:52:26,880 INFO c.s.a.c.UserController {getUser} [main] BEGIN getUser
2025-05-01 00:52:26,918 INFO c.s.a.c.UserController {filterusers} [main] BEGIN getAll
2025-05-01 00:52:26,923 INFO c.s.a.c.UserController {filterusers} [main] END getAll
2025-05-01 00:52:26,999 INFO c.s.a.c.UserController {filterusers} [main] BEGIN getAll
2025-05-01 00:52:27,002 INFO c.s.a.c.UserController {filterusers} [main] END getAll
2025-05-01 00:52:27,020 INFO c.s.a.c.UserController {filterusers} [main] BEGIN getAll
2025-05-01 00:52:27,023 INFO c.s.a.c.UserController {filterusers} [main] END getAll
2025-05-01 00:52:27,092 INFO c.s.a.c.UserController {removeUser} [main] BEGIN removeUser
2025-05-01 00:52:27,094 INFO c.s.a.c.UserController {removeUser} [main] END removeUser
2025-05-01 00:52:27,116 INFO c.s.a.c.UserController {getUser} [main] BEGIN getUser
2025-05-01 00:52:27,120 INFO c.s.a.c.UserController {getUser} [main] END getUser
2025-05-01 00:52:27,197 INFO c.s.a.c.UserController {modifyUser} [main] BEGIN modifyUser
2025-05-01 00:52:27,226 INFO c.s.a.c.UserController {filterusers} [main] BEGIN getAll
2025-05-01 00:52:27,230 INFO c.s.a.c.UserController {filterusers} [main] END getAll
2025-05-01 00:52:27,267 INFO c.s.a.c.UserController {filterusers} [main] BEGIN getAll
2025-05-01 00:52:27,269 INFO c.s.a.c.UserController {filterusers} [main] END getAll
2025-05-01 00:52:27,304 INFO c.s.a.c.UserController {modifyUser} [main] BEGIN modifyUser
2025-05-01 00:52:27,306 INFO c.s.a.c.UserController {modifyUser} [main] END modifyUser
2025-05-01 00:52:27,343 INFO c.s.a.c.UserController {removeUser} [main] BEGIN removeUser
2025-05-01 00:52:27,465 INFO o.s.t.c.s.AbstractTestContextBootstrapper {buildDefaultMergedContextConfiguration} [main] Neither @ContextConfiguration nor @ContextHierarchy found for test class [com.svalero.apibikes.WorkShopControllerTests], using SpringBootContextLoader
2025-05-01 00:52:27,466 INFO o.s.t.c.s.AbstractContextLoader {generateDefaultLocations} [main] Could not detect default resource locations for test class [com.svalero.apibikes.WorkShopControllerTests]: no resource found for suffixes {-context.xml, Context.groovy}.
2025-05-01 00:52:27,467 INFO o.s.t.c.s.AnnotationConfigContextLoaderUtils {detectDefaultConfigurationClasses} [main] Could not detect default configuration classes for test class [com.svalero.apibikes.WorkShopControllerTests]: WorkShopControllerTests does not declare any static, non-private, non-final, nested classes annotated with @Configuration.
2025-05-01 00:52:27,483 INFO o.s.b.t.c.SpringBootTestContextBootstrapper {getOrFindConfigurationClasses} [main] Found @SpringBootConfiguration com.svalero.apibikes.HellospringApplication for test class com.svalero.apibikes.WorkShopControllerTests
2025-05-01 00:52:27,484 INFO o.s.t.c.s.AbstractTestContextBootstrapper {getDefaultTestExecutionListenerClassNames} [main] Loaded default TestExecutionListener class names from location [META-INF/spring.factories]: [org.springframework.boot.test.mock.mockito.MockitoTestExecutionListener, org.springframework.boot.test.mock.mockito.ResetMocksTestExecutionListener, org.springframework.boot.test.autoconfigure.restdocs.RestDocsTestExecutionListener, org.springframework.boot.test.autoconfigure.web.client.MockRestServiceServerResetTestExecutionListener, org.springframework.boot.test.autoconfigure.web.servlet.MockMvcPrintOnlyOnFailureTestExecutionListener, org.springframework.boot.test.autoconfigure.web.servlet.WebDriverTestExecutionListener, org.springframework.boot.test.autoconfigure.webservices.client.MockWebServiceServerTestExecutionListener, org.springframework.test.context.web.ServletTestExecutionListener, org.springframework.test.context.support.DirtiesContextBeforeModesTestExecutionListener, org.springframework.test.context.event.ApplicationEventsTestExecutionListener, org.springframework.test.context.support.DependencyInjectionTestExecutionListener, org.springframework.test.context.support.DirtiesContextTestExecutionListener, org.springframework.test.context.transaction.TransactionalTestExecutionListener, org.springframework.test.context.jdbc.SqlScriptsTestExecutionListener, org.springframework.test.context.event.EventPublishingTestExecutionListener]
2025-05-01 00:52:27,488 INFO o.s.t.c.s.AbstractTestContextBootstrapper {getTestExecutionListeners} [main] Using TestExecutionListeners: [org.springframework.test.context.web.ServletTestExecutionListener@654c2f81, org.springframework.test.context.support.DirtiesContextBeforeModesTestExecutionListener@38af386e, org.springframework.test.context.event.ApplicationEventsTestExecutionListener@33827b88, org.springframework.boot.test.mock.mockito.MockitoTestExecutionListener@7526bb18, org.springframework.boot.test.autoconfigure.SpringBootDependencyInjectionTestExecutionListener@7112b21a, org.springframework.test.context.support.DirtiesContextTestExecutionListener@30bf881e, org.springframework.test.context.transaction.TransactionalTestExecutionListener@1041ebba, org.springframework.test.context.jdbc.SqlScriptsTestExecutionListener@507f7cd1, org.springframework.test.context.event.EventPublishingTestExecutionListener@349996a6, org.springframework.boot.test.mock.mockito.ResetMocksTestExecutionListener@78aa1753, org.springframework.boot.test.autoconfigure.restdocs.RestDocsTestExecutionListener@67292fc7, org.springframework.boot.test.autoconfigure.web.client.MockRestServiceServerResetTestExecutionListener@4c1b4e07, org.springframework.boot.test.autoconfigure.web.servlet.MockMvcPrintOnlyOnFailureTestExecutionListener@34cfdd84, org.springframework.boot.test.autoconfigure.web.servlet.WebDriverTestExecutionListener@1c7744c1, org.springframework.boot.test.autoconfigure.webservices.client.MockWebServiceServerTestExecutionListener@320e179f]
2025-05-01 00:52:27,529 INFO o.s.b.StartupInfoLogger {logStarting} [main] Starting WorkShopControllerTests using Java 21 on DESKTOP-A2Q7539 with PID 1492 (started by 34618 in C:\Users\34618\Documents\2DAM Gdo. Superior\Acceso a datos 2DAM\hellospring)
2025-05-01 00:52:27,530 INFO o.s.b.SpringApplication {logStartupProfileInfo} [main] The following 1 profile is active: "test"
2025-05-01 00:52:27,951 INFO o.s.s.w.DefaultSecurityFilterChain {<init>} [main] Will secure any request with [org.springframework.security.web.session.DisableEncodeUrlFilter@6c8672b9, org.springframework.security.web.context.request.async.WebAsyncManagerIntegrationFilter@dd77e0d, org.springframework.security.web.context.SecurityContextPersistenceFilter@21022cbb, org.springframework.security.web.header.HeaderWriterFilter@6b576ff8, org.springframework.security.web.authentication.logout.LogoutFilter@351be56b, org.springframework.security.web.savedrequest.RequestCacheAwareFilter@353422fd, org.springframework.security.web.servletapi.SecurityContextHolderAwareRequestFilter@654cb30c, org.springframework.security.web.authentication.AnonymousAuthenticationFilter@799cf32d, org.springframework.security.web.session.SessionManagementFilter@25e8a111, org.springframework.security.web.access.ExceptionTranslationFilter@1260c85e, org.springframework.security.web.access.intercept.FilterSecurityInterceptor@2dbcee03]
2025-05-01 00:52:28,434 INFO o.s.m.w.MockServletContext {log} [main] Initializing Spring TestDispatcherServlet ''
2025-05-01 00:52:28,435 INFO o.s.w.s.FrameworkServlet {initServletBean} [main] Initializing Servlet ''
2025-05-01 00:52:28,437 INFO o.s.w.s.FrameworkServlet {initServletBean} [main] Completed initialization in 1 ms
2025-05-01 00:52:28,464 INFO o.s.b.StartupInfoLogger {logStarted} [main] Started WorkShopControllerTests in 0.97 seconds (JVM running for 16.85)
2025-05-01 00:52:28,529 INFO c.s.a.c.WorkShopController {modifyWorkShop} [main] BEGIN modifyWorkShop
2025-05-01 00:52:28,530 INFO c.s.a.c.WorkShopController {modifyWorkShop} [main] END modifyWorkShop
2025-05-01 00:52:28,539 INFO c.s.a.c.WorkShopController {getWorkShop} [main] BEGIN getWorkShop
2025-05-01 00:52:28,542 INFO c.s.a.c.WorkShopController {getWorkShop} [main] END getWorkShop
2025-05-01 00:52:28,559 INFO c.s.a.c.WorkShopController {filterworkshops} [main] BEGIN getAll
2025-05-01 00:52:28,562 INFO c.s.a.c.WorkShopController {filterworkshops} [main] END getAll
2025-05-01 00:52:28,571 INFO c.s.a.c.WorkShopController {filterworkshops} [main] BEGIN getAll
2025-05-01 00:52:28,571 INFO c.s.a.c.WorkShopController {filterworkshops} [main] END getAll
2025-05-01 00:52:28,576 INFO c.s.a.c.WorkShopController {removeWorkShop} [main] BEGIN removeWorkShop
2025-05-01 00:52:28,576 INFO c.s.a.c.WorkShopController {removeWorkShop} [main] END removeWorkShop
2025-05-01 00:52:28,594 INFO c.s.a.c.WorkShopController {filterworkshops} [main] BEGIN getAll
2025-05-01 00:52:28,595 INFO c.s.a.c.WorkShopController {filterworkshops} [main] END getAll
2025-05-01 00:52:28,608 INFO c.s.a.c.WorkShopController {modifyWorkShop} [main] BEGIN modifyWorkShop
2025-05-01 00:52:28,626 INFO c.s.a.c.WorkShopController {removeWorkShop} [main] BEGIN removeWorkShop
2025-05-01 00:52:28,635 INFO c.s.a.c.WorkShopController {filterworkshops} [main] BEGIN getAll
2025-05-01 00:52:28,635 INFO c.s.a.c.WorkShopController {filterworkshops} [main] END getAll
2025-05-01 00:52:28,641 INFO c.s.a.c.WorkShopController {getWorkShop} [main] BEGIN getWorkShop
2025-05-01 00:52:28,641 INFO c.s.a.c.WorkShopController {filterworkshops} [main] BEGIN getAll
2025-05-01 00:52:28,641 INFO c.s.a.c.WorkShopController {filterworkshops} [main] END getAll
2025-05-01 00:52:28,657 INFO c.s.a.c.WorkShopController {addWorkShop} [main] BEGIN addWorkShop
2025-05-01 00:52:28,657 INFO c.s.a.c.WorkShopController {addWorkShop} [main] END addWorkShop
2025-05-01 00:53:19,393 INFO o.h.v.i.u.Version {<clinit>} [background-preinit] HV000001: Hibernate Validator 6.2.5.Final
2025-05-01 00:53:19,393 INFO o.s.b.StartupInfoLogger {logStarting} [main] Starting BikeControllerTests using Java 21 on DESKTOP-A2Q7539 with PID 10856 (started by 34618 in C:\Users\34618\Documents\2DAM Gdo. Superior\Acceso a datos 2DAM\hellospring)
2025-05-01 00:53:19,410 INFO o.s.b.SpringApplication {logStartupProfileInfo} [main] The following 1 profile is active: "test"
2025-05-01 00:53:23,736 INFO o.s.s.w.DefaultSecurityFilterChain {<init>} [main] Will secure any request with [org.springframework.security.web.session.DisableEncodeUrlFilter@52354202, org.springframework.security.web.context.request.async.WebAsyncManagerIntegrationFilter@6b1321b7, org.springframework.security.web.context.SecurityContextPersistenceFilter@2416c658, org.springframework.security.web.header.HeaderWriterFilter@2c9d90fc, org.springframework.security.web.authentication.logout.LogoutFilter@5b02a984, org.springframework.security.web.savedrequest.RequestCacheAwareFilter@1b560eb0, org.springframework.security.web.servletapi.SecurityContextHolderAwareRequestFilter@9e02f84, org.springframework.security.web.authentication.AnonymousAuthenticationFilter@342ee097, org.springframework.security.web.session.SessionManagementFilter@153d6d74, org.springframework.security.web.access.ExceptionTranslationFilter@e62319f, org.springframework.security.web.access.intercept.FilterSecurityInterceptor@37d28938]
2025-05-01 00:53:25,565 INFO o.s.m.w.MockServletContext {log} [main] Initializing Spring TestDispatcherServlet ''
2025-05-01 00:53:25,565 INFO o.s.w.s.FrameworkServlet {initServletBean} [main] Initializing Servlet ''
2025-05-01 00:53:25,573 INFO o.s.w.s.FrameworkServlet {initServletBean} [main] Completed initialization in 8 ms
2025-05-01 00:53:25,721 INFO o.s.b.StartupInfoLogger {logStarted} [main] Started BikeControllerTests in 6.947 seconds (JVM running for 8.749)
2025-05-01 00:53:26,130 INFO c.s.a.c.BikeController {filterBikes} [main] Filtrando bicicletas con parámetros: brand=, model=Alma, color=
2025-05-01 00:53:26,152 INFO c.s.a.c.BikeController {filterBikes} [main] Operación completada: Se obtuvieron 1 bicicletas filtradas
2025-05-01 00:53:26,423 INFO c.s.a.c.BikeController {filterBikes} [main] Filtrando bicicletas con parámetros: brand=Orbea, model=Alma, color=green
2025-05-01 00:53:26,425 INFO c.s.a.c.BikeController {filterBikes} [main] Operación completada: Se obtuvieron 1 bicicletas filtradas
2025-05-01 00:53:26,846 INFO c.s.a.c.BikeController {addBike} [main] BEGIN addBike
2025-05-01 00:53:26,909 INFO c.s.a.c.BikeController {filterBikes} [main] Filtrando bicicletas con parámetros: brand=Orbea, model=, color=
2025-05-01 00:53:26,912 INFO c.s.a.c.BikeController {filterBikes} [main] Operación completada: Se obtuvieron 2 bicicletas filtradas
2025-05-01 00:53:26,925 INFO c.s.a.c.BikeController {addBike} [main] BEGIN addBike
2025-05-01 00:53:26,937 INFO c.s.a.c.BikeController {addBike} [main] END addBike
2025-05-01 00:53:27,135 INFO c.s.a.c.BikeController {filterBikes} [main] Filtrando bicicletas con parámetros: brand=, model=, color=
2025-05-01 00:53:27,137 INFO c.s.a.c.BikeController {filterBikes} [main] Operación completada: Se obtuvieron 3 bicicletas filtradas
2025-05-01 00:53:27,155 INFO c.s.a.c.BikeController {filterBikes} [main] Filtrando bicicletas con parámetros: brand=, model=, color=green
2025-05-01 00:53:27,157 INFO c.s.a.c.BikeController {filterBikes} [main] Operación completada: Se obtuvieron 1 bicicletas filtradas
2025-05-01 00:53:27,175 INFO c.s.a.c.BikeController {getBike} [main] BEGIN getBike
2025-05-01 00:53:27,175 INFO c.s.a.c.BikeController {getBike} [main] END getBike
2025-05-01 00:53:27,259 INFO c.s.a.c.BikeController {removeBike} [main] BEGIN removeBike
2025-05-01 00:53:27,261 INFO c.s.a.c.BikeController {removeBike} [main] END removeBike
2025-05-01 00:53:27,295 INFO c.s.a.c.BikeController {modifyBike} [main] BEGIN modifyBike
2025-05-01 00:53:27,377 INFO c.s.a.c.BikeController {modifyBike} [main] BEGIN modifyBike
2025-05-01 00:53:27,377 INFO c.s.a.c.BikeController {modifyBike} [main] END modifyBike
2025-05-01 00:53:27,393 INFO c.s.a.c.BikeController {removeBike} [main] BEGIN removeBike
2025-05-01 00:53:27,424 INFO c.s.a.c.BikeController {getBike} [main] BEGIN getBike
2025-05-01 00:53:27,803 INFO o.s.t.c.s.AbstractTestContextBootstrapper {buildDefaultMergedContextConfiguration} [main] Neither @ContextConfiguration nor @ContextHierarchy found for test class [com.svalero.apibikes.MechanicControllerTests], using SpringBootContextLoader
2025-05-01 00:53:27,803 INFO o.s.t.c.s.AbstractContextLoader {generateDefaultLocations} [main] Could not detect default resource locations for test class [com.svalero.apibikes.MechanicControllerTests]: no resource found for suffixes {-context.xml, Context.groovy}.
2025-05-01 00:53:27,803 INFO o.s.t.c.s.AnnotationConfigContextLoaderUtils {detectDefaultConfigurationClasses} [main] Could not detect default configuration classes for test class [com.svalero.apibikes.MechanicControllerTests]: MechanicControllerTests does not declare any static, non-private, non-final, nested classes annotated with @Configuration.
2025-05-01 00:53:27,822 INFO o.s.b.t.c.SpringBootTestContextBootstrapper {getOrFindConfigurationClasses} [main] Found @SpringBootConfiguration com.svalero.apibikes.HellospringApplication for test class com.svalero.apibikes.MechanicControllerTests
2025-05-01 00:53:27,824 INFO o.s.t.c.s.AbstractTestContextBootstrapper {getDefaultTestExecutionListenerClassNames} [main] Loaded default TestExecutionListener class names from location [META-INF/spring.factories]: [org.springframework.boot.test.mock.mockito.MockitoTestExecutionListener, org.springframework.boot.test.mock.mockito.ResetMocksTestExecutionListener, org.springframework.boot.test.autoconfigure.restdocs.RestDocsTestExecutionListener, org.springframework.boot.test.autoconfigure.web.client.MockRestServiceServerResetTestExecutionListener, org.springframework.boot.test.autoconfigure.web.servlet.MockMvcPrintOnlyOnFailureTestExecutionListener, org.springframework.boot.test.autoconfigure.web.servlet.WebDriverTestExecutionListener, org.springframework.boot.test.autoconfigure.webservices.client.MockWebServiceServerTestExecutionListener, org.springframework.test.context.web.ServletTestExecutionListener, org.springframework.test.context.support.DirtiesContextBeforeModesTestExecutionListener, org.springframework.test.context.event.ApplicationEventsTestExecutionListener, org.springframework.test.context.support.DependencyInjectionTestExecutionListener, org.springframework.test.context.support.DirtiesContextTestExecutionListener, org.springframework.test.context.transaction.TransactionalTestExecutionListener, org.springframework.test.context.jdbc.SqlScriptsTestExecutionListener, org.springframework.test.context.event.EventPublishingTestExecutionListener]
2025-05-01 00:53:27,826 INFO o.s.t.c.s.AbstractTestContextBootstrapper {getTestExecutionListeners} [main] Using TestExecutionListeners: [org.springframework.test.context.web.ServletTestExecutionListener@2e6b379c, org.springframework.test.context.support.DirtiesContextBeforeModesTestExecutionListener@5e7e7a7e, org.springframework.test.context.event.ApplicationEventsTestExecutionListener@1ff81b0d, org.springframework.boot.test.mock.mockito.MockitoTestExecutionListener@1c610f, org.springframework.boot.test.autoconfigure.SpringBootDependencyInjectionTestExecutionListener@773c7147, org.springframework.test.context.support.DirtiesContextTestExecutionListener@5abc5854, org.springframework.test.context.transaction.TransactionalTestExecutionListener@5c3007d, org.springframework.test.context.jdbc.SqlScriptsTestExecutionListener@66b40dd3, org.springframework.test.context.event.EventPublishingTestExecutionListener@7296fe0b, org.springframework.boot.test.mock.mockito.ResetMocksTestExecutionListener@4a5066f5, org.springframework.boot.test.autoconfigure.restdocs.RestDocsTestExecutionListener@578d472a, org.springframework.boot.test.autoconfigure.web.client.MockRestServiceServerResetTestExecutionListener@1191029d, org.springframework.boot.test.autoconfigure.web.servlet.MockMvcPrintOnlyOnFailureTestExecutionListener@54b2d002, org.springframework.boot.test.autoconfigure.web.servlet.WebDriverTestExecutionListener@1d1c63af, org.springframework.boot.test.autoconfigure.webservices.client.MockWebServiceServerTestExecutionListener@2095c331]
2025-05-01 00:53:27,908 INFO o.s.b.StartupInfoLogger {logStarting} [main] Starting MechanicControllerTests using Java 21 on DESKTOP-A2Q7539 with PID 10856 (started by 34618 in C:\Users\34618\Documents\2DAM Gdo. Superior\Acceso a datos 2DAM\hellospring)
2025-05-01 00:53:27,908 INFO o.s.b.SpringApplication {logStartupProfileInfo} [main] The following 1 profile is active: "test"
2025-05-01 00:53:28,345 INFO o.s.s.w.DefaultSecurityFilterChain {<init>} [main] Will secure any request with [org.springframework.security.web.session.DisableEncodeUrlFilter@642c5bb3, org.springframework.security.web.context.request.async.WebAsyncManagerIntegrationFilter@4e79c25, org.springframework.security.web.context.SecurityContextPersistenceFilter@7028b5cc, org.springframework.security.web.header.HeaderWriterFilter@5a9051fd, org.springframework.security.web.authentication.logout.LogoutFilter@4604e051, org.springframework.security.web.savedrequest.RequestCacheAwareFilter@7c0ff7a0, org.springframework.security.web.servletapi.SecurityContextHolderAwareRequestFilter@24c84e65, org.springframework.security.web.authentication.AnonymousAuthenticationFilter@2ace1cd3, org.springframework.security.web.session.SessionManagementFilter@7614378d, org.springframework.security.web.access.ExceptionTranslationFilter@1013871e, org.springframework.security.web.access.intercept.FilterSecurityInterceptor@c1f0c7b]
2025-05-01 00:53:28,844 INFO o.s.m.w.MockServletContext {log} [main] Initializing Spring TestDispatcherServlet ''
2025-05-01 00:53:28,846 INFO o.s.w.s.FrameworkServlet {initServletBean} [main] Initializing Servlet ''
2025-05-01 00:53:28,846 INFO o.s.w.s.FrameworkServlet {initServletBean} [main] Completed initialization in 0 ms
2025-05-01 00:53:28,876 INFO o.s.b.StartupInfoLogger {logStarted} [main] Started MechanicControllerTests in 1.044 seconds (JVM running for 11.902)
2025-05-01 00:53:28,895 INFO c.s.a.c.MechanicController {filtermechanics} [main] BEGIN getAll
2025-05-01 00:53:28,898 INFO c.s.a.c.MechanicController {filtermechanics} [main] END getAll
2025-05-01 00:53:28,967 INFO c.s.a.c.MechanicController {modifyMechanic} [main] BEGIN modifyMechanic
2025-05-01 00:53:28,969 INFO c.s.a.c.MechanicController {modifyMechanic} [main] END modifyMechanic
2025-05-01 00:53:28,989 INFO c.s.a.c.MechanicController {filtermechanics} [main] BEGIN getAll
2025-05-01 00:53:28,991 INFO c.s.a.c.MechanicController {filtermechanics} [main] END getAll
2025-05-01 00:53:29,014 INFO c.s.a.c.MechanicController {getMechanic} [main] BEGIN getMechanic
2025-05-01 00:53:29,042 INFO c.s.a.c.MechanicController {filtermechanics} [main] BEGIN getAll
2025-05-01 00:53:29,046 INFO c.s.a.c.MechanicController {filtermechanics} [main] END getAll
2025-05-01 00:53:29,063 INFO c.s.a.c.MechanicController {removeMechanic} [main] BEGIN removeMechanic
2025-05-01 00:53:29,064 INFO c.s.a.c.MechanicController {removeMechanic} [main] END removeMechanic
2025-05-01 00:53:29,127 INFO c.s.a.c.MechanicController {addMechanic} [main] BEGIN addMechanic
2025-05-01 00:53:29,129 INFO c.s.a.c.MechanicController {addMechanic} [main] END addMechanic
2025-05-01 00:53:29,148 INFO c.s.a.c.MechanicController {getMechanic} [main] BEGIN getMechanic
2025-05-01 00:53:29,152 INFO c.s.a.c.MechanicController {getMechanic} [main] END getMechanic
2025-05-01 00:53:29,192 INFO c.s.a.c.MechanicController {modifyMechanic} [main] BEGIN modifyMechanic
2025-05-01 00:53:29,210 INFO c.s.a.c.MechanicController {filtermechanics} [main] BEGIN getAll
2025-05-01 00:53:29,212 INFO c.s.a.c.MechanicController {filtermechanics} [main] END getAll
2025-05-01 00:53:29,228 INFO c.s.a.c.MechanicController {removeMechanic} [main] BEGIN removeMechanic
2025-05-01 00:53:29,247 INFO c.s.a.c.MechanicController {filtermechanics} [main] BEGIN getAll
2025-05-01 00:53:29,251 INFO c.s.a.c.MechanicController {filtermechanics} [main] END getAll
2025-05-01 00:53:29,664 INFO o.s.t.c.s.AbstractTestContextBootstrapper {buildDefaultMergedContextConfiguration} [main] Neither @ContextConfiguration nor @ContextHierarchy found for test class [com.svalero.apibikes.UserControllerTests], using SpringBootContextLoader
2025-05-01 00:53:29,667 INFO o.s.t.c.s.AbstractContextLoader {generateDefaultLocations} [main] Could not detect default resource locations for test class [com.svalero.apibikes.UserControllerTests]: no resource found for suffixes {-context.xml, Context.groovy}.
2025-05-01 00:53:29,668 INFO o.s.t.c.s.AnnotationConfigContextLoaderUtils {detectDefaultConfigurationClasses} [main] Could not detect default configuration classes for test class [com.svalero.apibikes.UserControllerTests]: UserControllerTests does not declare any static, non-private, non-final, nested classes annotated with @Configuration.
2025-05-01 00:53:29,683 INFO o.s.b.t.c.SpringBootTestContextBootstrapper {getOrFindConfigurationClasses} [main] Found @SpringBootConfiguration com.svalero.apibikes.HellospringApplication for test class com.svalero.apibikes.UserControllerTests
2025-05-01 00:53:29,686 INFO o.s.t.c.s.AbstractTestContextBootstrapper {getDefaultTestExecutionListenerClassNames} [main] Loaded default TestExecutionListener class names from location [META-INF/spring.factories]: [org.springframework.boot.test.mock.mockito.MockitoTestExecutionListener, org.springframework.boot.test.mock.mockito.ResetMocksTestExecutionListener, org.springframework.boot.test.autoconfigure.restdocs.RestDocsTestExecutionListener, org.springframework.boot.test.autoconfigure.web.client.MockRestServiceServerResetTestExecutionListener, org.springframework.boot.test.autoconfigure.web.servlet.MockMvcPrintOnlyOnFailureTestExecutionListener, org.springframework.boot.test.autoconfigure.web.servlet.WebDriverTestExecutionListener, org.springframework.boot.test.autoconfigure.webservices.client.MockWebServiceServerTestExecutionListener, org.springframework.test.context.web.ServletTestExecutionListener, org.springframework.test.context.support.DirtiesContextBeforeModesTestExecutionListener, org.springframework.test.context.event.ApplicationEventsTestExecutionListener, org.springframework.test.context.support.DependencyInjectionTestExecutionListener, org.springframework.test.context.support.DirtiesContextTestExecutionListener, org.springframework.test.context.transaction.TransactionalTestExecutionListener, org.springframework.test.context.jdbc.SqlScriptsTestExecutionListener, org.springframework.test.context.event.EventPublishingTestExecutionListener]
2025-05-01 00:53:29,687 INFO o.s.t.c.s.AbstractTestContextBootstrapper {getTestExecutionListeners} [main] Using TestExecutionListeners: [org.springframework.test.context.web.ServletTestExecutionListener@5ca8bd01, org.springframework.test.context.support.DirtiesContextBeforeModesTestExecutionListener@7b10472e, org.springframework.test.context.event.ApplicationEventsTestExecutionListener@70e5737f, org.springframework.boot.test.mock.mockito.MockitoTestExecutionListener@9746157, org.springframework.boot.test.autoconfigure.SpringBootDependencyInjectionTestExecutionListener@10ad95cd, org.springframework.test.context.support.DirtiesContextTestExecutionListener@69fd99c1, org.springframework.test.context.transaction.TransactionalTestExecutionListener@32d8710a, org.springframework.test.context.jdbc.SqlScriptsTestExecutionListener@180cc0df, org.springframework.test.context.event.EventPublishingTestExecutionListener@64f33dee, org.springframework.boot.test.mock.mockito.ResetMocksTestExecutionListener@61c58320, org.springframework.boot.test.autoconfigure.restdocs.RestDocsTestExecutionListener@10e4ee33, org.springframework.boot.test.autoconfigure.web.client.MockRestServiceServerResetTestExecutionListener@6e90cec8, org.springframework.boot.test.autoconfigure.web.servlet.MockMvcPrintOnlyOnFailureTestExecutionListener@13f182b9, org.springframework.boot.test.autoconfigure.web.servlet.WebDriverTestExecutionListener@5ee0cf64, org.springframework.boot.test.autoconfigure.webservices.client.MockWebServiceServerTestExecutionListener@69c227fd]
2025-05-01 00:53:29,769 INFO o.s.b.StartupInfoLogger {logStarting} [main] Starting UserControllerTests using Java 21 on DESKTOP-A2Q7539 with PID 10856 (started by 34618 in C:\Users\34618\Documents\2DAM Gdo. Superior\Acceso a datos 2DAM\hellospring)
2025-05-01 00:53:29,769 INFO o.s.b.SpringApplication {logStartupProfileInfo} [main] The following 1 profile is active: "test"
2025-05-01 00:53:30,523 INFO o.s.s.w.DefaultSecurityFilterChain {<init>} [main] Will secure any request with [org.springframework.security.web.session.DisableEncodeUrlFilter@9a07409, org.springframework.security.web.context.request.async.WebAsyncManagerIntegrationFilter@7455204c, org.springframework.security.web.context.SecurityContextPersistenceFilter@7cf66cf9, org.springframework.security.web.header.HeaderWriterFilter@4c0930c4, org.springframework.security.web.authentication.logout.LogoutFilter@1782896, org.springframework.security.web.savedrequest.RequestCacheAwareFilter@38f63756, org.springframework.security.web.servletapi.SecurityContextHolderAwareRequestFilter@3d7caf9c, org.springframework.security.web.authentication.AnonymousAuthenticationFilter@34e68840, org.springframework.security.web.session.SessionManagementFilter@75c0cd39, org.springframework.security.web.access.ExceptionTranslationFilter@6c851821, org.springframework.security.web.access.intercept.FilterSecurityInterceptor@6e617c0e]
2025-05-01 00:53:31,283 INFO o.s.m.w.MockServletContext {log} [main] Initializing Spring TestDispatcherServlet ''
2025-05-01 00:53:31,283 INFO o.s.w.s.FrameworkServlet {initServletBean} [main] Initializing Servlet ''
2025-05-01 00:53:31,283 INFO o.s.w.s.FrameworkServlet {initServletBean} [main] Completed initialization in 0 ms
2025-05-01 00:53:31,321 INFO o.s.b.StartupInfoLogger {logStarted} [main] Started UserControllerTests in 1.627 seconds (JVM running for 14.347)
2025-05-01 00:53:31,335 INFO c.s.a.c.UserController {getUser} [main] BEGIN getUser
2025-05-01 00:53:31,367 INFO c.s.a.c.UserController {filterusers} [main] BEGIN getAll
2025-05-01 00:53:31,368 INFO c.s.a.c.UserController {filterusers} [main] END getAll
2025-05-01 00:53:31,426 INFO c.s.a.c.UserController {filterusers} [main] BEGIN getAll
2025-05-01 00:53:31,426 INFO c.s.a.c.UserController {filterusers} [main] END getAll
2025-05-01 00:53:31,453 INFO c.s.a.c.UserController {filterusers} [main] BEGIN getAll
2025-05-01 00:53:31,455 INFO c.s.a.c.UserController {filterusers} [main] END getAll
2025-05-01 00:53:31,501 INFO c.s.a.c.UserController {removeUser} [main] BEGIN removeUser
2025-05-01 00:53:31,502 INFO c.s.a.c.UserController {removeUser} [main] END removeUser
2025-05-01 00:53:31,513 INFO c.s.a.c.UserController {getUser} [main] BEGIN getUser
2025-05-01 00:53:31,513 INFO c.s.a.c.UserController {getUser} [main] END getUser
2025-05-01 00:53:31,541 INFO c.s.a.c.UserController {modifyUser} [main] BEGIN modifyUser
2025-05-01 00:53:31,562 INFO c.s.a.c.UserController {filterusers} [main] BEGIN getAll
2025-05-01 00:53:31,562 INFO c.s.a.c.UserController {filterusers} [main] END getAll
2025-05-01 00:53:31,595 INFO c.s.a.c.UserController {filterusers} [main] BEGIN getAll
2025-05-01 00:53:31,597 INFO c.s.a.c.UserController {filterusers} [main] END getAll
2025-05-01 00:53:31,612 INFO c.s.a.c.UserController {modifyUser} [main] BEGIN modifyUser
2025-05-01 00:53:31,614 INFO c.s.a.c.UserController {modifyUser} [main] END modifyUser
2025-05-01 00:53:31,621 INFO c.s.a.c.UserController {removeUser} [main] BEGIN removeUser
2025-05-01 00:53:31,771 INFO o.s.t.c.s.AbstractTestContextBootstrapper {buildDefaultMergedContextConfiguration} [main] Neither @ContextConfiguration nor @ContextHierarchy found for test class [com.svalero.apibikes.WorkShopControllerTests], using SpringBootContextLoader
2025-05-01 00:53:31,773 INFO o.s.t.c.s.AbstractContextLoader {generateDefaultLocations} [main] Could not detect default resource locations for test class [com.svalero.apibikes.WorkShopControllerTests]: no resource found for suffixes {-context.xml, Context.groovy}.
2025-05-01 00:53:31,773 INFO o.s.t.c.s.AnnotationConfigContextLoaderUtils {detectDefaultConfigurationClasses} [main] Could not detect default configuration classes for test class [com.svalero.apibikes.WorkShopControllerTests]: WorkShopControllerTests does not declare any static, non-private, non-final, nested classes annotated with @Configuration.
2025-05-01 00:53:31,792 INFO o.s.b.t.c.SpringBootTestContextBootstrapper {getOrFindConfigurationClasses} [main] Found @SpringBootConfiguration com.svalero.apibikes.HellospringApplication for test class com.svalero.apibikes.WorkShopControllerTests
2025-05-01 00:53:31,794 INFO o.s.t.c.s.AbstractTestContextBootstrapper {getDefaultTestExecutionListenerClassNames} [main] Loaded default TestExecutionListener class names from location [META-INF/spring.factories]: [org.springframework.boot.test.mock.mockito.MockitoTestExecutionListener, org.springframework.boot.test.mock.mockito.ResetMocksTestExecutionListener, org.springframework.boot.test.autoconfigure.restdocs.RestDocsTestExecutionListener, org.springframework.boot.test.autoconfigure.web.client.MockRestServiceServerResetTestExecutionListener, org.springframework.boot.test.autoconfigure.web.servlet.MockMvcPrintOnlyOnFailureTestExecutionListener, org.springframework.boot.test.autoconfigure.web.servlet.WebDriverTestExecutionListener, org.springframework.boot.test.autoconfigure.webservices.client.MockWebServiceServerTestExecutionListener, org.springframework.test.context.web.ServletTestExecutionListener, org.springframework.test.context.support.DirtiesContextBeforeModesTestExecutionListener, org.springframework.test.context.event.ApplicationEventsTestExecutionListener, org.springframework.test.context.support.DependencyInjectionTestExecutionListener, org.springframework.test.context.support.DirtiesContextTestExecutionListener, org.springframework.test.context.transaction.TransactionalTestExecutionListener, org.springframework.test.context.jdbc.SqlScriptsTestExecutionListener, org.springframework.test.context.event.EventPublishingTestExecutionListener]
2025-05-01 00:53:31,796 INFO o.s.t.c.s.AbstractTestContextBootstrapper {getTestExecutionListeners} [main] Using TestExecutionListeners: [org.springframework.test.context.web.ServletTestExecutionListener@1d1fd2aa, org.springframework.test.context.support.DirtiesContextBeforeModesTestExecutionListener@4c78e00c, org.springframework.test.context.event.ApplicationEventsTestExecutionListener@22b3b5d0, org.springframework.boot.test.mock.mockito.MockitoTestExecutionListener@2b506a79, org.springframework.boot.test.autoconfigure.SpringBootDependencyInjectionTestExecutionListener@48b9773b, org.springframework.test.context.support.DirtiesContextTestExecutionListener@43ca96a0, org.springframework.test.context.transaction.TransactionalTestExecutionListener@7c68a63c, org.springframework.test.context.jdbc.SqlScriptsTestExecutionListener@5443086a, org.springframework.test.context.event.EventPublishingTestExecutionListener@5740ad76, org.springframework.boot.test.mock.mockito.ResetMocksTestExecutionListener@40a84ea8, org.springframework.boot.test.autoconfigure.restdocs.RestDocsTestExecutionListener@79c849c7, org.springframework.boot.test.autoconfigure.web.client.MockRestServiceServerResetTestExecutionListener@35840ecc, org.springframework.boot.test.autoconfigure.web.servlet.MockMvcPrintOnlyOnFailureTestExecutionListener@67fd2e17, org.springframework.boot.test.autoconfigure.web.servlet.WebDriverTestExecutionListener@65a2e14e, org.springframework.boot.test.autoconfigure.webservices.client.MockWebServiceServerTestExecutionListener@5e9f1a4c]
2025-05-01 00:53:31,901 INFO o.s.b.StartupInfoLogger {logStarting} [main] Starting WorkShopControllerTests using Java 21 on DESKTOP-A2Q7539 with PID 10856 (started by 34618 in C:\Users\34618\Documents\2DAM Gdo. Superior\Acceso a datos 2DAM\hellospring)
2025-05-01 00:53:31,902 INFO o.s.b.SpringApplication {logStartupProfileInfo} [main] The following 1 profile is active: "test"
2025-05-01 00:53:32,380 INFO o.s.s.w.DefaultSecurityFilterChain {<init>} [main] Will secure any request with [org.springframework.security.web.session.DisableEncodeUrlFilter@7bd1098, org.springframework.security.web.context.request.async.WebAsyncManagerIntegrationFilter@185bf6e0, org.springframework.security.web.context.SecurityContextPersistenceFilter@259c6ab8, org.springframework.security.web.header.HeaderWriterFilter@182dcd2b, org.springframework.security.web.authentication.logout.LogoutFilter@73baf7f0, org.springframework.security.web.savedrequest.RequestCacheAwareFilter@640a6d4b, org.springframework.security.web.servletapi.SecurityContextHolderAwareRequestFilter@1238a074, org.springframework.security.web.authentication.AnonymousAuthenticationFilter@6a562255, org.springframework.security.web.session.SessionManagementFilter@4c3d72fd, org.springframework.security.web.access.ExceptionTranslationFilter@7ef7f414, org.springframework.security.web.access.intercept.FilterSecurityInterceptor@2e1e7bc6]
2025-05-01 00:53:32,736 INFO o.s.m.w.MockServletContext {log} [main] Initializing Spring TestDispatcherServlet ''
2025-05-01 00:53:32,736 INFO o.s.w.s.FrameworkServlet {initServletBean} [main] Initializing Servlet ''
2025-05-01 00:53:32,736 INFO o.s.w.s.FrameworkServlet {initServletBean} [main] Completed initialization in 0 ms
2025-05-01 00:53:32,750 INFO o.s.b.StartupInfoLogger {logStarted} [main] Started WorkShopControllerTests in 0.938 seconds (JVM running for 15.783)
2025-05-01 00:53:32,806 INFO c.s.a.c.WorkShopController {modifyWorkShop} [main] BEGIN modifyWorkShop
2025-05-01 00:53:32,807 INFO c.s.a.c.WorkShopController {modifyWorkShop} [main] END modifyWorkShop
2025-05-01 00:53:32,814 INFO c.s.a.c.WorkShopController {getWorkShop} [main] BEGIN getWorkShop
2025-05-01 00:53:32,814 INFO c.s.a.c.WorkShopController {getWorkShop} [main] END getWorkShop
2025-05-01 00:53:32,814 INFO c.s.a.c.WorkShopController {filterworkshops} [main] BEGIN getAll
2025-05-01 00:53:32,830 INFO c.s.a.c.WorkShopController {filterworkshops} [main] END getAll
2025-05-01 00:53:32,831 INFO c.s.a.c.WorkShopController {filterworkshops} [main] BEGIN getAll
2025-05-01 00:53:32,831 INFO c.s.a.c.WorkShopController {filterworkshops} [main] END getAll
2025-05-01 00:53:32,843 INFO c.s.a.c.WorkShopController {removeWorkShop} [main] BEGIN removeWorkShop
2025-05-01 00:53:32,843 INFO c.s.a.c.WorkShopController {removeWorkShop} [main] END removeWorkShop
2025-05-01 00:53:32,843 INFO c.s.a.c.WorkShopController {filterworkshops} [main] BEGIN getAll
2025-05-01 00:53:32,843 INFO c.s.a.c.WorkShopController {filterworkshops} [main] END getAll
2025-05-01 00:53:32,862 INFO c.s.a.c.WorkShopController {modifyWorkShop} [main] BEGIN modifyWorkShop
2025-05-01 00:53:32,882 INFO c.s.a.c.WorkShopController {removeWorkShop} [main] BEGIN removeWorkShop
2025-05-01 00:53:32,882 INFO c.s.a.c.WorkShopController {filterworkshops} [main] BEGIN getAll
2025-05-01 00:53:32,882 INFO c.s.a.c.WorkShopController {filterworkshops} [main] END getAll
2025-05-01 00:53:32,902 INFO c.s.a.c.WorkShopController {getWorkShop} [main] BEGIN getWorkShop
2025-05-01 00:53:32,908 INFO c.s.a.c.WorkShopController {filterworkshops} [main] BEGIN getAll
2025-05-01 00:53:32,910 INFO c.s.a.c.WorkShopController {filterworkshops} [main] END getAll
2025-05-01 00:53:32,918 INFO c.s.a.c.WorkShopController {addWorkShop} [main] BEGIN addWorkShop
2025-05-01 00:53:32,918 INFO c.s.a.c.WorkShopController {addWorkShop} [main] END addWorkShop
2025-05-01 00:54:29,665 INFO o.s.b.StartupInfoLogger {logStarting} [main] Starting BikeControllerTests using Java 21 on DESKTOP-A2Q7539 with PID 8484 (started by 34618 in C:\Users\34618\Documents\2DAM Gdo. Superior\Acceso a datos 2DAM\hellospring)
2025-05-01 00:54:29,667 INFO o.h.v.i.u.Version {<clinit>} [background-preinit] HV000001: Hibernate Validator 6.2.5.Final
2025-05-01 00:54:29,668 INFO o.s.b.SpringApplication {logStartupProfileInfo} [main] The following 1 profile is active: "test"
2025-05-01 00:54:33,700 INFO o.s.s.w.DefaultSecurityFilterChain {<init>} [main] Will secure any request with [org.springframework.security.web.session.DisableEncodeUrlFilter@2a0b901c, org.springframework.security.web.context.request.async.WebAsyncManagerIntegrationFilter@3d104c9b, org.springframework.security.web.context.SecurityContextPersistenceFilter@79ecc507, org.springframework.security.web.header.HeaderWriterFilter@5db3d57c, org.springframework.security.web.authentication.logout.LogoutFilter@1d289d3f, org.springframework.security.web.savedrequest.RequestCacheAwareFilter@5e85c21b, org.springframework.security.web.servletapi.SecurityContextHolderAwareRequestFilter@41def031, org.springframework.security.web.authentication.AnonymousAuthenticationFilter@6544899b, org.springframework.security.web.session.SessionManagementFilter@6dcab9d9, org.springframework.security.web.access.ExceptionTranslationFilter@46a123e4, org.springframework.security.web.access.intercept.FilterSecurityInterceptor@1e226bcd]
2025-05-01 00:54:35,141 INFO o.s.m.w.MockServletContext {log} [main] Initializing Spring TestDispatcherServlet ''
2025-05-01 00:54:35,143 INFO o.s.w.s.FrameworkServlet {initServletBean} [main] Initializing Servlet ''
2025-05-01 00:54:35,147 INFO o.s.w.s.FrameworkServlet {initServletBean} [main] Completed initialization in 3 ms
2025-05-01 00:54:35,253 INFO o.s.b.StartupInfoLogger {logStarted} [main] Started BikeControllerTests in 6.233 seconds (JVM running for 8.045)
2025-05-01 00:54:35,693 INFO c.s.a.c.BikeController {filterBikes} [main] Filtrando bicicletas con parámetros: brand=, model=Alma, color=
2025-05-01 00:54:35,707 INFO c.s.a.c.BikeController {filterBikes} [main] Operación completada: Se obtuvieron 1 bicicletas filtradas
2025-05-01 00:54:36,048 INFO c.s.a.c.BikeController {filterBikes} [main] Filtrando bicicletas con parámetros: brand=Orbea, model=Alma, color=green
2025-05-01 00:54:36,051 INFO c.s.a.c.BikeController {filterBikes} [main] Operación completada: Se obtuvieron 1 bicicletas filtradas
2025-05-01 00:54:36,449 INFO c.s.a.c.BikeController {addBike} [main] BEGIN addBike
2025-05-01 00:54:36,550 INFO c.s.a.c.BikeController {filterBikes} [main] Filtrando bicicletas con parámetros: brand=Orbea, model=, color=
2025-05-01 00:54:36,550 INFO c.s.a.c.BikeController {filterBikes} [main] Operación completada: Se obtuvieron 2 bicicletas filtradas
2025-05-01 00:54:36,589 INFO c.s.a.c.BikeController {addBike} [main] BEGIN addBike
2025-05-01 00:54:36,594 INFO c.s.a.c.BikeController {addBike} [main] END addBike
2025-05-01 00:54:36,827 INFO c.s.a.c.BikeController {filterBikes} [main] Filtrando bicicletas con parámetros: brand=, model=, color=
2025-05-01 00:54:36,829 INFO c.s.a.c.BikeController {filterBikes} [main] Operación completada: Se obtuvieron 3 bicicletas filtradas
2025-05-01 00:54:36,854 INFO c.s.a.c.BikeController {filterBikes} [main] Filtrando bicicletas con parámetros: brand=, model=, color=green
2025-05-01 00:54:36,856 INFO c.s.a.c.BikeController {filterBikes} [main] Operación completada: Se obtuvieron 1 bicicletas filtradas
2025-05-01 00:54:36,890 INFO c.s.a.c.BikeController {getBike} [main] BEGIN getBike
2025-05-01 00:54:36,893 INFO c.s.a.c.BikeController {getBike} [main] END getBike
2025-05-01 00:54:36,999 INFO c.s.a.c.BikeController {removeBike} [main] BEGIN removeBike
2025-05-01 00:54:37,003 INFO c.s.a.c.BikeController {removeBike} [main] END removeBike
2025-05-01 00:54:37,045 INFO c.s.a.c.BikeController {modifyBike} [main] BEGIN modifyBike
2025-05-01 00:54:37,123 INFO c.s.a.c.BikeController {modifyBike} [main] BEGIN modifyBike
2025-05-01 00:54:37,126 INFO c.s.a.c.BikeController {modifyBike} [main] END modifyBike
2025-05-01 00:54:37,151 INFO c.s.a.c.BikeController {removeBike} [main] BEGIN removeBike
2025-05-01 00:54:37,173 INFO c.s.a.c.BikeController {getBike} [main] BEGIN getBike
2025-05-01 00:54:37,902 INFO o.s.t.c.s.AbstractTestContextBootstrapper {buildDefaultMergedContextConfiguration} [main] Neither @ContextConfiguration nor @ContextHierarchy found for test class [com.svalero.apibikes.MechanicControllerTests], using SpringBootContextLoader
2025-05-01 00:54:37,905 INFO o.s.t.c.s.AbstractContextLoader {generateDefaultLocations} [main] Could not detect default resource locations for test class [com.svalero.apibikes.MechanicControllerTests]: no resource found for suffixes {-context.xml, Context.groovy}.
2025-05-01 00:54:37,906 INFO o.s.t.c.s.AnnotationConfigContextLoaderUtils {detectDefaultConfigurationClasses} [main] Could not detect default configuration classes for test class [com.svalero.apibikes.MechanicControllerTests]: MechanicControllerTests does not declare any static, non-private, non-final, nested classes annotated with @Configuration.
2025-05-01 00:54:37,922 INFO o.s.b.t.c.SpringBootTestContextBootstrapper {getOrFindConfigurationClasses} [main] Found @SpringBootConfiguration com.svalero.apibikes.HellospringApplication for test class com.svalero.apibikes.MechanicControllerTests
2025-05-01 00:54:37,924 INFO o.s.t.c.s.AbstractTestContextBootstrapper {getDefaultTestExecutionListenerClassNames} [main] Loaded default TestExecutionListener class names from location [META-INF/spring.factories]: [org.springframework.boot.test.mock.mockito.MockitoTestExecutionListener, org.springframework.boot.test.mock.mockito.ResetMocksTestExecutionListener, org.springframework.boot.test.autoconfigure.restdocs.RestDocsTestExecutionListener, org.springframework.boot.test.autoconfigure.web.client.MockRestServiceServerResetTestExecutionListener, org.springframework.boot.test.autoconfigure.web.servlet.MockMvcPrintOnlyOnFailureTestExecutionListener, org.springframework.boot.test.autoconfigure.web.servlet.WebDriverTestExecutionListener, org.springframework.boot.test.autoconfigure.webservices.client.MockWebServiceServerTestExecutionListener, org.springframework.test.context.web.ServletTestExecutionListener, org.springframework.test.context.support.DirtiesContextBeforeModesTestExecutionListener, org.springframework.test.context.event.ApplicationEventsTestExecutionListener, org.springframework.test.context.support.DependencyInjectionTestExecutionListener, org.springframework.test.context.support.DirtiesContextTestExecutionListener, org.springframework.test.context.transaction.TransactionalTestExecutionListener, org.springframework.test.context.jdbc.SqlScriptsTestExecutionListener, org.springframework.test.context.event.EventPublishingTestExecutionListener]
2025-05-01 00:54:37,926 INFO o.s.t.c.s.AbstractTestContextBootstrapper {getTestExecutionListeners} [main] Using TestExecutionListeners: [org.springframework.test.context.web.ServletTestExecutionListener@335972a5, org.springframework.test.context.support.DirtiesContextBeforeModesTestExecutionListener@59a2bed1, org.springframework.test.context.event.ApplicationEventsTestExecutionListener@49f2646, org.springframework.boot.test.mock.mockito.MockitoTestExecutionListener@4b00d59, org.springframework.boot.test.autoconfigure.SpringBootDependencyInjectionTestExecutionListener@7c048b30, org.springframework.test.context.support.DirtiesContextTestExecutionListener@309cf657, org.springframework.test.context.transaction.TransactionalTestExecutionListener@4d4c4b14, org.springframework.test.context.jdbc.SqlScriptsTestExecutionListener@49925d21, org.springframework.test.context.event.EventPublishingTestExecutionListener@11170228, org.springframework.boot.test.mock.mockito.ResetMocksTestExecutionListener@46ee7013, org.springframework.boot.test.autoconfigure.restdocs.RestDocsTestExecutionListener@69d58731, org.springframework.boot.test.autoconfigure.web.client.MockRestServiceServerResetTestExecutionListener@3275a47f, org.springframework.boot.test.autoconfigure.web.servlet.MockMvcPrintOnlyOnFailureTestExecutionListener@1b5af65b, org.springframework.boot.test.autoconfigure.web.servlet.WebDriverTestExecutionListener@2e0163cb, org.springframework.boot.test.autoconfigure.webservices.client.MockWebServiceServerTestExecutionListener@6b289535]
2025-05-01 00:54:37,990 INFO o.s.b.StartupInfoLogger {logStarting} [main] Starting MechanicControllerTests using Java 21 on DESKTOP-A2Q7539 with PID 8484 (started by 34618 in C:\Users\34618\Documents\2DAM Gdo. Superior\Acceso a datos 2DAM\hellospring)
2025-05-01 00:54:37,990 INFO o.s.b.SpringApplication {logStartupProfileInfo} [main] The following 1 profile is active: "test"
2025-05-01 00:54:38,927 INFO o.s.s.w.DefaultSecurityFilterChain {<init>} [main] Will secure any request with [org.springframework.security.web.session.DisableEncodeUrlFilter@103bcc9f, org.springframework.security.web.context.request.async.WebAsyncManagerIntegrationFilter@106802ea, org.springframework.security.web.context.SecurityContextPersistenceFilter@3aab42d6, org.springframework.security.web.header.HeaderWriterFilter@7438c3d5, org.springframework.security.web.authentication.logout.LogoutFilter@776e7dfb, org.springframework.security.web.savedrequest.RequestCacheAwareFilter@6badb08c, org.springframework.security.web.servletapi.SecurityContextHolderAwareRequestFilter@5939f047, org.springframework.security.web.authentication.AnonymousAuthenticationFilter@785ef70f, org.springframework.security.web.session.SessionManagementFilter@1fba3fd6, org.springframework.security.web.access.ExceptionTranslationFilter@6706da3d, org.springframework.security.web.access.intercept.FilterSecurityInterceptor@6d5508a5]
2025-05-01 00:54:40,663 INFO o.s.m.w.MockServletContext {log} [main] Initializing Spring TestDispatcherServlet ''
2025-05-01 00:54:40,666 INFO o.s.w.s.FrameworkServlet {initServletBean} [main] Initializing Servlet ''
2025-05-01 00:54:40,674 INFO o.s.w.s.FrameworkServlet {initServletBean} [main] Completed initialization in 6 ms
2025-05-01 00:54:40,744 INFO o.s.b.StartupInfoLogger {logStarted} [main] Started MechanicControllerTests in 2.813 seconds (JVM running for 13.536)
2025-05-01 00:54:40,775 INFO c.s.a.c.MechanicController {filtermechanics} [main] BEGIN getAll
2025-05-01 00:54:40,779 INFO c.s.a.c.MechanicController {filtermechanics} [main] END getAll
2025-05-01 00:54:40,853 INFO c.s.a.c.MechanicController {modifyMechanic} [main] BEGIN modifyMechanic
2025-05-01 00:54:40,855 INFO c.s.a.c.MechanicController {modifyMechanic} [main] END modifyMechanic
2025-05-01 00:54:40,875 INFO c.s.a.c.MechanicController {filtermechanics} [main] BEGIN getAll
2025-05-01 00:54:40,878 INFO c.s.a.c.MechanicController {filtermechanics} [main] END getAll
2025-05-01 00:54:40,898 INFO c.s.a.c.MechanicController {getMechanic} [main] BEGIN getMechanic
2025-05-01 00:54:40,927 INFO c.s.a.c.MechanicController {filtermechanics} [main] BEGIN getAll
2025-05-01 00:54:40,930 INFO c.s.a.c.MechanicController {filtermechanics} [main] END getAll
2025-05-01 00:54:40,947 INFO c.s.a.c.MechanicController {removeMechanic} [main] BEGIN removeMechanic
2025-05-01 00:54:40,950 INFO c.s.a.c.MechanicController {removeMechanic} [main] END removeMechanic
2025-05-01 00:54:41,012 INFO c.s.a.c.MechanicController {addMechanic} [main] BEGIN addMechanic
2025-05-01 00:54:41,018 INFO c.s.a.c.MechanicController {addMechanic} [main] END addMechanic
2025-05-01 00:54:41,045 INFO c.s.a.c.MechanicController {getMechanic} [main] BEGIN getMechanic
2025-05-01 00:54:41,053 INFO c.s.a.c.MechanicController {getMechanic} [main] END getMechanic
2025-05-01 00:54:41,107 INFO c.s.a.c.MechanicController {modifyMechanic} [main] BEGIN modifyMechanic
2025-05-01 00:54:41,135 INFO c.s.a.c.MechanicController {filtermechanics} [main] BEGIN getAll
2025-05-01 00:54:41,137 INFO c.s.a.c.MechanicController {filtermechanics} [main] END getAll
2025-05-01 00:54:41,163 INFO c.s.a.c.MechanicController {removeMechanic} [main] BEGIN removeMechanic
2025-05-01 00:54:41,183 INFO c.s.a.c.MechanicController {filtermechanics} [main] BEGIN getAll
2025-05-01 00:54:41,185 INFO c.s.a.c.MechanicController {filtermechanics} [main] END getAll
2025-05-01 00:54:41,790 INFO o.s.t.c.s.AbstractTestContextBootstrapper {buildDefaultMergedContextConfiguration} [main] Neither @ContextConfiguration nor @ContextHierarchy found for test class [com.svalero.apibikes.UserControllerTests], using SpringBootContextLoader
2025-05-01 00:54:41,793 INFO o.s.t.c.s.AbstractContextLoader {generateDefaultLocations} [main] Could not detect default resource locations for test class [com.svalero.apibikes.UserControllerTests]: no resource found for suffixes {-context.xml, Context.groovy}.
2025-05-01 00:54:41,794 INFO o.s.t.c.s.AnnotationConfigContextLoaderUtils {detectDefaultConfigurationClasses} [main] Could not detect default configuration classes for test class [com.svalero.apibikes.UserControllerTests]: UserControllerTests does not declare any static, non-private, non-final, nested classes annotated with @Configuration.
2025-05-01 00:54:41,815 INFO o.s.b.t.c.SpringBootTestContextBootstrapper {getOrFindConfigurationClasses} [main] Found @SpringBootConfiguration com.svalero.apibikes.HellospringApplication for test class com.svalero.apibikes.UserControllerTests
2025-05-01 00:54:41,818 INFO o.s.t.c.s.AbstractTestContextBootstrapper {getDefaultTestExecutionListenerClassNames} [main] Loaded default TestExecutionListener class names from location [META-INF/spring.factories]: [org.springframework.boot.test.mock.mockito.MockitoTestExecutionListener, org.springframework.boot.test.mock.mockito.ResetMocksTestExecutionListener, org.springframework.boot.test.autoconfigure.restdocs.RestDocsTestExecutionListener, org.springframework.boot.test.autoconfigure.web.client.MockRestServiceServerResetTestExecutionListener, org.springframework.boot.test.autoconfigure.web.servlet.MockMvcPrintOnlyOnFailureTestExecutionListener, org.springframework.boot.test.autoconfigure.web.servlet.WebDriverTestExecutionListener, org.springframework.boot.test.autoconfigure.webservices.client.MockWebServiceServerTestExecutionListener, org.springframework.test.context.web.ServletTestExecutionListener, org.springframework.test.context.support.DirtiesContextBeforeModesTestExecutionListener, org.springframework.test.context.event.ApplicationEventsTestExecutionListener, org.springframework.test.context.support.DependencyInjectionTestExecutionListener, org.springframework.test.context.support.DirtiesContextTestExecutionListener, org.springframework.test.context.transaction.TransactionalTestExecutionListener, org.springframework.test.context.jdbc.SqlScriptsTestExecutionListener, org.springframework.test.context.event.EventPublishingTestExecutionListener]
2025-05-01 00:54:41,820 INFO o.s.t.c.s.AbstractTestContextBootstrapper {getTestExecutionListeners} [main] Using TestExecutionListeners: [org.springframework.test.context.web.ServletTestExecutionListener@2de7fe0e, org.springframework.test.context.support.DirtiesContextBeforeModesTestExecutionListener@2ff8d39b, org.springframework.test.context.event.ApplicationEventsTestExecutionListener@684a802a, org.springframework.boot.test.mock.mockito.MockitoTestExecutionListener@7b5c9412, org.springframework.boot.test.autoconfigure.SpringBootDependencyInjectionTestExecutionListener@69d902f9, org.springframework.test.context.support.DirtiesContextTestExecutionListener@547052, org.springframework.test.context.transaction.TransactionalTestExecutionListener@3ca3eba2, org.springframework.test.context.jdbc.SqlScriptsTestExecutionListener@23c00420, org.springframework.test.context.event.EventPublishingTestExecutionListener@22f046b, org.springframework.boot.test.mock.mockito.ResetMocksTestExecutionListener@215a329c, org.springframework.boot.test.autoconfigure.restdocs.RestDocsTestExecutionListener@20723ee, org.springframework.boot.test.autoconfigure.web.client.MockRestServiceServerResetTestExecutionListener@21c5c68a, org.springframework.boot.test.autoconfigure.web.servlet.MockMvcPrintOnlyOnFailureTestExecutionListener@5bb39285, org.springframework.boot.test.autoconfigure.web.servlet.WebDriverTestExecutionListener@2b0d85bd, org.springframework.boot.test.autoconfigure.webservices.client.MockWebServiceServerTestExecutionListener@102ecb61]
2025-05-01 00:54:41,912 INFO o.s.b.StartupInfoLogger {logStarting} [main] Starting UserControllerTests using Java 21 on DESKTOP-A2Q7539 with PID 8484 (started by 34618 in C:\Users\34618\Documents\2DAM Gdo. Superior\Acceso a datos 2DAM\hellospring)
2025-05-01 00:54:41,913 INFO o.s.b.SpringApplication {logStartupProfileInfo} [main] The following 1 profile is active: "test"
2025-05-01 00:54:42,703 INFO o.s.s.w.DefaultSecurityFilterChain {<init>} [main] Will secure any request with [org.springframework.security.web.session.DisableEncodeUrlFilter@ae74eef, org.springframework.security.web.context.request.async.WebAsyncManagerIntegrationFilter@2553dcc0, org.springframework.security.web.context.SecurityContextPersistenceFilter@50e6ee24, org.springframework.security.web.header.HeaderWriterFilter@2e4d2232, org.springframework.security.web.authentication.logout.LogoutFilter@5111f814, org.springframework.security.web.savedrequest.RequestCacheAwareFilter@7acb5200, org.springframework.security.web.servletapi.SecurityContextHolderAwareRequestFilter@3d50a3d9, org.springframework.security.web.authentication.AnonymousAuthenticationFilter@2e91cf69, org.springframework.security.web.session.SessionManagementFilter@24f5e9e8, org.springframework.security.web.access.ExceptionTranslationFilter@714b6999, org.springframework.security.web.access.intercept.FilterSecurityInterceptor@2c70a1de]
2025-05-01 00:54:43,162 INFO o.s.m.w.MockServletContext {log} [main] Initializing Spring TestDispatcherServlet ''
2025-05-01 00:54:43,163 INFO o.s.w.s.FrameworkServlet {initServletBean} [main] Initializing Servlet ''
2025-05-01 00:54:43,165 INFO o.s.w.s.FrameworkServlet {initServletBean} [main] Completed initialization in 1 ms
2025-05-01 00:54:43,180 INFO o.s.b.StartupInfoLogger {logStarted} [main] Started UserControllerTests in 1.352 seconds (JVM running for 15.972)
2025-05-01 00:54:43,192 INFO c.s.a.c.UserController {getUser} [main] BEGIN getUser
2025-05-01 00:54:43,208 INFO c.s.a.c.UserController {filterusers} [main] BEGIN getAll
2025-05-01 00:54:43,209 INFO c.s.a.c.UserController {filterusers} [main] END getAll
2025-05-01 00:54:43,236 INFO c.s.a.c.UserController {filterusers} [main] BEGIN getAll
2025-05-01 00:54:43,236 INFO c.s.a.c.UserController {filterusers} [main] END getAll
2025-05-01 00:54:43,253 INFO c.s.a.c.UserController {filterusers} [main] BEGIN getAll
2025-05-01 00:54:43,253 INFO c.s.a.c.UserController {filterusers} [main] END getAll
2025-05-01 00:54:43,267 INFO c.s.a.c.UserController {removeUser} [main] BEGIN removeUser
2025-05-01 00:54:43,267 INFO c.s.a.c.UserController {removeUser} [main] END removeUser
2025-05-01 00:54:43,288 INFO c.s.a.c.UserController {getUser} [main] BEGIN getUser
2025-05-01 00:54:43,289 INFO c.s.a.c.UserController {getUser} [main] END getUser
2025-05-01 00:54:43,314 INFO c.s.a.c.UserController {modifyUser} [main] BEGIN modifyUser
2025-05-01 00:54:43,322 INFO c.s.a.c.UserController {filterusers} [main] BEGIN getAll
2025-05-01 00:54:43,322 INFO c.s.a.c.UserController {filterusers} [main] END getAll
2025-05-01 00:54:43,340 INFO c.s.a.c.UserController {filterusers} [main] BEGIN getAll
2025-05-01 00:54:43,342 INFO c.s.a.c.UserController {filterusers} [main] END getAll
2025-05-01 00:54:43,352 INFO c.s.a.c.UserController {modifyUser} [main] BEGIN modifyUser
2025-05-01 00:54:43,353 INFO c.s.a.c.UserController {modifyUser} [main] END modifyUser
2025-05-01 00:54:43,360 INFO c.s.a.c.UserController {removeUser} [main] BEGIN removeUser
2025-05-01 00:54:43,434 INFO o.s.t.c.s.AbstractTestContextBootstrapper {buildDefaultMergedContextConfiguration} [main] Neither @ContextConfiguration nor @ContextHierarchy found for test class [com.svalero.apibikes.WorkShopControllerTests], using SpringBootContextLoader
2025-05-01 00:54:43,448 INFO o.s.t.c.s.AbstractContextLoader {generateDefaultLocations} [main] Could not detect default resource locations for test class [com.svalero.apibikes.WorkShopControllerTests]: no resource found for suffixes {-context.xml, Context.groovy}.
2025-05-01 00:54:43,448 INFO o.s.t.c.s.AnnotationConfigContextLoaderUtils {detectDefaultConfigurationClasses} [main] Could not detect default configuration classes for test class [com.svalero.apibikes.WorkShopControllerTests]: WorkShopControllerTests does not declare any static, non-private, non-final, nested classes annotated with @Configuration.
2025-05-01 00:54:43,457 INFO o.s.b.t.c.SpringBootTestContextBootstrapper {getOrFindConfigurationClasses} [main] Found @SpringBootConfiguration com.svalero.apibikes.HellospringApplication for test class com.svalero.apibikes.WorkShopControllerTests
2025-05-01 00:54:43,457 INFO o.s.t.c.s.AbstractTestContextBootstrapper {getDefaultTestExecutionListenerClassNames} [main] Loaded default TestExecutionListener class names from location [META-INF/spring.factories]: [org.springframework.boot.test.mock.mockito.MockitoTestExecutionListener, org.springframework.boot.test.mock.mockito.ResetMocksTestExecutionListener, org.springframework.boot.test.autoconfigure.restdocs.RestDocsTestExecutionListener, org.springframework.boot.test.autoconfigure.web.client.MockRestServiceServerResetTestExecutionListener, org.springframework.boot.test.autoconfigure.web.servlet.MockMvcPrintOnlyOnFailureTestExecutionListener, org.springframework.boot.test.autoconfigure.web.servlet.WebDriverTestExecutionListener, org.springframework.boot.test.autoconfigure.webservices.client.MockWebServiceServerTestExecutionListener, org.springframework.test.context.web.ServletTestExecutionListener, org.springframework.test.context.support.DirtiesContextBeforeModesTestExecutionListener, org.springframework.test.context.event.ApplicationEventsTestExecutionListener, org.springframework.test.context.support.DependencyInjectionTestExecutionListener, org.springframework.test.context.support.DirtiesContextTestExecutionListener, org.springframework.test.context.transaction.TransactionalTestExecutionListener, org.springframework.test.context.jdbc.SqlScriptsTestExecutionListener, org.springframework.test.context.event.EventPublishingTestExecutionListener]
2025-05-01 00:54:43,457 INFO o.s.t.c.s.AbstractTestContextBootstrapper {getTestExecutionListeners} [main] Using TestExecutionListeners: [org.springframework.test.context.web.ServletTestExecutionListener@566cc6af, org.springframework.test.context.support.DirtiesContextBeforeModesTestExecutionListener@d70dbeb, org.springframework.test.context.event.ApplicationEventsTestExecutionListener@7f8f5d37, org.springframework.boot.test.mock.mockito.MockitoTestExecutionListener@f9cd1e6, org.springframework.boot.test.autoconfigure.SpringBootDependencyInjectionTestExecutionListener@3ff53704, org.springframework.test.context.support.DirtiesContextTestExecutionListener@34d11c92, org.springframework.test.context.transaction.TransactionalTestExecutionListener@31b289da, org.springframework.test.context.jdbc.SqlScriptsTestExecutionListener@58486deb, org.springframework.test.context.event.EventPublishingTestExecutionListener@4e933cf1, org.springframework.boot.test.mock.mockito.ResetMocksTestExecutionListener@729a9c3d, org.springframework.boot.test.autoconfigure.restdocs.RestDocsTestExecutionListener@574327ed, org.springframework.boot.test.autoconfigure.web.client.MockRestServiceServerResetTestExecutionListener@4c7f2fdb, org.springframework.boot.test.autoconfigure.web.servlet.MockMvcPrintOnlyOnFailureTestExecutionListener@1b5cf611, org.springframework.boot.test.autoconfigure.web.servlet.WebDriverTestExecutionListener@3d01ea33, org.springframework.boot.test.autoconfigure.webservices.client.MockWebServiceServerTestExecutionListener@73b3ce31]
2025-05-01 00:54:43,512 INFO o.s.b.StartupInfoLogger {logStarting} [main] Starting WorkShopControllerTests using Java 21 on DESKTOP-A2Q7539 with PID 8484 (started by 34618 in C:\Users\34618\Documents\2DAM Gdo. Superior\Acceso a datos 2DAM\hellospring)
2025-05-01 00:54:43,512 INFO o.s.b.SpringApplication {logStartupProfileInfo} [main] The following 1 profile is active: "test"
2025-05-01 00:54:44,785 INFO o.s.s.w.DefaultSecurityFilterChain {<init>} [main] Will secure any request with [org.springframework.security.web.session.DisableEncodeUrlFilter@2c3b0cc8, org.springframework.security.web.context.request.async.WebAsyncManagerIntegrationFilter@6296e4bf, org.springframework.security.web.context.SecurityContextPersistenceFilter@61e0f9b9, org.springframework.security.web.header.HeaderWriterFilter@2de96eba, org.springframework.security.web.authentication.logout.LogoutFilter@5a654e05, org.springframework.security.web.savedrequest.RequestCacheAwareFilter@2c7c898a, org.springframework.security.web.servletapi.SecurityContextHolderAwareRequestFilter@4a86be01, org.springframework.security.web.authentication.AnonymousAuthenticationFilter@220cda54, org.springframework.security.web.session.SessionManagementFilter@3ef914f5, org.springframework.security.web.access.ExceptionTranslationFilter@2cbc2db2, org.springframework.security.web.access.intercept.FilterSecurityInterceptor@53b907d9]
2025-05-01 00:54:45,902 INFO o.s.m.w.MockServletContext {log} [main] Initializing Spring TestDispatcherServlet ''
2025-05-01 00:54:45,903 INFO o.s.w.s.FrameworkServlet {initServletBean} [main] Initializing Servlet ''
2025-05-01 00:54:45,905 INFO o.s.w.s.FrameworkServlet {initServletBean} [main] Completed initialization in 1 ms
2025-05-01 00:54:45,937 INFO o.s.b.StartupInfoLogger {logStarted} [main] Started WorkShopControllerTests in 2.468 seconds (JVM running for 18.728)
2025-05-01 00:54:46,077 INFO c.s.a.c.WorkShopController {modifyWorkShop} [main] BEGIN modifyWorkShop
2025-05-01 00:54:46,081 INFO c.s.a.c.WorkShopController {modifyWorkShop} [main] END modifyWorkShop
2025-05-01 00:54:46,107 INFO c.s.a.c.WorkShopController {getWorkShop} [main] BEGIN getWorkShop
2025-05-01 00:54:46,111 INFO c.s.a.c.WorkShopController {getWorkShop} [main] END getWorkShop
2025-05-01 00:54:46,139 INFO c.s.a.c.WorkShopController {filterworkshops} [main] BEGIN getAll
2025-05-01 00:54:46,141 INFO c.s.a.c.WorkShopController {filterworkshops} [main] END getAll
2025-05-01 00:54:46,159 INFO c.s.a.c.WorkShopController {filterworkshops} [main] BEGIN getAll
2025-05-01 00:54:46,163 INFO c.s.a.c.WorkShopController {filterworkshops} [main] END getAll
2025-05-01 00:54:46,179 INFO c.s.a.c.WorkShopController {removeWorkShop} [main] BEGIN removeWorkShop
2025-05-01 00:54:46,181 INFO c.s.a.c.WorkShopController {removeWorkShop} [main] END removeWorkShop
2025-05-01 00:54:46,202 INFO c.s.a.c.WorkShopController {filterworkshops} [main] BEGIN getAll
2025-05-01 00:54:46,204 INFO c.s.a.c.WorkShopController {filterworkshops} [main] END getAll
2025-05-01 00:54:46,222 INFO c.s.a.c.WorkShopController {modifyWorkShop} [main] BEGIN modifyWorkShop
2025-05-01 00:54:46,271 INFO c.s.a.c.WorkShopController {removeWorkShop} [main] BEGIN removeWorkShop
2025-05-01 00:54:46,296 INFO c.s.a.c.WorkShopController {filterworkshops} [main] BEGIN getAll
2025-05-01 00:54:46,298 INFO c.s.a.c.WorkShopController {filterworkshops} [main] END getAll
2025-05-01 00:54:46,361 INFO c.s.a.c.WorkShopController {getWorkShop} [main] BEGIN getWorkShop
2025-05-01 00:54:46,385 INFO c.s.a.c.WorkShopController {filterworkshops} [main] BEGIN getAll
2025-05-01 00:54:46,390 INFO c.s.a.c.WorkShopController {filterworkshops} [main] END getAll
2025-05-01 00:54:46,430 INFO c.s.a.c.WorkShopController {addWorkShop} [main] BEGIN addWorkShop
2025-05-01 00:54:46,431 INFO c.s.a.c.WorkShopController {addWorkShop} [main] END addWorkShop
2025-05-01 01:07:50,415 INFO o.s.b.StartupInfoLogger {logStarting} [main] Starting BikeControllerTests using Java 21 on DESKTOP-A2Q7539 with PID 6976 (started by 34618 in C:\Users\34618\Documents\2DAM Gdo. Superior\Acceso a datos 2DAM\hellospring)
2025-05-01 01:07:50,415 INFO o.h.v.i.u.Version {<clinit>} [background-preinit] HV000001: Hibernate Validator 6.2.5.Final
2025-05-01 01:07:50,418 INFO o.s.b.SpringApplication {logStartupProfileInfo} [main] The following 1 profile is active: "test"
2025-05-01 01:07:54,517 INFO o.s.s.w.DefaultSecurityFilterChain {<init>} [main] Will secure any request with [org.springframework.security.web.session.DisableEncodeUrlFilter@3e5beab5, org.springframework.security.web.context.request.async.WebAsyncManagerIntegrationFilter@7c588adc, org.springframework.security.web.context.SecurityContextPersistenceFilter@7a84788f, org.springframework.security.web.header.HeaderWriterFilter@44bc2449, org.springframework.security.web.authentication.logout.LogoutFilter@76c86567, org.springframework.security.web.savedrequest.RequestCacheAwareFilter@65eb3597, org.springframework.security.web.servletapi.SecurityContextHolderAwareRequestFilter@3c7279a5, org.springframework.security.web.authentication.AnonymousAuthenticationFilter@33ec2c0c, org.springframework.security.web.session.SessionManagementFilter@764a3e5d, org.springframework.security.web.access.ExceptionTranslationFilter@4a642e4b, org.springframework.security.web.access.intercept.FilterSecurityInterceptor@57186526]
2025-05-01 01:07:55,555 INFO o.s.m.w.MockServletContext {log} [main] Initializing Spring TestDispatcherServlet ''
2025-05-01 01:07:55,556 INFO o.s.w.s.FrameworkServlet {initServletBean} [main] Initializing Servlet ''
2025-05-01 01:07:55,559 INFO o.s.w.s.FrameworkServlet {initServletBean} [main] Completed initialization in 2 ms
2025-05-01 01:07:55,601 INFO o.s.b.StartupInfoLogger {logStarted} [main] Started BikeControllerTests in 5.844 seconds (JVM running for 8.076)
2025-05-01 01:07:55,805 INFO c.s.a.c.BikeController {filterBikes} [main] Filtrando bicicletas con parámetros: brand=, model=Alma, color=
2025-05-01 01:07:55,812 INFO c.s.a.c.BikeController {filterBikes} [main] Operación completada: Se obtuvieron 1 bicicletas filtradas
2025-05-01 01:07:55,939 INFO c.s.a.c.BikeController {filterBikes} [main] Filtrando bicicletas con parámetros: brand=Orbea, model=Alma, color=green
2025-05-01 01:07:55,939 INFO c.s.a.c.BikeController {filterBikes} [main] Operación completada: Se obtuvieron 1 bicicletas filtradas
2025-05-01 01:07:56,122 INFO c.s.a.c.BikeController {addBike} [main] BEGIN addBike
2025-05-01 01:07:56,147 INFO c.s.a.c.BikeController {filterBikes} [main] Filtrando bicicletas con parámetros: brand=Orbea, model=, color=
2025-05-01 01:07:56,149 INFO c.s.a.c.BikeController {filterBikes} [main] Operación completada: Se obtuvieron 2 bicicletas filtradas
2025-05-01 01:07:56,158 INFO c.s.a.c.BikeController {addBike} [main] BEGIN addBike
2025-05-01 01:07:56,158 INFO c.s.a.c.BikeController {addBike} [main] END addBike
2025-05-01 01:07:56,236 INFO c.s.a.c.BikeController {filterBikes} [main] Filtrando bicicletas con parámetros: brand=, model=, color=
2025-05-01 01:07:56,236 INFO c.s.a.c.BikeController {filterBikes} [main] Operación completada: Se obtuvieron 3 bicicletas filtradas
2025-05-01 01:07:56,252 INFO c.s.a.c.BikeController {filterBikes} [main] Filtrando bicicletas con parámetros: brand=, model=, color=green
2025-05-01 01:07:56,254 INFO c.s.a.c.BikeController {filterBikes} [main] Operación completada: Se obtuvieron 1 bicicletas filtradas
2025-05-01 01:07:56,265 INFO c.s.a.c.BikeController {getBike} [main] BEGIN getBike
2025-05-01 01:07:56,266 INFO c.s.a.c.BikeController {getBike} [main] END getBike
2025-05-01 01:07:56,309 INFO c.s.a.c.BikeController {removeBike} [main] BEGIN removeBike
2025-05-01 01:07:56,312 INFO c.s.a.c.BikeController {removeBike} [main] END removeBike
2025-05-01 01:07:56,319 INFO c.s.a.c.BikeController {modifyBike} [main] BEGIN modifyBike
2025-05-01 01:07:56,364 INFO c.s.a.c.BikeController {modifyBike} [main] BEGIN modifyBike
2025-05-01 01:07:56,366 INFO c.s.a.c.BikeController {modifyBike} [main] END modifyBike
2025-05-01 01:07:56,376 INFO c.s.a.c.BikeController {removeBike} [main] BEGIN removeBike
2025-05-01 01:07:56,377 INFO c.s.a.c.BikeController {getBike} [main] BEGIN getBike
2025-05-01 01:07:56,706 INFO o.s.t.c.s.AbstractTestContextBootstrapper {buildDefaultMergedContextConfiguration} [main] Neither @ContextConfiguration nor @ContextHierarchy found for test class [com.svalero.apibikes.MechanicControllerTests], using SpringBootContextLoader
2025-05-01 01:07:56,707 INFO o.s.t.c.s.AbstractContextLoader {generateDefaultLocations} [main] Could not detect default resource locations for test class [com.svalero.apibikes.MechanicControllerTests]: no resource found for suffixes {-context.xml, Context.groovy}.
2025-05-01 01:07:56,708 INFO o.s.t.c.s.AnnotationConfigContextLoaderUtils {detectDefaultConfigurationClasses} [main] Could not detect default configuration classes for test class [com.svalero.apibikes.MechanicControllerTests]: MechanicControllerTests does not declare any static, non-private, non-final, nested classes annotated with @Configuration.
2025-05-01 01:07:56,716 INFO o.s.b.t.c.SpringBootTestContextBootstrapper {getOrFindConfigurationClasses} [main] Found @SpringBootConfiguration com.svalero.apibikes.HellospringApplication for test class com.svalero.apibikes.MechanicControllerTests
2025-05-01 01:07:56,718 INFO o.s.t.c.s.AbstractTestContextBootstrapper {getDefaultTestExecutionListenerClassNames} [main] Loaded default TestExecutionListener class names from location [META-INF/spring.factories]: [org.springframework.boot.test.mock.mockito.MockitoTestExecutionListener, org.springframework.boot.test.mock.mockito.ResetMocksTestExecutionListener, org.springframework.boot.test.autoconfigure.restdocs.RestDocsTestExecutionListener, org.springframework.boot.test.autoconfigure.web.client.MockRestServiceServerResetTestExecutionListener, org.springframework.boot.test.autoconfigure.web.servlet.MockMvcPrintOnlyOnFailureTestExecutionListener, org.springframework.boot.test.autoconfigure.web.servlet.WebDriverTestExecutionListener, org.springframework.boot.test.autoconfigure.webservices.client.MockWebServiceServerTestExecutionListener, org.springframework.test.context.web.ServletTestExecutionListener, org.springframework.test.context.support.DirtiesContextBeforeModesTestExecutionListener, org.springframework.test.context.event.ApplicationEventsTestExecutionListener, org.springframework.test.context.support.DependencyInjectionTestExecutionListener, org.springframework.test.context.support.DirtiesContextTestExecutionListener, org.springframework.test.context.transaction.TransactionalTestExecutionListener, org.springframework.test.context.jdbc.SqlScriptsTestExecutionListener, org.springframework.test.context.event.EventPublishingTestExecutionListener]
2025-05-01 01:07:56,719 INFO o.s.t.c.s.AbstractTestContextBootstrapper {getTestExecutionListeners} [main] Using TestExecutionListeners: [org.springframework.test.context.web.ServletTestExecutionListener@56402642, org.springframework.test.context.support.DirtiesContextBeforeModesTestExecutionListener@620572db, org.springframework.test.context.event.ApplicationEventsTestExecutionListener@1d5048d1, org.springframework.boot.test.mock.mockito.MockitoTestExecutionListener@47d9c01, org.springframework.boot.test.autoconfigure.SpringBootDependencyInjectionTestExecutionListener@5358c8fa, org.springframework.test.context.support.DirtiesContextTestExecutionListener@1a02ebe0, org.springframework.test.context.transaction.TransactionalTestExecutionListener@58b3eb1, org.springframework.test.context.jdbc.SqlScriptsTestExecutionListener@6d7e2795, org.springframework.test.context.event.EventPublishingTestExecutionListener@78743dd8, org.springframework.boot.test.mock.mockito.ResetMocksTestExecutionListener@752494dd, org.springframework.boot.test.autoconfigure.restdocs.RestDocsTestExecutionListener@2986427e, org.springframework.boot.test.autoconfigure.web.client.MockRestServiceServerResetTestExecutionListener@35d88a54, org.springframework.boot.test.autoconfigure.web.servlet.MockMvcPrintOnlyOnFailureTestExecutionListener@6c1bebca, org.springframework.boot.test.autoconfigure.web.servlet.WebDriverTestExecutionListener@3d4818e8, org.springframework.boot.test.autoconfigure.webservices.client.MockWebServiceServerTestExecutionListener@26c6288d]
2025-05-01 01:07:56,784 INFO o.s.b.StartupInfoLogger {logStarting} [main] Starting MechanicControllerTests using Java 21 on DESKTOP-A2Q7539 with PID 6976 (started by 34618 in C:\Users\34618\Documents\2DAM Gdo. Superior\Acceso a datos 2DAM\hellospring)
2025-05-01 01:07:56,785 INFO o.s.b.SpringApplication {logStartupProfileInfo} [main] The following 1 profile is active: "test"
2025-05-01 01:07:57,694 INFO o.s.s.w.DefaultSecurityFilterChain {<init>} [main] Will secure any request with [org.springframework.security.web.session.DisableEncodeUrlFilter@6dd2e453, org.springframework.security.web.context.request.async.WebAsyncManagerIntegrationFilter@433b1597, org.springframework.security.web.context.SecurityContextPersistenceFilter@301d84f6, org.springframework.security.web.header.HeaderWriterFilter@311a09b2, org.springframework.security.web.authentication.logout.LogoutFilter@114b2414, org.springframework.security.web.savedrequest.RequestCacheAwareFilter@6f80cf5, org.springframework.security.web.servletapi.SecurityContextHolderAwareRequestFilter@674ed201, org.springframework.security.web.authentication.AnonymousAuthenticationFilter@5d5cd210, org.springframework.security.web.session.SessionManagementFilter@4cacccbf, org.springframework.security.web.access.ExceptionTranslationFilter@5ffd35dd, org.springframework.security.web.access.intercept.FilterSecurityInterceptor@2a6c751f]
2025-05-01 01:07:58,628 INFO o.s.m.w.MockServletContext {log} [main] Initializing Spring TestDispatcherServlet ''
2025-05-01 01:07:58,628 INFO o.s.w.s.FrameworkServlet {initServletBean} [main] Initializing Servlet ''
2025-05-01 01:07:58,633 INFO o.s.w.s.FrameworkServlet {initServletBean} [main] Completed initialization in 5 ms
2025-05-01 01:07:58,691 INFO o.s.b.StartupInfoLogger {logStarted} [main] Started MechanicControllerTests in 1.969 seconds (JVM running for 11.168)
2025-05-01 01:07:58,716 INFO c.s.a.c.MechanicController {filtermechanics} [main] BEGIN getAll
2025-05-01 01:07:58,718 INFO c.s.a.c.MechanicController {filtermechanics} [main] END getAll
2025-05-01 01:07:58,783 INFO c.s.a.c.MechanicController {modifyMechanic} [main] BEGIN modifyMechanic
2025-05-01 01:07:58,783 INFO c.s.a.c.MechanicController {modifyMechanic} [main] END modifyMechanic
2025-05-01 01:07:58,813 INFO c.s.a.c.MechanicController {filtermechanics} [main] BEGIN getAll
2025-05-01 01:07:58,816 INFO c.s.a.c.MechanicController {filtermechanics} [main] END getAll
2025-05-01 01:07:58,831 INFO c.s.a.c.MechanicController {getMechanic} [main] BEGIN getMechanic
2025-05-01 01:07:58,862 INFO c.s.a.c.MechanicController {filtermechanics} [main] BEGIN getAll
2025-05-01 01:07:58,864 INFO c.s.a.c.MechanicController {filtermechanics} [main] END getAll
2025-05-01 01:07:58,881 INFO c.s.a.c.MechanicController {removeMechanic} [main] BEGIN removeMechanic
2025-05-01 01:07:58,883 INFO c.s.a.c.MechanicController {removeMechanic} [main] END removeMechanic
2025-05-01 01:07:58,943 INFO c.s.a.c.MechanicController {addMechanic} [main] BEGIN addMechanic
2025-05-01 01:07:58,946 INFO c.s.a.c.MechanicController {addMechanic} [main] END addMechanic
2025-05-01 01:07:58,960 INFO c.s.a.c.MechanicController {getMechanic} [main] BEGIN getMechanic
2025-05-01 01:07:58,960 INFO c.s.a.c.MechanicController {getMechanic} [main] END getMechanic
2025-05-01 01:07:58,987 INFO c.s.a.c.MechanicController {modifyMechanic} [main] BEGIN modifyMechanic
2025-05-01 01:07:59,006 INFO c.s.a.c.MechanicController {filtermechanics} [main] BEGIN getAll
2025-05-01 01:07:59,007 INFO c.s.a.c.MechanicController {filtermechanics} [main] END getAll
2025-05-01 01:07:59,022 INFO c.s.a.c.MechanicController {removeMechanic} [main] BEGIN removeMechanic
2025-05-01 01:07:59,037 INFO c.s.a.c.MechanicController {filtermechanics} [main] BEGIN getAll
2025-05-01 01:07:59,045 INFO c.s.a.c.MechanicController {filtermechanics} [main] END getAll
2025-05-01 01:07:59,490 INFO o.s.t.c.s.AbstractTestContextBootstrapper {buildDefaultMergedContextConfiguration} [main] Neither @ContextConfiguration nor @ContextHierarchy found for test class [com.svalero.apibikes.UserControllerTests], using SpringBootContextLoader
2025-05-01 01:07:59,490 INFO o.s.t.c.s.AbstractContextLoader {generateDefaultLocations} [main] Could not detect default resource locations for test class [com.svalero.apibikes.UserControllerTests]: no resource found for suffixes {-context.xml, Context.groovy}.
2025-05-01 01:07:59,494 INFO o.s.t.c.s.AnnotationConfigContextLoaderUtils {detectDefaultConfigurationClasses} [main] Could not detect default configuration classes for test class [com.svalero.apibikes.UserControllerTests]: UserControllerTests does not declare any static, non-private, non-final, nested classes annotated with @Configuration.
2025-05-01 01:07:59,511 INFO o.s.b.t.c.SpringBootTestContextBootstrapper {getOrFindConfigurationClasses} [main] Found @SpringBootConfiguration com.svalero.apibikes.HellospringApplication for test class com.svalero.apibikes.UserControllerTests
2025-05-01 01:07:59,513 INFO o.s.t.c.s.AbstractTestContextBootstrapper {getDefaultTestExecutionListenerClassNames} [main] Loaded default TestExecutionListener class names from location [META-INF/spring.factories]: [org.springframework.boot.test.mock.mockito.MockitoTestExecutionListener, org.springframework.boot.test.mock.mockito.ResetMocksTestExecutionListener, org.springframework.boot.test.autoconfigure.restdocs.RestDocsTestExecutionListener, org.springframework.boot.test.autoconfigure.web.client.MockRestServiceServerResetTestExecutionListener, org.springframework.boot.test.autoconfigure.web.servlet.MockMvcPrintOnlyOnFailureTestExecutionListener, org.springframework.boot.test.autoconfigure.web.servlet.WebDriverTestExecutionListener, org.springframework.boot.test.autoconfigure.webservices.client.MockWebServiceServerTestExecutionListener, org.springframework.test.context.web.ServletTestExecutionListener, org.springframework.test.context.support.DirtiesContextBeforeModesTestExecutionListener, org.springframework.test.context.event.ApplicationEventsTestExecutionListener, org.springframework.test.context.support.DependencyInjectionTestExecutionListener, org.springframework.test.context.support.DirtiesContextTestExecutionListener, org.springframework.test.context.transaction.TransactionalTestExecutionListener, org.springframework.test.context.jdbc.SqlScriptsTestExecutionListener, org.springframework.test.context.event.EventPublishingTestExecutionListener]
2025-05-01 01:07:59,515 INFO o.s.t.c.s.AbstractTestContextBootstrapper {getTestExecutionListeners} [main] Using TestExecutionListeners: [org.springframework.test.context.web.ServletTestExecutionListener@17d19538, org.springframework.test.context.support.DirtiesContextBeforeModesTestExecutionListener@6068cda1, org.springframework.test.context.event.ApplicationEventsTestExecutionListener@644e6a8e, org.springframework.boot.test.mock.mockito.MockitoTestExecutionListener@2ccecae2, org.springframework.boot.test.autoconfigure.SpringBootDependencyInjectionTestExecutionListener@37ade216, org.springframework.test.context.support.DirtiesContextTestExecutionListener@118e2487, org.springframework.test.context.transaction.TransactionalTestExecutionListener@6032622, org.springframework.test.context.jdbc.SqlScriptsTestExecutionListener@5cc075da, org.springframework.test.context.event.EventPublishingTestExecutionListener@4258106, org.springframework.boot.test.mock.mockito.ResetMocksTestExecutionListener@64ef2719, org.springframework.boot.test.autoconfigure.restdocs.RestDocsTestExecutionListener@7b423f90, org.springframework.boot.test.autoconfigure.web.client.MockRestServiceServerResetTestExecutionListener@24f3fb87, org.springframework.boot.test.autoconfigure.web.servlet.MockMvcPrintOnlyOnFailureTestExecutionListener@c7673ae, org.springframework.boot.test.autoconfigure.web.servlet.WebDriverTestExecutionListener@113c4ad6, org.springframework.boot.test.autoconfigure.webservices.client.MockWebServiceServerTestExecutionListener@7be859de]
2025-05-01 01:07:59,588 INFO o.s.b.StartupInfoLogger {logStarting} [main] Starting UserControllerTests using Java 21 on DESKTOP-A2Q7539 with PID 6976 (started by 34618 in C:\Users\34618\Documents\2DAM Gdo. Superior\Acceso a datos 2DAM\hellospring)
2025-05-01 01:07:59,588 INFO o.s.b.SpringApplication {logStartupProfileInfo} [main] The following 1 profile is active: "test"
2025-05-01 01:08:00,318 INFO o.s.s.w.DefaultSecurityFilterChain {<init>} [main] Will secure any request with [org.springframework.security.web.session.DisableEncodeUrlFilter@5f9ccd0c, org.springframework.security.web.context.request.async.WebAsyncManagerIntegrationFilter@6738e8b2, org.springframework.security.web.context.SecurityContextPersistenceFilter@50ecef36, org.springframework.security.web.header.HeaderWriterFilter@59d0fac9, org.springframework.security.web.authentication.logout.LogoutFilter@59282dc6, org.springframework.security.web.savedrequest.RequestCacheAwareFilter@767d9b9, org.springframework.security.web.servletapi.SecurityContextHolderAwareRequestFilter@593f7d2e, org.springframework.security.web.authentication.AnonymousAuthenticationFilter@609ad016, org.springframework.security.web.session.SessionManagementFilter@1d3546f9, org.springframework.security.web.access.ExceptionTranslationFilter@8dbf0f2, org.springframework.security.web.access.intercept.FilterSecurityInterceptor@6371c5ec]
2025-05-01 01:08:00,725 INFO o.s.m.w.MockServletContext {log} [main] Initializing Spring TestDispatcherServlet ''
2025-05-01 01:08:00,725 INFO o.s.w.s.FrameworkServlet {initServletBean} [main] Initializing Servlet ''
2025-05-01 01:08:00,726 INFO o.s.w.s.FrameworkServlet {initServletBean} [main] Completed initialization in 0 ms
2025-05-01 01:08:00,736 INFO o.s.b.StartupInfoLogger {logStarted} [main] Started UserControllerTests in 1.219 seconds (JVM running for 13.216)
2025-05-01 01:08:00,753 INFO c.s.a.c.UserController {getUser} [main] BEGIN getUser
2025-05-01 01:08:00,764 INFO c.s.a.c.UserController {filterusers} [main] BEGIN getAll
2025-05-01 01:08:00,764 INFO c.s.a.c.UserController {filterusers} [main] END getAll
2025-05-01 01:08:00,811 INFO c.s.a.c.UserController {filterusers} [main] BEGIN getAll
2025-05-01 01:08:00,812 INFO c.s.a.c.UserController {filterusers} [main] END getAll
2025-05-01 01:08:00,821 INFO c.s.a.c.UserController {filterusers} [main] BEGIN getAll
2025-05-01 01:08:00,821 INFO c.s.a.c.UserController {filterusers} [main] END getAll
2025-05-01 01:08:00,846 INFO c.s.a.c.UserController {removeUser} [main] BEGIN removeUser
2025-05-01 01:08:00,846 INFO c.s.a.c.UserController {removeUser} [main] END removeUser
2025-05-01 01:08:00,854 INFO c.s.a.c.UserController {getUser} [main] BEGIN getUser
2025-05-01 01:08:00,856 INFO c.s.a.c.UserController {getUser} [main] END getUser
2025-05-01 01:08:00,874 INFO c.s.a.c.UserController {modifyUser} [main] BEGIN modifyUser
2025-05-01 01:08:00,881 INFO c.s.a.c.UserController {filterusers} [main] BEGIN getAll
2025-05-01 01:08:00,883 INFO c.s.a.c.UserController {filterusers} [main] END getAll
2025-05-01 01:08:00,883 INFO c.s.a.c.UserController {filterusers} [main] BEGIN getAll
2025-05-01 01:08:00,892 INFO c.s.a.c.UserController {filterusers} [main] END getAll
2025-05-01 01:08:00,896 INFO c.s.a.c.UserController {modifyUser} [main] BEGIN modifyUser
2025-05-01 01:08:00,896 INFO c.s.a.c.UserController {modifyUser} [main] END modifyUser
2025-05-01 01:08:00,909 INFO c.s.a.c.UserController {removeUser} [main] BEGIN removeUser
2025-05-01 01:08:00,983 INFO o.s.t.c.s.AbstractTestContextBootstrapper {buildDefaultMergedContextConfiguration} [main] Neither @ContextConfiguration nor @ContextHierarchy found for test class [com.svalero.apibikes.WorkShopControllerTests], using SpringBootContextLoader
2025-05-01 01:08:00,985 INFO o.s.t.c.s.AbstractContextLoader {generateDefaultLocations} [main] Could not detect default resource locations for test class [com.svalero.apibikes.WorkShopControllerTests]: no resource found for suffixes {-context.xml, Context.groovy}.
2025-05-01 01:08:00,985 INFO o.s.t.c.s.AnnotationConfigContextLoaderUtils {detectDefaultConfigurationClasses} [main] Could not detect default configuration classes for test class [com.svalero.apibikes.WorkShopControllerTests]: WorkShopControllerTests does not declare any static, non-private, non-final, nested classes annotated with @Configuration.
2025-05-01 01:08:01,002 INFO o.s.b.t.c.SpringBootTestContextBootstrapper {getOrFindConfigurationClasses} [main] Found @SpringBootConfiguration com.svalero.apibikes.HellospringApplication for test class com.svalero.apibikes.WorkShopControllerTests
2025-05-01 01:08:01,004 INFO o.s.t.c.s.AbstractTestContextBootstrapper {getDefaultTestExecutionListenerClassNames} [main] Loaded default TestExecutionListener class names from location [META-INF/spring.factories]: [org.springframework.boot.test.mock.mockito.MockitoTestExecutionListener, org.springframework.boot.test.mock.mockito.ResetMocksTestExecutionListener, org.springframework.boot.test.autoconfigure.restdocs.RestDocsTestExecutionListener, org.springframework.boot.test.autoconfigure.web.client.MockRestServiceServerResetTestExecutionListener, org.springframework.boot.test.autoconfigure.web.servlet.MockMvcPrintOnlyOnFailureTestExecutionListener, org.springframework.boot.test.autoconfigure.web.servlet.WebDriverTestExecutionListener, org.springframework.boot.test.autoconfigure.webservices.client.MockWebServiceServerTestExecutionListener, org.springframework.test.context.web.ServletTestExecutionListener, org.springframework.test.context.support.DirtiesContextBeforeModesTestExecutionListener, org.springframework.test.context.event.ApplicationEventsTestExecutionListener, org.springframework.test.context.support.DependencyInjectionTestExecutionListener, org.springframework.test.context.support.DirtiesContextTestExecutionListener, org.springframework.test.context.transaction.TransactionalTestExecutionListener, org.springframework.test.context.jdbc.SqlScriptsTestExecutionListener, org.springframework.test.context.event.EventPublishingTestExecutionListener]
2025-05-01 01:08:01,004 INFO o.s.t.c.s.AbstractTestContextBootstrapper {getTestExecutionListeners} [main] Using TestExecutionListeners: [org.springframework.test.context.web.ServletTestExecutionListener@6eadd342, org.springframework.test.context.support.DirtiesContextBeforeModesTestExecutionListener@30a20fb3, org.springframework.test.context.event.ApplicationEventsTestExecutionListener@34f24a11, org.springframework.boot.test.mock.mockito.MockitoTestExecutionListener@3f6d36eb, org.springframework.boot.test.autoconfigure.SpringBootDependencyInjectionTestExecutionListener@3f5ac587, org.springframework.test.context.support.DirtiesContextTestExecutionListener@1fa58a48, org.springframework.test.context.transaction.TransactionalTestExecutionListener@3921e96f, org.springframework.test.context.jdbc.SqlScriptsTestExecutionListener@6fad5ace, org.springframework.test.context.event.EventPublishingTestExecutionListener@632dc41, org.springframework.boot.test.mock.mockito.ResetMocksTestExecutionListener@35f6f105, org.springframework.boot.test.autoconfigure.restdocs.RestDocsTestExecutionListener@3aa1c45, org.springframework.boot.test.autoconfigure.web.client.MockRestServiceServerResetTestExecutionListener@6d45dd4, org.springframework.boot.test.autoconfigure.web.servlet.MockMvcPrintOnlyOnFailureTestExecutionListener@1614499b, org.springframework.boot.test.autoconfigure.web.servlet.WebDriverTestExecutionListener@1468fc85, org.springframework.boot.test.autoconfigure.webservices.client.MockWebServiceServerTestExecutionListener@47f39279]
2025-05-01 01:08:01,063 INFO o.s.b.StartupInfoLogger {logStarting} [main] Starting WorkShopControllerTests using Java 21 on DESKTOP-A2Q7539 with PID 6976 (started by 34618 in C:\Users\34618\Documents\2DAM Gdo. Superior\Acceso a datos 2DAM\hellospring)
2025-05-01 01:08:01,063 INFO o.s.b.SpringApplication {logStartupProfileInfo} [main] The following 1 profile is active: "test"
2025-05-01 01:08:01,429 INFO o.s.s.w.DefaultSecurityFilterChain {<init>} [main] Will secure any request with [org.springframework.security.web.session.DisableEncodeUrlFilter@8e00c02, org.springframework.security.web.context.request.async.WebAsyncManagerIntegrationFilter@464d60fb, org.springframework.security.web.context.SecurityContextPersistenceFilter@1e14b269, org.springframework.security.web.header.HeaderWriterFilter@77307b51, org.springframework.security.web.authentication.logout.LogoutFilter@4cefa0be, org.springframework.security.web.savedrequest.RequestCacheAwareFilter@68543a35, org.springframework.security.web.servletapi.SecurityContextHolderAwareRequestFilter@1cca2e9d, org.springframework.security.web.authentication.AnonymousAuthenticationFilter@447543ee, org.springframework.security.web.session.SessionManagementFilter@48d464cf, org.springframework.security.web.access.ExceptionTranslationFilter@b1fa523, org.springframework.security.web.access.intercept.FilterSecurityInterceptor@102fd71d]
2025-05-01 01:08:01,803 INFO o.s.m.w.MockServletContext {log} [main] Initializing Spring TestDispatcherServlet ''
2025-05-01 01:08:01,804 INFO o.s.w.s.FrameworkServlet {initServletBean} [main] Initializing Servlet ''
2025-05-01 01:08:01,805 INFO o.s.w.s.FrameworkServlet {initServletBean} [main] Completed initialization in 0 ms
2025-05-01 01:08:01,819 INFO o.s.b.StartupInfoLogger {logStarted} [main] Started WorkShopControllerTests in 0.811 seconds (JVM running for 14.294)
2025-05-01 01:08:01,861 INFO c.s.a.c.WorkShopController {modifyWorkShop} [main] BEGIN modifyWorkShop
2025-05-01 01:08:01,861 INFO c.s.a.c.WorkShopController {modifyWorkShop} [main] END modifyWorkShop
2025-05-01 01:08:01,872 INFO c.s.a.c.WorkShopController {getWorkShop} [main] BEGIN getWorkShop
2025-05-01 01:08:01,874 INFO c.s.a.c.WorkShopController {getWorkShop} [main] END getWorkShop
2025-05-01 01:08:01,887 INFO c.s.a.c.WorkShopController {filterworkshops} [main] BEGIN getAll
2025-05-01 01:08:01,887 INFO c.s.a.c.WorkShopController {filterworkshops} [main] END getAll
2025-05-01 01:08:01,895 INFO c.s.a.c.WorkShopController {filterworkshops} [main] BEGIN getAll
2025-05-01 01:08:01,895 INFO c.s.a.c.WorkShopController {filterworkshops} [main] END getAll
2025-05-01 01:08:01,903 INFO c.s.a.c.WorkShopController {removeWorkShop} [main] BEGIN removeWorkShop
2025-05-01 01:08:01,904 INFO c.s.a.c.WorkShopController {removeWorkShop} [main] END removeWorkShop
2025-05-01 01:08:01,908 INFO c.s.a.c.WorkShopController {filterworkshops} [main] BEGIN getAll
2025-05-01 01:08:01,908 INFO c.s.a.c.WorkShopController {filterworkshops} [main] END getAll
2025-05-01 01:08:01,923 INFO c.s.a.c.WorkShopController {modifyWorkShop} [main] BEGIN modifyWorkShop
2025-05-01 01:08:01,940 INFO c.s.a.c.WorkShopController {removeWorkShop} [main] BEGIN removeWorkShop
2025-05-01 01:08:01,940 INFO c.s.a.c.WorkShopController {filterworkshops} [main] BEGIN getAll
2025-05-01 01:08:01,940 INFO c.s.a.c.WorkShopController {filterworkshops} [main] END getAll
2025-05-01 01:08:01,964 INFO c.s.a.c.WorkShopController {getWorkShop} [main] BEGIN getWorkShop
2025-05-01 01:08:01,970 INFO c.s.a.c.WorkShopController {filterworkshops} [main] BEGIN getAll
2025-05-01 01:08:01,971 INFO c.s.a.c.WorkShopController {filterworkshops} [main] END getAll
2025-05-01 01:08:01,980 INFO c.s.a.c.WorkShopController {addWorkShop} [main] BEGIN addWorkShop
2025-05-01 01:08:01,982 INFO c.s.a.c.WorkShopController {addWorkShop} [main] END addWorkShop
2025-05-01 01:15:23,640 INFO o.h.v.i.u.Version {<clinit>} [background-preinit] HV000001: Hibernate Validator 6.2.5.Final
2025-05-01 01:15:23,664 INFO o.s.b.StartupInfoLogger {logStarting} [main] Starting BikeControllerTests using Java 21 on DESKTOP-A2Q7539 with PID 10728 (started by 34618 in C:\Users\34618\Documents\2DAM Gdo. Superior\Acceso a datos 2DAM\hellospring)
2025-05-01 01:15:23,666 INFO o.s.b.SpringApplication {logStartupProfileInfo} [main] The following 1 profile is active: "test"
2025-05-01 01:15:28,204 INFO o.s.s.w.DefaultSecurityFilterChain {<init>} [main] Will secure any request with [org.springframework.security.web.session.DisableEncodeUrlFilter@7c588adc, org.springframework.security.web.context.request.async.WebAsyncManagerIntegrationFilter@33ec2c0c, org.springframework.security.web.context.SecurityContextPersistenceFilter@102c18e, org.springframework.security.web.header.HeaderWriterFilter@3c28e5b6, org.springframework.security.web.authentication.logout.LogoutFilter@7e5efcab, org.springframework.security.web.savedrequest.RequestCacheAwareFilter@3c7279a5, org.springframework.security.web.servletapi.SecurityContextHolderAwareRequestFilter@2bebd114, org.springframework.security.web.authentication.AnonymousAuthenticationFilter@5968800d, org.springframework.security.web.session.SessionManagementFilter@6c742b84, org.springframework.security.web.access.ExceptionTranslationFilter@6b162ecc, org.springframework.security.web.access.intercept.FilterSecurityInterceptor@391d1e33]
2025-05-01 01:15:29,663 INFO o.s.m.w.MockServletContext {log} [main] Initializing Spring TestDispatcherServlet ''
2025-05-01 01:15:29,663 INFO o.s.w.s.FrameworkServlet {initServletBean} [main] Initializing Servlet ''
2025-05-01 01:15:29,663 INFO o.s.w.s.FrameworkServlet {initServletBean} [main] Completed initialization in 0 ms
2025-05-01 01:15:29,703 INFO o.s.b.StartupInfoLogger {logStarted} [main] Started BikeControllerTests in 7.216 seconds (JVM running for 10.171)
2025-05-01 01:15:29,859 INFO c.s.a.c.BikeController {filterBikes} [main] Filtrando bicicletas con parámetros: brand=, model=Alma, color=
2025-05-01 01:15:29,867 INFO c.s.a.c.BikeController {filterBikes} [main] Operación completada: Se obtuvieron 1 bicicletas filtradas
2025-05-01 01:15:30,002 INFO c.s.a.c.BikeController {filterBikes} [main] Filtrando bicicletas con parámetros: brand=Orbea, model=Alma, color=green
2025-05-01 01:15:30,009 INFO c.s.a.c.BikeController {filterBikes} [main] Operación completada: Se obtuvieron 1 bicicletas filtradas
2025-05-01 01:15:30,172 INFO c.s.a.c.BikeController {addBike} [main] BEGIN addBike
2025-05-01 01:15:30,193 INFO c.s.a.c.BikeController {filterBikes} [main] Filtrando bicicletas con parámetros: brand=Orbea, model=, color=
2025-05-01 01:15:30,195 INFO c.s.a.c.BikeController {filterBikes} [main] Operación completada: Se obtuvieron 2 bicicletas filtradas
2025-05-01 01:15:30,211 INFO c.s.a.c.BikeController {addBike} [main] BEGIN addBike
2025-05-01 01:15:30,212 INFO c.s.a.c.BikeController {addBike} [main] END addBike
2025-05-01 01:15:30,279 INFO c.s.a.c.BikeController {filterBikes} [main] Filtrando bicicletas con parámetros: brand=, model=, color=
2025-05-01 01:15:30,280 INFO c.s.a.c.BikeController {filterBikes} [main] Operación completada: Se obtuvieron 3 bicicletas filtradas
2025-05-01 01:15:30,292 INFO c.s.a.c.BikeController {filterBikes} [main] Filtrando bicicletas con parámetros: brand=, model=, color=green
2025-05-01 01:15:30,292 INFO c.s.a.c.BikeController {filterBikes} [main] Operación completada: Se obtuvieron 1 bicicletas filtradas
2025-05-01 01:15:30,309 INFO c.s.a.c.BikeController {getBike} [main] BEGIN getBike
2025-05-01 01:15:30,311 INFO c.s.a.c.BikeController {getBike} [main] END getBike
2025-05-01 01:15:30,362 INFO c.s.a.c.BikeController {removeBike} [main] BEGIN removeBike
2025-05-01 01:15:30,362 INFO c.s.a.c.BikeController {removeBike} [main] END removeBike
2025-05-01 01:15:30,388 INFO c.s.a.c.BikeController {modifyBike} [main] BEGIN modifyBike
2025-05-01 01:15:30,426 INFO c.s.a.c.BikeController {modifyBike} [main] BEGIN modifyBike
2025-05-01 01:15:30,426 INFO c.s.a.c.BikeController {modifyBike} [main] END modifyBike
2025-05-01 01:15:30,433 INFO c.s.a.c.BikeController {removeBike} [main] BEGIN removeBike
2025-05-01 01:15:30,450 INFO c.s.a.c.BikeController {getBike} [main] BEGIN getBike
2025-05-01 01:15:30,784 INFO o.s.t.c.s.AbstractTestContextBootstrapper {buildDefaultMergedContextConfiguration} [main] Neither @ContextConfiguration nor @ContextHierarchy found for test class [com.svalero.apibikes.MechanicControllerTests], using SpringBootContextLoader
2025-05-01 01:15:30,786 INFO o.s.t.c.s.AbstractContextLoader {generateDefaultLocations} [main] Could not detect default resource locations for test class [com.svalero.apibikes.MechanicControllerTests]: no resource found for suffixes {-context.xml, Context.groovy}.
2025-05-01 01:15:30,786 INFO o.s.t.c.s.AnnotationConfigContextLoaderUtils {detectDefaultConfigurationClasses} [main] Could not detect default configuration classes for test class [com.svalero.apibikes.MechanicControllerTests]: MechanicControllerTests does not declare any static, non-private, non-final, nested classes annotated with @Configuration.
2025-05-01 01:15:30,795 INFO o.s.b.t.c.SpringBootTestContextBootstrapper {getOrFindConfigurationClasses} [main] Found @SpringBootConfiguration com.svalero.apibikes.HellospringApplication for test class com.svalero.apibikes.MechanicControllerTests
2025-05-01 01:15:30,795 INFO o.s.t.c.s.AbstractTestContextBootstrapper {getDefaultTestExecutionListenerClassNames} [main] Loaded default TestExecutionListener class names from location [META-INF/spring.factories]: [org.springframework.boot.test.mock.mockito.MockitoTestExecutionListener, org.springframework.boot.test.mock.mockito.ResetMocksTestExecutionListener, org.springframework.boot.test.autoconfigure.restdocs.RestDocsTestExecutionListener, org.springframework.boot.test.autoconfigure.web.client.MockRestServiceServerResetTestExecutionListener, org.springframework.boot.test.autoconfigure.web.servlet.MockMvcPrintOnlyOnFailureTestExecutionListener, org.springframework.boot.test.autoconfigure.web.servlet.WebDriverTestExecutionListener, org.springframework.boot.test.autoconfigure.webservices.client.MockWebServiceServerTestExecutionListener, org.springframework.test.context.web.ServletTestExecutionListener, org.springframework.test.context.support.DirtiesContextBeforeModesTestExecutionListener, org.springframework.test.context.event.ApplicationEventsTestExecutionListener, org.springframework.test.context.support.DependencyInjectionTestExecutionListener, org.springframework.test.context.support.DirtiesContextTestExecutionListener, org.springframework.test.context.transaction.TransactionalTestExecutionListener, org.springframework.test.context.jdbc.SqlScriptsTestExecutionListener, org.springframework.test.context.event.EventPublishingTestExecutionListener]
2025-05-01 01:15:30,795 INFO o.s.t.c.s.AbstractTestContextBootstrapper {getTestExecutionListeners} [main] Using TestExecutionListeners: [org.springframework.test.context.web.ServletTestExecutionListener@460e5ffe, org.springframework.test.context.support.DirtiesContextBeforeModesTestExecutionListener@1a4cbcc6, org.springframework.test.context.event.ApplicationEventsTestExecutionListener@7cecab19, org.springframework.boot.test.mock.mockito.MockitoTestExecutionListener@56402642, org.springframework.boot.test.autoconfigure.SpringBootDependencyInjectionTestExecutionListener@620572db, org.springframework.test.context.support.DirtiesContextTestExecutionListener@1d5048d1, org.springframework.test.context.transaction.TransactionalTestExecutionListener@47d9c01, org.springframework.test.context.jdbc.SqlScriptsTestExecutionListener@5358c8fa, org.springframework.test.context.event.EventPublishingTestExecutionListener@1a02ebe0, org.springframework.boot.test.mock.mockito.ResetMocksTestExecutionListener@58b3eb1, org.springframework.boot.test.autoconfigure.restdocs.RestDocsTestExecutionListener@6d7e2795, org.springframework.boot.test.autoconfigure.web.client.MockRestServiceServerResetTestExecutionListener@78743dd8, org.springframework.boot.test.autoconfigure.web.servlet.MockMvcPrintOnlyOnFailureTestExecutionListener@752494dd, org.springframework.boot.test.autoconfigure.web.servlet.WebDriverTestExecutionListener@2986427e, org.springframework.boot.test.autoconfigure.webservices.client.MockWebServiceServerTestExecutionListener@35d88a54]
2025-05-01 01:15:30,853 INFO o.s.b.StartupInfoLogger {logStarting} [main] Starting MechanicControllerTests using Java 21 on DESKTOP-A2Q7539 with PID 10728 (started by 34618 in C:\Users\34618\Documents\2DAM Gdo. Superior\Acceso a datos 2DAM\hellospring)
2025-05-01 01:15:30,853 INFO o.s.b.SpringApplication {logStartupProfileInfo} [main] The following 1 profile is active: "test"
2025-05-01 01:15:31,363 INFO o.s.s.w.DefaultSecurityFilterChain {<init>} [main] Will secure any request with [org.springframework.security.web.session.DisableEncodeUrlFilter@465d1345, org.springframework.security.web.context.request.async.WebAsyncManagerIntegrationFilter@62cf86d6, org.springframework.security.web.context.SecurityContextPersistenceFilter@5ffd35dd, org.springframework.security.web.header.HeaderWriterFilter@2c0a3826, org.springframework.security.web.authentication.logout.LogoutFilter@6f80cf5, org.springframework.security.web.savedrequest.RequestCacheAwareFilter@311a09b2, org.springframework.security.web.servletapi.SecurityContextHolderAwareRequestFilter@4cacccbf, org.springframework.security.web.authentication.AnonymousAuthenticationFilter@2a6c751f, org.springframework.security.web.session.SessionManagementFilter@4af0c50, org.springframework.security.web.access.ExceptionTranslationFilter@28f8ce2e, org.springframework.security.web.access.intercept.FilterSecurityInterceptor@57920d6c]
2025-05-01 01:15:32,269 INFO o.s.m.w.MockServletContext {log} [main] Initializing Spring TestDispatcherServlet ''
2025-05-01 01:15:32,270 INFO o.s.w.s.FrameworkServlet {initServletBean} [main] Initializing Servlet ''
2025-05-01 01:15:32,274 INFO o.s.w.s.FrameworkServlet {initServletBean} [main] Completed initialization in 2 ms
2025-05-01 01:15:32,305 INFO o.s.b.StartupInfoLogger {logStarted} [main] Started MechanicControllerTests in 1.504 seconds (JVM running for 12.77)
2025-05-01 01:15:32,328 INFO c.s.a.c.MechanicController {filtermechanics} [main] BEGIN getAll
2025-05-01 01:15:32,330 INFO c.s.a.c.MechanicController {filtermechanics} [main] END getAll
2025-05-01 01:15:32,387 INFO c.s.a.c.MechanicController {modifyMechanic} [main] BEGIN modifyMechanic
2025-05-01 01:15:32,388 INFO c.s.a.c.MechanicController {modifyMechanic} [main] END modifyMechanic
2025-05-01 01:15:32,403 INFO c.s.a.c.MechanicController {filtermechanics} [main] BEGIN getAll
2025-05-01 01:15:32,410 INFO c.s.a.c.MechanicController {filtermechanics} [main] END getAll
2025-05-01 01:15:32,427 INFO c.s.a.c.MechanicController {getMechanic} [main] BEGIN getMechanic
2025-05-01 01:15:32,448 INFO c.s.a.c.MechanicController {filtermechanics} [main] BEGIN getAll
2025-05-01 01:15:32,450 INFO c.s.a.c.MechanicController {filtermechanics} [main] END getAll
2025-05-01 01:15:32,463 INFO c.s.a.c.MechanicController {removeMechanic} [main] BEGIN removeMechanic
2025-05-01 01:15:32,463 INFO c.s.a.c.MechanicController {removeMechanic} [main] END removeMechanic
2025-05-01 01:15:32,516 INFO c.s.a.c.MechanicController {addMechanic} [main] BEGIN addMechanic
2025-05-01 01:15:32,518 INFO c.s.a.c.MechanicController {addMechanic} [main] END addMechanic
2025-05-01 01:15:32,534 INFO c.s.a.c.MechanicController {getMechanic} [main] BEGIN getMechanic
2025-05-01 01:15:32,537 INFO c.s.a.c.MechanicController {getMechanic} [main] END getMechanic
2025-05-01 01:15:32,559 INFO c.s.a.c.MechanicController {modifyMechanic} [main] BEGIN modifyMechanic
2025-05-01 01:15:32,578 INFO c.s.a.c.MechanicController {filtermechanics} [main] BEGIN getAll
2025-05-01 01:15:32,582 INFO c.s.a.c.MechanicController {filtermechanics} [main] END getAll
2025-05-01 01:15:32,596 INFO c.s.a.c.MechanicController {removeMechanic} [main] BEGIN removeMechanic
2025-05-01 01:15:32,613 INFO c.s.a.c.MechanicController {filtermechanics} [main] BEGIN getAll
2025-05-01 01:15:32,614 INFO c.s.a.c.MechanicController {filtermechanics} [main] END getAll
2025-05-01 01:15:33,044 INFO o.s.t.c.s.AbstractTestContextBootstrapper {buildDefaultMergedContextConfiguration} [main] Neither @ContextConfiguration nor @ContextHierarchy found for test class [com.svalero.apibikes.UserControllerTests], using SpringBootContextLoader
2025-05-01 01:15:33,046 INFO o.s.t.c.s.AbstractContextLoader {generateDefaultLocations} [main] Could not detect default resource locations for test class [com.svalero.apibikes.UserControllerTests]: no resource found for suffixes {-context.xml, Context.groovy}.
2025-05-01 01:15:33,047 INFO o.s.t.c.s.AnnotationConfigContextLoaderUtils {detectDefaultConfigurationClasses} [main] Could not detect default configuration classes for test class [com.svalero.apibikes.UserControllerTests]: UserControllerTests does not declare any static, non-private, non-final, nested classes annotated with @Configuration.
2025-05-01 01:15:33,070 INFO o.s.b.t.c.SpringBootTestContextBootstrapper {getOrFindConfigurationClasses} [main] Found @SpringBootConfiguration com.svalero.apibikes.HellospringApplication for test class com.svalero.apibikes.UserControllerTests
2025-05-01 01:15:33,076 INFO o.s.t.c.s.AbstractTestContextBootstrapper {getDefaultTestExecutionListenerClassNames} [main] Loaded default TestExecutionListener class names from location [META-INF/spring.factories]: [org.springframework.boot.test.mock.mockito.MockitoTestExecutionListener, org.springframework.boot.test.mock.mockito.ResetMocksTestExecutionListener, org.springframework.boot.test.autoconfigure.restdocs.RestDocsTestExecutionListener, org.springframework.boot.test.autoconfigure.web.client.MockRestServiceServerResetTestExecutionListener, org.springframework.boot.test.autoconfigure.web.servlet.MockMvcPrintOnlyOnFailureTestExecutionListener, org.springframework.boot.test.autoconfigure.web.servlet.WebDriverTestExecutionListener, org.springframework.boot.test.autoconfigure.webservices.client.MockWebServiceServerTestExecutionListener, org.springframework.test.context.web.ServletTestExecutionListener, org.springframework.test.context.support.DirtiesContextBeforeModesTestExecutionListener, org.springframework.test.context.event.ApplicationEventsTestExecutionListener, org.springframework.test.context.support.DependencyInjectionTestExecutionListener, org.springframework.test.context.support.DirtiesContextTestExecutionListener, org.springframework.test.context.transaction.TransactionalTestExecutionListener, org.springframework.test.context.jdbc.SqlScriptsTestExecutionListener, org.springframework.test.context.event.EventPublishingTestExecutionListener]
2025-05-01 01:15:33,078 INFO o.s.t.c.s.AbstractTestContextBootstrapper {getTestExecutionListeners} [main] Using TestExecutionListeners: [org.springframework.test.context.web.ServletTestExecutionListener@1df32c09, org.springframework.test.context.support.DirtiesContextBeforeModesTestExecutionListener@1aa31454, org.springframework.test.context.event.ApplicationEventsTestExecutionListener@5a8656a2, org.springframework.boot.test.mock.mockito.MockitoTestExecutionListener@52035328, org.springframework.boot.test.autoconfigure.SpringBootDependencyInjectionTestExecutionListener@5614ae05, org.springframework.test.context.support.DirtiesContextTestExecutionListener@54970127, org.springframework.test.context.transaction.TransactionalTestExecutionListener@3c4c7e51, org.springframework.test.context.jdbc.SqlScriptsTestExecutionListener@749ee0e3, org.springframework.test.context.event.EventPublishingTestExecutionListener@7891cf3, org.springframework.boot.test.mock.mockito.ResetMocksTestExecutionListener@6bfbab1c, org.springframework.boot.test.autoconfigure.restdocs.RestDocsTestExecutionListener@349aeec4, org.springframework.boot.test.autoconfigure.web.client.MockRestServiceServerResetTestExecutionListener@3700994c, org.springframework.boot.test.autoconfigure.web.servlet.MockMvcPrintOnlyOnFailureTestExecutionListener@78a165db, org.springframework.boot.test.autoconfigure.web.servlet.WebDriverTestExecutionListener@4eb48298, org.springframework.boot.test.autoconfigure.webservices.client.MockWebServiceServerTestExecutionListener@2d3bb944]
2025-05-01 01:15:33,146 INFO o.s.b.StartupInfoLogger {logStarting} [main] Starting UserControllerTests using Java 21 on DESKTOP-A2Q7539 with PID 10728 (started by 34618 in C:\Users\34618\Documents\2DAM Gdo. Superior\Acceso a datos 2DAM\hellospring)
2025-05-01 01:15:33,147 INFO o.s.b.SpringApplication {logStartupProfileInfo} [main] The following 1 profile is active: "test"
2025-05-01 01:15:33,889 INFO o.s.s.w.DefaultSecurityFilterChain {<init>} [main] Will secure any request with [org.springframework.security.web.session.DisableEncodeUrlFilter@efa04b5, org.springframework.security.web.context.request.async.WebAsyncManagerIntegrationFilter@a80a896, org.springframework.security.web.context.SecurityContextPersistenceFilter@7a0d2c80, org.springframework.security.web.header.HeaderWriterFilter@38093ffe, org.springframework.security.web.authentication.logout.LogoutFilter@55c8fc60, org.springframework.security.web.savedrequest.RequestCacheAwareFilter@6d4d0a14, org.springframework.security.web.servletapi.SecurityContextHolderAwareRequestFilter@1cca3e8c, org.springframework.security.web.authentication.AnonymousAuthenticationFilter@13c81bc5, org.springframework.security.web.session.SessionManagementFilter@4713b631, org.springframework.security.web.access.ExceptionTranslationFilter@66226ab, org.springframework.security.web.access.intercept.FilterSecurityInterceptor@5cf33d25]
2025-05-01 01:15:34,663 INFO o.s.m.w.MockServletContext {log} [main] Initializing Spring TestDispatcherServlet ''
2025-05-01 01:15:34,663 INFO o.s.w.s.FrameworkServlet {initServletBean} [main] Initializing Servlet ''
2025-05-01 01:15:34,663 INFO o.s.w.s.FrameworkServlet {initServletBean} [main] Completed initialization in 0 ms
2025-05-01 01:15:34,682 INFO o.s.b.StartupInfoLogger {logStarted} [main] Started UserControllerTests in 1.598 seconds (JVM running for 15.146)
2025-05-01 01:15:34,694 INFO c.s.a.c.UserController {getUser} [main] BEGIN getUser
2025-05-01 01:15:34,706 INFO c.s.a.c.UserController {filterusers} [main] BEGIN getAll
2025-05-01 01:15:34,708 INFO c.s.a.c.UserController {filterusers} [main] END getAll
2025-05-01 01:15:34,747 INFO c.s.a.c.UserController {filterusers} [main] BEGIN getAll
2025-05-01 01:15:34,748 INFO c.s.a.c.UserController {filterusers} [main] END getAll
2025-05-01 01:15:34,755 INFO c.s.a.c.UserController {filterusers} [main] BEGIN getAll
2025-05-01 01:15:34,756 INFO c.s.a.c.UserController {filterusers} [main] END getAll
2025-05-01 01:15:34,779 INFO c.s.a.c.UserController {removeUser} [main] BEGIN removeUser
2025-05-01 01:15:34,780 INFO c.s.a.c.UserController {removeUser} [main] END removeUser
2025-05-01 01:15:34,786 INFO c.s.a.c.UserController {getUser} [main] BEGIN getUser
2025-05-01 01:15:34,787 INFO c.s.a.c.UserController {getUser} [main] END getUser
2025-05-01 01:15:34,802 INFO c.s.a.c.UserController {modifyUser} [main] BEGIN modifyUser
2025-05-01 01:15:34,815 INFO c.s.a.c.UserController {filterusers} [main] BEGIN getAll
2025-05-01 01:15:34,817 INFO c.s.a.c.UserController {filterusers} [main] END getAll
2025-05-01 01:15:34,825 INFO c.s.a.c.UserController {filterusers} [main] BEGIN getAll
2025-05-01 01:15:34,826 INFO c.s.a.c.UserController {filterusers} [main] END getAll
2025-05-01 01:15:34,832 INFO c.s.a.c.UserController {modifyUser} [main] BEGIN modifyUser
2025-05-01 01:15:34,832 INFO c.s.a.c.UserController {modifyUser} [main] END modifyUser
2025-05-01 01:15:34,844 INFO c.s.a.c.UserController {removeUser} [main] BEGIN removeUser
2025-05-01 01:15:34,917 INFO o.s.t.c.s.AbstractTestContextBootstrapper {buildDefaultMergedContextConfiguration} [main] Neither @ContextConfiguration nor @ContextHierarchy found for test class [com.svalero.apibikes.WorkShopControllerTests], using SpringBootContextLoader
2025-05-01 01:15:34,918 INFO o.s.t.c.s.AbstractContextLoader {generateDefaultLocations} [main] Could not detect default resource locations for test class [com.svalero.apibikes.WorkShopControllerTests]: no resource found for suffixes {-context.xml, Context.groovy}.
2025-05-01 01:15:34,919 INFO o.s.t.c.s.AnnotationConfigContextLoaderUtils {detectDefaultConfigurationClasses} [main] Could not detect default configuration classes for test class [com.svalero.apibikes.WorkShopControllerTests]: WorkShopControllerTests does not declare any static, non-private, non-final, nested classes annotated with @Configuration.
2025-05-01 01:15:34,926 INFO o.s.b.t.c.SpringBootTestContextBootstrapper {getOrFindConfigurationClasses} [main] Found @SpringBootConfiguration com.svalero.apibikes.HellospringApplication for test class com.svalero.apibikes.WorkShopControllerTests
2025-05-01 01:15:34,926 INFO o.s.t.c.s.AbstractTestContextBootstrapper {getDefaultTestExecutionListenerClassNames} [main] Loaded default TestExecutionListener class names from location [META-INF/spring.factories]: [org.springframework.boot.test.mock.mockito.MockitoTestExecutionListener, org.springframework.boot.test.mock.mockito.ResetMocksTestExecutionListener, org.springframework.boot.test.autoconfigure.restdocs.RestDocsTestExecutionListener, org.springframework.boot.test.autoconfigure.web.client.MockRestServiceServerResetTestExecutionListener, org.springframework.boot.test.autoconfigure.web.servlet.MockMvcPrintOnlyOnFailureTestExecutionListener, org.springframework.boot.test.autoconfigure.web.servlet.WebDriverTestExecutionListener, org.springframework.boot.test.autoconfigure.webservices.client.MockWebServiceServerTestExecutionListener, org.springframework.test.context.web.ServletTestExecutionListener, org.springframework.test.context.support.DirtiesContextBeforeModesTestExecutionListener, org.springframework.test.context.event.ApplicationEventsTestExecutionListener, org.springframework.test.context.support.DependencyInjectionTestExecutionListener, org.springframework.test.context.support.DirtiesContextTestExecutionListener, org.springframework.test.context.transaction.TransactionalTestExecutionListener, org.springframework.test.context.jdbc.SqlScriptsTestExecutionListener, org.springframework.test.context.event.EventPublishingTestExecutionListener]
2025-05-01 01:15:34,926 INFO o.s.t.c.s.AbstractTestContextBootstrapper {getTestExecutionListeners} [main] Using TestExecutionListeners: [org.springframework.test.context.web.ServletTestExecutionListener@486dd616, org.springframework.test.context.support.DirtiesContextBeforeModesTestExecutionListener@a1d926b, org.springframework.test.context.event.ApplicationEventsTestExecutionListener@36b761e3, org.springframework.boot.test.mock.mockito.MockitoTestExecutionListener@e27d97b, org.springframework.boot.test.autoconfigure.SpringBootDependencyInjectionTestExecutionListener@285c63cf, org.springframework.test.context.support.DirtiesContextTestExecutionListener@4e343265, org.springframework.test.context.transaction.TransactionalTestExecutionListener@4301fa39, org.springframework.test.context.jdbc.SqlScriptsTestExecutionListener@73dd0f23, org.springframework.test.context.event.EventPublishingTestExecutionListener@38d4488c, org.springframework.boot.test.mock.mockito.ResetMocksTestExecutionListener@579ce2e9, org.springframework.boot.test.autoconfigure.restdocs.RestDocsTestExecutionListener@1b800a11, org.springframework.boot.test.autoconfigure.web.client.MockRestServiceServerResetTestExecutionListener@3faa55, org.springframework.boot.test.autoconfigure.web.servlet.MockMvcPrintOnlyOnFailureTestExecutionListener@1ab502f6, org.springframework.boot.test.autoconfigure.web.servlet.WebDriverTestExecutionListener@2a8e30e3, org.springframework.boot.test.autoconfigure.webservices.client.MockWebServiceServerTestExecutionListener@31c56721]
2025-05-01 01:15:34,960 INFO o.s.b.StartupInfoLogger {logStarting} [main] Starting WorkShopControllerTests using Java 21 on DESKTOP-A2Q7539 with PID 10728 (started by 34618 in C:\Users\34618\Documents\2DAM Gdo. Superior\Acceso a datos 2DAM\hellospring)
2025-05-01 01:15:34,960 INFO o.s.b.SpringApplication {logStartupProfileInfo} [main] The following 1 profile is active: "test"
2025-05-01 01:15:35,333 INFO o.s.s.w.DefaultSecurityFilterChain {<init>} [main] Will secure any request with [org.springframework.security.web.session.DisableEncodeUrlFilter@45e35a0d, org.springframework.security.web.context.request.async.WebAsyncManagerIntegrationFilter@21d15932, org.springframework.security.web.context.SecurityContextPersistenceFilter@7e514482, org.springframework.security.web.header.HeaderWriterFilter@44dcc0e4, org.springframework.security.web.authentication.logout.LogoutFilter@4eec5fa6, org.springframework.security.web.savedrequest.RequestCacheAwareFilter@1e5e3147, org.springframework.security.web.servletapi.SecurityContextHolderAwareRequestFilter@3c271988, org.springframework.security.web.authentication.AnonymousAuthenticationFilter@3966c679, org.springframework.security.web.session.SessionManagementFilter@2114eb1a, org.springframework.security.web.access.ExceptionTranslationFilter@5ac7550a, org.springframework.security.web.access.intercept.FilterSecurityInterceptor@5870fc05]
2025-05-01 01:15:35,756 INFO o.s.m.w.MockServletContext {log} [main] Initializing Spring TestDispatcherServlet ''
2025-05-01 01:15:35,757 INFO o.s.w.s.FrameworkServlet {initServletBean} [main] Initializing Servlet ''
2025-05-01 01:15:35,759 INFO o.s.w.s.FrameworkServlet {initServletBean} [main] Completed initialization in 2 ms
2025-05-01 01:15:35,771 INFO o.s.b.StartupInfoLogger {logStarted} [main] Started WorkShopControllerTests in 0.838 seconds (JVM running for 16.236)
2025-05-01 01:15:35,817 INFO c.s.a.c.WorkShopController {modifyWorkShop} [main] BEGIN modifyWorkShop
2025-05-01 01:15:35,817 INFO c.s.a.c.WorkShopController {modifyWorkShop} [main] END modifyWorkShop
2025-05-01 01:15:35,826 INFO c.s.a.c.WorkShopController {getWorkShop} [main] BEGIN getWorkShop
2025-05-01 01:15:35,826 INFO c.s.a.c.WorkShopController {getWorkShop} [main] END getWorkShop
2025-05-01 01:15:35,833 INFO c.s.a.c.WorkShopController {filterworkshops} [main] BEGIN getAll
2025-05-01 01:15:35,842 INFO c.s.a.c.WorkShopController {filterworkshops} [main] END getAll
2025-05-01 01:15:35,850 INFO c.s.a.c.WorkShopController {filterworkshops} [main] BEGIN getAll
2025-05-01 01:15:35,852 INFO c.s.a.c.WorkShopController {filterworkshops} [main] END getAll
2025-05-01 01:15:35,858 INFO c.s.a.c.WorkShopController {removeWorkShop} [main] BEGIN removeWorkShop
2025-05-01 01:15:35,859 INFO c.s.a.c.WorkShopController {removeWorkShop} [main] END removeWorkShop
2025-05-01 01:15:35,862 INFO c.s.a.c.WorkShopController {filterworkshops} [main] BEGIN getAll
2025-05-01 01:15:35,862 INFO c.s.a.c.WorkShopController {filterworkshops} [main] END getAll
2025-05-01 01:15:35,877 INFO c.s.a.c.WorkShopController {modifyWorkShop} [main] BEGIN modifyWorkShop
2025-05-01 01:15:35,896 INFO c.s.a.c.WorkShopController {removeWorkShop} [main] BEGIN removeWorkShop
2025-05-01 01:15:35,901 INFO c.s.a.c.WorkShopController {filterworkshops} [main] BEGIN getAll
2025-05-01 01:15:35,902 INFO c.s.a.c.WorkShopController {filterworkshops} [main] END getAll
2025-05-01 01:15:35,916 INFO c.s.a.c.WorkShopController {getWorkShop} [main] BEGIN getWorkShop
2025-05-01 01:15:35,922 INFO c.s.a.c.WorkShopController {filterworkshops} [main] BEGIN getAll
2025-05-01 01:15:35,923 INFO c.s.a.c.WorkShopController {filterworkshops} [main] END getAll
2025-05-01 01:15:35,925 INFO c.s.a.c.WorkShopController {addWorkShop} [main] BEGIN addWorkShop
2025-05-01 01:15:35,932 INFO c.s.a.c.WorkShopController {addWorkShop} [main] END addWorkShop
2025-05-01 01:17:30,490 INFO o.s.b.StartupInfoLogger {logStarting} [main] Starting BikeControllerTests using Java 21 on DESKTOP-A2Q7539 with PID 12032 (started by 34618 in C:\Users\34618\Documents\2DAM Gdo. Superior\Acceso a datos 2DAM\hellospring)
2025-05-01 01:17:30,493 INFO o.h.v.i.u.Version {<clinit>} [background-preinit] HV000001: Hibernate Validator 6.2.5.Final
2025-05-01 01:17:30,493 INFO o.s.b.SpringApplication {logStartupProfileInfo} [main] The following 1 profile is active: "test"
2025-05-01 01:17:33,974 INFO o.s.s.w.DefaultSecurityFilterChain {<init>} [main] Will secure any request with [org.springframework.security.web.session.DisableEncodeUrlFilter@3dfd6220, org.springframework.security.web.context.request.async.WebAsyncManagerIntegrationFilter@3815146b, org.springframework.security.web.context.SecurityContextPersistenceFilter@6b27b2d0, org.springframework.security.web.header.HeaderWriterFilter@7971c2a9, org.springframework.security.web.authentication.logout.LogoutFilter@1e3f86d5, org.springframework.security.web.savedrequest.RequestCacheAwareFilter@a2b54e3, org.springframework.security.web.servletapi.SecurityContextHolderAwareRequestFilter@5c4cc644, org.springframework.security.web.authentication.AnonymousAuthenticationFilter@6de43bc1, org.springframework.security.web.session.SessionManagementFilter@797fcf9, org.springframework.security.web.access.ExceptionTranslationFilter@6a1568d6, org.springframework.security.web.access.intercept.FilterSecurityInterceptor@5cfed0ba]
2025-05-01 01:17:35,661 INFO o.s.m.w.MockServletContext {log} [main] Initializing Spring TestDispatcherServlet ''
2025-05-01 01:17:35,662 INFO o.s.w.s.FrameworkServlet {initServletBean} [main] Initializing Servlet ''
2025-05-01 01:17:35,666 INFO o.s.w.s.FrameworkServlet {initServletBean} [main] Completed initialization in 4 ms
2025-05-01 01:17:35,726 INFO o.s.b.StartupInfoLogger {logStarted} [main] Started BikeControllerTests in 5.899 seconds (JVM running for 9.396)
2025-05-01 01:17:35,984 INFO c.s.a.c.BikeController {filterBikes} [main] Filtrando bicicletas con parámetros: brand=, model=Alma, color=
2025-05-01 01:17:35,993 INFO c.s.a.c.BikeController {filterBikes} [main] Operación completada: Se obtuvieron 1 bicicletas filtradas
2025-05-01 01:17:36,205 INFO c.s.a.c.BikeController {filterBikes} [main] Filtrando bicicletas con parámetros: brand=Orbea, model=Alma, color=green
2025-05-01 01:17:36,208 INFO c.s.a.c.BikeController {filterBikes} [main] Operación completada: Se obtuvieron 1 bicicletas filtradas
2025-05-01 01:17:36,444 INFO c.s.a.c.BikeController {addBike} [main] BEGIN addBike
2025-05-01 01:17:36,477 INFO c.s.a.c.BikeController {filterBikes} [main] Filtrando bicicletas con parámetros: brand=Orbea, model=, color=
2025-05-01 01:17:36,479 INFO c.s.a.c.BikeController {filterBikes} [main] Operación completada: Se obtuvieron 2 bicicletas filtradas
2025-05-01 01:17:36,494 INFO c.s.a.c.BikeController {addBike} [main] BEGIN addBike
2025-05-01 01:17:36,495 INFO c.s.a.c.BikeController {addBike} [main] END addBike
2025-05-01 01:17:36,576 INFO c.s.a.c.BikeController {filterBikes} [main] Filtrando bicicletas con parámetros: brand=, model=, color=
2025-05-01 01:17:36,577 INFO c.s.a.c.BikeController {filterBikes} [main] Operación completada: Se obtuvieron 3 bicicletas filtradas
2025-05-01 01:17:36,592 INFO c.s.a.c.BikeController {filterBikes} [main] Filtrando bicicletas con parámetros: brand=, model=, color=green
2025-05-01 01:17:36,592 INFO c.s.a.c.BikeController {filterBikes} [main] Operación completada: Se obtuvieron 1 bicicletas filtradas
2025-05-01 01:17:36,606 INFO c.s.a.c.BikeController {getBike} [main] BEGIN getBike
2025-05-01 01:17:36,608 INFO c.s.a.c.BikeController {getBike} [main] END getBike
2025-05-01 01:17:36,685 INFO c.s.a.c.BikeController {removeBike} [main] BEGIN removeBike
2025-05-01 01:17:36,687 INFO c.s.a.c.BikeController {removeBike} [main] END removeBike
2025-05-01 01:17:36,711 INFO c.s.a.c.BikeController {modifyBike} [main] BEGIN modifyBike
2025-05-01 01:17:36,776 INFO c.s.a.c.BikeController {modifyBike} [main] BEGIN modifyBike
2025-05-01 01:17:36,777 INFO c.s.a.c.BikeController {modifyBike} [main] END modifyBike
2025-05-01 01:17:36,796 INFO c.s.a.c.BikeController {removeBike} [main] BEGIN removeBike
2025-05-01 01:17:36,828 INFO c.s.a.c.BikeController {getBike} [main] BEGIN getBike
2025-05-01 01:17:37,456 INFO o.s.t.c.s.AbstractTestContextBootstrapper {buildDefaultMergedContextConfiguration} [main] Neither @ContextConfiguration nor @ContextHierarchy found for test class [com.svalero.apibikes.MechanicControllerTests], using SpringBootContextLoader
2025-05-01 01:17:37,461 INFO o.s.t.c.s.AbstractContextLoader {generateDefaultLocations} [main] Could not detect default resource locations for test class [com.svalero.apibikes.MechanicControllerTests]: no resource found for suffixes {-context.xml, Context.groovy}.
2025-05-01 01:17:37,462 INFO o.s.t.c.s.AnnotationConfigContextLoaderUtils {detectDefaultConfigurationClasses} [main] Could not detect default configuration classes for test class [com.svalero.apibikes.MechanicControllerTests]: MechanicControllerTests does not declare any static, non-private, non-final, nested classes annotated with @Configuration.
2025-05-01 01:17:37,478 INFO o.s.b.t.c.SpringBootTestContextBootstrapper {getOrFindConfigurationClasses} [main] Found @SpringBootConfiguration com.svalero.apibikes.HellospringApplication for test class com.svalero.apibikes.MechanicControllerTests
2025-05-01 01:17:37,482 INFO o.s.t.c.s.AbstractTestContextBootstrapper {getDefaultTestExecutionListenerClassNames} [main] Loaded default TestExecutionListener class names from location [META-INF/spring.factories]: [org.springframework.boot.test.mock.mockito.MockitoTestExecutionListener, org.springframework.boot.test.mock.mockito.ResetMocksTestExecutionListener, org.springframework.boot.test.autoconfigure.restdocs.RestDocsTestExecutionListener, org.springframework.boot.test.autoconfigure.web.client.MockRestServiceServerResetTestExecutionListener, org.springframework.boot.test.autoconfigure.web.servlet.MockMvcPrintOnlyOnFailureTestExecutionListener, org.springframework.boot.test.autoconfigure.web.servlet.WebDriverTestExecutionListener, org.springframework.boot.test.autoconfigure.webservices.client.MockWebServiceServerTestExecutionListener, org.springframework.test.context.web.ServletTestExecutionListener, org.springframework.test.context.support.DirtiesContextBeforeModesTestExecutionListener, org.springframework.test.context.event.ApplicationEventsTestExecutionListener, org.springframework.test.context.support.DependencyInjectionTestExecutionListener, org.springframework.test.context.support.DirtiesContextTestExecutionListener, org.springframework.test.context.transaction.TransactionalTestExecutionListener, org.springframework.test.context.jdbc.SqlScriptsTestExecutionListener, org.springframework.test.context.event.EventPublishingTestExecutionListener]
2025-05-01 01:17:37,483 INFO o.s.t.c.s.AbstractTestContextBootstrapper {getTestExecutionListeners} [main] Using TestExecutionListeners: [org.springframework.test.context.web.ServletTestExecutionListener@7a34c1f6, org.springframework.test.context.support.DirtiesContextBeforeModesTestExecutionListener@6e9f8160, org.springframework.test.context.event.ApplicationEventsTestExecutionListener@3e998033, org.springframework.boot.test.mock.mockito.MockitoTestExecutionListener@e1a150c, org.springframework.boot.test.autoconfigure.SpringBootDependencyInjectionTestExecutionListener@527d5e48, org.springframework.test.context.support.DirtiesContextTestExecutionListener@407b41e6, org.springframework.test.context.transaction.TransactionalTestExecutionListener@3291d9c2, org.springframework.test.context.jdbc.SqlScriptsTestExecutionListener@6cfd08e9, org.springframework.test.context.event.EventPublishingTestExecutionListener@54ca9420, org.springframework.boot.test.mock.mockito.ResetMocksTestExecutionListener@4ea48b2e, org.springframework.boot.test.autoconfigure.restdocs.RestDocsTestExecutionListener@72c704f1, org.springframework.boot.test.autoconfigure.web.client.MockRestServiceServerResetTestExecutionListener@76f9e000, org.springframework.boot.test.autoconfigure.web.servlet.MockMvcPrintOnlyOnFailureTestExecutionListener@7612116b, org.springframework.boot.test.autoconfigure.web.servlet.WebDriverTestExecutionListener@1c05097c, org.springframework.boot.test.autoconfigure.webservices.client.MockWebServiceServerTestExecutionListener@562f6681]
2025-05-01 01:17:37,646 INFO o.s.b.StartupInfoLogger {logStarting} [main] Starting MechanicControllerTests using Java 21 on DESKTOP-A2Q7539 with PID 12032 (started by 34618 in C:\Users\34618\Documents\2DAM Gdo. Superior\Acceso a datos 2DAM\hellospring)
2025-05-01 01:17:37,647 INFO o.s.b.SpringApplication {logStartupProfileInfo} [main] The following 1 profile is active: "test"
2025-05-01 01:17:38,804 INFO o.s.s.w.DefaultSecurityFilterChain {<init>} [main] Will secure any request with [org.springframework.security.web.session.DisableEncodeUrlFilter@3bda1f0, org.springframework.security.web.context.request.async.WebAsyncManagerIntegrationFilter@2211e731, org.springframework.security.web.context.SecurityContextPersistenceFilter@1c0cf193, org.springframework.security.web.header.HeaderWriterFilter@d229912, org.springframework.security.web.authentication.logout.LogoutFilter@32428874, org.springframework.security.web.savedrequest.RequestCacheAwareFilter@3dd66ff5, org.springframework.security.web.servletapi.SecurityContextHolderAwareRequestFilter@24258b54, org.springframework.security.web.authentication.AnonymousAuthenticationFilter@73e399cc, org.springframework.security.web.session.SessionManagementFilter@5a06eeef, org.springframework.security.web.access.ExceptionTranslationFilter@7a8b7e11, org.springframework.security.web.access.intercept.FilterSecurityInterceptor@104bc677]
2025-05-01 01:17:39,959 INFO o.s.m.w.MockServletContext {log} [main] Initializing Spring TestDispatcherServlet ''
2025-05-01 01:17:39,960 INFO o.s.w.s.FrameworkServlet {initServletBean} [main] Initializing Servlet ''
2025-05-01 01:17:39,963 INFO o.s.w.s.FrameworkServlet {initServletBean} [main] Completed initialization in 2 ms
2025-05-01 01:17:40,039 INFO o.s.b.StartupInfoLogger {logStarted} [main] Started MechanicControllerTests in 2.543 seconds (JVM running for 13.709)
2025-05-01 01:17:40,064 INFO c.s.a.c.MechanicController {filtermechanics} [main] BEGIN getAll
2025-05-01 01:17:40,066 INFO c.s.a.c.MechanicController {filtermechanics} [main] END getAll
2025-05-01 01:17:40,130 INFO c.s.a.c.MechanicController {modifyMechanic} [main] BEGIN modifyMechanic
2025-05-01 01:17:40,132 INFO c.s.a.c.MechanicController {modifyMechanic} [main] END modifyMechanic
2025-05-01 01:17:40,152 INFO c.s.a.c.MechanicController {filtermechanics} [main] BEGIN getAll
2025-05-01 01:17:40,154 INFO c.s.a.c.MechanicController {filtermechanics} [main] END getAll
2025-05-01 01:17:40,171 INFO c.s.a.c.MechanicController {getMechanic} [main] BEGIN getMechanic
2025-05-01 01:17:40,198 INFO c.s.a.c.MechanicController {filtermechanics} [main] BEGIN getAll
2025-05-01 01:17:40,200 INFO c.s.a.c.MechanicController {filtermechanics} [main] END getAll
2025-05-01 01:17:40,226 INFO c.s.a.c.MechanicController {removeMechanic} [main] BEGIN removeMechanic
2025-05-01 01:17:40,227 INFO c.s.a.c.MechanicController {removeMechanic} [main] END removeMechanic
2025-05-01 01:17:40,287 INFO c.s.a.c.MechanicController {addMechanic} [main] BEGIN addMechanic
2025-05-01 01:17:40,289 INFO c.s.a.c.MechanicController {addMechanic} [main] END addMechanic
2025-05-01 01:17:40,308 INFO c.s.a.c.MechanicController {getMechanic} [main] BEGIN getMechanic
2025-05-01 01:17:40,309 INFO c.s.a.c.MechanicController {getMechanic} [main] END getMechanic
2025-05-01 01:17:40,350 INFO c.s.a.c.MechanicController {modifyMechanic} [main] BEGIN modifyMechanic
2025-05-01 01:17:40,363 INFO c.s.a.c.MechanicController {filtermechanics} [main] BEGIN getAll
2025-05-01 01:17:40,368 INFO c.s.a.c.MechanicController {filtermechanics} [main] END getAll
2025-05-01 01:17:40,385 INFO c.s.a.c.MechanicController {removeMechanic} [main] BEGIN removeMechanic
2025-05-01 01:17:40,405 INFO c.s.a.c.MechanicController {filtermechanics} [main] BEGIN getAll
2025-05-01 01:17:40,407 INFO c.s.a.c.MechanicController {filtermechanics} [main] END getAll
2025-05-01 01:17:40,715 INFO o.s.t.c.s.AbstractTestContextBootstrapper {buildDefaultMergedContextConfiguration} [main] Neither @ContextConfiguration nor @ContextHierarchy found for test class [com.svalero.apibikes.UserControllerTests], using SpringBootContextLoader
2025-05-01 01:17:40,717 INFO o.s.t.c.s.AbstractContextLoader {generateDefaultLocations} [main] Could not detect default resource locations for test class [com.svalero.apibikes.UserControllerTests]: no resource found for suffixes {-context.xml, Context.groovy}.
2025-05-01 01:17:40,718 INFO o.s.t.c.s.AnnotationConfigContextLoaderUtils {detectDefaultConfigurationClasses} [main] Could not detect default configuration classes for test class [com.svalero.apibikes.UserControllerTests]: UserControllerTests does not declare any static, non-private, non-final, nested classes annotated with @Configuration.
2025-05-01 01:17:40,733 INFO o.s.b.t.c.SpringBootTestContextBootstrapper {getOrFindConfigurationClasses} [main] Found @SpringBootConfiguration com.svalero.apibikes.HellospringApplication for test class com.svalero.apibikes.UserControllerTests
2025-05-01 01:17:40,735 INFO o.s.t.c.s.AbstractTestContextBootstrapper {getDefaultTestExecutionListenerClassNames} [main] Loaded default TestExecutionListener class names from location [META-INF/spring.factories]: [org.springframework.boot.test.mock.mockito.MockitoTestExecutionListener, org.springframework.boot.test.mock.mockito.ResetMocksTestExecutionListener, org.springframework.boot.test.autoconfigure.restdocs.RestDocsTestExecutionListener, org.springframework.boot.test.autoconfigure.web.client.MockRestServiceServerResetTestExecutionListener, org.springframework.boot.test.autoconfigure.web.servlet.MockMvcPrintOnlyOnFailureTestExecutionListener, org.springframework.boot.test.autoconfigure.web.servlet.WebDriverTestExecutionListener, org.springframework.boot.test.autoconfigure.webservices.client.MockWebServiceServerTestExecutionListener, org.springframework.test.context.web.ServletTestExecutionListener, org.springframework.test.context.support.DirtiesContextBeforeModesTestExecutionListener, org.springframework.test.context.event.ApplicationEventsTestExecutionListener, org.springframework.test.context.support.DependencyInjectionTestExecutionListener, org.springframework.test.context.support.DirtiesContextTestExecutionListener, org.springframework.test.context.transaction.TransactionalTestExecutionListener, org.springframework.test.context.jdbc.SqlScriptsTestExecutionListener, org.springframework.test.context.event.EventPublishingTestExecutionListener]
2025-05-01 01:17:40,736 INFO o.s.t.c.s.AbstractTestContextBootstrapper {getTestExecutionListeners} [main] Using TestExecutionListeners: [org.springframework.test.context.web.ServletTestExecutionListener@6f2a3b37, org.springframework.test.context.support.DirtiesContextBeforeModesTestExecutionListener@323b0632, org.springframework.test.context.event.ApplicationEventsTestExecutionListener@7cd8831c, org.springframework.boot.test.mock.mockito.MockitoTestExecutionListener@146db8a6, org.springframework.boot.test.autoconfigure.SpringBootDependencyInjectionTestExecutionListener@2a20da9f, org.springframework.test.context.support.DirtiesContextTestExecutionListener@40c0437f, org.springframework.test.context.transaction.TransactionalTestExecutionListener@78b8f818, org.springframework.test.context.jdbc.SqlScriptsTestExecutionListener@1e9d721, org.springframework.test.context.event.EventPublishingTestExecutionListener@2d3111a1, org.springframework.boot.test.mock.mockito.ResetMocksTestExecutionListener@6f2864c3, org.springframework.boot.test.autoconfigure.restdocs.RestDocsTestExecutionListener@50ef2906, org.springframework.boot.test.autoconfigure.web.client.MockRestServiceServerResetTestExecutionListener@1f70bce5, org.springframework.boot.test.autoconfigure.web.servlet.MockMvcPrintOnlyOnFailureTestExecutionListener@3ae91ab3, org.springframework.boot.test.autoconfigure.web.servlet.WebDriverTestExecutionListener@16cb6f51, org.springframework.boot.test.autoconfigure.webservices.client.MockWebServiceServerTestExecutionListener@3fc5d397]
2025-05-01 01:17:40,777 INFO o.s.b.StartupInfoLogger {logStarting} [main] Starting UserControllerTests using Java 21 on DESKTOP-A2Q7539 with PID 12032 (started by 34618 in C:\Users\34618\Documents\2DAM Gdo. Superior\Acceso a datos 2DAM\hellospring)
2025-05-01 01:17:40,778 INFO o.s.b.SpringApplication {logStartupProfileInfo} [main] The following 1 profile is active: "test"
2025-05-01 01:17:41,835 INFO o.s.s.w.DefaultSecurityFilterChain {<init>} [main] Will secure any request with [org.springframework.security.web.session.DisableEncodeUrlFilter@1870b9b8, org.springframework.security.web.context.request.async.WebAsyncManagerIntegrationFilter@6d9ee75a, org.springframework.security.web.context.SecurityContextPersistenceFilter@29dfc68f, org.springframework.security.web.header.HeaderWriterFilter@d02c00, org.springframework.security.web.authentication.logout.LogoutFilter@8c18bde, org.springframework.security.web.savedrequest.RequestCacheAwareFilter@320ba79f, org.springframework.security.web.servletapi.SecurityContextHolderAwareRequestFilter@333a2df2, org.springframework.security.web.authentication.AnonymousAuthenticationFilter@9825465, org.springframework.security.web.session.SessionManagementFilter@4205d5d0, org.springframework.security.web.access.ExceptionTranslationFilter@22172b00, org.springframework.security.web.access.intercept.FilterSecurityInterceptor@3051e476]
2025-05-01 01:17:43,117 INFO o.s.m.w.MockServletContext {log} [main] Initializing Spring TestDispatcherServlet ''
2025-05-01 01:17:43,120 INFO o.s.w.s.FrameworkServlet {initServletBean} [main] Initializing Servlet ''
2025-05-01 01:17:43,123 INFO o.s.w.s.FrameworkServlet {initServletBean} [main] Completed initialization in 2 ms
2025-05-01 01:17:43,163 INFO o.s.b.StartupInfoLogger {logStarted} [main] Started UserControllerTests in 2.423 seconds (JVM running for 16.835)
2025-05-01 01:17:43,189 INFO c.s.a.c.UserController {getUser} [main] BEGIN getUser
2025-05-01 01:17:43,219 INFO c.s.a.c.UserController {filterusers} [main] BEGIN getAll
2025-05-01 01:17:43,224 INFO c.s.a.c.UserController {filterusers} [main] END getAll
2025-05-01 01:17:43,296 INFO c.s.a.c.UserController {filterusers} [main] BEGIN getAll
2025-05-01 01:17:43,298 INFO c.s.a.c.UserController {filterusers} [main] END getAll
2025-05-01 01:17:43,314 INFO c.s.a.c.UserController {filterusers} [main] BEGIN getAll
2025-05-01 01:17:43,316 INFO c.s.a.c.UserController {filterusers} [main] END getAll
2025-05-01 01:17:43,367 INFO c.s.a.c.UserController {removeUser} [main] BEGIN removeUser
2025-05-01 01:17:43,369 INFO c.s.a.c.UserController {removeUser} [main] END removeUser
2025-05-01 01:17:43,386 INFO c.s.a.c.UserController {getUser} [main] BEGIN getUser
2025-05-01 01:17:43,387 INFO c.s.a.c.UserController {getUser} [main] END getUser
2025-05-01 01:17:43,434 INFO c.s.a.c.UserController {modifyUser} [main] BEGIN modifyUser
2025-05-01 01:17:43,462 INFO c.s.a.c.UserController {filterusers} [main] BEGIN getAll
2025-05-01 01:17:43,463 INFO c.s.a.c.UserController {filterusers} [main] END getAll
2025-05-01 01:17:43,493 INFO c.s.a.c.UserController {filterusers} [main] BEGIN getAll
2025-05-01 01:17:43,497 INFO c.s.a.c.UserController {filterusers} [main] END getAll
2025-05-01 01:17:43,525 INFO c.s.a.c.UserController {modifyUser} [main] BEGIN modifyUser
2025-05-01 01:17:43,530 INFO c.s.a.c.UserController {modifyUser} [main] END modifyUser
2025-05-01 01:17:43,559 INFO c.s.a.c.UserController {removeUser} [main] BEGIN removeUser
2025-05-01 01:17:43,809 INFO o.s.t.c.s.AbstractTestContextBootstrapper {buildDefaultMergedContextConfiguration} [main] Neither @ContextConfiguration nor @ContextHierarchy found for test class [com.svalero.apibikes.WorkShopControllerTests], using SpringBootContextLoader
2025-05-01 01:17:43,814 INFO o.s.t.c.s.AbstractContextLoader {generateDefaultLocations} [main] Could not detect default resource locations for test class [com.svalero.apibikes.WorkShopControllerTests]: no resource found for suffixes {-context.xml, Context.groovy}.
2025-05-01 01:17:43,817 INFO o.s.t.c.s.AnnotationConfigContextLoaderUtils {detectDefaultConfigurationClasses} [main] Could not detect default configuration classes for test class [com.svalero.apibikes.WorkShopControllerTests]: WorkShopControllerTests does not declare any static, non-private, non-final, nested classes annotated with @Configuration.
2025-05-01 01:17:43,840 INFO o.s.b.t.c.SpringBootTestContextBootstrapper {getOrFindConfigurationClasses} [main] Found @SpringBootConfiguration com.svalero.apibikes.HellospringApplication for test class com.svalero.apibikes.WorkShopControllerTests
2025-05-01 01:17:43,843 INFO o.s.t.c.s.AbstractTestContextBootstrapper {getDefaultTestExecutionListenerClassNames} [main] Loaded default TestExecutionListener class names from location [META-INF/spring.factories]: [org.springframework.boot.test.mock.mockito.MockitoTestExecutionListener, org.springframework.boot.test.mock.mockito.ResetMocksTestExecutionListener, org.springframework.boot.test.autoconfigure.restdocs.RestDocsTestExecutionListener, org.springframework.boot.test.autoconfigure.web.client.MockRestServiceServerResetTestExecutionListener, org.springframework.boot.test.autoconfigure.web.servlet.MockMvcPrintOnlyOnFailureTestExecutionListener, org.springframework.boot.test.autoconfigure.web.servlet.WebDriverTestExecutionListener, org.springframework.boot.test.autoconfigure.webservices.client.MockWebServiceServerTestExecutionListener, org.springframework.test.context.web.ServletTestExecutionListener, org.springframework.test.context.support.DirtiesContextBeforeModesTestExecutionListener, org.springframework.test.context.event.ApplicationEventsTestExecutionListener, org.springframework.test.context.support.DependencyInjectionTestExecutionListener, org.springframework.test.context.support.DirtiesContextTestExecutionListener, org.springframework.test.context.transaction.TransactionalTestExecutionListener, org.springframework.test.context.jdbc.SqlScriptsTestExecutionListener, org.springframework.test.context.event.EventPublishingTestExecutionListener]
2025-05-01 01:17:43,845 INFO o.s.t.c.s.AbstractTestContextBootstrapper {getTestExecutionListeners} [main] Using TestExecutionListeners: [org.springframework.test.context.web.ServletTestExecutionListener@34ede267, org.springframework.test.context.support.DirtiesContextBeforeModesTestExecutionListener@6bf77ee, org.springframework.test.context.event.ApplicationEventsTestExecutionListener@51c6e775, org.springframework.boot.test.mock.mockito.MockitoTestExecutionListener@372841d2, org.springframework.boot.test.autoconfigure.SpringBootDependencyInjectionTestExecutionListener@6c8d638a, org.springframework.test.context.support.DirtiesContextTestExecutionListener@117069f2, org.springframework.test.context.transaction.TransactionalTestExecutionListener@77ebc9e6, org.springframework.test.context.jdbc.SqlScriptsTestExecutionListener@2b82018, org.springframework.test.context.event.EventPublishingTestExecutionListener@52e92f6, org.springframework.boot.test.mock.mockito.ResetMocksTestExecutionListener@17034458, org.springframework.boot.test.autoconfigure.restdocs.RestDocsTestExecutionListener@3e0e0ba7, org.springframework.boot.test.autoconfigure.web.client.MockRestServiceServerResetTestExecutionListener@7df5549e, org.springframework.boot.test.autoconfigure.web.servlet.MockMvcPrintOnlyOnFailureTestExecutionListener@cbdc0f4, org.springframework.boot.test.autoconfigure.web.servlet.WebDriverTestExecutionListener@11174bf, org.springframework.boot.test.autoconfigure.webservices.client.MockWebServiceServerTestExecutionListener@4f0c1409]
2025-05-01 01:17:43,990 INFO o.s.b.StartupInfoLogger {logStarting} [main] Starting WorkShopControllerTests using Java 21 on DESKTOP-A2Q7539 with PID 12032 (started by 34618 in C:\Users\34618\Documents\2DAM Gdo. Superior\Acceso a datos 2DAM\hellospring)
2025-05-01 01:17:43,991 INFO o.s.b.SpringApplication {logStartupProfileInfo} [main] The following 1 profile is active: "test"
2025-05-01 01:17:45,004 INFO o.s.s.w.DefaultSecurityFilterChain {<init>} [main] Will secure any request with [org.springframework.security.web.session.DisableEncodeUrlFilter@8f374de, org.springframework.security.web.context.request.async.WebAsyncManagerIntegrationFilter@426913c4, org.springframework.security.web.context.SecurityContextPersistenceFilter@ebff59d, org.springframework.security.web.header.HeaderWriterFilter@50a1af86, org.springframework.security.web.authentication.logout.LogoutFilter@38197e82, org.springframework.security.web.savedrequest.RequestCacheAwareFilter@3361d286, org.springframework.security.web.servletapi.SecurityContextHolderAwareRequestFilter@6ee186f3, org.springframework.security.web.authentication.AnonymousAuthenticationFilter@1bba9862, org.springframework.security.web.session.SessionManagementFilter@3e0327dd, org.springframework.security.web.access.ExceptionTranslationFilter@450f0d89, org.springframework.security.web.access.intercept.FilterSecurityInterceptor@6db04a6]
2025-05-01 01:17:45,872 INFO o.s.m.w.MockServletContext {log} [main] Initializing Spring TestDispatcherServlet ''
2025-05-01 01:17:45,873 INFO o.s.w.s.FrameworkServlet {initServletBean} [main] Initializing Servlet ''
2025-05-01 01:17:45,875 INFO o.s.w.s.FrameworkServlet {initServletBean} [main] Completed initialization in 2 ms
2025-05-01 01:17:45,902 INFO o.s.b.StartupInfoLogger {logStarted} [main] Started WorkShopControllerTests in 2.05 seconds (JVM running for 19.572)
2025-05-01 01:17:46,029 INFO c.s.a.c.WorkShopController {modifyWorkShop} [main] BEGIN modifyWorkShop
2025-05-01 01:17:46,031 INFO c.s.a.c.WorkShopController {modifyWorkShop} [main] END modifyWorkShop
2025-05-01 01:17:46,055 INFO c.s.a.c.WorkShopController {getWorkShop} [main] BEGIN getWorkShop
2025-05-01 01:17:46,057 INFO c.s.a.c.WorkShopController {getWorkShop} [main] END getWorkShop
2025-05-01 01:17:46,100 INFO c.s.a.c.WorkShopController {filterworkshops} [main] BEGIN getAll
2025-05-01 01:17:46,103 INFO c.s.a.c.WorkShopController {filterworkshops} [main] END getAll
2025-05-01 01:17:46,128 INFO c.s.a.c.WorkShopController {filterworkshops} [main] BEGIN getAll
2025-05-01 01:17:46,130 INFO c.s.a.c.WorkShopController {filterworkshops} [main] END getAll
2025-05-01 01:17:46,144 INFO c.s.a.c.WorkShopController {removeWorkShop} [main] BEGIN removeWorkShop
2025-05-01 01:17:46,148 INFO c.s.a.c.WorkShopController {removeWorkShop} [main] END removeWorkShop
2025-05-01 01:17:46,164 INFO c.s.a.c.WorkShopController {filterworkshops} [main] BEGIN getAll
2025-05-01 01:17:46,167 INFO c.s.a.c.WorkShopController {filterworkshops} [main] END getAll
2025-05-01 01:17:46,183 INFO c.s.a.c.WorkShopController {modifyWorkShop} [main] BEGIN modifyWorkShop
2025-05-01 01:17:46,206 INFO c.s.a.c.WorkShopController {removeWorkShop} [main] BEGIN removeWorkShop
2025-05-01 01:17:46,213 INFO c.s.a.c.WorkShopController {filterworkshops} [main] BEGIN getAll
2025-05-01 01:17:46,215 INFO c.s.a.c.WorkShopController {filterworkshops} [main] END getAll
2025-05-01 01:17:46,231 INFO c.s.a.c.WorkShopController {getWorkShop} [main] BEGIN getWorkShop
2025-05-01 01:17:46,239 INFO c.s.a.c.WorkShopController {filterworkshops} [main] BEGIN getAll
2025-05-01 01:17:46,240 INFO c.s.a.c.WorkShopController {filterworkshops} [main] END getAll
2025-05-01 01:17:46,249 INFO c.s.a.c.WorkShopController {addWorkShop} [main] BEGIN addWorkShop
2025-05-01 01:17:46,250 INFO c.s.a.c.WorkShopController {addWorkShop} [main] END addWorkShop
2025-05-01 01:57:24,156 INFO o.h.v.i.u.Version {<clinit>} [background-preinit] HV000001: Hibernate Validator 6.2.5.Final
2025-05-01 01:57:24,187 INFO o.s.b.StartupInfoLogger {logStarting} [main] Starting BikeControllerTests using Java 21 on DESKTOP-A2Q7539 with PID 3336 (started by 34618 in C:\Users\34618\Documents\2DAM Gdo. Superior\Acceso a datos 2DAM\hellospring)
2025-05-01 01:57:24,192 INFO o.s.b.SpringApplication {logStartupProfileInfo} [main] The following 1 profile is active: "test"
2025-05-01 01:57:27,942 INFO o.s.s.w.DefaultSecurityFilterChain {<init>} [main] Will secure any request with [org.springframework.security.web.session.DisableEncodeUrlFilter@5968800d, org.springframework.security.web.context.request.async.WebAsyncManagerIntegrationFilter@3887c7d7, org.springframework.security.web.context.SecurityContextPersistenceFilter@65eb3597, org.springframework.security.web.header.HeaderWriterFilter@3a296107, org.springframework.security.web.authentication.logout.LogoutFilter@1d2fb82, org.springframework.security.web.savedrequest.RequestCacheAwareFilter@b379bc6, org.springframework.security.web.servletapi.SecurityContextHolderAwareRequestFilter@374c40ba, org.springframework.security.web.authentication.AnonymousAuthenticationFilter@b1b471, org.springframework.security.web.session.SessionManagementFilter@53a50b0a, org.springframework.security.web.access.ExceptionTranslationFilter@58aa1d72, org.springframework.security.web.access.intercept.FilterSecurityInterceptor@2871ac91]
2025-05-01 01:57:29,095 INFO o.s.m.w.MockServletContext {log} [main] Initializing Spring TestDispatcherServlet ''
2025-05-01 01:57:29,096 INFO o.s.w.s.FrameworkServlet {initServletBean} [main] Initializing Servlet ''
2025-05-01 01:57:29,100 INFO o.s.w.s.FrameworkServlet {initServletBean} [main] Completed initialization in 3 ms
2025-05-01 01:57:29,169 INFO o.s.b.StartupInfoLogger {logStarted} [main] Started BikeControllerTests in 6.01 seconds (JVM running for 7.683)
2025-05-01 01:57:29,718 INFO c.s.a.c.BikeController {filterBikes} [main] Filtrando bicicletas con parámetros: brand=, model=Alma, color=
2025-05-01 01:57:29,738 INFO c.s.a.c.BikeController {filterBikes} [main] Operación completada: Se obtuvieron 1 bicicletas filtradas
2025-05-01 01:57:30,484 INFO c.s.a.c.BikeController {filterBikes} [main] Filtrando bicicletas con parámetros: brand=Orbea, model=Alma, color=green
2025-05-01 01:57:30,487 INFO c.s.a.c.BikeController {filterBikes} [main] Operación completada: Se obtuvieron 1 bicicletas filtradas
2025-05-01 01:57:31,602 INFO c.s.a.c.BikeController {addBike} [main] BEGIN addBike
2025-05-01 01:57:31,769 INFO c.s.a.c.BikeController {filterBikes} [main] Filtrando bicicletas con parámetros: brand=Orbea, model=, color=
2025-05-01 01:57:31,772 INFO c.s.a.c.BikeController {filterBikes} [main] Operación completada: Se obtuvieron 2 bicicletas filtradas
2025-05-01 01:57:31,866 INFO c.s.a.c.BikeController {addBike} [main] BEGIN addBike
2025-05-01 01:57:31,868 INFO c.s.a.c.BikeController {addBike} [main] END addBike
2025-05-01 01:57:32,202 INFO c.s.a.c.BikeController {filterBikes} [main] Filtrando bicicletas con parámetros: brand=, model=, color=
2025-05-01 01:57:32,204 INFO c.s.a.c.BikeController {filterBikes} [main] Operación completada: Se obtuvieron 3 bicicletas filtradas
2025-05-01 01:57:32,249 INFO c.s.a.c.BikeController {filterBikes} [main] Filtrando bicicletas con parámetros: brand=, model=, color=green
2025-05-01 01:57:32,252 INFO c.s.a.c.BikeController {filterBikes} [main] Operación completada: Se obtuvieron 1 bicicletas filtradas
2025-05-01 01:57:32,342 INFO c.s.a.c.BikeController {getBike} [main] BEGIN getBike
2025-05-01 01:57:32,347 INFO c.s.a.c.BikeController {getBike} [main] END getBike
2025-05-01 01:57:32,541 INFO c.s.a.c.BikeController {removeBike} [main] BEGIN removeBike
2025-05-01 01:57:32,544 INFO c.s.a.c.BikeController {removeBike} [main] END removeBike
2025-05-01 01:57:32,593 INFO c.s.a.c.BikeController {modifyBike} [main] BEGIN modifyBike
2025-05-01 01:57:32,649 INFO c.s.a.c.BikeController {modifyBike} [main] BEGIN modifyBike
2025-05-01 01:57:32,650 INFO c.s.a.c.BikeController {modifyBike} [main] END modifyBike
2025-05-01 01:57:32,665 INFO c.s.a.c.BikeController {removeBike} [main] BEGIN removeBike
2025-05-01 01:57:32,677 INFO c.s.a.c.BikeController {getBike} [main] BEGIN getBike
2025-05-01 01:57:33,145 INFO o.s.t.c.s.AbstractTestContextBootstrapper {buildDefaultMergedContextConfiguration} [main] Neither @ContextConfiguration nor @ContextHierarchy found for test class [com.svalero.apibikes.MechanicControllerTests], using SpringBootContextLoader
2025-05-01 01:57:33,147 INFO o.s.t.c.s.AbstractContextLoader {generateDefaultLocations} [main] Could not detect default resource locations for test class [com.svalero.apibikes.MechanicControllerTests]: no resource found for suffixes {-context.xml, Context.groovy}.
2025-05-01 01:57:33,148 INFO o.s.t.c.s.AnnotationConfigContextLoaderUtils {detectDefaultConfigurationClasses} [main] Could not detect default configuration classes for test class [com.svalero.apibikes.MechanicControllerTests]: MechanicControllerTests does not declare any static, non-private, non-final, nested classes annotated with @Configuration.
2025-05-01 01:57:33,165 INFO o.s.b.t.c.SpringBootTestContextBootstrapper {getOrFindConfigurationClasses} [main] Found @SpringBootConfiguration com.svalero.apibikes.HellospringApplication for test class com.svalero.apibikes.MechanicControllerTests
2025-05-01 01:57:33,166 INFO o.s.t.c.s.AbstractTestContextBootstrapper {getDefaultTestExecutionListenerClassNames} [main] Loaded default TestExecutionListener class names from location [META-INF/spring.factories]: [org.springframework.boot.test.mock.mockito.MockitoTestExecutionListener, org.springframework.boot.test.mock.mockito.ResetMocksTestExecutionListener, org.springframework.boot.test.autoconfigure.restdocs.RestDocsTestExecutionListener, org.springframework.boot.test.autoconfigure.web.client.MockRestServiceServerResetTestExecutionListener, org.springframework.boot.test.autoconfigure.web.servlet.MockMvcPrintOnlyOnFailureTestExecutionListener, org.springframework.boot.test.autoconfigure.web.servlet.WebDriverTestExecutionListener, org.springframework.boot.test.autoconfigure.webservices.client.MockWebServiceServerTestExecutionListener, org.springframework.test.context.web.ServletTestExecutionListener, org.springframework.test.context.support.DirtiesContextBeforeModesTestExecutionListener, org.springframework.test.context.event.ApplicationEventsTestExecutionListener, org.springframework.test.context.support.DependencyInjectionTestExecutionListener, org.springframework.test.context.support.DirtiesContextTestExecutionListener, org.springframework.test.context.transaction.TransactionalTestExecutionListener, org.springframework.test.context.jdbc.SqlScriptsTestExecutionListener, org.springframework.test.context.event.EventPublishingTestExecutionListener]
2025-05-01 01:57:33,167 INFO o.s.t.c.s.AbstractTestContextBootstrapper {getTestExecutionListeners} [main] Using TestExecutionListeners: [org.springframework.test.context.web.ServletTestExecutionListener@6d7e2795, org.springframework.test.context.support.DirtiesContextBeforeModesTestExecutionListener@78743dd8, org.springframework.test.context.event.ApplicationEventsTestExecutionListener@752494dd, org.springframework.boot.test.mock.mockito.MockitoTestExecutionListener@2986427e, org.springframework.boot.test.autoconfigure.SpringBootDependencyInjectionTestExecutionListener@35d88a54, org.springframework.test.context.support.DirtiesContextTestExecutionListener@6c1bebca, org.springframework.test.context.transaction.TransactionalTestExecutionListener@3d4818e8, org.springframework.test.context.jdbc.SqlScriptsTestExecutionListener@26c6288d, org.springframework.test.context.event.EventPublishingTestExecutionListener@57bd9c2b, org.springframework.boot.test.mock.mockito.ResetMocksTestExecutionListener@644b68ad, org.springframework.boot.test.autoconfigure.restdocs.RestDocsTestExecutionListener@1939a394, org.springframework.boot.test.autoconfigure.web.client.MockRestServiceServerResetTestExecutionListener@e2c627e, org.springframework.boot.test.autoconfigure.web.servlet.MockMvcPrintOnlyOnFailureTestExecutionListener@35cbeb54, org.springframework.boot.test.autoconfigure.web.servlet.WebDriverTestExecutionListener@a7ae340, org.springframework.boot.test.autoconfigure.webservices.client.MockWebServiceServerTestExecutionListener@5e8bd498]
2025-05-01 01:57:33,240 INFO o.s.b.StartupInfoLogger {logStarting} [main] Starting MechanicControllerTests using Java 21 on DESKTOP-A2Q7539 with PID 3336 (started by 34618 in C:\Users\34618\Documents\2DAM Gdo. Superior\Acceso a datos 2DAM\hellospring)
2025-05-01 01:57:33,241 INFO o.s.b.SpringApplication {logStartupProfileInfo} [main] The following 1 profile is active: "test"
2025-05-01 01:57:34,131 INFO o.s.s.w.DefaultSecurityFilterChain {<init>} [main] Will secure any request with [org.springframework.security.web.session.DisableEncodeUrlFilter@56e8a8a0, org.springframework.security.web.context.request.async.WebAsyncManagerIntegrationFilter@6071631f, org.springframework.security.web.context.SecurityContextPersistenceFilter@62cf86d6, org.springframework.security.web.header.HeaderWriterFilter@57920d6c, org.springframework.security.web.authentication.logout.LogoutFilter@5d5cd210, org.springframework.security.web.savedrequest.RequestCacheAwareFilter@2a6c751f, org.springframework.security.web.servletapi.SecurityContextHolderAwareRequestFilter@6dd2e453, org.springframework.security.web.authentication.AnonymousAuthenticationFilter@2ca132ad, org.springframework.security.web.session.SessionManagementFilter@465d1345, org.springframework.security.web.access.ExceptionTranslationFilter@114b2414, org.springframework.security.web.access.intercept.FilterSecurityInterceptor@4e20a985]
2025-05-01 01:57:35,428 INFO o.s.m.w.MockServletContext {log} [main] Initializing Spring TestDispatcherServlet ''
2025-05-01 01:57:35,430 INFO o.s.w.s.FrameworkServlet {initServletBean} [main] Initializing Servlet ''
2025-05-01 01:57:35,432 INFO o.s.w.s.FrameworkServlet {initServletBean} [main] Completed initialization in 2 ms
2025-05-01 01:57:35,468 INFO o.s.b.StartupInfoLogger {logStarted} [main] Started MechanicControllerTests in 2.296 seconds (JVM running for 13.982)
2025-05-01 01:57:35,495 INFO c.s.a.c.MechanicController {filtermechanics} [main] BEGIN getAll
2025-05-01 01:57:35,498 INFO c.s.a.c.MechanicController {filtermechanics} [main] END getAll
2025-05-01 01:57:35,591 INFO c.s.a.c.MechanicController {modifyMechanic} [main] BEGIN modifyMechanic
2025-05-01 01:57:35,594 INFO c.s.a.c.MechanicController {modifyMechanic} [main] END modifyMechanic
2025-05-01 01:57:35,618 INFO c.s.a.c.MechanicController {filtermechanics} [main] BEGIN getAll
2025-05-01 01:57:35,620 INFO c.s.a.c.MechanicController {filtermechanics} [main] END getAll
2025-05-01 01:57:35,646 INFO c.s.a.c.MechanicController {getMechanic} [main] BEGIN getMechanic
2025-05-01 01:57:35,683 INFO c.s.a.c.MechanicController {filtermechanics} [main] BEGIN getAll
2025-05-01 01:57:35,685 INFO c.s.a.c.MechanicController {filtermechanics} [main] END getAll
2025-05-01 01:57:35,702 INFO c.s.a.c.MechanicController {removeMechanic} [main] BEGIN removeMechanic
2025-05-01 01:57:35,703 INFO c.s.a.c.MechanicController {removeMechanic} [main] END removeMechanic
2025-05-01 01:57:35,763 INFO c.s.a.c.MechanicController {addMechanic} [main] BEGIN addMechanic
2025-05-01 01:57:35,765 INFO c.s.a.c.MechanicController {addMechanic} [main] END addMechanic
2025-05-01 01:57:35,782 INFO c.s.a.c.MechanicController {getMechanic} [main] BEGIN getMechanic
2025-05-01 01:57:35,785 INFO c.s.a.c.MechanicController {getMechanic} [main] END getMechanic
2025-05-01 01:57:35,820 INFO c.s.a.c.MechanicController {modifyMechanic} [main] BEGIN modifyMechanic
2025-05-01 01:57:35,845 INFO c.s.a.c.MechanicController {filtermechanics} [main] BEGIN getAll
2025-05-01 01:57:35,846 INFO c.s.a.c.MechanicController {filtermechanics} [main] END getAll
2025-05-01 01:57:35,862 INFO c.s.a.c.MechanicController {removeMechanic} [main] BEGIN removeMechanic
2025-05-01 01:57:35,880 INFO c.s.a.c.MechanicController {filtermechanics} [main] BEGIN getAll
2025-05-01 01:57:35,881 INFO c.s.a.c.MechanicController {filtermechanics} [main] END getAll
2025-05-01 01:57:36,420 INFO o.s.t.c.s.AbstractTestContextBootstrapper {buildDefaultMergedContextConfiguration} [main] Neither @ContextConfiguration nor @ContextHierarchy found for test class [com.svalero.apibikes.UserControllerTests], using SpringBootContextLoader
2025-05-01 01:57:36,424 INFO o.s.t.c.s.AbstractContextLoader {generateDefaultLocations} [main] Could not detect default resource locations for test class [com.svalero.apibikes.UserControllerTests]: no resource found for suffixes {-context.xml, Context.groovy}.
2025-05-01 01:57:36,425 INFO o.s.t.c.s.AnnotationConfigContextLoaderUtils {detectDefaultConfigurationClasses} [main] Could not detect default configuration classes for test class [com.svalero.apibikes.UserControllerTests]: UserControllerTests does not declare any static, non-private, non-final, nested classes annotated with @Configuration.
2025-05-01 01:57:36,439 INFO o.s.b.t.c.SpringBootTestContextBootstrapper {getOrFindConfigurationClasses} [main] Found @SpringBootConfiguration com.svalero.apibikes.HellospringApplication for test class com.svalero.apibikes.UserControllerTests
2025-05-01 01:57:36,442 INFO o.s.t.c.s.AbstractTestContextBootstrapper {getDefaultTestExecutionListenerClassNames} [main] Loaded default TestExecutionListener class names from location [META-INF/spring.factories]: [org.springframework.boot.test.mock.mockito.MockitoTestExecutionListener, org.springframework.boot.test.mock.mockito.ResetMocksTestExecutionListener, org.springframework.boot.test.autoconfigure.restdocs.RestDocsTestExecutionListener, org.springframework.boot.test.autoconfigure.web.client.MockRestServiceServerResetTestExecutionListener, org.springframework.boot.test.autoconfigure.web.servlet.MockMvcPrintOnlyOnFailureTestExecutionListener, org.springframework.boot.test.autoconfigure.web.servlet.WebDriverTestExecutionListener, org.springframework.boot.test.autoconfigure.webservices.client.MockWebServiceServerTestExecutionListener, org.springframework.test.context.web.ServletTestExecutionListener, org.springframework.test.context.support.DirtiesContextBeforeModesTestExecutionListener, org.springframework.test.context.event.ApplicationEventsTestExecutionListener, org.springframework.test.context.support.DependencyInjectionTestExecutionListener, org.springframework.test.context.support.DirtiesContextTestExecutionListener, org.springframework.test.context.transaction.TransactionalTestExecutionListener, org.springframework.test.context.jdbc.SqlScriptsTestExecutionListener, org.springframework.test.context.event.EventPublishingTestExecutionListener]
2025-05-01 01:57:36,444 INFO o.s.t.c.s.AbstractTestContextBootstrapper {getTestExecutionListeners} [main] Using TestExecutionListeners: [org.springframework.test.context.web.ServletTestExecutionListener@72a0a60d, org.springframework.test.context.support.DirtiesContextBeforeModesTestExecutionListener@65930e02, org.springframework.test.context.event.ApplicationEventsTestExecutionListener@85c3522, org.springframework.boot.test.mock.mockito.MockitoTestExecutionListener@18be3205, org.springframework.boot.test.autoconfigure.SpringBootDependencyInjectionTestExecutionListener@6fd97fd1, org.springframework.test.context.support.DirtiesContextTestExecutionListener@12c78f36, org.springframework.test.context.transaction.TransactionalTestExecutionListener@7bdb4d69, org.springframework.test.context.jdbc.SqlScriptsTestExecutionListener@129c760d, org.springframework.test.context.event.EventPublishingTestExecutionListener@361fa478, org.springframework.boot.test.mock.mockito.ResetMocksTestExecutionListener@180f33b2, org.springframework.boot.test.autoconfigure.restdocs.RestDocsTestExecutionListener@391e85df, org.springframework.boot.test.autoconfigure.web.client.MockRestServiceServerResetTestExecutionListener@48c3a0ef, org.springframework.boot.test.autoconfigure.web.servlet.MockMvcPrintOnlyOnFailureTestExecutionListener@3b4f1eb, org.springframework.boot.test.autoconfigure.web.servlet.WebDriverTestExecutionListener@6247c08c, org.springframework.boot.test.autoconfigure.webservices.client.MockWebServiceServerTestExecutionListener@2f3a8166]
2025-05-01 01:57:36,516 INFO o.s.b.StartupInfoLogger {logStarting} [main] Starting UserControllerTests using Java 21 on DESKTOP-A2Q7539 with PID 3336 (started by 34618 in C:\Users\34618\Documents\2DAM Gdo. Superior\Acceso a datos 2DAM\hellospring)
2025-05-01 01:57:36,517 INFO o.s.b.SpringApplication {logStartupProfileInfo} [main] The following 1 profile is active: "test"
2025-05-01 01:57:37,334 INFO o.s.s.w.DefaultSecurityFilterChain {<init>} [main] Will secure any request with [org.springframework.security.web.session.DisableEncodeUrlFilter@12f3fcd, org.springframework.security.web.context.request.async.WebAsyncManagerIntegrationFilter@6dc2e473, org.springframework.security.web.context.SecurityContextPersistenceFilter@5f4e389a, org.springframework.security.web.header.HeaderWriterFilter@36ab69d9, org.springframework.security.web.authentication.logout.LogoutFilter@59ac77f9, org.springframework.security.web.savedrequest.RequestCacheAwareFilter@3ba1f56e, org.springframework.security.web.servletapi.SecurityContextHolderAwareRequestFilter@56a9b662, org.springframework.security.web.authentication.AnonymousAuthenticationFilter@12ebfb2d, org.springframework.security.web.session.SessionManagementFilter@5ebfe7fa, org.springframework.security.web.access.ExceptionTranslationFilter@4ae5ddc0, org.springframework.security.web.access.intercept.FilterSecurityInterceptor@7bde704a]
2025-05-01 01:57:37,834 INFO o.s.m.w.MockServletContext {log} [main] Initializing Spring TestDispatcherServlet ''
2025-05-01 01:57:37,835 INFO o.s.w.s.FrameworkServlet {initServletBean} [main] Initializing Servlet ''
2025-05-01 01:57:37,837 INFO o.s.w.s.FrameworkServlet {initServletBean} [main] Completed initialization in 1 ms
2025-05-01 01:57:37,856 INFO o.s.b.StartupInfoLogger {logStarted} [main] Started UserControllerTests in 1.407 seconds (JVM running for 16.371)
2025-05-01 01:57:37,867 INFO c.s.a.c.UserController {getUser} [main] BEGIN getUser
2025-05-01 01:57:37,890 INFO c.s.a.c.UserController {filterusers} [main] BEGIN getAll
2025-05-01 01:57:37,893 INFO c.s.a.c.UserController {filterusers} [main] END getAll
2025-05-01 01:57:37,952 INFO c.s.a.c.UserController {filterusers} [main] BEGIN getAll
2025-05-01 01:57:37,955 INFO c.s.a.c.UserController {filterusers} [main] END getAll
2025-05-01 01:57:37,967 INFO c.s.a.c.UserController {filterusers} [main] BEGIN getAll
2025-05-01 01:57:37,969 INFO c.s.a.c.UserController {filterusers} [main] END getAll
2025-05-01 01:57:38,045 INFO c.s.a.c.UserController {removeUser} [main] BEGIN removeUser
2025-05-01 01:57:38,046 INFO c.s.a.c.UserController {removeUser} [main] END removeUser
2025-05-01 01:57:38,058 INFO c.s.a.c.UserController {getUser} [main] BEGIN getUser
2025-05-01 01:57:38,064 INFO c.s.a.c.UserController {getUser} [main] END getUser
2025-05-01 01:57:38,093 INFO c.s.a.c.UserController {modifyUser} [main] BEGIN modifyUser
2025-05-01 01:57:38,109 INFO c.s.a.c.UserController {filterusers} [main] BEGIN getAll
2025-05-01 01:57:38,110 INFO c.s.a.c.UserController {filterusers} [main] END getAll
2025-05-01 01:57:38,120 INFO c.s.a.c.UserController {filterusers} [main] BEGIN getAll
2025-05-01 01:57:38,122 INFO c.s.a.c.UserController {filterusers} [main] END getAll
2025-05-01 01:57:38,137 INFO c.s.a.c.UserController {modifyUser} [main] BEGIN modifyUser
2025-05-01 01:57:38,139 INFO c.s.a.c.UserController {modifyUser} [main] END modifyUser
2025-05-01 01:57:38,148 INFO c.s.a.c.UserController {removeUser} [main] BEGIN removeUser
2025-05-01 01:57:38,261 INFO o.s.t.c.s.AbstractTestContextBootstrapper {buildDefaultMergedContextConfiguration} [main] Neither @ContextConfiguration nor @ContextHierarchy found for test class [com.svalero.apibikes.WorkShopControllerTests], using SpringBootContextLoader
2025-05-01 01:57:38,263 INFO o.s.t.c.s.AbstractContextLoader {generateDefaultLocations} [main] Could not detect default resource locations for test class [com.svalero.apibikes.WorkShopControllerTests]: no resource found for suffixes {-context.xml, Context.groovy}.
2025-05-01 01:57:38,264 INFO o.s.t.c.s.AnnotationConfigContextLoaderUtils {detectDefaultConfigurationClasses} [main] Could not detect default configuration classes for test class [com.svalero.apibikes.WorkShopControllerTests]: WorkShopControllerTests does not declare any static, non-private, non-final, nested classes annotated with @Configuration.
2025-05-01 01:57:38,280 INFO o.s.b.t.c.SpringBootTestContextBootstrapper {getOrFindConfigurationClasses} [main] Found @SpringBootConfiguration com.svalero.apibikes.HellospringApplication for test class com.svalero.apibikes.WorkShopControllerTests
2025-05-01 01:57:38,282 INFO o.s.t.c.s.AbstractTestContextBootstrapper {getDefaultTestExecutionListenerClassNames} [main] Loaded default TestExecutionListener class names from location [META-INF/spring.factories]: [org.springframework.boot.test.mock.mockito.MockitoTestExecutionListener, org.springframework.boot.test.mock.mockito.ResetMocksTestExecutionListener, org.springframework.boot.test.autoconfigure.restdocs.RestDocsTestExecutionListener, org.springframework.boot.test.autoconfigure.web.client.MockRestServiceServerResetTestExecutionListener, org.springframework.boot.test.autoconfigure.web.servlet.MockMvcPrintOnlyOnFailureTestExecutionListener, org.springframework.boot.test.autoconfigure.web.servlet.WebDriverTestExecutionListener, org.springframework.boot.test.autoconfigure.webservices.client.MockWebServiceServerTestExecutionListener, org.springframework.test.context.web.ServletTestExecutionListener, org.springframework.test.context.support.DirtiesContextBeforeModesTestExecutionListener, org.springframework.test.context.event.ApplicationEventsTestExecutionListener, org.springframework.test.context.support.DependencyInjectionTestExecutionListener, org.springframework.test.context.support.DirtiesContextTestExecutionListener, org.springframework.test.context.transaction.TransactionalTestExecutionListener, org.springframework.test.context.jdbc.SqlScriptsTestExecutionListener, org.springframework.test.context.event.EventPublishingTestExecutionListener]
2025-05-01 01:57:38,284 INFO o.s.t.c.s.AbstractTestContextBootstrapper {getTestExecutionListeners} [main] Using TestExecutionListeners: [org.springframework.test.context.web.ServletTestExecutionListener@44ae6b66, org.springframework.test.context.support.DirtiesContextBeforeModesTestExecutionListener@5b0e5d5f, org.springframework.test.context.event.ApplicationEventsTestExecutionListener@58b5d5fc, org.springframework.boot.test.mock.mockito.MockitoTestExecutionListener@42536da6, org.springframework.boot.test.autoconfigure.SpringBootDependencyInjectionTestExecutionListener@7591cbd1, org.springframework.test.context.support.DirtiesContextTestExecutionListener@5cdc8499, org.springframework.test.context.transaction.TransactionalTestExecutionListener@2a30b0cb, org.springframework.test.context.jdbc.SqlScriptsTestExecutionListener@73d7d676, org.springframework.test.context.event.EventPublishingTestExecutionListener@8e3449e, org.springframework.boot.test.mock.mockito.ResetMocksTestExecutionListener@3023f157, org.springframework.boot.test.autoconfigure.restdocs.RestDocsTestExecutionListener@1f3aa970, org.springframework.boot.test.autoconfigure.web.client.MockRestServiceServerResetTestExecutionListener@5213b887, org.springframework.boot.test.autoconfigure.web.servlet.MockMvcPrintOnlyOnFailureTestExecutionListener@40c6d1ef, org.springframework.boot.test.autoconfigure.web.servlet.WebDriverTestExecutionListener@6f4029e9, org.springframework.boot.test.autoconfigure.webservices.client.MockWebServiceServerTestExecutionListener@257b6c58]
2025-05-01 01:57:38,346 INFO o.s.b.StartupInfoLogger {logStarting} [main] Starting WorkShopControllerTests using Java 21 on DESKTOP-A2Q7539 with PID 3336 (started by 34618 in C:\Users\34618\Documents\2DAM Gdo. Superior\Acceso a datos 2DAM\hellospring)
2025-05-01 01:57:38,347 INFO o.s.b.SpringApplication {logStartupProfileInfo} [main] The following 1 profile is active: "test"
2025-05-01 01:57:39,266 INFO o.s.s.w.DefaultSecurityFilterChain {<init>} [main] Will secure any request with [org.springframework.security.web.session.DisableEncodeUrlFilter@7146c6ea, org.springframework.security.web.context.request.async.WebAsyncManagerIntegrationFilter@a5d23c9, org.springframework.security.web.context.SecurityContextPersistenceFilter@69cb134, org.springframework.security.web.header.HeaderWriterFilter@270097ce, org.springframework.security.web.authentication.logout.LogoutFilter@52b30dcd, org.springframework.security.web.savedrequest.RequestCacheAwareFilter@125124ea, org.springframework.security.web.servletapi.SecurityContextHolderAwareRequestFilter@314c6f89, org.springframework.security.web.authentication.AnonymousAuthenticationFilter@795131d6, org.springframework.security.web.session.SessionManagementFilter@8b1170f, org.springframework.security.web.access.ExceptionTranslationFilter@6a7fc4c1, org.springframework.security.web.access.intercept.FilterSecurityInterceptor@480994d3]
2025-05-01 01:57:40,178 INFO o.s.m.w.MockServletContext {log} [main] Initializing Spring TestDispatcherServlet ''
2025-05-01 01:57:40,179 INFO o.s.w.s.FrameworkServlet {initServletBean} [main] Initializing Servlet ''
2025-05-01 01:57:40,182 INFO o.s.w.s.FrameworkServlet {initServletBean} [main] Completed initialization in 1 ms
2025-05-01 01:57:40,211 INFO o.s.b.StartupInfoLogger {logStarted} [main] Started WorkShopControllerTests in 1.923 seconds (JVM running for 18.726)
2025-05-01 01:57:40,337 INFO c.s.a.c.WorkShopController {modifyWorkShop} [main] BEGIN modifyWorkShop
2025-05-01 01:57:40,340 INFO c.s.a.c.WorkShopController {modifyWorkShop} [main] END modifyWorkShop
2025-05-01 01:57:40,362 INFO c.s.a.c.WorkShopController {getWorkShop} [main] BEGIN getWorkShop
2025-05-01 01:57:40,367 INFO c.s.a.c.WorkShopController {getWorkShop} [main] END getWorkShop
2025-05-01 01:57:40,392 INFO c.s.a.c.WorkShopController {filterworkshops} [main] BEGIN getAll
2025-05-01 01:57:40,396 INFO c.s.a.c.WorkShopController {filterworkshops} [main] END getAll
2025-05-01 01:57:40,414 INFO c.s.a.c.WorkShopController {filterworkshops} [main] BEGIN getAll
2025-05-01 01:57:40,418 INFO c.s.a.c.WorkShopController {filterworkshops} [main] END getAll
2025-05-01 01:57:40,432 INFO c.s.a.c.WorkShopController {removeWorkShop} [main] BEGIN removeWorkShop
2025-05-01 01:57:40,435 INFO c.s.a.c.WorkShopController {removeWorkShop} [main] END removeWorkShop
2025-05-01 01:57:40,454 INFO c.s.a.c.WorkShopController {filterworkshops} [main] BEGIN getAll
2025-05-01 01:57:40,458 INFO c.s.a.c.WorkShopController {filterworkshops} [main] END getAll
2025-05-01 01:57:40,474 INFO c.s.a.c.WorkShopController {modifyWorkShop} [main] BEGIN modifyWorkShop
2025-05-01 01:57:40,521 INFO c.s.a.c.WorkShopController {removeWorkShop} [main] BEGIN removeWorkShop
2025-05-01 01:57:40,538 INFO c.s.a.c.WorkShopController {filterworkshops} [main] BEGIN getAll
2025-05-01 01:57:40,540 INFO c.s.a.c.WorkShopController {filterworkshops} [main] END getAll
2025-05-01 01:57:40,575 INFO c.s.a.c.WorkShopController {getWorkShop} [main] BEGIN getWorkShop
2025-05-01 01:57:40,594 INFO c.s.a.c.WorkShopController {filterworkshops} [main] BEGIN getAll
2025-05-01 01:57:40,596 INFO c.s.a.c.WorkShopController {filterworkshops} [main] END getAll
2025-05-01 01:57:40,614 INFO c.s.a.c.WorkShopController {addWorkShop} [main] BEGIN addWorkShop
2025-05-01 01:57:40,618 INFO c.s.a.c.WorkShopController {addWorkShop} [main] END addWorkShop
2025-05-01 02:00:12,101 INFO o.h.v.i.u.Version {<clinit>} [background-preinit] HV000001: Hibernate Validator 6.2.5.Final
2025-05-01 02:00:12,117 INFO o.s.b.StartupInfoLogger {logStarting} [main] Starting BikeControllerTests using Java 21 on DESKTOP-A2Q7539 with PID 12632 (started by 34618 in C:\Users\34618\Documents\2DAM Gdo. Superior\Acceso a datos 2DAM\hellospring)
2025-05-01 02:00:12,120 INFO o.s.b.SpringApplication {logStartupProfileInfo} [main] The following 1 profile is active: "test"
2025-05-01 02:00:15,020 INFO o.s.s.w.DefaultSecurityFilterChain {<init>} [main] Will secure any request with [org.springframework.security.web.session.DisableEncodeUrlFilter@5968800d, org.springframework.security.web.context.request.async.WebAsyncManagerIntegrationFilter@3887c7d7, org.springframework.security.web.context.SecurityContextPersistenceFilter@65eb3597, org.springframework.security.web.header.HeaderWriterFilter@3a296107, org.springframework.security.web.authentication.logout.LogoutFilter@1d2fb82, org.springframework.security.web.savedrequest.RequestCacheAwareFilter@b379bc6, org.springframework.security.web.servletapi.SecurityContextHolderAwareRequestFilter@374c40ba, org.springframework.security.web.authentication.AnonymousAuthenticationFilter@b1b471, org.springframework.security.web.session.SessionManagementFilter@53a50b0a, org.springframework.security.web.access.ExceptionTranslationFilter@58aa1d72, org.springframework.security.web.access.intercept.FilterSecurityInterceptor@2871ac91]
2025-05-01 02:00:17,159 INFO o.s.m.w.MockServletContext {log} [main] Initializing Spring TestDispatcherServlet ''
2025-05-01 02:00:17,160 INFO o.s.w.s.FrameworkServlet {initServletBean} [main] Initializing Servlet ''
2025-05-01 02:00:17,163 INFO o.s.w.s.FrameworkServlet {initServletBean} [main] Completed initialization in 2 ms
2025-05-01 02:00:17,217 INFO o.s.b.StartupInfoLogger {logStarted} [main] Started BikeControllerTests in 5.727 seconds (JVM running for 8.835)
2025-05-01 02:00:17,427 INFO c.s.a.c.BikeController {filterBikes} [main] Filtrando bicicletas con parámetros: brand=, model=Alma, color=
2025-05-01 02:00:17,439 INFO c.s.a.c.BikeController {filterBikes} [main] Operación completada: Se obtuvieron 1 bicicletas filtradas
2025-05-01 02:00:17,590 INFO c.s.a.c.BikeController {filterBikes} [main] Filtrando bicicletas con parámetros: brand=Orbea, model=Alma, color=green
2025-05-01 02:00:17,590 INFO c.s.a.c.BikeController {filterBikes} [main] Operación completada: Se obtuvieron 1 bicicletas filtradas
2025-05-01 02:00:17,713 INFO c.s.a.c.BikeController {addBike} [main] BEGIN addBike
2025-05-01 02:00:17,733 INFO c.s.a.c.BikeController {filterBikes} [main] Filtrando bicicletas con parámetros: brand=Orbea, model=, color=
2025-05-01 02:00:17,734 INFO c.s.a.c.BikeController {filterBikes} [main] Operación completada: Se obtuvieron 2 bicicletas filtradas
2025-05-01 02:00:17,748 INFO c.s.a.c.BikeController {addBike} [main] BEGIN addBike
2025-05-01 02:00:17,750 INFO c.s.a.c.BikeController {addBike} [main] END addBike
2025-05-01 02:00:17,824 INFO c.s.a.c.BikeController {filterBikes} [main] Filtrando bicicletas con parámetros: brand=, model=, color=
2025-05-01 02:00:17,826 INFO c.s.a.c.BikeController {filterBikes} [main] Operación completada: Se obtuvieron 3 bicicletas filtradas
2025-05-01 02:00:17,834 INFO c.s.a.c.BikeController {filterBikes} [main] Filtrando bicicletas con parámetros: brand=, model=, color=green
2025-05-01 02:00:17,837 INFO c.s.a.c.BikeController {filterBikes} [main] Operación completada: Se obtuvieron 1 bicicletas filtradas
2025-05-01 02:00:17,849 INFO c.s.a.c.BikeController {getBike} [main] BEGIN getBike
2025-05-01 02:00:17,852 INFO c.s.a.c.BikeController {getBike} [main] END getBike
2025-05-01 02:00:17,908 INFO c.s.a.c.BikeController {removeBike} [main] BEGIN removeBike
2025-05-01 02:00:17,910 INFO c.s.a.c.BikeController {removeBike} [main] END removeBike
2025-05-01 02:00:17,926 INFO c.s.a.c.BikeController {modifyBike} [main] BEGIN modifyBike
2025-05-01 02:00:17,968 INFO c.s.a.c.BikeController {modifyBike} [main] BEGIN modifyBike
2025-05-01 02:00:17,970 INFO c.s.a.c.BikeController {modifyBike} [main] END modifyBike
2025-05-01 02:00:17,985 INFO c.s.a.c.BikeController {removeBike} [main] BEGIN removeBike
2025-05-01 02:00:17,997 INFO c.s.a.c.BikeController {getBike} [main] BEGIN getBike
2025-05-01 02:00:18,480 INFO o.s.t.c.s.AbstractTestContextBootstrapper {buildDefaultMergedContextConfiguration} [main] Neither @ContextConfiguration nor @ContextHierarchy found for test class [com.svalero.apibikes.MechanicControllerTests], using SpringBootContextLoader
2025-05-01 02:00:18,483 INFO o.s.t.c.s.AbstractContextLoader {generateDefaultLocations} [main] Could not detect default resource locations for test class [com.svalero.apibikes.MechanicControllerTests]: no resource found for suffixes {-context.xml, Context.groovy}.
2025-05-01 02:00:18,485 INFO o.s.t.c.s.AnnotationConfigContextLoaderUtils {detectDefaultConfigurationClasses} [main] Could not detect default configuration classes for test class [com.svalero.apibikes.MechanicControllerTests]: MechanicControllerTests does not declare any static, non-private, non-final, nested classes annotated with @Configuration.
2025-05-01 02:00:18,497 INFO o.s.b.t.c.SpringBootTestContextBootstrapper {getOrFindConfigurationClasses} [main] Found @SpringBootConfiguration com.svalero.apibikes.HellospringApplication for test class com.svalero.apibikes.MechanicControllerTests
2025-05-01 02:00:18,499 INFO o.s.t.c.s.AbstractTestContextBootstrapper {getDefaultTestExecutionListenerClassNames} [main] Loaded default TestExecutionListener class names from location [META-INF/spring.factories]: [org.springframework.boot.test.mock.mockito.MockitoTestExecutionListener, org.springframework.boot.test.mock.mockito.ResetMocksTestExecutionListener, org.springframework.boot.test.autoconfigure.restdocs.RestDocsTestExecutionListener, org.springframework.boot.test.autoconfigure.web.client.MockRestServiceServerResetTestExecutionListener, org.springframework.boot.test.autoconfigure.web.servlet.MockMvcPrintOnlyOnFailureTestExecutionListener, org.springframework.boot.test.autoconfigure.web.servlet.WebDriverTestExecutionListener, org.springframework.boot.test.autoconfigure.webservices.client.MockWebServiceServerTestExecutionListener, org.springframework.test.context.web.ServletTestExecutionListener, org.springframework.test.context.support.DirtiesContextBeforeModesTestExecutionListener, org.springframework.test.context.event.ApplicationEventsTestExecutionListener, org.springframework.test.context.support.DependencyInjectionTestExecutionListener, org.springframework.test.context.support.DirtiesContextTestExecutionListener, org.springframework.test.context.transaction.TransactionalTestExecutionListener, org.springframework.test.context.jdbc.SqlScriptsTestExecutionListener, org.springframework.test.context.event.EventPublishingTestExecutionListener]
2025-05-01 02:00:18,500 INFO o.s.t.c.s.AbstractTestContextBootstrapper {getTestExecutionListeners} [main] Using TestExecutionListeners: [org.springframework.test.context.web.ServletTestExecutionListener@752494dd, org.springframework.test.context.support.DirtiesContextBeforeModesTestExecutionListener@2986427e, org.springframework.test.context.event.ApplicationEventsTestExecutionListener@35d88a54, org.springframework.boot.test.mock.mockito.MockitoTestExecutionListener@6c1bebca, org.springframework.boot.test.autoconfigure.SpringBootDependencyInjectionTestExecutionListener@3d4818e8, org.springframework.test.context.support.DirtiesContextTestExecutionListener@26c6288d, org.springframework.test.context.transaction.TransactionalTestExecutionListener@57bd9c2b, org.springframework.test.context.jdbc.SqlScriptsTestExecutionListener@644b68ad, org.springframework.test.context.event.EventPublishingTestExecutionListener@1939a394, org.springframework.boot.test.mock.mockito.ResetMocksTestExecutionListener@e2c627e, org.springframework.boot.test.autoconfigure.restdocs.RestDocsTestExecutionListener@35cbeb54, org.springframework.boot.test.autoconfigure.web.client.MockRestServiceServerResetTestExecutionListener@a7ae340, org.springframework.boot.test.autoconfigure.web.servlet.MockMvcPrintOnlyOnFailureTestExecutionListener@5e8bd498, org.springframework.boot.test.autoconfigure.web.servlet.WebDriverTestExecutionListener@335972a5, org.springframework.boot.test.autoconfigure.webservices.client.MockWebServiceServerTestExecutionListener@59a2bed1]
2025-05-01 02:00:18,644 INFO o.s.b.StartupInfoLogger {logStarting} [main] Starting MechanicControllerTests using Java 21 on DESKTOP-A2Q7539 with PID 12632 (started by 34618 in C:\Users\34618\Documents\2DAM Gdo. Superior\Acceso a datos 2DAM\hellospring)
2025-05-01 02:00:18,646 INFO o.s.b.SpringApplication {logStartupProfileInfo} [main] The following 1 profile is active: "test"
2025-05-01 02:00:19,603 INFO o.s.s.w.DefaultSecurityFilterChain {<init>} [main] Will secure any request with [org.springframework.security.web.session.DisableEncodeUrlFilter@2ca132ad, org.springframework.security.web.context.request.async.WebAsyncManagerIntegrationFilter@6706da3d, org.springframework.security.web.context.SecurityContextPersistenceFilter@6dd2e453, org.springframework.security.web.header.HeaderWriterFilter@62cf86d6, org.springframework.security.web.authentication.logout.LogoutFilter@6edb1e9c, org.springframework.security.web.savedrequest.RequestCacheAwareFilter@433b1597, org.springframework.security.web.servletapi.SecurityContextHolderAwareRequestFilter@5d5cd210, org.springframework.security.web.authentication.AnonymousAuthenticationFilter@7438c3d5, org.springframework.security.web.session.SessionManagementFilter@2a6c751f, org.springframework.security.web.access.ExceptionTranslationFilter@465d1345, org.springframework.security.web.access.intercept.FilterSecurityInterceptor@6071631f]
2025-05-01 02:00:20,528 INFO o.s.m.w.MockServletContext {log} [main] Initializing Spring TestDispatcherServlet ''
2025-05-01 02:00:20,530 INFO o.s.w.s.FrameworkServlet {initServletBean} [main] Initializing Servlet ''
2025-05-01 02:00:20,533 INFO o.s.w.s.FrameworkServlet {initServletBean} [main] Completed initialization in 1 ms
2025-05-01 02:00:20,571 INFO o.s.b.StartupInfoLogger {logStarted} [main] Started MechanicControllerTests in 2.063 seconds (JVM running for 12.189)
2025-05-01 02:00:20,598 INFO c.s.a.c.MechanicController {filtermechanics} [main] BEGIN getAll
2025-05-01 02:00:20,600 INFO c.s.a.c.MechanicController {filtermechanics} [main] END getAll
2025-05-01 02:00:20,675 INFO c.s.a.c.MechanicController {modifyMechanic} [main] BEGIN modifyMechanic
2025-05-01 02:00:20,677 INFO c.s.a.c.MechanicController {modifyMechanic} [main] END modifyMechanic
2025-05-01 02:00:20,702 INFO c.s.a.c.MechanicController {filtermechanics} [main] BEGIN getAll
2025-05-01 02:00:20,707 INFO c.s.a.c.MechanicController {filtermechanics} [main] END getAll
2025-05-01 02:00:20,735 INFO c.s.a.c.MechanicController {getMechanic} [main] BEGIN getMechanic
2025-05-01 02:00:20,767 INFO c.s.a.c.MechanicController {filtermechanics} [main] BEGIN getAll
2025-05-01 02:00:20,768 INFO c.s.a.c.MechanicController {filtermechanics} [main] END getAll
2025-05-01 02:00:20,803 INFO c.s.a.c.MechanicController {removeMechanic} [main] BEGIN removeMechanic
2025-05-01 02:00:20,807 INFO c.s.a.c.MechanicController {removeMechanic} [main] END removeMechanic
2025-05-01 02:00:20,867 INFO c.s.a.c.MechanicController {addMechanic} [main] BEGIN addMechanic
2025-05-01 02:00:20,870 INFO c.s.a.c.MechanicController {addMechanic} [main] END addMechanic
2025-05-01 02:00:20,894 INFO c.s.a.c.MechanicController {getMechanic} [main] BEGIN getMechanic
2025-05-01 02:00:20,899 INFO c.s.a.c.MechanicController {getMechanic} [main] END getMechanic
2025-05-01 02:00:20,939 INFO c.s.a.c.MechanicController {modifyMechanic} [main] BEGIN modifyMechanic
2025-05-01 02:00:20,957 INFO c.s.a.c.MechanicController {filtermechanics} [main] BEGIN getAll
2025-05-01 02:00:20,959 INFO c.s.a.c.MechanicController {filtermechanics} [main] END getAll
2025-05-01 02:00:20,977 INFO c.s.a.c.MechanicController {removeMechanic} [main] BEGIN removeMechanic
2025-05-01 02:00:20,997 INFO c.s.a.c.MechanicController {filtermechanics} [main] BEGIN getAll
2025-05-01 02:00:21,000 INFO c.s.a.c.MechanicController {filtermechanics} [main] END getAll
2025-05-01 02:00:21,427 INFO o.s.t.c.s.AbstractTestContextBootstrapper {buildDefaultMergedContextConfiguration} [main] Neither @ContextConfiguration nor @ContextHierarchy found for test class [com.svalero.apibikes.UserControllerTests], using SpringBootContextLoader
2025-05-01 02:00:21,429 INFO o.s.t.c.s.AbstractContextLoader {generateDefaultLocations} [main] Could not detect default resource locations for test class [com.svalero.apibikes.UserControllerTests]: no resource found for suffixes {-context.xml, Context.groovy}.
2025-05-01 02:00:21,430 INFO o.s.t.c.s.AnnotationConfigContextLoaderUtils {detectDefaultConfigurationClasses} [main] Could not detect default configuration classes for test class [com.svalero.apibikes.UserControllerTests]: UserControllerTests does not declare any static, non-private, non-final, nested classes annotated with @Configuration.
2025-05-01 02:00:21,450 INFO o.s.b.t.c.SpringBootTestContextBootstrapper {getOrFindConfigurationClasses} [main] Found @SpringBootConfiguration com.svalero.apibikes.HellospringApplication for test class com.svalero.apibikes.UserControllerTests
2025-05-01 02:00:21,452 INFO o.s.t.c.s.AbstractTestContextBootstrapper {getDefaultTestExecutionListenerClassNames} [main] Loaded default TestExecutionListener class names from location [META-INF/spring.factories]: [org.springframework.boot.test.mock.mockito.MockitoTestExecutionListener, org.springframework.boot.test.mock.mockito.ResetMocksTestExecutionListener, org.springframework.boot.test.autoconfigure.restdocs.RestDocsTestExecutionListener, org.springframework.boot.test.autoconfigure.web.client.MockRestServiceServerResetTestExecutionListener, org.springframework.boot.test.autoconfigure.web.servlet.MockMvcPrintOnlyOnFailureTestExecutionListener, org.springframework.boot.test.autoconfigure.web.servlet.WebDriverTestExecutionListener, org.springframework.boot.test.autoconfigure.webservices.client.MockWebServiceServerTestExecutionListener, org.springframework.test.context.web.ServletTestExecutionListener, org.springframework.test.context.support.DirtiesContextBeforeModesTestExecutionListener, org.springframework.test.context.event.ApplicationEventsTestExecutionListener, org.springframework.test.context.support.DependencyInjectionTestExecutionListener, org.springframework.test.context.support.DirtiesContextTestExecutionListener, org.springframework.test.context.transaction.TransactionalTestExecutionListener, org.springframework.test.context.jdbc.SqlScriptsTestExecutionListener, org.springframework.test.context.event.EventPublishingTestExecutionListener]
2025-05-01 02:00:21,454 INFO o.s.t.c.s.AbstractTestContextBootstrapper {getTestExecutionListeners} [main] Using TestExecutionListeners: [org.springframework.test.context.web.ServletTestExecutionListener@4eb48298, org.springframework.test.context.support.DirtiesContextBeforeModesTestExecutionListener@2d3bb944, org.springframework.test.context.event.ApplicationEventsTestExecutionListener@1e429f56, org.springframework.boot.test.mock.mockito.MockitoTestExecutionListener@6dbeaef8, org.springframework.boot.test.autoconfigure.SpringBootDependencyInjectionTestExecutionListener@7744195, org.springframework.test.context.support.DirtiesContextTestExecutionListener@77f529a6, org.springframework.test.context.transaction.TransactionalTestExecutionListener@7d47b021, org.springframework.test.context.jdbc.SqlScriptsTestExecutionListener@6516181f, org.springframework.test.context.event.EventPublishingTestExecutionListener@40cb95c1, org.springframework.boot.test.mock.mockito.ResetMocksTestExecutionListener@1ead3c67, org.springframework.boot.test.autoconfigure.restdocs.RestDocsTestExecutionListener@5e2b512b, org.springframework.boot.test.autoconfigure.web.client.MockRestServiceServerResetTestExecutionListener@ba87c11, org.springframework.boot.test.autoconfigure.web.servlet.MockMvcPrintOnlyOnFailureTestExecutionListener@17d19538, org.springframework.boot.test.autoconfigure.web.servlet.WebDriverTestExecutionListener@6068cda1, org.springframework.boot.test.autoconfigure.webservices.client.MockWebServiceServerTestExecutionListener@644e6a8e]
2025-05-01 02:00:21,525 INFO o.s.b.StartupInfoLogger {logStarting} [main] Starting UserControllerTests using Java 21 on DESKTOP-A2Q7539 with PID 12632 (started by 34618 in C:\Users\34618\Documents\2DAM Gdo. Superior\Acceso a datos 2DAM\hellospring)
2025-05-01 02:00:21,526 INFO o.s.b.SpringApplication {logStartupProfileInfo} [main] The following 1 profile is active: "test"
2025-05-01 02:00:21,986 INFO o.s.s.w.DefaultSecurityFilterChain {<init>} [main] Will secure any request with [org.springframework.security.web.session.DisableEncodeUrlFilter@8dbf0f2, org.springframework.security.web.context.request.async.WebAsyncManagerIntegrationFilter@59d0fac9, org.springframework.security.web.context.SecurityContextPersistenceFilter@8167f57, org.springframework.security.web.header.HeaderWriterFilter@13c81bc5, org.springframework.security.web.authentication.logout.LogoutFilter@1826475, org.springframework.security.web.savedrequest.RequestCacheAwareFilter@75da2db, org.springframework.security.web.servletapi.SecurityContextHolderAwareRequestFilter@541897c6, org.springframework.security.web.authentication.AnonymousAuthenticationFilter@1d3546f9, org.springframework.security.web.session.SessionManagementFilter@5617168c, org.springframework.security.web.access.ExceptionTranslationFilter@a80a896, org.springframework.security.web.access.intercept.FilterSecurityInterceptor@79a68657]
2025-05-01 02:00:22,458 INFO o.s.m.w.MockServletContext {log} [main] Initializing Spring TestDispatcherServlet ''
2025-05-01 02:00:22,458 INFO o.s.w.s.FrameworkServlet {initServletBean} [main] Initializing Servlet ''
2025-05-01 02:00:22,460 INFO o.s.w.s.FrameworkServlet {initServletBean} [main] Completed initialization in 1 ms
2025-05-01 02:00:22,472 INFO o.s.b.StartupInfoLogger {logStarted} [main] Started UserControllerTests in 1.011 seconds (JVM running for 14.09)
2025-05-01 02:00:22,483 INFO c.s.a.c.UserController {getUser} [main] BEGIN getUser
2025-05-01 02:00:22,495 INFO c.s.a.c.UserController {filterusers} [main] BEGIN getAll
2025-05-01 02:00:22,496 INFO c.s.a.c.UserController {filterusers} [main] END getAll
2025-05-01 02:00:22,526 INFO c.s.a.c.UserController {filterusers} [main] BEGIN getAll
2025-05-01 02:00:22,526 INFO c.s.a.c.UserController {filterusers} [main] END getAll
2025-05-01 02:00:22,533 INFO c.s.a.c.UserController {filterusers} [main] BEGIN getAll
2025-05-01 02:00:22,534 INFO c.s.a.c.UserController {filterusers} [main] END getAll
2025-05-01 02:00:22,560 INFO c.s.a.c.UserController {removeUser} [main] BEGIN removeUser
2025-05-01 02:00:22,562 INFO c.s.a.c.UserController {removeUser} [main] END removeUser
2025-05-01 02:00:22,567 INFO c.s.a.c.UserController {getUser} [main] BEGIN getUser
2025-05-01 02:00:22,568 INFO c.s.a.c.UserController {getUser} [main] END getUser
2025-05-01 02:00:22,584 INFO c.s.a.c.UserController {modifyUser} [main] BEGIN modifyUser
2025-05-01 02:00:22,592 INFO c.s.a.c.UserController {filterusers} [main] BEGIN getAll
2025-05-01 02:00:22,593 INFO c.s.a.c.UserController {filterusers} [main] END getAll
2025-05-01 02:00:22,600 INFO c.s.a.c.UserController {filterusers} [main] BEGIN getAll
2025-05-01 02:00:22,600 INFO c.s.a.c.UserController {filterusers} [main] END getAll
2025-05-01 02:00:22,609 INFO c.s.a.c.UserController {modifyUser} [main] BEGIN modifyUser
2025-05-01 02:00:22,610 INFO c.s.a.c.UserController {modifyUser} [main] END modifyUser
2025-05-01 02:00:22,617 INFO c.s.a.c.UserController {removeUser} [main] BEGIN removeUser
2025-05-01 02:00:22,696 INFO o.s.t.c.s.AbstractTestContextBootstrapper {buildDefaultMergedContextConfiguration} [main] Neither @ContextConfiguration nor @ContextHierarchy found for test class [com.svalero.apibikes.WorkShopControllerTests], using SpringBootContextLoader
2025-05-01 02:00:22,699 INFO o.s.t.c.s.AbstractContextLoader {generateDefaultLocations} [main] Could not detect default resource locations for test class [com.svalero.apibikes.WorkShopControllerTests]: no resource found for suffixes {-context.xml, Context.groovy}.
2025-05-01 02:00:22,700 INFO o.s.t.c.s.AnnotationConfigContextLoaderUtils {detectDefaultConfigurationClasses} [main] Could not detect default configuration classes for test class [com.svalero.apibikes.WorkShopControllerTests]: WorkShopControllerTests does not declare any static, non-private, non-final, nested classes annotated with @Configuration.
2025-05-01 02:00:22,707 INFO o.s.b.t.c.SpringBootTestContextBootstrapper {getOrFindConfigurationClasses} [main] Found @SpringBootConfiguration com.svalero.apibikes.HellospringApplication for test class com.svalero.apibikes.WorkShopControllerTests
2025-05-01 02:00:22,709 INFO o.s.t.c.s.AbstractTestContextBootstrapper {getDefaultTestExecutionListenerClassNames} [main] Loaded default TestExecutionListener class names from location [META-INF/spring.factories]: [org.springframework.boot.test.mock.mockito.MockitoTestExecutionListener, org.springframework.boot.test.mock.mockito.ResetMocksTestExecutionListener, org.springframework.boot.test.autoconfigure.restdocs.RestDocsTestExecutionListener, org.springframework.boot.test.autoconfigure.web.client.MockRestServiceServerResetTestExecutionListener, org.springframework.boot.test.autoconfigure.web.servlet.MockMvcPrintOnlyOnFailureTestExecutionListener, org.springframework.boot.test.autoconfigure.web.servlet.WebDriverTestExecutionListener, org.springframework.boot.test.autoconfigure.webservices.client.MockWebServiceServerTestExecutionListener, org.springframework.test.context.web.ServletTestExecutionListener, org.springframework.test.context.support.DirtiesContextBeforeModesTestExecutionListener, org.springframework.test.context.event.ApplicationEventsTestExecutionListener, org.springframework.test.context.support.DependencyInjectionTestExecutionListener, org.springframework.test.context.support.DirtiesContextTestExecutionListener, org.springframework.test.context.transaction.TransactionalTestExecutionListener, org.springframework.test.context.jdbc.SqlScriptsTestExecutionListener, org.springframework.test.context.event.EventPublishingTestExecutionListener]
2025-05-01 02:00:22,709 INFO o.s.t.c.s.AbstractTestContextBootstrapper {getTestExecutionListeners} [main] Using TestExecutionListeners: [org.springframework.test.context.web.ServletTestExecutionListener@1b800a11, org.springframework.test.context.support.DirtiesContextBeforeModesTestExecutionListener@3faa55, org.springframework.test.context.event.ApplicationEventsTestExecutionListener@1ab502f6, org.springframework.boot.test.mock.mockito.MockitoTestExecutionListener@2a8e30e3, org.springframework.boot.test.autoconfigure.SpringBootDependencyInjectionTestExecutionListener@31c56721, org.springframework.test.context.support.DirtiesContextTestExecutionListener@4cd51e4e, org.springframework.test.context.transaction.TransactionalTestExecutionListener@7e451790, org.springframework.test.context.jdbc.SqlScriptsTestExecutionListener@25172993, org.springframework.test.context.event.EventPublishingTestExecutionListener@3f71ae7f, org.springframework.boot.test.mock.mockito.ResetMocksTestExecutionListener@5b32e0b1, org.springframework.boot.test.autoconfigure.restdocs.RestDocsTestExecutionListener@d1d85d0, org.springframework.boot.test.autoconfigure.web.client.MockRestServiceServerResetTestExecutionListener@115a7e51, org.springframework.boot.test.autoconfigure.web.servlet.MockMvcPrintOnlyOnFailureTestExecutionListener@23ea3853, org.springframework.boot.test.autoconfigure.web.servlet.WebDriverTestExecutionListener@6f1163f7, org.springframework.boot.test.autoconfigure.webservices.client.MockWebServiceServerTestExecutionListener@e4348c0]
2025-05-01 02:00:22,739 INFO o.s.b.StartupInfoLogger {logStarting} [main] Starting WorkShopControllerTests using Java 21 on DESKTOP-A2Q7539 with PID 12632 (started by 34618 in C:\Users\34618\Documents\2DAM Gdo. Superior\Acceso a datos 2DAM\hellospring)
2025-05-01 02:00:22,740 INFO o.s.b.SpringApplication {logStartupProfileInfo} [main] The following 1 profile is active: "test"
2025-05-01 02:00:23,429 INFO o.s.s.w.DefaultSecurityFilterChain {<init>} [main] Will secure any request with [org.springframework.security.web.session.DisableEncodeUrlFilter@7f5ecada, org.springframework.security.web.context.request.async.WebAsyncManagerIntegrationFilter@55574295, org.springframework.security.web.context.SecurityContextPersistenceFilter@21d15932, org.springframework.security.web.header.HeaderWriterFilter@5870fc05, org.springframework.security.web.authentication.logout.LogoutFilter@12765ebd, org.springframework.security.web.savedrequest.RequestCacheAwareFilter@3966c679, org.springframework.security.web.servletapi.SecurityContextHolderAwareRequestFilter@66a99584, org.springframework.security.web.authentication.AnonymousAuthenticationFilter@750457a5, org.springframework.security.web.session.SessionManagementFilter@45e35a0d, org.springframework.security.web.access.ExceptionTranslationFilter@74cd8c55, org.springframework.security.web.access.intercept.FilterSecurityInterceptor@2336d3f]
2025-05-01 02:00:24,191 INFO o.s.m.w.MockServletContext {log} [main] Initializing Spring TestDispatcherServlet ''
2025-05-01 02:00:24,192 INFO o.s.w.s.FrameworkServlet {initServletBean} [main] Initializing Servlet ''
2025-05-01 02:00:24,196 INFO o.s.w.s.FrameworkServlet {initServletBean} [main] Completed initialization in 2 ms
2025-05-01 02:00:24,219 INFO o.s.b.StartupInfoLogger {logStarted} [main] Started WorkShopControllerTests in 1.506 seconds (JVM running for 15.838)
2025-05-01 02:00:24,305 INFO c.s.a.c.WorkShopController {modifyWorkShop} [main] BEGIN modifyWorkShop
2025-05-01 02:00:24,308 INFO c.s.a.c.WorkShopController {modifyWorkShop} [main] END modifyWorkShop
2025-05-01 02:00:24,325 INFO c.s.a.c.WorkShopController {getWorkShop} [main] BEGIN getWorkShop
2025-05-01 02:00:24,328 INFO c.s.a.c.WorkShopController {getWorkShop} [main] END getWorkShop
2025-05-01 02:00:24,349 INFO c.s.a.c.WorkShopController {filterworkshops} [main] BEGIN getAll
2025-05-01 02:00:24,352 INFO c.s.a.c.WorkShopController {filterworkshops} [main] END getAll
2025-05-01 02:00:24,367 INFO c.s.a.c.WorkShopController {filterworkshops} [main] BEGIN getAll
2025-05-01 02:00:24,370 INFO c.s.a.c.WorkShopController {filterworkshops} [main] END getAll
2025-05-01 02:00:24,380 INFO c.s.a.c.WorkShopController {removeWorkShop} [main] BEGIN removeWorkShop
2025-05-01 02:00:24,384 INFO c.s.a.c.WorkShopController {removeWorkShop} [main] END removeWorkShop
2025-05-01 02:00:24,399 INFO c.s.a.c.WorkShopController {filterworkshops} [main] BEGIN getAll
2025-05-01 02:00:24,403 INFO c.s.a.c.WorkShopController {filterworkshops} [main] END getAll
2025-05-01 02:00:24,419 INFO c.s.a.c.WorkShopController {modifyWorkShop} [main] BEGIN modifyWorkShop
2025-05-01 02:00:24,456 INFO c.s.a.c.WorkShopController {removeWorkShop} [main] BEGIN removeWorkShop
2025-05-01 02:00:24,471 INFO c.s.a.c.WorkShopController {filterworkshops} [main] BEGIN getAll
2025-05-01 02:00:24,473 INFO c.s.a.c.WorkShopController {filterworkshops} [main] END getAll
2025-05-01 02:00:24,500 INFO c.s.a.c.WorkShopController {getWorkShop} [main] BEGIN getWorkShop
2025-05-01 02:00:24,515 INFO c.s.a.c.WorkShopController {filterworkshops} [main] BEGIN getAll
2025-05-01 02:00:24,516 INFO c.s.a.c.WorkShopController {filterworkshops} [main] END getAll
2025-05-01 02:00:24,531 INFO c.s.a.c.WorkShopController {addWorkShop} [main] BEGIN addWorkShop
2025-05-01 02:00:24,533 INFO c.s.a.c.WorkShopController {addWorkShop} [main] END addWorkShop
2025-05-01 02:01:23,266 INFO o.s.b.StartupInfoLogger {logStarting} [main] Starting BikeControllerTests using Java 21 on DESKTOP-A2Q7539 with PID 6640 (started by 34618 in C:\Users\34618\Documents\2DAM Gdo. Superior\Acceso a datos 2DAM\hellospring)
2025-05-01 02:01:23,285 INFO o.s.b.SpringApplication {logStartupProfileInfo} [main] The following 1 profile is active: "test"
2025-05-01 02:01:23,314 INFO o.h.v.i.u.Version {<clinit>} [background-preinit] HV000001: Hibernate Validator 6.2.5.Final
2025-05-01 02:01:31,787 INFO o.s.s.w.DefaultSecurityFilterChain {<init>} [main] Will secure any request with [org.springframework.security.web.session.DisableEncodeUrlFilter@76396509, org.springframework.security.web.context.request.async.WebAsyncManagerIntegrationFilter@637c840d, org.springframework.security.web.context.SecurityContextPersistenceFilter@251c8145, org.springframework.security.web.header.HeaderWriterFilter@f882465, org.springframework.security.web.authentication.logout.LogoutFilter@bb3ecfe, org.springframework.security.web.savedrequest.RequestCacheAwareFilter@5a05dd30, org.springframework.security.web.servletapi.SecurityContextHolderAwareRequestFilter@1b52699c, org.springframework.security.web.authentication.AnonymousAuthenticationFilter@51ac12ac, org.springframework.security.web.session.SessionManagementFilter@6df4af5, org.springframework.security.web.access.ExceptionTranslationFilter@6c742b84, org.springframework.security.web.access.intercept.FilterSecurityInterceptor@3887c7d7]
2025-05-01 02:01:34,638 INFO o.s.m.w.MockServletContext {log} [main] Initializing Spring TestDispatcherServlet ''
2025-05-01 02:01:34,641 INFO o.s.w.s.FrameworkServlet {initServletBean} [main] Initializing Servlet ''
2025-05-01 02:01:34,647 INFO o.s.w.s.FrameworkServlet {initServletBean} [main] Completed initialization in 4 ms
2025-05-01 02:01:34,776 INFO o.s.b.StartupInfoLogger {logStarted} [main] Started BikeControllerTests in 12.79 seconds (JVM running for 17.003)
2025-05-01 02:01:35,536 INFO c.s.a.c.BikeController {filterBikes} [main] Filtrando bicicletas con parámetros: brand=, model=Alma, color=
2025-05-01 02:01:35,554 INFO c.s.a.c.BikeController {filterBikes} [main] Operación completada: Se obtuvieron 1 bicicletas filtradas
2025-05-01 02:01:35,730 INFO c.s.a.c.BikeController {filterBikes} [main] Filtrando bicicletas con parámetros: brand=Orbea, model=Alma, color=green
2025-05-01 02:01:35,733 INFO c.s.a.c.BikeController {filterBikes} [main] Operación completada: Se obtuvieron 1 bicicletas filtradas
2025-05-01 02:01:35,929 INFO c.s.a.c.BikeController {addBike} [main] BEGIN addBike
2025-05-01 02:01:35,968 INFO c.s.a.c.BikeController {filterBikes} [main] Filtrando bicicletas con parámetros: brand=Orbea, model=, color=
2025-05-01 02:01:35,970 INFO c.s.a.c.BikeController {filterBikes} [main] Operación completada: Se obtuvieron 2 bicicletas filtradas
2025-05-01 02:01:35,985 INFO c.s.a.c.BikeController {addBike} [main] BEGIN addBike
2025-05-01 02:01:35,987 INFO c.s.a.c.BikeController {addBike} [main] END addBike
2025-05-01 02:01:36,052 INFO c.s.a.c.BikeController {filterBikes} [main] Filtrando bicicletas con parámetros: brand=, model=, color=
2025-05-01 02:01:36,054 INFO c.s.a.c.BikeController {filterBikes} [main] Operación completada: Se obtuvieron 3 bicicletas filtradas
2025-05-01 02:01:36,065 INFO c.s.a.c.BikeController {filterBikes} [main] Filtrando bicicletas con parámetros: brand=, model=, color=green
2025-05-01 02:01:36,068 INFO c.s.a.c.BikeController {filterBikes} [main] Operación completada: Se obtuvieron 1 bicicletas filtradas
2025-05-01 02:01:36,086 INFO c.s.a.c.BikeController {getBike} [main] BEGIN getBike
2025-05-01 02:01:36,088 INFO c.s.a.c.BikeController {getBike} [main] END getBike
2025-05-01 02:01:36,147 INFO c.s.a.c.BikeController {removeBike} [main] BEGIN removeBike
2025-05-01 02:01:36,149 INFO c.s.a.c.BikeController {removeBike} [main] END removeBike
2025-05-01 02:01:36,173 INFO c.s.a.c.BikeController {modifyBike} [main] BEGIN modifyBike
2025-05-01 02:01:36,217 INFO c.s.a.c.BikeController {modifyBike} [main] BEGIN modifyBike
2025-05-01 02:01:36,218 INFO c.s.a.c.BikeController {modifyBike} [main] END modifyBike
2025-05-01 02:01:36,234 INFO c.s.a.c.BikeController {removeBike} [main] BEGIN removeBike
2025-05-01 02:01:36,246 INFO c.s.a.c.BikeController {getBike} [main] BEGIN getBike
2025-05-01 02:01:36,772 INFO o.s.t.c.s.AbstractTestContextBootstrapper {buildDefaultMergedContextConfiguration} [main] Neither @ContextConfiguration nor @ContextHierarchy found for test class [com.svalero.apibikes.MechanicControllerTests], using SpringBootContextLoader
2025-05-01 02:01:36,775 INFO o.s.t.c.s.AbstractContextLoader {generateDefaultLocations} [main] Could not detect default resource locations for test class [com.svalero.apibikes.MechanicControllerTests]: no resource found for suffixes {-context.xml, Context.groovy}.
2025-05-01 02:01:36,777 INFO o.s.t.c.s.AnnotationConfigContextLoaderUtils {detectDefaultConfigurationClasses} [main] Could not detect default configuration classes for test class [com.svalero.apibikes.MechanicControllerTests]: MechanicControllerTests does not declare any static, non-private, non-final, nested classes annotated with @Configuration.
2025-05-01 02:01:36,808 INFO o.s.b.t.c.SpringBootTestContextBootstrapper {getOrFindConfigurationClasses} [main] Found @SpringBootConfiguration com.svalero.apibikes.HellospringApplication for test class com.svalero.apibikes.MechanicControllerTests
2025-05-01 02:01:36,812 INFO o.s.t.c.s.AbstractTestContextBootstrapper {getDefaultTestExecutionListenerClassNames} [main] Loaded default TestExecutionListener class names from location [META-INF/spring.factories]: [org.springframework.boot.test.mock.mockito.MockitoTestExecutionListener, org.springframework.boot.test.mock.mockito.ResetMocksTestExecutionListener, org.springframework.boot.test.autoconfigure.restdocs.RestDocsTestExecutionListener, org.springframework.boot.test.autoconfigure.web.client.MockRestServiceServerResetTestExecutionListener, org.springframework.boot.test.autoconfigure.web.servlet.MockMvcPrintOnlyOnFailureTestExecutionListener, org.springframework.boot.test.autoconfigure.web.servlet.WebDriverTestExecutionListener, org.springframework.boot.test.autoconfigure.webservices.client.MockWebServiceServerTestExecutionListener, org.springframework.test.context.web.ServletTestExecutionListener, org.springframework.test.context.support.DirtiesContextBeforeModesTestExecutionListener, org.springframework.test.context.event.ApplicationEventsTestExecutionListener, org.springframework.test.context.support.DependencyInjectionTestExecutionListener, org.springframework.test.context.support.DirtiesContextTestExecutionListener, org.springframework.test.context.transaction.TransactionalTestExecutionListener, org.springframework.test.context.jdbc.SqlScriptsTestExecutionListener, org.springframework.test.context.event.EventPublishingTestExecutionListener]
2025-05-01 02:01:36,817 INFO o.s.t.c.s.AbstractTestContextBootstrapper {getTestExecutionListeners} [main] Using TestExecutionListeners: [org.springframework.test.context.web.ServletTestExecutionListener@59a2bed1, org.springframework.test.context.support.DirtiesContextBeforeModesTestExecutionListener@49f2646, org.springframework.test.context.event.ApplicationEventsTestExecutionListener@4b00d59, org.springframework.boot.test.mock.mockito.MockitoTestExecutionListener@7c048b30, org.springframework.boot.test.autoconfigure.SpringBootDependencyInjectionTestExecutionListener@309cf657, org.springframework.test.context.support.DirtiesContextTestExecutionListener@4d4c4b14, org.springframework.test.context.transaction.TransactionalTestExecutionListener@49925d21, org.springframework.test.context.jdbc.SqlScriptsTestExecutionListener@11170228, org.springframework.test.context.event.EventPublishingTestExecutionListener@46ee7013, org.springframework.boot.test.mock.mockito.ResetMocksTestExecutionListener@69d58731, org.springframework.boot.test.autoconfigure.restdocs.RestDocsTestExecutionListener@3275a47f, org.springframework.boot.test.autoconfigure.web.client.MockRestServiceServerResetTestExecutionListener@1b5af65b, org.springframework.boot.test.autoconfigure.web.servlet.MockMvcPrintOnlyOnFailureTestExecutionListener@2e0163cb, org.springframework.boot.test.autoconfigure.web.servlet.WebDriverTestExecutionListener@6b289535, org.springframework.boot.test.autoconfigure.webservices.client.MockWebServiceServerTestExecutionListener@74619273]
2025-05-01 02:01:37,041 INFO o.s.b.StartupInfoLogger {logStarting} [main] Starting MechanicControllerTests using Java 21 on DESKTOP-A2Q7539 with PID 6640 (started by 34618 in C:\Users\34618\Documents\2DAM Gdo. Superior\Acceso a datos 2DAM\hellospring)
2025-05-01 02:01:37,043 INFO o.s.b.SpringApplication {logStartupProfileInfo} [main] The following 1 profile is active: "test"
2025-05-01 02:01:38,487 INFO o.s.s.w.DefaultSecurityFilterChain {<init>} [main] Will secure any request with [org.springframework.security.web.session.DisableEncodeUrlFilter@106802ea, org.springframework.security.web.context.request.async.WebAsyncManagerIntegrationFilter@785ef70f, org.springframework.security.web.context.SecurityContextPersistenceFilter@6badb08c, org.springframework.security.web.header.HeaderWriterFilter@1fba3fd6, org.springframework.security.web.authentication.logout.LogoutFilter@71418a4a, org.springframework.security.web.savedrequest.RequestCacheAwareFilter@5939f047, org.springframework.security.web.servletapi.SecurityContextHolderAwareRequestFilter@17332039, org.springframework.security.web.authentication.AnonymousAuthenticationFilter@3d8bd881, org.springframework.security.web.session.SessionManagementFilter@3aab42d6, org.springframework.security.web.access.ExceptionTranslationFilter@7438c3d5, org.springframework.security.web.access.intercept.FilterSecurityInterceptor@103bcc9f]
2025-05-01 02:01:39,687 INFO o.s.m.w.MockServletContext {log} [main] Initializing Spring TestDispatcherServlet ''
2025-05-01 02:01:39,689 INFO o.s.w.s.FrameworkServlet {initServletBean} [main] Initializing Servlet ''
2025-05-01 02:01:39,692 INFO o.s.w.s.FrameworkServlet {initServletBean} [main] Completed initialization in 1 ms
2025-05-01 02:01:39,752 INFO o.s.b.StartupInfoLogger {logStarted} [main] Started MechanicControllerTests in 2.929 seconds (JVM running for 21.98)
2025-05-01 02:01:39,785 INFO c.s.a.c.MechanicController {filtermechanics} [main] BEGIN getAll
2025-05-01 02:01:39,788 INFO c.s.a.c.MechanicController {filtermechanics} [main] END getAll
2025-05-01 02:01:39,888 INFO c.s.a.c.MechanicController {modifyMechanic} [main] BEGIN modifyMechanic
2025-05-01 02:01:39,890 INFO c.s.a.c.MechanicController {modifyMechanic} [main] END modifyMechanic
2025-05-01 02:01:39,920 INFO c.s.a.c.MechanicController {filtermechanics} [main] BEGIN getAll
2025-05-01 02:01:39,922 INFO c.s.a.c.MechanicController {filtermechanics} [main] END getAll
2025-05-01 02:01:39,940 INFO c.s.a.c.MechanicController {getMechanic} [main] BEGIN getMechanic
2025-05-01 02:01:39,958 INFO c.s.a.c.MechanicController {filtermechanics} [main] BEGIN getAll
2025-05-01 02:01:39,960 INFO c.s.a.c.MechanicController {filtermechanics} [main] END getAll
2025-05-01 02:01:39,977 INFO c.s.a.c.MechanicController {removeMechanic} [main] BEGIN removeMechanic
2025-05-01 02:01:39,978 INFO c.s.a.c.MechanicController {removeMechanic} [main] END removeMechanic
2025-05-01 02:01:40,027 INFO c.s.a.c.MechanicController {addMechanic} [main] BEGIN addMechanic
2025-05-01 02:01:40,028 INFO c.s.a.c.MechanicController {addMechanic} [main] END addMechanic
2025-05-01 02:01:40,041 INFO c.s.a.c.MechanicController {getMechanic} [main] BEGIN getMechanic
2025-05-01 02:01:40,045 INFO c.s.a.c.MechanicController {getMechanic} [main] END getMechanic
2025-05-01 02:01:40,070 INFO c.s.a.c.MechanicController {modifyMechanic} [main] BEGIN modifyMechanic
2025-05-01 02:01:40,093 INFO c.s.a.c.MechanicController {filtermechanics} [main] BEGIN getAll
2025-05-01 02:01:40,094 INFO c.s.a.c.MechanicController {filtermechanics} [main] END getAll
2025-05-01 02:01:40,116 INFO c.s.a.c.MechanicController {removeMechanic} [main] BEGIN removeMechanic
2025-05-01 02:01:40,130 INFO c.s.a.c.MechanicController {filtermechanics} [main] BEGIN getAll
2025-05-01 02:01:40,135 INFO c.s.a.c.MechanicController {filtermechanics} [main] END getAll
2025-05-01 02:01:40,460 INFO o.s.t.c.s.AbstractTestContextBootstrapper {buildDefaultMergedContextConfiguration} [main] Neither @ContextConfiguration nor @ContextHierarchy found for test class [com.svalero.apibikes.UserControllerTests], using SpringBootContextLoader
2025-05-01 02:01:40,462 INFO o.s.t.c.s.AbstractContextLoader {generateDefaultLocations} [main] Could not detect default resource locations for test class [com.svalero.apibikes.UserControllerTests]: no resource found for suffixes {-context.xml, Context.groovy}.
2025-05-01 02:01:40,463 INFO o.s.t.c.s.AnnotationConfigContextLoaderUtils {detectDefaultConfigurationClasses} [main] Could not detect default configuration classes for test class [com.svalero.apibikes.UserControllerTests]: UserControllerTests does not declare any static, non-private, non-final, nested classes annotated with @Configuration.
2025-05-01 02:01:40,476 INFO o.s.b.t.c.SpringBootTestContextBootstrapper {getOrFindConfigurationClasses} [main] Found @SpringBootConfiguration com.svalero.apibikes.HellospringApplication for test class com.svalero.apibikes.UserControllerTests
2025-05-01 02:01:40,478 INFO o.s.t.c.s.AbstractTestContextBootstrapper {getDefaultTestExecutionListenerClassNames} [main] Loaded default TestExecutionListener class names from location [META-INF/spring.factories]: [org.springframework.boot.test.mock.mockito.MockitoTestExecutionListener, org.springframework.boot.test.mock.mockito.ResetMocksTestExecutionListener, org.springframework.boot.test.autoconfigure.restdocs.RestDocsTestExecutionListener, org.springframework.boot.test.autoconfigure.web.client.MockRestServiceServerResetTestExecutionListener, org.springframework.boot.test.autoconfigure.web.servlet.MockMvcPrintOnlyOnFailureTestExecutionListener, org.springframework.boot.test.autoconfigure.web.servlet.WebDriverTestExecutionListener, org.springframework.boot.test.autoconfigure.webservices.client.MockWebServiceServerTestExecutionListener, org.springframework.test.context.web.ServletTestExecutionListener, org.springframework.test.context.support.DirtiesContextBeforeModesTestExecutionListener, org.springframework.test.context.event.ApplicationEventsTestExecutionListener, org.springframework.test.context.support.DependencyInjectionTestExecutionListener, org.springframework.test.context.support.DirtiesContextTestExecutionListener, org.springframework.test.context.transaction.TransactionalTestExecutionListener, org.springframework.test.context.jdbc.SqlScriptsTestExecutionListener, org.springframework.test.context.event.EventPublishingTestExecutionListener]
2025-05-01 02:01:40,479 INFO o.s.t.c.s.AbstractTestContextBootstrapper {getTestExecutionListeners} [main] Using TestExecutionListeners: [org.springframework.test.context.web.ServletTestExecutionListener@64ef2719, org.springframework.test.context.support.DirtiesContextBeforeModesTestExecutionListener@7b423f90, org.springframework.test.context.event.ApplicationEventsTestExecutionListener@24f3fb87, org.springframework.boot.test.mock.mockito.MockitoTestExecutionListener@c7673ae, org.springframework.boot.test.autoconfigure.SpringBootDependencyInjectionTestExecutionListener@113c4ad6, org.springframework.test.context.support.DirtiesContextTestExecutionListener@7be859de, org.springframework.test.context.transaction.TransactionalTestExecutionListener@40fcaae7, org.springframework.test.context.jdbc.SqlScriptsTestExecutionListener@7fa85a55, org.springframework.test.context.event.EventPublishingTestExecutionListener@cb1c58c, org.springframework.boot.test.mock.mockito.ResetMocksTestExecutionListener@352e4b6d, org.springframework.boot.test.autoconfigure.restdocs.RestDocsTestExecutionListener@10a064bd, org.springframework.boot.test.autoconfigure.web.client.MockRestServiceServerResetTestExecutionListener@2de7fe0e, org.springframework.boot.test.autoconfigure.web.servlet.MockMvcPrintOnlyOnFailureTestExecutionListener@2ff8d39b, org.springframework.boot.test.autoconfigure.web.servlet.WebDriverTestExecutionListener@684a802a, org.springframework.boot.test.autoconfigure.webservices.client.MockWebServiceServerTestExecutionListener@7b5c9412]
2025-05-01 02:01:40,526 INFO o.s.b.StartupInfoLogger {logStarting} [main] Starting UserControllerTests using Java 21 on DESKTOP-A2Q7539 with PID 6640 (started by 34618 in C:\Users\34618\Documents\2DAM Gdo. Superior\Acceso a datos 2DAM\hellospring)
2025-05-01 02:01:40,526 INFO o.s.b.SpringApplication {logStartupProfileInfo} [main] The following 1 profile is active: "test"
2025-05-01 02:01:41,563 INFO o.s.s.w.DefaultSecurityFilterChain {<init>} [main] Will secure any request with [org.springframework.security.web.session.DisableEncodeUrlFilter@2e4d2232, org.springframework.security.web.context.request.async.WebAsyncManagerIntegrationFilter@24f5e9e8, org.springframework.security.web.context.SecurityContextPersistenceFilter@5f9ccd0c, org.springframework.security.web.header.HeaderWriterFilter@7b2f8152, org.springframework.security.web.authentication.logout.LogoutFilter@34647f58, org.springframework.security.web.savedrequest.RequestCacheAwareFilter@6738e8b2, org.springframework.security.web.servletapi.SecurityContextHolderAwareRequestFilter@609ad016, org.springframework.security.web.authentication.AnonymousAuthenticationFilter@50e6ee24, org.springframework.security.web.session.SessionManagementFilter@6371c5ec, org.springframework.security.web.access.ExceptionTranslationFilter@42cf5a6f, org.springframework.security.web.access.intercept.FilterSecurityInterceptor@714b6999]
2025-05-01 02:01:44,862 INFO o.s.m.w.MockServletContext {log} [main] Initializing Spring TestDispatcherServlet ''
2025-05-01 02:01:44,944 INFO o.s.w.s.FrameworkServlet {initServletBean} [main] Initializing Servlet ''
2025-05-01 02:01:44,947 INFO o.s.w.s.FrameworkServlet {initServletBean} [main] Completed initialization in 2 ms
2025-05-01 02:01:45,155 INFO o.s.b.StartupInfoLogger {logStarted} [main] Started UserControllerTests in 4.671 seconds (JVM running for 27.383)
2025-05-01 02:01:45,185 INFO c.s.a.c.UserController {getUser} [main] BEGIN getUser
2025-05-01 02:01:45,226 INFO c.s.a.c.UserController {filterusers} [main] BEGIN getAll
2025-05-01 02:01:45,227 INFO c.s.a.c.UserController {filterusers} [main] END getAll
2025-05-01 02:01:45,372 INFO c.s.a.c.UserController {filterusers} [main] BEGIN getAll
2025-05-01 02:01:45,375 INFO c.s.a.c.UserController {filterusers} [main] END getAll
2025-05-01 02:01:45,395 INFO c.s.a.c.UserController {filterusers} [main] BEGIN getAll
2025-05-01 02:01:45,398 INFO c.s.a.c.UserController {filterusers} [main] END getAll
2025-05-01 02:01:45,456 INFO c.s.a.c.UserController {removeUser} [main] BEGIN removeUser
2025-05-01 02:01:45,459 INFO c.s.a.c.UserController {removeUser} [main] END removeUser
2025-05-01 02:01:45,480 INFO c.s.a.c.UserController {getUser} [main] BEGIN getUser
2025-05-01 02:01:45,484 INFO c.s.a.c.UserController {getUser} [main] END getUser
2025-05-01 02:01:45,540 INFO c.s.a.c.UserController {modifyUser} [main] BEGIN modifyUser
2025-05-01 02:01:45,574 INFO c.s.a.c.UserController {filterusers} [main] BEGIN getAll
2025-05-01 02:01:45,576 INFO c.s.a.c.UserController {filterusers} [main] END getAll
2025-05-01 02:01:45,613 INFO c.s.a.c.UserController {filterusers} [main] BEGIN getAll
2025-05-01 02:01:45,614 INFO c.s.a.c.UserController {filterusers} [main] END getAll
2025-05-01 02:01:45,633 INFO c.s.a.c.UserController {modifyUser} [main] BEGIN modifyUser
2025-05-01 02:01:45,637 INFO c.s.a.c.UserController {modifyUser} [main] END modifyUser
2025-05-01 02:01:45,651 INFO c.s.a.c.UserController {removeUser} [main] BEGIN removeUser
2025-05-01 02:01:45,860 INFO o.s.t.c.s.AbstractTestContextBootstrapper {buildDefaultMergedContextConfiguration} [main] Neither @ContextConfiguration nor @ContextHierarchy found for test class [com.svalero.apibikes.WorkShopControllerTests], using SpringBootContextLoader
2025-05-01 02:01:45,866 INFO o.s.t.c.s.AbstractContextLoader {generateDefaultLocations} [main] Could not detect default resource locations for test class [com.svalero.apibikes.WorkShopControllerTests]: no resource found for suffixes {-context.xml, Context.groovy}.
2025-05-01 02:01:45,868 INFO o.s.t.c.s.AnnotationConfigContextLoaderUtils {detectDefaultConfigurationClasses} [main] Could not detect default configuration classes for test class [com.svalero.apibikes.WorkShopControllerTests]: WorkShopControllerTests does not declare any static, non-private, non-final, nested classes annotated with @Configuration.
2025-05-01 02:01:45,881 INFO o.s.b.t.c.SpringBootTestContextBootstrapper {getOrFindConfigurationClasses} [main] Found @SpringBootConfiguration com.svalero.apibikes.HellospringApplication for test class com.svalero.apibikes.WorkShopControllerTests
2025-05-01 02:01:45,882 INFO o.s.t.c.s.AbstractTestContextBootstrapper {getDefaultTestExecutionListenerClassNames} [main] Loaded default TestExecutionListener class names from location [META-INF/spring.factories]: [org.springframework.boot.test.mock.mockito.MockitoTestExecutionListener, org.springframework.boot.test.mock.mockito.ResetMocksTestExecutionListener, org.springframework.boot.test.autoconfigure.restdocs.RestDocsTestExecutionListener, org.springframework.boot.test.autoconfigure.web.client.MockRestServiceServerResetTestExecutionListener, org.springframework.boot.test.autoconfigure.web.servlet.MockMvcPrintOnlyOnFailureTestExecutionListener, org.springframework.boot.test.autoconfigure.web.servlet.WebDriverTestExecutionListener, org.springframework.boot.test.autoconfigure.webservices.client.MockWebServiceServerTestExecutionListener, org.springframework.test.context.web.ServletTestExecutionListener, org.springframework.test.context.support.DirtiesContextBeforeModesTestExecutionListener, org.springframework.test.context.event.ApplicationEventsTestExecutionListener, org.springframework.test.context.support.DependencyInjectionTestExecutionListener, org.springframework.test.context.support.DirtiesContextTestExecutionListener, org.springframework.test.context.transaction.TransactionalTestExecutionListener, org.springframework.test.context.jdbc.SqlScriptsTestExecutionListener, org.springframework.test.context.event.EventPublishingTestExecutionListener]
2025-05-01 02:01:45,885 INFO o.s.t.c.s.AbstractTestContextBootstrapper {getTestExecutionListeners} [main] Using TestExecutionListeners: [org.springframework.test.context.web.ServletTestExecutionListener@682d9f21, org.springframework.test.context.support.DirtiesContextBeforeModesTestExecutionListener@2e64ae1a, org.springframework.test.context.event.ApplicationEventsTestExecutionListener@6eadd342, org.springframework.boot.test.mock.mockito.MockitoTestExecutionListener@30a20fb3, org.springframework.boot.test.autoconfigure.SpringBootDependencyInjectionTestExecutionListener@34f24a11, org.springframework.test.context.support.DirtiesContextTestExecutionListener@3f6d36eb, org.springframework.test.context.transaction.TransactionalTestExecutionListener@3f5ac587, org.springframework.test.context.jdbc.SqlScriptsTestExecutionListener@1fa58a48, org.springframework.test.context.event.EventPublishingTestExecutionListener@3921e96f, org.springframework.boot.test.mock.mockito.ResetMocksTestExecutionListener@6fad5ace, org.springframework.boot.test.autoconfigure.restdocs.RestDocsTestExecutionListener@632dc41, org.springframework.boot.test.autoconfigure.web.client.MockRestServiceServerResetTestExecutionListener@35f6f105, org.springframework.boot.test.autoconfigure.web.servlet.MockMvcPrintOnlyOnFailureTestExecutionListener@3aa1c45, org.springframework.boot.test.autoconfigure.web.servlet.WebDriverTestExecutionListener@6d45dd4, org.springframework.boot.test.autoconfigure.webservices.client.MockWebServiceServerTestExecutionListener@1614499b]
2025-05-01 02:01:45,950 INFO o.s.b.StartupInfoLogger {logStarting} [main] Starting WorkShopControllerTests using Java 21 on DESKTOP-A2Q7539 with PID 6640 (started by 34618 in C:\Users\34618\Documents\2DAM Gdo. Superior\Acceso a datos 2DAM\hellospring)
2025-05-01 02:01:45,951 INFO o.s.b.SpringApplication {logStartupProfileInfo} [main] The following 1 profile is active: "test"
2025-05-01 02:01:47,057 INFO o.s.s.w.DefaultSecurityFilterChain {<init>} [main] Will secure any request with [org.springframework.security.web.session.DisableEncodeUrlFilter@21f479cd, org.springframework.security.web.context.request.async.WebAsyncManagerIntegrationFilter@102fd71d, org.springframework.security.web.context.SecurityContextPersistenceFilter@77307b51, org.springframework.security.web.header.HeaderWriterFilter@1999e1f5, org.springframework.security.web.authentication.logout.LogoutFilter@1cca2e9d, org.springframework.security.web.savedrequest.RequestCacheAwareFilter@48d464cf, org.springframework.security.web.servletapi.SecurityContextHolderAwareRequestFilter@1e14b269, org.springframework.security.web.authentication.AnonymousAuthenticationFilter@8e00c02, org.springframework.security.web.session.SessionManagementFilter@b1fa523, org.springframework.security.web.access.ExceptionTranslationFilter@6d0a4a22, org.springframework.security.web.access.intercept.FilterSecurityInterceptor@4850d66b]
2025-05-01 02:01:48,226 INFO o.s.m.w.MockServletContext {log} [main] Initializing Spring TestDispatcherServlet ''
2025-05-01 02:01:48,228 INFO o.s.w.s.FrameworkServlet {initServletBean} [main] Initializing Servlet ''
2025-05-01 02:01:48,229 INFO o.s.w.s.FrameworkServlet {initServletBean} [main] Completed initialization in 1 ms
2025-05-01 02:01:48,298 INFO o.s.b.StartupInfoLogger {logStarted} [main] Started WorkShopControllerTests in 2.407 seconds (JVM running for 30.525)
2025-05-01 02:01:48,405 INFO c.s.a.c.WorkShopController {modifyWorkShop} [main] BEGIN modifyWorkShop
2025-05-01 02:01:48,407 INFO c.s.a.c.WorkShopController {modifyWorkShop} [main] END modifyWorkShop
2025-05-01 02:01:48,435 INFO c.s.a.c.WorkShopController {getWorkShop} [main] BEGIN getWorkShop
2025-05-01 02:01:48,437 INFO c.s.a.c.WorkShopController {getWorkShop} [main] END getWorkShop
2025-05-01 02:01:48,465 INFO c.s.a.c.WorkShopController {filterworkshops} [main] BEGIN getAll
2025-05-01 02:01:48,467 INFO c.s.a.c.WorkShopController {filterworkshops} [main] END getAll
2025-05-01 02:01:48,483 INFO c.s.a.c.WorkShopController {filterworkshops} [main] BEGIN getAll
2025-05-01 02:01:48,485 INFO c.s.a.c.WorkShopController {filterworkshops} [main] END getAll
2025-05-01 02:01:48,497 INFO c.s.a.c.WorkShopController {removeWorkShop} [main] BEGIN removeWorkShop
2025-05-01 02:01:48,500 INFO c.s.a.c.WorkShopController {removeWorkShop} [main] END removeWorkShop
2025-05-01 02:01:48,511 INFO c.s.a.c.WorkShopController {filterworkshops} [main] BEGIN getAll
2025-05-01 02:01:48,514 INFO c.s.a.c.WorkShopController {filterworkshops} [main] END getAll
2025-05-01 02:01:48,539 INFO c.s.a.c.WorkShopController {modifyWorkShop} [main] BEGIN modifyWorkShop
2025-05-01 02:01:48,577 INFO c.s.a.c.WorkShopController {removeWorkShop} [main] BEGIN removeWorkShop
2025-05-01 02:01:48,596 INFO c.s.a.c.WorkShopController {filterworkshops} [main] BEGIN getAll
2025-05-01 02:01:48,598 INFO c.s.a.c.WorkShopController {filterworkshops} [main] END getAll
2025-05-01 02:01:48,626 INFO c.s.a.c.WorkShopController {getWorkShop} [main] BEGIN getWorkShop
2025-05-01 02:01:48,642 INFO c.s.a.c.WorkShopController {filterworkshops} [main] BEGIN getAll
2025-05-01 02:01:48,644 INFO c.s.a.c.WorkShopController {filterworkshops} [main] END getAll
2025-05-01 02:01:48,665 INFO c.s.a.c.WorkShopController {addWorkShop} [main] BEGIN addWorkShop
2025-05-01 02:01:48,667 INFO c.s.a.c.WorkShopController {addWorkShop} [main] END addWorkShop
2025-05-01 02:03:56,298 INFO o.h.v.i.u.Version {<clinit>} [background-preinit] HV000001: Hibernate Validator 6.2.5.Final
2025-05-01 02:03:56,327 INFO o.s.b.StartupInfoLogger {logStarting} [main] Starting BikeControllerTests using Java 21 on DESKTOP-A2Q7539 with PID 5312 (started by 34618 in C:\Users\34618\Documents\2DAM Gdo. Superior\Acceso a datos 2DAM\hellospring)
2025-05-01 02:03:56,332 INFO o.s.b.SpringApplication {logStartupProfileInfo} [main] The following 1 profile is active: "test"
2025-05-01 02:04:00,990 INFO o.s.s.w.DefaultSecurityFilterChain {<init>} [main] Will secure any request with [org.springframework.security.web.session.DisableEncodeUrlFilter@5c3d4f05, org.springframework.security.web.context.request.async.WebAsyncManagerIntegrationFilter@119290b9, org.springframework.security.web.context.SecurityContextPersistenceFilter@76c86567, org.springframework.security.web.header.HeaderWriterFilter@5e85c21b, org.springframework.security.web.authentication.logout.LogoutFilter@582e9152, org.springframework.security.web.savedrequest.RequestCacheAwareFilter@1d2fb82, org.springframework.security.web.servletapi.SecurityContextHolderAwareRequestFilter@34045582, org.springframework.security.web.authentication.AnonymousAuthenticationFilter@640d604, org.springframework.security.web.session.SessionManagementFilter@17c0274c, org.springframework.security.web.access.ExceptionTranslationFilter@26e0d39c, org.springframework.security.web.access.intercept.FilterSecurityInterceptor@752b69e3]
2025-05-01 02:04:04,630 INFO o.s.m.w.MockServletContext {log} [main] Initializing Spring TestDispatcherServlet ''
2025-05-01 02:04:04,630 INFO o.s.w.s.FrameworkServlet {initServletBean} [main] Initializing Servlet ''
2025-05-01 02:04:04,633 INFO o.s.w.s.FrameworkServlet {initServletBean} [main] Completed initialization in 1 ms
2025-05-01 02:04:04,713 INFO o.s.b.StartupInfoLogger {logStarted} [main] Started BikeControllerTests in 9.291 seconds (JVM running for 13.086)
2025-05-01 02:04:04,974 INFO c.s.a.c.BikeController {filterBikes} [main] Filtrando bicicletas con parámetros: brand=, model=Alma, color=
2025-05-01 02:04:04,985 INFO c.s.a.c.BikeController {filterBikes} [main] Operación completada: Se obtuvieron 1 bicicletas filtradas
2025-05-01 02:04:05,265 INFO c.s.a.c.BikeController {filterBikes} [main] Filtrando bicicletas con parámetros: brand=Orbea, model=Alma, color=green
2025-05-01 02:04:05,267 INFO c.s.a.c.BikeController {filterBikes} [main] Operación completada: Se obtuvieron 1 bicicletas filtradas
2025-05-01 02:04:05,640 INFO c.s.a.c.BikeController {addBike} [main] BEGIN addBike
2025-05-01 02:04:05,712 INFO c.s.a.c.BikeController {filterBikes} [main] Filtrando bicicletas con parámetros: brand=Orbea, model=, color=
2025-05-01 02:04:05,714 INFO c.s.a.c.BikeController {filterBikes} [main] Operación completada: Se obtuvieron 2 bicicletas filtradas
2025-05-01 02:04:05,746 INFO c.s.a.c.BikeController {addBike} [main] BEGIN addBike
2025-05-01 02:04:05,747 INFO c.s.a.c.BikeController {addBike} [main] END addBike
2025-05-01 02:04:05,896 INFO c.s.a.c.BikeController {filterBikes} [main] Filtrando bicicletas con parámetros: brand=, model=, color=
2025-05-01 02:04:05,899 INFO c.s.a.c.BikeController {filterBikes} [main] Operación completada: Se obtuvieron 3 bicicletas filtradas
2025-05-01 02:04:05,920 INFO c.s.a.c.BikeController {filterBikes} [main] Filtrando bicicletas con parámetros: brand=, model=, color=green
2025-05-01 02:04:05,922 INFO c.s.a.c.BikeController {filterBikes} [main] Operación completada: Se obtuvieron 1 bicicletas filtradas
2025-05-01 02:04:05,960 INFO c.s.a.c.BikeController {getBike} [main] BEGIN getBike
2025-05-01 02:04:05,962 INFO c.s.a.c.BikeController {getBike} [main] END getBike
2025-05-01 02:04:06,056 INFO c.s.a.c.BikeController {removeBike} [main] BEGIN removeBike
2025-05-01 02:04:06,058 INFO c.s.a.c.BikeController {removeBike} [main] END removeBike
2025-05-01 02:04:06,100 INFO c.s.a.c.BikeController {modifyBike} [main] BEGIN modifyBike
2025-05-01 02:04:06,164 INFO c.s.a.c.BikeController {modifyBike} [main] BEGIN modifyBike
2025-05-01 02:04:06,165 INFO c.s.a.c.BikeController {modifyBike} [main] END modifyBike
2025-05-01 02:04:06,188 INFO c.s.a.c.BikeController {removeBike} [main] BEGIN removeBike
2025-05-01 02:04:06,209 INFO c.s.a.c.BikeController {getBike} [main] BEGIN getBike
2025-05-01 02:04:07,047 INFO o.s.t.c.s.AbstractTestContextBootstrapper {buildDefaultMergedContextConfiguration} [main] Neither @ContextConfiguration nor @ContextHierarchy found for test class [com.svalero.apibikes.MechanicControllerTests], using SpringBootContextLoader
2025-05-01 02:04:07,051 INFO o.s.t.c.s.AbstractContextLoader {generateDefaultLocations} [main] Could not detect default resource locations for test class [com.svalero.apibikes.MechanicControllerTests]: no resource found for suffixes {-context.xml, Context.groovy}.
2025-05-01 02:04:07,052 INFO o.s.t.c.s.AnnotationConfigContextLoaderUtils {detectDefaultConfigurationClasses} [main] Could not detect default configuration classes for test class [com.svalero.apibikes.MechanicControllerTests]: MechanicControllerTests does not declare any static, non-private, non-final, nested classes annotated with @Configuration.
2025-05-01 02:04:07,086 INFO o.s.b.t.c.SpringBootTestContextBootstrapper {getOrFindConfigurationClasses} [main] Found @SpringBootConfiguration com.svalero.apibikes.HellospringApplication for test class com.svalero.apibikes.MechanicControllerTests
2025-05-01 02:04:07,088 INFO o.s.t.c.s.AbstractTestContextBootstrapper {getDefaultTestExecutionListenerClassNames} [main] Loaded default TestExecutionListener class names from location [META-INF/spring.factories]: [org.springframework.boot.test.mock.mockito.MockitoTestExecutionListener, org.springframework.boot.test.mock.mockito.ResetMocksTestExecutionListener, org.springframework.boot.test.autoconfigure.restdocs.RestDocsTestExecutionListener, org.springframework.boot.test.autoconfigure.web.client.MockRestServiceServerResetTestExecutionListener, org.springframework.boot.test.autoconfigure.web.servlet.MockMvcPrintOnlyOnFailureTestExecutionListener, org.springframework.boot.test.autoconfigure.web.servlet.WebDriverTestExecutionListener, org.springframework.boot.test.autoconfigure.webservices.client.MockWebServiceServerTestExecutionListener, org.springframework.test.context.web.ServletTestExecutionListener, org.springframework.test.context.support.DirtiesContextBeforeModesTestExecutionListener, org.springframework.test.context.event.ApplicationEventsTestExecutionListener, org.springframework.test.context.support.DependencyInjectionTestExecutionListener, org.springframework.test.context.support.DirtiesContextTestExecutionListener, org.springframework.test.context.transaction.TransactionalTestExecutionListener, org.springframework.test.context.jdbc.SqlScriptsTestExecutionListener, org.springframework.test.context.event.EventPublishingTestExecutionListener]
2025-05-01 02:04:07,090 INFO o.s.t.c.s.AbstractTestContextBootstrapper {getTestExecutionListeners} [main] Using TestExecutionListeners: [org.springframework.test.context.web.ServletTestExecutionListener@1b5af65b, org.springframework.test.context.support.DirtiesContextBeforeModesTestExecutionListener@2e0163cb, org.springframework.test.context.event.ApplicationEventsTestExecutionListener@6b289535, org.springframework.boot.test.mock.mockito.MockitoTestExecutionListener@74619273, org.springframework.boot.test.autoconfigure.SpringBootDependencyInjectionTestExecutionListener@38c55a8a, org.springframework.test.context.support.DirtiesContextTestExecutionListener@1d7f7962, org.springframework.test.context.transaction.TransactionalTestExecutionListener@32d1d6c5, org.springframework.test.context.jdbc.SqlScriptsTestExecutionListener@4a5b38e6, org.springframework.test.context.event.EventPublishingTestExecutionListener@58583a2d, org.springframework.boot.test.mock.mockito.ResetMocksTestExecutionListener@3e8afc2d, org.springframework.boot.test.autoconfigure.restdocs.RestDocsTestExecutionListener@2d172c7, org.springframework.boot.test.autoconfigure.web.client.MockRestServiceServerResetTestExecutionListener@115ef673, org.springframework.boot.test.autoconfigure.web.servlet.MockMvcPrintOnlyOnFailureTestExecutionListener@8ce3f27, org.springframework.boot.test.autoconfigure.web.servlet.WebDriverTestExecutionListener@614cd187, org.springframework.boot.test.autoconfigure.webservices.client.MockWebServiceServerTestExecutionListener@6802d023]
2025-05-01 02:04:07,247 INFO o.s.b.StartupInfoLogger {logStarting} [main] Starting MechanicControllerTests using Java 21 on DESKTOP-A2Q7539 with PID 5312 (started by 34618 in C:\Users\34618\Documents\2DAM Gdo. Superior\Acceso a datos 2DAM\hellospring)
2025-05-01 02:04:07,249 INFO o.s.b.SpringApplication {logStartupProfileInfo} [main] The following 1 profile is active: "test"
2025-05-01 02:04:08,638 INFO o.s.s.w.DefaultSecurityFilterChain {<init>} [main] Will secure any request with [org.springframework.security.web.session.DisableEncodeUrlFilter@4d0abb23, org.springframework.security.web.context.request.async.WebAsyncManagerIntegrationFilter@6ab1f85b, org.springframework.security.web.context.SecurityContextPersistenceFilter@3d8bd881, org.springframework.security.web.header.HeaderWriterFilter@106802ea, org.springframework.security.web.authentication.logout.LogoutFilter@4ff0706c, org.springframework.security.web.savedrequest.RequestCacheAwareFilter@731ab49b, org.springframework.security.web.servletapi.SecurityContextHolderAwareRequestFilter@23358740, org.springframework.security.web.authentication.AnonymousAuthenticationFilter@10e8c7a2, org.springframework.security.web.session.SessionManagementFilter@785ef70f, org.springframework.security.web.access.ExceptionTranslationFilter@103bcc9f, org.springframework.security.web.access.intercept.FilterSecurityInterceptor@611587f7]
2025-05-01 02:04:09,848 INFO o.s.m.w.MockServletContext {log} [main] Initializing Spring TestDispatcherServlet ''
2025-05-01 02:04:09,849 INFO o.s.w.s.FrameworkServlet {initServletBean} [main] Initializing Servlet ''
2025-05-01 02:04:09,850 INFO o.s.w.s.FrameworkServlet {initServletBean} [main] Completed initialization in 1 ms
2025-05-01 02:04:09,872 INFO o.s.b.StartupInfoLogger {logStarted} [main] Started MechanicControllerTests in 2.764 seconds (JVM running for 18.246)
2025-05-01 02:04:09,900 INFO c.s.a.c.MechanicController {filtermechanics} [main] BEGIN getAll
2025-05-01 02:04:09,901 INFO c.s.a.c.MechanicController {filtermechanics} [main] END getAll
2025-05-01 02:04:09,940 INFO c.s.a.c.MechanicController {modifyMechanic} [main] BEGIN modifyMechanic
2025-05-01 02:04:09,941 INFO c.s.a.c.MechanicController {modifyMechanic} [main] END modifyMechanic
2025-05-01 02:04:09,954 INFO c.s.a.c.MechanicController {filtermechanics} [main] BEGIN getAll
2025-05-01 02:04:09,955 INFO c.s.a.c.MechanicController {filtermechanics} [main] END getAll
2025-05-01 02:04:09,966 INFO c.s.a.c.MechanicController {getMechanic} [main] BEGIN getMechanic
2025-05-01 02:04:09,986 INFO c.s.a.c.MechanicController {filtermechanics} [main] BEGIN getAll
2025-05-01 02:04:09,987 INFO c.s.a.c.MechanicController {filtermechanics} [main] END getAll
2025-05-01 02:04:09,998 INFO c.s.a.c.MechanicController {removeMechanic} [main] BEGIN removeMechanic
2025-05-01 02:04:09,999 INFO c.s.a.c.MechanicController {removeMechanic} [main] END removeMechanic
2025-05-01 02:04:10,036 INFO c.s.a.c.MechanicController {addMechanic} [main] BEGIN addMechanic
2025-05-01 02:04:10,037 INFO c.s.a.c.MechanicController {addMechanic} [main] END addMechanic
2025-05-01 02:04:10,049 INFO c.s.a.c.MechanicController {getMechanic} [main] BEGIN getMechanic
2025-05-01 02:04:10,051 INFO c.s.a.c.MechanicController {getMechanic} [main] END getMechanic
2025-05-01 02:04:10,072 INFO c.s.a.c.MechanicController {modifyMechanic} [main] BEGIN modifyMechanic
2025-05-01 02:04:10,084 INFO c.s.a.c.MechanicController {filtermechanics} [main] BEGIN getAll
2025-05-01 02:04:10,084 INFO c.s.a.c.MechanicController {filtermechanics} [main] END getAll
2025-05-01 02:04:10,091 INFO c.s.a.c.MechanicController {removeMechanic} [main] BEGIN removeMechanic
2025-05-01 02:04:10,104 INFO c.s.a.c.MechanicController {filtermechanics} [main] BEGIN getAll
2025-05-01 02:04:10,104 INFO c.s.a.c.MechanicController {filtermechanics} [main] END getAll
2025-05-01 02:04:10,370 INFO o.s.t.c.s.AbstractTestContextBootstrapper {buildDefaultMergedContextConfiguration} [main] Neither @ContextConfiguration nor @ContextHierarchy found for test class [com.svalero.apibikes.UserControllerTests], using SpringBootContextLoader
2025-05-01 02:04:10,371 INFO o.s.t.c.s.AbstractContextLoader {generateDefaultLocations} [main] Could not detect default resource locations for test class [com.svalero.apibikes.UserControllerTests]: no resource found for suffixes {-context.xml, Context.groovy}.
2025-05-01 02:04:10,372 INFO o.s.t.c.s.AnnotationConfigContextLoaderUtils {detectDefaultConfigurationClasses} [main] Could not detect default configuration classes for test class [com.svalero.apibikes.UserControllerTests]: UserControllerTests does not declare any static, non-private, non-final, nested classes annotated with @Configuration.
2025-05-01 02:04:10,385 INFO o.s.b.t.c.SpringBootTestContextBootstrapper {getOrFindConfigurationClasses} [main] Found @SpringBootConfiguration com.svalero.apibikes.HellospringApplication for test class com.svalero.apibikes.UserControllerTests
2025-05-01 02:04:10,386 INFO o.s.t.c.s.AbstractTestContextBootstrapper {getDefaultTestExecutionListenerClassNames} [main] Loaded default TestExecutionListener class names from location [META-INF/spring.factories]: [org.springframework.boot.test.mock.mockito.MockitoTestExecutionListener, org.springframework.boot.test.mock.mockito.ResetMocksTestExecutionListener, org.springframework.boot.test.autoconfigure.restdocs.RestDocsTestExecutionListener, org.springframework.boot.test.autoconfigure.web.client.MockRestServiceServerResetTestExecutionListener, org.springframework.boot.test.autoconfigure.web.servlet.MockMvcPrintOnlyOnFailureTestExecutionListener, org.springframework.boot.test.autoconfigure.web.servlet.WebDriverTestExecutionListener, org.springframework.boot.test.autoconfigure.webservices.client.MockWebServiceServerTestExecutionListener, org.springframework.test.context.web.ServletTestExecutionListener, org.springframework.test.context.support.DirtiesContextBeforeModesTestExecutionListener, org.springframework.test.context.event.ApplicationEventsTestExecutionListener, org.springframework.test.context.support.DependencyInjectionTestExecutionListener, org.springframework.test.context.support.DirtiesContextTestExecutionListener, org.springframework.test.context.transaction.TransactionalTestExecutionListener, org.springframework.test.context.jdbc.SqlScriptsTestExecutionListener, org.springframework.test.context.event.EventPublishingTestExecutionListener]
2025-05-01 02:04:10,387 INFO o.s.t.c.s.AbstractTestContextBootstrapper {getTestExecutionListeners} [main] Using TestExecutionListeners: [org.springframework.test.context.web.ServletTestExecutionListener@21c5c68a, org.springframework.test.context.support.DirtiesContextBeforeModesTestExecutionListener@5bb39285, org.springframework.test.context.event.ApplicationEventsTestExecutionListener@2b0d85bd, org.springframework.boot.test.mock.mockito.MockitoTestExecutionListener@102ecb61, org.springframework.boot.test.autoconfigure.SpringBootDependencyInjectionTestExecutionListener@1fd0ae78, org.springframework.test.context.support.DirtiesContextTestExecutionListener@583030bd, org.springframework.test.context.transaction.TransactionalTestExecutionListener@1f57666b, org.springframework.test.context.jdbc.SqlScriptsTestExecutionListener@7944c323, org.springframework.test.context.event.EventPublishingTestExecutionListener@637d111d, org.springframework.boot.test.mock.mockito.ResetMocksTestExecutionListener@3a917017, org.springframework.boot.test.autoconfigure.restdocs.RestDocsTestExecutionListener@1ed12d10, org.springframework.boot.test.autoconfigure.web.client.MockRestServiceServerResetTestExecutionListener@4153a832, org.springframework.boot.test.autoconfigure.web.servlet.MockMvcPrintOnlyOnFailureTestExecutionListener@4a2dbcfc, org.springframework.boot.test.autoconfigure.web.servlet.WebDriverTestExecutionListener@7b8d6c66, org.springframework.boot.test.autoconfigure.webservices.client.MockWebServiceServerTestExecutionListener@6ca367aa]
2025-05-01 02:04:10,426 INFO o.s.b.StartupInfoLogger {logStarting} [main] Starting UserControllerTests using Java 21 on DESKTOP-A2Q7539 with PID 5312 (started by 34618 in C:\Users\34618\Documents\2DAM Gdo. Superior\Acceso a datos 2DAM\hellospring)
2025-05-01 02:04:10,427 INFO o.s.b.SpringApplication {logStartupProfileInfo} [main] The following 1 profile is active: "test"
2025-05-01 02:04:11,181 INFO o.s.s.w.DefaultSecurityFilterChain {<init>} [main] Will secure any request with [org.springframework.security.web.session.DisableEncodeUrlFilter@33c9f1ac, org.springframework.security.web.context.request.async.WebAsyncManagerIntegrationFilter@4070c4ff, org.springframework.security.web.context.SecurityContextPersistenceFilter@746e534, org.springframework.security.web.header.HeaderWriterFilter@2553dcc0, org.springframework.security.web.authentication.logout.LogoutFilter@1cfd6f63, org.springframework.security.web.savedrequest.RequestCacheAwareFilter@37665305, org.springframework.security.web.servletapi.SecurityContextHolderAwareRequestFilter@c683cf5, org.springframework.security.web.authentication.AnonymousAuthenticationFilter@4bceac99, org.springframework.security.web.session.SessionManagementFilter@2e91cf69, org.springframework.security.web.access.ExceptionTranslationFilter@ae74eef, org.springframework.security.web.access.intercept.FilterSecurityInterceptor@1dadd172]
2025-05-01 02:04:12,206 INFO o.s.m.w.MockServletContext {log} [main] Initializing Spring TestDispatcherServlet ''
2025-05-01 02:04:12,208 INFO o.s.w.s.FrameworkServlet {initServletBean} [main] Initializing Servlet ''
2025-05-01 02:04:12,211 INFO o.s.w.s.FrameworkServlet {initServletBean} [main] Completed initialization in 2 ms
2025-05-01 02:04:12,245 INFO o.s.b.StartupInfoLogger {logStarted} [main] Started UserControllerTests in 1.853 seconds (JVM running for 20.619)
2025-05-01 02:04:12,262 INFO c.s.a.c.UserController {getUser} [main] BEGIN getUser
2025-05-01 02:04:12,289 INFO c.s.a.c.UserController {filterusers} [main] BEGIN getAll
2025-05-01 02:04:12,291 INFO c.s.a.c.UserController {filterusers} [main] END getAll
2025-05-01 02:04:12,357 INFO c.s.a.c.UserController {filterusers} [main] BEGIN getAll
2025-05-01 02:04:12,365 INFO c.s.a.c.UserController {filterusers} [main] END getAll
2025-05-01 02:04:12,378 INFO c.s.a.c.UserController {filterusers} [main] BEGIN getAll
2025-05-01 02:04:12,379 INFO c.s.a.c.UserController {filterusers} [main] END getAll
2025-05-01 02:04:12,431 INFO c.s.a.c.UserController {removeUser} [main] BEGIN removeUser
2025-05-01 02:04:12,432 INFO c.s.a.c.UserController {removeUser} [main] END removeUser
2025-05-01 02:04:12,446 INFO c.s.a.c.UserController {getUser} [main] BEGIN getUser
2025-05-01 02:04:12,448 INFO c.s.a.c.UserController {getUser} [main] END getUser
2025-05-01 02:04:12,504 INFO c.s.a.c.UserController {modifyUser} [main] BEGIN modifyUser
2025-05-01 02:04:12,523 INFO c.s.a.c.UserController {filterusers} [main] BEGIN getAll
2025-05-01 02:04:12,524 INFO c.s.a.c.UserController {filterusers} [main] END getAll
2025-05-01 02:04:12,541 INFO c.s.a.c.UserController {filterusers} [main] BEGIN getAll
2025-05-01 02:04:12,542 INFO c.s.a.c.UserController {filterusers} [main] END getAll
2025-05-01 02:04:12,560 INFO c.s.a.c.UserController {modifyUser} [main] BEGIN modifyUser
2025-05-01 02:04:12,565 INFO c.s.a.c.UserController {modifyUser} [main] END modifyUser
2025-05-01 02:04:12,582 INFO c.s.a.c.UserController {removeUser} [main] BEGIN removeUser
2025-05-01 02:04:12,793 INFO o.s.t.c.s.AbstractTestContextBootstrapper {buildDefaultMergedContextConfiguration} [main] Neither @ContextConfiguration nor @ContextHierarchy found for test class [com.svalero.apibikes.WorkShopControllerTests], using SpringBootContextLoader
2025-05-01 02:04:12,796 INFO o.s.t.c.s.AbstractContextLoader {generateDefaultLocations} [main] Could not detect default resource locations for test class [com.svalero.apibikes.WorkShopControllerTests]: no resource found for suffixes {-context.xml, Context.groovy}.
2025-05-01 02:04:12,797 INFO o.s.t.c.s.AnnotationConfigContextLoaderUtils {detectDefaultConfigurationClasses} [main] Could not detect default configuration classes for test class [com.svalero.apibikes.WorkShopControllerTests]: WorkShopControllerTests does not declare any static, non-private, non-final, nested classes annotated with @Configuration.
2025-05-01 02:04:12,815 INFO o.s.b.t.c.SpringBootTestContextBootstrapper {getOrFindConfigurationClasses} [main] Found @SpringBootConfiguration com.svalero.apibikes.HellospringApplication for test class com.svalero.apibikes.WorkShopControllerTests
2025-05-01 02:04:12,818 INFO o.s.t.c.s.AbstractTestContextBootstrapper {getDefaultTestExecutionListenerClassNames} [main] Loaded default TestExecutionListener class names from location [META-INF/spring.factories]: [org.springframework.boot.test.mock.mockito.MockitoTestExecutionListener, org.springframework.boot.test.mock.mockito.ResetMocksTestExecutionListener, org.springframework.boot.test.autoconfigure.restdocs.RestDocsTestExecutionListener, org.springframework.boot.test.autoconfigure.web.client.MockRestServiceServerResetTestExecutionListener, org.springframework.boot.test.autoconfigure.web.servlet.MockMvcPrintOnlyOnFailureTestExecutionListener, org.springframework.boot.test.autoconfigure.web.servlet.WebDriverTestExecutionListener, org.springframework.boot.test.autoconfigure.webservices.client.MockWebServiceServerTestExecutionListener, org.springframework.test.context.web.ServletTestExecutionListener, org.springframework.test.context.support.DirtiesContextBeforeModesTestExecutionListener, org.springframework.test.context.event.ApplicationEventsTestExecutionListener, org.springframework.test.context.support.DependencyInjectionTestExecutionListener, org.springframework.test.context.support.DirtiesContextTestExecutionListener, org.springframework.test.context.transaction.TransactionalTestExecutionListener, org.springframework.test.context.jdbc.SqlScriptsTestExecutionListener, org.springframework.test.context.event.EventPublishingTestExecutionListener]
2025-05-01 02:04:12,820 INFO o.s.t.c.s.AbstractTestContextBootstrapper {getTestExecutionListeners} [main] Using TestExecutionListeners: [org.springframework.test.context.web.ServletTestExecutionListener@d70dbeb, org.springframework.test.context.support.DirtiesContextBeforeModesTestExecutionListener@7f8f5d37, org.springframework.test.context.event.ApplicationEventsTestExecutionListener@f9cd1e6, org.springframework.boot.test.mock.mockito.MockitoTestExecutionListener@3ff53704, org.springframework.boot.test.autoconfigure.SpringBootDependencyInjectionTestExecutionListener@34d11c92, org.springframework.test.context.support.DirtiesContextTestExecutionListener@31b289da, org.springframework.test.context.transaction.TransactionalTestExecutionListener@58486deb, org.springframework.test.context.jdbc.SqlScriptsTestExecutionListener@4e933cf1, org.springframework.test.context.event.EventPublishingTestExecutionListener@729a9c3d, org.springframework.boot.test.mock.mockito.ResetMocksTestExecutionListener@574327ed, org.springframework.boot.test.autoconfigure.restdocs.RestDocsTestExecutionListener@4c7f2fdb, org.springframework.boot.test.autoconfigure.web.client.MockRestServiceServerResetTestExecutionListener@1b5cf611, org.springframework.boot.test.autoconfigure.web.servlet.MockMvcPrintOnlyOnFailureTestExecutionListener@3d01ea33, org.springframework.boot.test.autoconfigure.web.servlet.WebDriverTestExecutionListener@73b3ce31, org.springframework.boot.test.autoconfigure.webservices.client.MockWebServiceServerTestExecutionListener@4687366b]
2025-05-01 02:04:12,932 INFO o.s.b.StartupInfoLogger {logStarting} [main] Starting WorkShopControllerTests using Java 21 on DESKTOP-A2Q7539 with PID 5312 (started by 34618 in C:\Users\34618\Documents\2DAM Gdo. Superior\Acceso a datos 2DAM\hellospring)
2025-05-01 02:04:12,934 INFO o.s.b.SpringApplication {logStartupProfileInfo} [main] The following 1 profile is active: "test"
2025-05-01 02:04:13,918 INFO o.s.s.w.DefaultSecurityFilterChain {<init>} [main] Will secure any request with [org.springframework.security.web.session.DisableEncodeUrlFilter@6296e4bf, org.springframework.security.web.context.request.async.WebAsyncManagerIntegrationFilter@220cda54, org.springframework.security.web.context.SecurityContextPersistenceFilter@2c7c898a, org.springframework.security.web.header.HeaderWriterFilter@3ef914f5, org.springframework.security.web.authentication.logout.LogoutFilter@121dac1a, org.springframework.security.web.savedrequest.RequestCacheAwareFilter@4a86be01, org.springframework.security.web.servletapi.SecurityContextHolderAwareRequestFilter@3cae4518, org.springframework.security.web.authentication.AnonymousAuthenticationFilter@39109603, org.springframework.security.web.session.SessionManagementFilter@61e0f9b9, org.springframework.security.web.access.ExceptionTranslationFilter@2de96eba, org.springframework.security.web.access.intercept.FilterSecurityInterceptor@2c3b0cc8]
2025-05-01 02:04:14,582 INFO o.s.m.w.MockServletContext {log} [main] Initializing Spring TestDispatcherServlet ''
2025-05-01 02:04:14,583 INFO o.s.w.s.FrameworkServlet {initServletBean} [main] Initializing Servlet ''
2025-05-01 02:04:14,584 INFO o.s.w.s.FrameworkServlet {initServletBean} [main] Completed initialization in 1 ms
2025-05-01 02:04:14,601 INFO o.s.b.StartupInfoLogger {logStarted} [main] Started WorkShopControllerTests in 1.774 seconds (JVM running for 22.974)
2025-05-01 02:04:14,670 INFO c.s.a.c.WorkShopController {modifyWorkShop} [main] BEGIN modifyWorkShop
2025-05-01 02:04:14,672 INFO c.s.a.c.WorkShopController {modifyWorkShop} [main] END modifyWorkShop
2025-05-01 02:04:14,685 INFO c.s.a.c.WorkShopController {getWorkShop} [main] BEGIN getWorkShop
2025-05-01 02:04:14,687 INFO c.s.a.c.WorkShopController {getWorkShop} [main] END getWorkShop
2025-05-01 02:04:14,702 INFO c.s.a.c.WorkShopController {filterworkshops} [main] BEGIN getAll
2025-05-01 02:04:14,704 INFO c.s.a.c.WorkShopController {filterworkshops} [main] END getAll
2025-05-01 02:04:14,714 INFO c.s.a.c.WorkShopController {filterworkshops} [main] BEGIN getAll
2025-05-01 02:04:14,717 INFO c.s.a.c.WorkShopController {filterworkshops} [main] END getAll
2025-05-01 02:04:14,724 INFO c.s.a.c.WorkShopController {removeWorkShop} [main] BEGIN removeWorkShop
2025-05-01 02:04:14,725 INFO c.s.a.c.WorkShopController {removeWorkShop} [main] END removeWorkShop
2025-05-01 02:04:14,735 INFO c.s.a.c.WorkShopController {filterworkshops} [main] BEGIN getAll
2025-05-01 02:04:14,737 INFO c.s.a.c.WorkShopController {filterworkshops} [main] END getAll
2025-05-01 02:04:14,750 INFO c.s.a.c.WorkShopController {modifyWorkShop} [main] BEGIN modifyWorkShop
2025-05-01 02:04:14,774 INFO c.s.a.c.WorkShopController {removeWorkShop} [main] BEGIN removeWorkShop
2025-05-01 02:04:14,782 INFO c.s.a.c.WorkShopController {filterworkshops} [main] BEGIN getAll
2025-05-01 02:04:14,783 INFO c.s.a.c.WorkShopController {filterworkshops} [main] END getAll
2025-05-01 02:04:14,796 INFO c.s.a.c.WorkShopController {getWorkShop} [main] BEGIN getWorkShop
2025-05-01 02:04:14,803 INFO c.s.a.c.WorkShopController {filterworkshops} [main] BEGIN getAll
2025-05-01 02:04:14,804 INFO c.s.a.c.WorkShopController {filterworkshops} [main] END getAll
2025-05-01 02:04:14,812 INFO c.s.a.c.WorkShopController {addWorkShop} [main] BEGIN addWorkShop
2025-05-01 02:04:14,813 INFO c.s.a.c.WorkShopController {addWorkShop} [main] END addWorkShop
2025-05-01 02:05:12,696 INFO o.h.v.i.u.Version {<clinit>} [background-preinit] HV000001: Hibernate Validator 6.2.5.Final
2025-05-01 02:05:12,741 INFO o.s.b.StartupInfoLogger {logStarting} [main] Starting BikeControllerTests using Java 21 on DESKTOP-A2Q7539 with PID 2748 (started by 34618 in C:\Users\34618\Documents\2DAM Gdo. Superior\Acceso a datos 2DAM\hellospring)
2025-05-01 02:05:12,747 INFO o.s.b.SpringApplication {logStartupProfileInfo} [main] The following 1 profile is active: "test"
2025-05-01 02:05:21,060 INFO o.s.s.w.DefaultSecurityFilterChain {<init>} [main] Will secure any request with [org.springframework.security.web.session.DisableEncodeUrlFilter@38159384, org.springframework.security.web.context.request.async.WebAsyncManagerIntegrationFilter@55877274, org.springframework.security.web.context.SecurityContextPersistenceFilter@1a2ac487, org.springframework.security.web.header.HeaderWriterFilter@24fba488, org.springframework.security.web.authentication.logout.LogoutFilter@1f916219, org.springframework.security.web.savedrequest.RequestCacheAwareFilter@1ee5632d, org.springframework.security.web.servletapi.SecurityContextHolderAwareRequestFilter@52a7928a, org.springframework.security.web.authentication.AnonymousAuthenticationFilter@723e2d08, org.springframework.security.web.session.SessionManagementFilter@9e02f84, org.springframework.security.web.access.ExceptionTranslationFilter@7ec08115, org.springframework.security.web.access.intercept.FilterSecurityInterceptor@fddd7ae]
2025-05-01 02:05:23,432 INFO o.s.m.w.MockServletContext {log} [main] Initializing Spring TestDispatcherServlet ''
2025-05-01 02:05:23,434 INFO o.s.w.s.FrameworkServlet {initServletBean} [main] Initializing Servlet ''
2025-05-01 02:05:23,438 INFO o.s.w.s.FrameworkServlet {initServletBean} [main] Completed initialization in 3 ms
2025-05-01 02:05:23,543 INFO o.s.b.StartupInfoLogger {logStarted} [main] Started BikeControllerTests in 12.581 seconds (JVM running for 14.916)
2025-05-01 02:05:23,880 INFO c.s.a.c.BikeController {filterBikes} [main] Filtrando bicicletas con parámetros: brand=, model=Alma, color=
2025-05-01 02:05:23,896 INFO c.s.a.c.BikeController {filterBikes} [main] Operación completada: Se obtuvieron 1 bicicletas filtradas
2025-05-01 02:05:24,193 INFO c.s.a.c.BikeController {filterBikes} [main] Filtrando bicicletas con parámetros: brand=Orbea, model=Alma, color=green
2025-05-01 02:05:24,196 INFO c.s.a.c.BikeController {filterBikes} [main] Operación completada: Se obtuvieron 1 bicicletas filtradas
2025-05-01 02:05:24,514 INFO c.s.a.c.BikeController {addBike} [main] BEGIN addBike
2025-05-01 02:05:24,584 INFO c.s.a.c.BikeController {filterBikes} [main] Filtrando bicicletas con parámetros: brand=Orbea, model=, color=
2025-05-01 02:05:24,589 INFO c.s.a.c.BikeController {filterBikes} [main] Operación completada: Se obtuvieron 2 bicicletas filtradas
2025-05-01 02:05:24,610 INFO c.s.a.c.BikeController {addBike} [main] BEGIN addBike
2025-05-01 02:05:24,613 INFO c.s.a.c.BikeController {addBike} [main] END addBike
2025-05-01 02:05:24,774 INFO c.s.a.c.BikeController {filterBikes} [main] Filtrando bicicletas con parámetros: brand=, model=, color=
2025-05-01 02:05:24,775 INFO c.s.a.c.BikeController {filterBikes} [main] Operación completada: Se obtuvieron 3 bicicletas filtradas
2025-05-01 02:05:24,787 INFO c.s.a.c.BikeController {filterBikes} [main] Filtrando bicicletas con parámetros: brand=, model=, color=green
2025-05-01 02:05:24,789 INFO c.s.a.c.BikeController {filterBikes} [main] Operación completada: Se obtuvieron 1 bicicletas filtradas
2025-05-01 02:05:24,802 INFO c.s.a.c.BikeController {getBike} [main] BEGIN getBike
2025-05-01 02:05:24,803 INFO c.s.a.c.BikeController {getBike} [main] END getBike
2025-05-01 02:05:24,865 INFO c.s.a.c.BikeController {removeBike} [main] BEGIN removeBike
2025-05-01 02:05:24,866 INFO c.s.a.c.BikeController {removeBike} [main] END removeBike
2025-05-01 02:05:24,891 INFO c.s.a.c.BikeController {modifyBike} [main] BEGIN modifyBike
2025-05-01 02:05:24,940 INFO c.s.a.c.BikeController {modifyBike} [main] BEGIN modifyBike
2025-05-01 02:05:24,942 INFO c.s.a.c.BikeController {modifyBike} [main] END modifyBike
2025-05-01 02:05:24,959 INFO c.s.a.c.BikeController {removeBike} [main] BEGIN removeBike
2025-05-01 02:05:24,972 INFO c.s.a.c.BikeController {getBike} [main] BEGIN getBike
2025-05-01 02:05:25,335 INFO o.s.t.c.s.AbstractTestContextBootstrapper {buildDefaultMergedContextConfiguration} [main] Neither @ContextConfiguration nor @ContextHierarchy found for test class [com.svalero.apibikes.MechanicControllerTests], using SpringBootContextLoader
2025-05-01 02:05:25,336 INFO o.s.t.c.s.AbstractContextLoader {generateDefaultLocations} [main] Could not detect default resource locations for test class [com.svalero.apibikes.MechanicControllerTests]: no resource found for suffixes {-context.xml, Context.groovy}.
2025-05-01 02:05:25,337 INFO o.s.t.c.s.AnnotationConfigContextLoaderUtils {detectDefaultConfigurationClasses} [main] Could not detect default configuration classes for test class [com.svalero.apibikes.MechanicControllerTests]: MechanicControllerTests does not declare any static, non-private, non-final, nested classes annotated with @Configuration.
2025-05-01 02:05:25,347 INFO o.s.b.t.c.SpringBootTestContextBootstrapper {getOrFindConfigurationClasses} [main] Found @SpringBootConfiguration com.svalero.apibikes.HellospringApplication for test class com.svalero.apibikes.MechanicControllerTests
2025-05-01 02:05:25,349 INFO o.s.t.c.s.AbstractTestContextBootstrapper {getDefaultTestExecutionListenerClassNames} [main] Loaded default TestExecutionListener class names from location [META-INF/spring.factories]: [org.springframework.boot.test.mock.mockito.MockitoTestExecutionListener, org.springframework.boot.test.mock.mockito.ResetMocksTestExecutionListener, org.springframework.boot.test.autoconfigure.restdocs.RestDocsTestExecutionListener, org.springframework.boot.test.autoconfigure.web.client.MockRestServiceServerResetTestExecutionListener, org.springframework.boot.test.autoconfigure.web.servlet.MockMvcPrintOnlyOnFailureTestExecutionListener, org.springframework.boot.test.autoconfigure.web.servlet.WebDriverTestExecutionListener, org.springframework.boot.test.autoconfigure.webservices.client.MockWebServiceServerTestExecutionListener, org.springframework.test.context.web.ServletTestExecutionListener, org.springframework.test.context.support.DirtiesContextBeforeModesTestExecutionListener, org.springframework.test.context.event.ApplicationEventsTestExecutionListener, org.springframework.test.context.support.DependencyInjectionTestExecutionListener, org.springframework.test.context.support.DirtiesContextTestExecutionListener, org.springframework.test.context.transaction.TransactionalTestExecutionListener, org.springframework.test.context.jdbc.SqlScriptsTestExecutionListener, org.springframework.test.context.event.EventPublishingTestExecutionListener]
2025-05-01 02:05:25,350 INFO o.s.t.c.s.AbstractTestContextBootstrapper {getTestExecutionListeners} [main] Using TestExecutionListeners: [org.springframework.test.context.web.ServletTestExecutionListener@2bc2e022, org.springframework.test.context.support.DirtiesContextBeforeModesTestExecutionListener@2210e466, org.springframework.test.context.event.ApplicationEventsTestExecutionListener@be1c08a, org.springframework.boot.test.mock.mockito.MockitoTestExecutionListener@10408ea, org.springframework.boot.test.autoconfigure.SpringBootDependencyInjectionTestExecutionListener@3d7b3b18, org.springframework.test.context.support.DirtiesContextTestExecutionListener@186dcb05, org.springframework.test.context.transaction.TransactionalTestExecutionListener@1d0dad12, org.springframework.test.context.jdbc.SqlScriptsTestExecutionListener@3c6fb501, org.springframework.test.context.event.EventPublishingTestExecutionListener@58a8ea6f, org.springframework.boot.test.mock.mockito.ResetMocksTestExecutionListener@2e6b379c, org.springframework.boot.test.autoconfigure.restdocs.RestDocsTestExecutionListener@5e7e7a7e, org.springframework.boot.test.autoconfigure.web.client.MockRestServiceServerResetTestExecutionListener@1ff81b0d, org.springframework.boot.test.autoconfigure.web.servlet.MockMvcPrintOnlyOnFailureTestExecutionListener@1c610f, org.springframework.boot.test.autoconfigure.web.servlet.WebDriverTestExecutionListener@773c7147, org.springframework.boot.test.autoconfigure.webservices.client.MockWebServiceServerTestExecutionListener@5abc5854]
2025-05-01 02:05:25,403 INFO o.s.b.StartupInfoLogger {logStarting} [main] Starting MechanicControllerTests using Java 21 on DESKTOP-A2Q7539 with PID 2748 (started by 34618 in C:\Users\34618\Documents\2DAM Gdo. Superior\Acceso a datos 2DAM\hellospring)
2025-05-01 02:05:25,405 INFO o.s.b.SpringApplication {logStartupProfileInfo} [main] The following 1 profile is active: "test"
2025-05-01 02:05:26,091 INFO o.s.s.w.DefaultSecurityFilterChain {<init>} [main] Will secure any request with [org.springframework.security.web.session.DisableEncodeUrlFilter@7028b5cc, org.springframework.security.web.context.request.async.WebAsyncManagerIntegrationFilter@7c0ff7a0, org.springframework.security.web.context.SecurityContextPersistenceFilter@194e78af, org.springframework.security.web.header.HeaderWriterFilter@2411b935, org.springframework.security.web.authentication.logout.LogoutFilter@37c37d67, org.springframework.security.web.savedrequest.RequestCacheAwareFilter@4fe4503a, org.springframework.security.web.servletapi.SecurityContextHolderAwareRequestFilter@669580e2, org.springframework.security.web.authentication.AnonymousAuthenticationFilter@24c84e65, org.springframework.security.web.session.SessionManagementFilter@1425e531, org.springframework.security.web.access.ExceptionTranslationFilter@4e030feb, org.springframework.security.web.access.intercept.FilterSecurityInterceptor@7614378d]
2025-05-01 02:05:27,193 INFO o.s.m.w.MockServletContext {log} [main] Initializing Spring TestDispatcherServlet ''
2025-05-01 02:05:27,195 INFO o.s.w.s.FrameworkServlet {initServletBean} [main] Initializing Servlet ''
2025-05-01 02:05:27,198 INFO o.s.w.s.FrameworkServlet {initServletBean} [main] Completed initialization in 2 ms
2025-05-01 02:05:27,242 INFO o.s.b.StartupInfoLogger {logStarted} [main] Started MechanicControllerTests in 1.886 seconds (JVM running for 18.616)
2025-05-01 02:05:27,270 INFO c.s.a.c.MechanicController {filtermechanics} [main] BEGIN getAll
2025-05-01 02:05:27,275 INFO c.s.a.c.MechanicController {filtermechanics} [main] END getAll
2025-05-01 02:05:27,352 INFO c.s.a.c.MechanicController {modifyMechanic} [main] BEGIN modifyMechanic
2025-05-01 02:05:27,357 INFO c.s.a.c.MechanicController {modifyMechanic} [main] END modifyMechanic
2025-05-01 02:05:27,381 INFO c.s.a.c.MechanicController {filtermechanics} [main] BEGIN getAll
2025-05-01 02:05:27,385 INFO c.s.a.c.MechanicController {filtermechanics} [main] END getAll
2025-05-01 02:05:27,406 INFO c.s.a.c.MechanicController {getMechanic} [main] BEGIN getMechanic
2025-05-01 02:05:27,431 INFO c.s.a.c.MechanicController {filtermechanics} [main] BEGIN getAll
2025-05-01 02:05:27,433 INFO c.s.a.c.MechanicController {filtermechanics} [main] END getAll
2025-05-01 02:05:27,451 INFO c.s.a.c.MechanicController {removeMechanic} [main] BEGIN removeMechanic
2025-05-01 02:05:27,456 INFO c.s.a.c.MechanicController {removeMechanic} [main] END removeMechanic
2025-05-01 02:05:27,517 INFO c.s.a.c.MechanicController {addMechanic} [main] BEGIN addMechanic
2025-05-01 02:05:27,520 INFO c.s.a.c.MechanicController {addMechanic} [main] END addMechanic
2025-05-01 02:05:27,540 INFO c.s.a.c.MechanicController {getMechanic} [main] BEGIN getMechanic
2025-05-01 02:05:27,543 INFO c.s.a.c.MechanicController {getMechanic} [main] END getMechanic
2025-05-01 02:05:27,588 INFO c.s.a.c.MechanicController {modifyMechanic} [main] BEGIN modifyMechanic
2025-05-01 02:05:27,620 INFO c.s.a.c.MechanicController {filtermechanics} [main] BEGIN getAll
2025-05-01 02:05:27,626 INFO c.s.a.c.MechanicController {filtermechanics} [main] END getAll
2025-05-01 02:05:27,668 INFO c.s.a.c.MechanicController {removeMechanic} [main] BEGIN removeMechanic
2025-05-01 02:05:27,703 INFO c.s.a.c.MechanicController {filtermechanics} [main] BEGIN getAll
2025-05-01 02:05:27,705 INFO c.s.a.c.MechanicController {filtermechanics} [main] END getAll
2025-05-01 02:05:28,410 INFO o.s.t.c.s.AbstractTestContextBootstrapper {buildDefaultMergedContextConfiguration} [main] Neither @ContextConfiguration nor @ContextHierarchy found for test class [com.svalero.apibikes.UserControllerTests], using SpringBootContextLoader
2025-05-01 02:05:28,414 INFO o.s.t.c.s.AbstractContextLoader {generateDefaultLocations} [main] Could not detect default resource locations for test class [com.svalero.apibikes.UserControllerTests]: no resource found for suffixes {-context.xml, Context.groovy}.
2025-05-01 02:05:28,414 INFO o.s.t.c.s.AnnotationConfigContextLoaderUtils {detectDefaultConfigurationClasses} [main] Could not detect default configuration classes for test class [com.svalero.apibikes.UserControllerTests]: UserControllerTests does not declare any static, non-private, non-final, nested classes annotated with @Configuration.
2025-05-01 02:05:28,453 INFO o.s.b.t.c.SpringBootTestContextBootstrapper {getOrFindConfigurationClasses} [main] Found @SpringBootConfiguration com.svalero.apibikes.HellospringApplication for test class com.svalero.apibikes.UserControllerTests
2025-05-01 02:05:28,458 INFO o.s.t.c.s.AbstractTestContextBootstrapper {getDefaultTestExecutionListenerClassNames} [main] Loaded default TestExecutionListener class names from location [META-INF/spring.factories]: [org.springframework.boot.test.mock.mockito.MockitoTestExecutionListener, org.springframework.boot.test.mock.mockito.ResetMocksTestExecutionListener, org.springframework.boot.test.autoconfigure.restdocs.RestDocsTestExecutionListener, org.springframework.boot.test.autoconfigure.web.client.MockRestServiceServerResetTestExecutionListener, org.springframework.boot.test.autoconfigure.web.servlet.MockMvcPrintOnlyOnFailureTestExecutionListener, org.springframework.boot.test.autoconfigure.web.servlet.WebDriverTestExecutionListener, org.springframework.boot.test.autoconfigure.webservices.client.MockWebServiceServerTestExecutionListener, org.springframework.test.context.web.ServletTestExecutionListener, org.springframework.test.context.support.DirtiesContextBeforeModesTestExecutionListener, org.springframework.test.context.event.ApplicationEventsTestExecutionListener, org.springframework.test.context.support.DependencyInjectionTestExecutionListener, org.springframework.test.context.support.DirtiesContextTestExecutionListener, org.springframework.test.context.transaction.TransactionalTestExecutionListener, org.springframework.test.context.jdbc.SqlScriptsTestExecutionListener, org.springframework.test.context.event.EventPublishingTestExecutionListener]
2025-05-01 02:05:28,461 INFO o.s.t.c.s.AbstractTestContextBootstrapper {getTestExecutionListeners} [main] Using TestExecutionListeners: [org.springframework.test.context.web.ServletTestExecutionListener@2b19b346, org.springframework.test.context.support.DirtiesContextBeforeModesTestExecutionListener@37c5b8e8, org.springframework.test.context.event.ApplicationEventsTestExecutionListener@706d2bae, org.springframework.boot.test.mock.mockito.MockitoTestExecutionListener@3205610d, org.springframework.boot.test.autoconfigure.SpringBootDependencyInjectionTestExecutionListener@54e06788, org.springframework.test.context.support.DirtiesContextTestExecutionListener@4e789704, org.springframework.test.context.transaction.TransactionalTestExecutionListener@5751e53e, org.springframework.test.context.jdbc.SqlScriptsTestExecutionListener@4e45fbd0, org.springframework.test.context.event.EventPublishingTestExecutionListener@19ce19b7, org.springframework.boot.test.mock.mockito.ResetMocksTestExecutionListener@13047d3d, org.springframework.boot.test.autoconfigure.restdocs.RestDocsTestExecutionListener@4b240276, org.springframework.boot.test.autoconfigure.web.client.MockRestServiceServerResetTestExecutionListener@2a5efbb9, org.springframework.boot.test.autoconfigure.web.servlet.MockMvcPrintOnlyOnFailureTestExecutionListener@43b45ce4, org.springframework.boot.test.autoconfigure.web.servlet.WebDriverTestExecutionListener@73e93c3a, org.springframework.boot.test.autoconfigure.webservices.client.MockWebServiceServerTestExecutionListener@1835b783]
2025-05-01 02:05:28,549 INFO o.s.b.StartupInfoLogger {logStarting} [main] Starting UserControllerTests using Java 21 on DESKTOP-A2Q7539 with PID 2748 (started by 34618 in C:\Users\34618\Documents\2DAM Gdo. Superior\Acceso a datos 2DAM\hellospring)
2025-05-01 02:05:28,551 INFO o.s.b.SpringApplication {logStartupProfileInfo} [main] The following 1 profile is active: "test"
2025-05-01 02:05:31,050 INFO o.s.s.w.DefaultSecurityFilterChain {<init>} [main] Will secure any request with [org.springframework.security.web.session.DisableEncodeUrlFilter@4f98ac31, org.springframework.security.web.context.request.async.WebAsyncManagerIntegrationFilter@5cb6abc8, org.springframework.security.web.context.SecurityContextPersistenceFilter@2674ca88, org.springframework.security.web.header.HeaderWriterFilter@35f22eef, org.springframework.security.web.authentication.logout.LogoutFilter@1e1598e5, org.springframework.security.web.savedrequest.RequestCacheAwareFilter@67a3dd86, org.springframework.security.web.servletapi.SecurityContextHolderAwareRequestFilter@430212cb, org.springframework.security.web.authentication.AnonymousAuthenticationFilter@20e48e63, org.springframework.security.web.session.SessionManagementFilter@5d20195b, org.springframework.security.web.access.ExceptionTranslationFilter@782dc5, org.springframework.security.web.access.intercept.FilterSecurityInterceptor@310f8a05]
2025-05-01 02:05:32,230 INFO o.s.m.w.MockServletContext {log} [main] Initializing Spring TestDispatcherServlet ''
2025-05-01 02:05:32,232 INFO o.s.w.s.FrameworkServlet {initServletBean} [main] Initializing Servlet ''
2025-05-01 02:05:32,234 INFO o.s.w.s.FrameworkServlet {initServletBean} [main] Completed initialization in 1 ms
2025-05-01 02:05:32,281 INFO o.s.b.StartupInfoLogger {logStarted} [main] Started UserControllerTests in 3.814 seconds (JVM running for 23.655)
2025-05-01 02:05:32,340 INFO c.s.a.c.UserController {getUser} [main] BEGIN getUser
2025-05-01 02:05:32,369 INFO c.s.a.c.UserController {filterusers} [main] BEGIN getAll
2025-05-01 02:05:32,370 INFO c.s.a.c.UserController {filterusers} [main] END getAll
2025-05-01 02:05:32,446 INFO c.s.a.c.UserController {filterusers} [main] BEGIN getAll
2025-05-01 02:05:32,447 INFO c.s.a.c.UserController {filterusers} [main] END getAll
2025-05-01 02:05:32,461 INFO c.s.a.c.UserController {filterusers} [main] BEGIN getAll
2025-05-01 02:05:32,463 INFO c.s.a.c.UserController {filterusers} [main] END getAll
2025-05-01 02:05:32,513 INFO c.s.a.c.UserController {removeUser} [main] BEGIN removeUser
2025-05-01 02:05:32,514 INFO c.s.a.c.UserController {removeUser} [main] END removeUser
2025-05-01 02:05:32,531 INFO c.s.a.c.UserController {getUser} [main] BEGIN getUser
2025-05-01 02:05:32,532 INFO c.s.a.c.UserController {getUser} [main] END getUser
2025-05-01 02:05:32,568 INFO c.s.a.c.UserController {modifyUser} [main] BEGIN modifyUser
2025-05-01 02:05:32,584 INFO c.s.a.c.UserController {filterusers} [main] BEGIN getAll
2025-05-01 02:05:32,587 INFO c.s.a.c.UserController {filterusers} [main] END getAll
2025-05-01 02:05:32,605 INFO c.s.a.c.UserController {filterusers} [main] BEGIN getAll
2025-05-01 02:05:32,608 INFO c.s.a.c.UserController {filterusers} [main] END getAll
2025-05-01 02:05:32,627 INFO c.s.a.c.UserController {modifyUser} [main] BEGIN modifyUser
2025-05-01 02:05:32,630 INFO c.s.a.c.UserController {modifyUser} [main] END modifyUser
2025-05-01 02:05:32,647 INFO c.s.a.c.UserController {removeUser} [main] BEGIN removeUser
2025-05-01 02:05:32,804 INFO o.s.t.c.s.AbstractTestContextBootstrapper {buildDefaultMergedContextConfiguration} [main] Neither @ContextConfiguration nor @ContextHierarchy found for test class [com.svalero.apibikes.WorkShopControllerTests], using SpringBootContextLoader
2025-05-01 02:05:32,807 INFO o.s.t.c.s.AbstractContextLoader {generateDefaultLocations} [main] Could not detect default resource locations for test class [com.svalero.apibikes.WorkShopControllerTests]: no resource found for suffixes {-context.xml, Context.groovy}.
2025-05-01 02:05:32,808 INFO o.s.t.c.s.AnnotationConfigContextLoaderUtils {detectDefaultConfigurationClasses} [main] Could not detect default configuration classes for test class [com.svalero.apibikes.WorkShopControllerTests]: WorkShopControllerTests does not declare any static, non-private, non-final, nested classes annotated with @Configuration.
2025-05-01 02:05:32,824 INFO o.s.b.t.c.SpringBootTestContextBootstrapper {getOrFindConfigurationClasses} [main] Found @SpringBootConfiguration com.svalero.apibikes.HellospringApplication for test class com.svalero.apibikes.WorkShopControllerTests
2025-05-01 02:05:32,827 INFO o.s.t.c.s.AbstractTestContextBootstrapper {getDefaultTestExecutionListenerClassNames} [main] Loaded default TestExecutionListener class names from location [META-INF/spring.factories]: [org.springframework.boot.test.mock.mockito.MockitoTestExecutionListener, org.springframework.boot.test.mock.mockito.ResetMocksTestExecutionListener, org.springframework.boot.test.autoconfigure.restdocs.RestDocsTestExecutionListener, org.springframework.boot.test.autoconfigure.web.client.MockRestServiceServerResetTestExecutionListener, org.springframework.boot.test.autoconfigure.web.servlet.MockMvcPrintOnlyOnFailureTestExecutionListener, org.springframework.boot.test.autoconfigure.web.servlet.WebDriverTestExecutionListener, org.springframework.boot.test.autoconfigure.webservices.client.MockWebServiceServerTestExecutionListener, org.springframework.test.context.web.ServletTestExecutionListener, org.springframework.test.context.support.DirtiesContextBeforeModesTestExecutionListener, org.springframework.test.context.event.ApplicationEventsTestExecutionListener, org.springframework.test.context.support.DependencyInjectionTestExecutionListener, org.springframework.test.context.support.DirtiesContextTestExecutionListener, org.springframework.test.context.transaction.TransactionalTestExecutionListener, org.springframework.test.context.jdbc.SqlScriptsTestExecutionListener, org.springframework.test.context.event.EventPublishingTestExecutionListener]
2025-05-01 02:05:32,828 INFO o.s.t.c.s.AbstractTestContextBootstrapper {getTestExecutionListeners} [main] Using TestExecutionListeners: [org.springframework.test.context.web.ServletTestExecutionListener@65a2e14e, org.springframework.test.context.support.DirtiesContextBeforeModesTestExecutionListener@5e9f1a4c, org.springframework.test.context.event.ApplicationEventsTestExecutionListener@4bf89d3d, org.springframework.boot.test.mock.mockito.MockitoTestExecutionListener@457b8fc3, org.springframework.boot.test.autoconfigure.SpringBootDependencyInjectionTestExecutionListener@37a1beb3, org.springframework.test.context.support.DirtiesContextTestExecutionListener@11ca8f71, org.springframework.test.context.transaction.TransactionalTestExecutionListener@1e54e900, org.springframework.test.context.jdbc.SqlScriptsTestExecutionListener@7c8689e, org.springframework.test.context.event.EventPublishingTestExecutionListener@3da61af2, org.springframework.boot.test.mock.mockito.ResetMocksTestExecutionListener@7852ab30, org.springframework.boot.test.autoconfigure.restdocs.RestDocsTestExecutionListener@417751d3, org.springframework.boot.test.autoconfigure.web.client.MockRestServiceServerResetTestExecutionListener@5bf4dfb, org.springframework.boot.test.autoconfigure.web.servlet.MockMvcPrintOnlyOnFailureTestExecutionListener@8c3b634, org.springframework.boot.test.autoconfigure.web.servlet.WebDriverTestExecutionListener@65259737, org.springframework.boot.test.autoconfigure.webservices.client.MockWebServiceServerTestExecutionListener@1e27bb89]
2025-05-01 02:05:32,931 INFO o.s.b.StartupInfoLogger {logStarting} [main] Starting WorkShopControllerTests using Java 21 on DESKTOP-A2Q7539 with PID 2748 (started by 34618 in C:\Users\34618\Documents\2DAM Gdo. Superior\Acceso a datos 2DAM\hellospring)
2025-05-01 02:05:32,932 INFO o.s.b.SpringApplication {logStartupProfileInfo} [main] The following 1 profile is active: "test"
2025-05-01 02:05:33,825 INFO o.s.s.w.DefaultSecurityFilterChain {<init>} [main] Will secure any request with [org.springframework.security.web.session.DisableEncodeUrlFilter@8091d80, org.springframework.security.web.context.request.async.WebAsyncManagerIntegrationFilter@78f4d15d, org.springframework.security.web.context.SecurityContextPersistenceFilter@581d5b33, org.springframework.security.web.header.HeaderWriterFilter@6a562255, org.springframework.security.web.authentication.logout.LogoutFilter@1cdad619, org.springframework.security.web.savedrequest.RequestCacheAwareFilter@1f365a26, org.springframework.security.web.servletapi.SecurityContextHolderAwareRequestFilter@44a9971f, org.springframework.security.web.authentication.AnonymousAuthenticationFilter@6958d5d0, org.springframework.security.web.session.SessionManagementFilter@374ba492, org.springframework.security.web.access.ExceptionTranslationFilter@185bf6e0, org.springframework.security.web.access.intercept.FilterSecurityInterceptor@3b6c740b]
2025-05-01 02:05:34,697 INFO o.s.m.w.MockServletContext {log} [main] Initializing Spring TestDispatcherServlet ''
2025-05-01 02:05:34,698 INFO o.s.w.s.FrameworkServlet {initServletBean} [main] Initializing Servlet ''
2025-05-01 02:05:34,702 INFO o.s.w.s.FrameworkServlet {initServletBean} [main] Completed initialization in 1 ms
2025-05-01 02:05:34,742 INFO o.s.b.StartupInfoLogger {logStarted} [main] Started WorkShopControllerTests in 1.908 seconds (JVM running for 26.115)
2025-05-01 02:05:34,843 INFO c.s.a.c.WorkShopController {modifyWorkShop} [main] BEGIN modifyWorkShop
2025-05-01 02:05:34,844 INFO c.s.a.c.WorkShopController {modifyWorkShop} [main] END modifyWorkShop
2025-05-01 02:05:34,856 INFO c.s.a.c.WorkShopController {getWorkShop} [main] BEGIN getWorkShop
2025-05-01 02:05:34,857 INFO c.s.a.c.WorkShopController {getWorkShop} [main] END getWorkShop
2025-05-01 02:05:34,870 INFO c.s.a.c.WorkShopController {filterworkshops} [main] BEGIN getAll
2025-05-01 02:05:34,873 INFO c.s.a.c.WorkShopController {filterworkshops} [main] END getAll
2025-05-01 02:05:34,882 INFO c.s.a.c.WorkShopController {filterworkshops} [main] BEGIN getAll
2025-05-01 02:05:34,884 INFO c.s.a.c.WorkShopController {filterworkshops} [main] END getAll
2025-05-01 02:05:34,891 INFO c.s.a.c.WorkShopController {removeWorkShop} [main] BEGIN removeWorkShop
2025-05-01 02:05:34,892 INFO c.s.a.c.WorkShopController {removeWorkShop} [main] END removeWorkShop
2025-05-01 02:05:34,900 INFO c.s.a.c.WorkShopController {filterworkshops} [main] BEGIN getAll
2025-05-01 02:05:34,901 INFO c.s.a.c.WorkShopController {filterworkshops} [main] END getAll
2025-05-01 02:05:34,910 INFO c.s.a.c.WorkShopController {modifyWorkShop} [main] BEGIN modifyWorkShop
2025-05-01 02:05:34,932 INFO c.s.a.c.WorkShopController {removeWorkShop} [main] BEGIN removeWorkShop
2025-05-01 02:05:34,943 INFO c.s.a.c.WorkShopController {filterworkshops} [main] BEGIN getAll
2025-05-01 02:05:34,944 INFO c.s.a.c.WorkShopController {filterworkshops} [main] END getAll
2025-05-01 02:05:34,958 INFO c.s.a.c.WorkShopController {getWorkShop} [main] BEGIN getWorkShop
2025-05-01 02:05:34,964 INFO c.s.a.c.WorkShopController {filterworkshops} [main] BEGIN getAll
2025-05-01 02:05:34,965 INFO c.s.a.c.WorkShopController {filterworkshops} [main] END getAll
2025-05-01 02:05:34,975 INFO c.s.a.c.WorkShopController {addWorkShop} [main] BEGIN addWorkShop
2025-05-01 02:05:34,976 INFO c.s.a.c.WorkShopController {addWorkShop} [main] END addWorkShop
2025-05-01 02:32:17,760 INFO o.h.v.i.u.Version {<clinit>} [background-preinit] HV000001: Hibernate Validator 6.2.5.Final
2025-05-01 02:32:17,771 INFO o.s.b.StartupInfoLogger {logStarting} [main] Starting BikeControllerTests using Java 21 on DESKTOP-A2Q7539 with PID 2028 (started by 34618 in C:\Users\34618\Documents\2DAM Gdo. Superior\Acceso a datos 2DAM\hellospring)
2025-05-01 02:32:17,775 INFO o.s.b.SpringApplication {logStartupProfileInfo} [main] The following 1 profile is active: "test"
2025-05-01 02:32:20,895 INFO o.s.s.w.DefaultSecurityFilterChain {<init>} [main] Will secure any request with [org.springframework.security.web.session.DisableEncodeUrlFilter@51ac12ac, org.springframework.security.web.context.request.async.WebAsyncManagerIntegrationFilter@463afa6e, org.springframework.security.web.context.SecurityContextPersistenceFilter@7abeabe9, org.springframework.security.web.header.HeaderWriterFilter@4a50c746, org.springframework.security.web.authentication.logout.LogoutFilter@7a04f730, org.springframework.security.web.savedrequest.RequestCacheAwareFilter@dbed7fd, org.springframework.security.web.servletapi.SecurityContextHolderAwareRequestFilter@250d440, org.springframework.security.web.authentication.AnonymousAuthenticationFilter@7b96de8d, org.springframework.security.web.session.SessionManagementFilter@5aa76ad2, org.springframework.security.web.access.ExceptionTranslationFilter@53a50b0a, org.springframework.security.web.access.intercept.FilterSecurityInterceptor@526f6427]
2025-05-01 02:32:22,329 INFO o.s.m.w.MockServletContext {log} [main] Initializing Spring TestDispatcherServlet ''
2025-05-01 02:32:22,330 INFO o.s.w.s.FrameworkServlet {initServletBean} [main] Initializing Servlet ''
2025-05-01 02:32:22,337 INFO o.s.w.s.FrameworkServlet {initServletBean} [main] Completed initialization in 4 ms
2025-05-01 02:32:22,476 INFO o.s.b.StartupInfoLogger {logStarted} [main] Started BikeControllerTests in 6.115 seconds (JVM running for 7.913)
2025-05-01 02:32:22,863 INFO c.s.a.c.BikeController {filterBikes} [main] Filtrando bicicletas con parámetros: brand=, model=Alma, color=
2025-05-01 02:32:22,876 INFO c.s.a.c.BikeController {filterBikes} [main] Operación completada: Se obtuvieron 1 bicicletas filtradas
2025-05-01 02:32:23,091 INFO c.s.a.c.BikeController {filterBikes} [main] Filtrando bicicletas con parámetros: brand=Orbea, model=Alma, color=green
2025-05-01 02:32:23,093 INFO c.s.a.c.BikeController {filterBikes} [main] Operación completada: Se obtuvieron 1 bicicletas filtradas
2025-05-01 02:32:23,325 INFO c.s.a.c.BikeController {addBike} [main] BEGIN addBike
2025-05-01 02:32:23,373 INFO c.s.a.c.BikeController {filterBikes} [main] Filtrando bicicletas con parámetros: brand=Orbea, model=, color=
2025-05-01 02:32:23,377 INFO c.s.a.c.BikeController {filterBikes} [main] Operación completada: Se obtuvieron 2 bicicletas filtradas
2025-05-01 02:32:23,396 INFO c.s.a.c.BikeController {addBike} [main] BEGIN addBike
2025-05-01 02:32:23,399 INFO c.s.a.c.BikeController {addBike} [main] END addBike
2025-05-01 02:32:23,510 INFO c.s.a.c.BikeController {filterBikes} [main] Filtrando bicicletas con parámetros: brand=, model=, color=
2025-05-01 02:32:23,512 INFO c.s.a.c.BikeController {filterBikes} [main] Operación completada: Se obtuvieron 3 bicicletas filtradas
2025-05-01 02:32:23,530 INFO c.s.a.c.BikeController {filterBikes} [main] Filtrando bicicletas con parámetros: brand=, model=, color=green
2025-05-01 02:32:23,534 INFO c.s.a.c.BikeController {filterBikes} [main] Operación completada: Se obtuvieron 1 bicicletas filtradas
2025-05-01 02:32:23,558 INFO c.s.a.c.BikeController {getBike} [main] BEGIN getBike
2025-05-01 02:32:23,561 INFO c.s.a.c.BikeController {getBike} [main] END getBike
2025-05-01 02:32:23,655 INFO c.s.a.c.BikeController {removeBike} [main] BEGIN removeBike
2025-05-01 02:32:23,657 INFO c.s.a.c.BikeController {removeBike} [main] END removeBike
2025-05-01 02:32:23,691 INFO c.s.a.c.BikeController {modifyBike} [main] BEGIN modifyBike
2025-05-01 02:32:23,765 INFO c.s.a.c.BikeController {modifyBike} [main] BEGIN modifyBike
2025-05-01 02:32:23,770 INFO c.s.a.c.BikeController {modifyBike} [main] END modifyBike
2025-05-01 02:32:23,794 INFO c.s.a.c.BikeController {removeBike} [main] BEGIN removeBike
2025-05-01 02:32:23,815 INFO c.s.a.c.BikeController {getBike} [main] BEGIN getBike
2025-05-01 02:32:24,518 INFO o.s.t.c.s.AbstractTestContextBootstrapper {buildDefaultMergedContextConfiguration} [main] Neither @ContextConfiguration nor @ContextHierarchy found for test class [com.svalero.apibikes.MechanicControllerTests], using SpringBootContextLoader
2025-05-01 02:32:24,520 INFO o.s.t.c.s.AbstractContextLoader {generateDefaultLocations} [main] Could not detect default resource locations for test class [com.svalero.apibikes.MechanicControllerTests]: no resource found for suffixes {-context.xml, Context.groovy}.
2025-05-01 02:32:24,522 INFO o.s.t.c.s.AnnotationConfigContextLoaderUtils {detectDefaultConfigurationClasses} [main] Could not detect default configuration classes for test class [com.svalero.apibikes.MechanicControllerTests]: MechanicControllerTests does not declare any static, non-private, non-final, nested classes annotated with @Configuration.
2025-05-01 02:32:24,542 INFO o.s.b.t.c.SpringBootTestContextBootstrapper {getOrFindConfigurationClasses} [main] Found @SpringBootConfiguration com.svalero.apibikes.HellospringApplication for test class com.svalero.apibikes.MechanicControllerTests
2025-05-01 02:32:24,545 INFO o.s.t.c.s.AbstractTestContextBootstrapper {getDefaultTestExecutionListenerClassNames} [main] Loaded default TestExecutionListener class names from location [META-INF/spring.factories]: [org.springframework.boot.test.mock.mockito.MockitoTestExecutionListener, org.springframework.boot.test.mock.mockito.ResetMocksTestExecutionListener, org.springframework.boot.test.autoconfigure.restdocs.RestDocsTestExecutionListener, org.springframework.boot.test.autoconfigure.web.client.MockRestServiceServerResetTestExecutionListener, org.springframework.boot.test.autoconfigure.web.servlet.MockMvcPrintOnlyOnFailureTestExecutionListener, org.springframework.boot.test.autoconfigure.web.servlet.WebDriverTestExecutionListener, org.springframework.boot.test.autoconfigure.webservices.client.MockWebServiceServerTestExecutionListener, org.springframework.test.context.web.ServletTestExecutionListener, org.springframework.test.context.support.DirtiesContextBeforeModesTestExecutionListener, org.springframework.test.context.event.ApplicationEventsTestExecutionListener, org.springframework.test.context.support.DependencyInjectionTestExecutionListener, org.springframework.test.context.support.DirtiesContextTestExecutionListener, org.springframework.test.context.transaction.TransactionalTestExecutionListener, org.springframework.test.context.jdbc.SqlScriptsTestExecutionListener, org.springframework.test.context.event.EventPublishingTestExecutionListener]
2025-05-01 02:32:24,548 INFO o.s.t.c.s.AbstractTestContextBootstrapper {getTestExecutionListeners} [main] Using TestExecutionListeners: [org.springframework.test.context.web.ServletTestExecutionListener@7c048b30, org.springframework.test.context.support.DirtiesContextBeforeModesTestExecutionListener@309cf657, org.springframework.test.context.event.ApplicationEventsTestExecutionListener@4d4c4b14, org.springframework.boot.test.mock.mockito.MockitoTestExecutionListener@49925d21, org.springframework.boot.test.autoconfigure.SpringBootDependencyInjectionTestExecutionListener@11170228, org.springframework.test.context.support.DirtiesContextTestExecutionListener@46ee7013, org.springframework.test.context.transaction.TransactionalTestExecutionListener@69d58731, org.springframework.test.context.jdbc.SqlScriptsTestExecutionListener@3275a47f, org.springframework.test.context.event.EventPublishingTestExecutionListener@1b5af65b, org.springframework.boot.test.mock.mockito.ResetMocksTestExecutionListener@2e0163cb, org.springframework.boot.test.autoconfigure.restdocs.RestDocsTestExecutionListener@6b289535, org.springframework.boot.test.autoconfigure.web.client.MockRestServiceServerResetTestExecutionListener@74619273, org.springframework.boot.test.autoconfigure.web.servlet.MockMvcPrintOnlyOnFailureTestExecutionListener@38c55a8a, org.springframework.boot.test.autoconfigure.web.servlet.WebDriverTestExecutionListener@1d7f7962, org.springframework.boot.test.autoconfigure.webservices.client.MockWebServiceServerTestExecutionListener@32d1d6c5]
2025-05-01 02:32:24,665 INFO o.s.b.StartupInfoLogger {logStarting} [main] Starting MechanicControllerTests using Java 21 on DESKTOP-A2Q7539 with PID 2028 (started by 34618 in C:\Users\34618\Documents\2DAM Gdo. Superior\Acceso a datos 2DAM\hellospring)
2025-05-01 02:32:24,666 INFO o.s.b.SpringApplication {logStartupProfileInfo} [main] The following 1 profile is active: "test"
2025-05-01 02:32:25,272 INFO o.s.s.w.DefaultSecurityFilterChain {<init>} [main] Will secure any request with [org.springframework.security.web.session.DisableEncodeUrlFilter@731ab49b, org.springframework.security.web.context.request.async.WebAsyncManagerIntegrationFilter@23358740, org.springframework.security.web.context.SecurityContextPersistenceFilter@776e7dfb, org.springframework.security.web.header.HeaderWriterFilter@5939f047, org.springframework.security.web.authentication.logout.LogoutFilter@6d5508a5, org.springframework.security.web.savedrequest.RequestCacheAwareFilter@71418a4a, org.springframework.security.web.servletapi.SecurityContextHolderAwareRequestFilter@67ecf7ed, org.springframework.security.web.authentication.AnonymousAuthenticationFilter@2cdcfaa6, org.springframework.security.web.session.SessionManagementFilter@17332039, org.springframework.security.web.access.ExceptionTranslationFilter@6badb08c, org.springframework.security.web.access.intercept.FilterSecurityInterceptor@3d8bd881]
2025-05-01 02:32:25,720 INFO o.s.m.w.MockServletContext {log} [main] Initializing Spring TestDispatcherServlet ''
2025-05-01 02:32:25,721 INFO o.s.w.s.FrameworkServlet {initServletBean} [main] Initializing Servlet ''
2025-05-01 02:32:25,723 INFO o.s.w.s.FrameworkServlet {initServletBean} [main] Completed initialization in 1 ms
2025-05-01 02:32:25,740 INFO o.s.b.StartupInfoLogger {logStarted} [main] Started MechanicControllerTests in 1.185 seconds (JVM running for 11.175)
2025-05-01 02:32:25,751 INFO c.s.a.c.MechanicController {filtermechanics} [main] BEGIN getAll
2025-05-01 02:32:25,752 INFO c.s.a.c.MechanicController {filtermechanics} [main] END getAll
2025-05-01 02:32:25,788 INFO c.s.a.c.MechanicController {modifyMechanic} [main] BEGIN modifyMechanic
2025-05-01 02:32:25,790 INFO c.s.a.c.MechanicController {modifyMechanic} [main] END modifyMechanic
2025-05-01 02:32:25,800 INFO c.s.a.c.MechanicController {filtermechanics} [main] BEGIN getAll
2025-05-01 02:32:25,802 INFO c.s.a.c.MechanicController {filtermechanics} [main] END getAll
2025-05-01 02:32:25,811 INFO c.s.a.c.MechanicController {getMechanic} [main] BEGIN getMechanic
2025-05-01 02:32:25,825 INFO c.s.a.c.MechanicController {filtermechanics} [main] BEGIN getAll
2025-05-01 02:32:25,826 INFO c.s.a.c.MechanicController {filtermechanics} [main] END getAll
2025-05-01 02:32:25,835 INFO c.s.a.c.MechanicController {removeMechanic} [main] BEGIN removeMechanic
2025-05-01 02:32:25,836 INFO c.s.a.c.MechanicController {removeMechanic} [main] END removeMechanic
2025-05-01 02:32:25,859 INFO c.s.a.c.MechanicController {addMechanic} [main] BEGIN addMechanic
2025-05-01 02:32:25,859 INFO c.s.a.c.MechanicController {addMechanic} [main] END addMechanic
2025-05-01 02:32:25,868 INFO c.s.a.c.MechanicController {getMechanic} [main] BEGIN getMechanic
2025-05-01 02:32:25,869 INFO c.s.a.c.MechanicController {getMechanic} [main] END getMechanic
2025-05-01 02:32:25,884 INFO c.s.a.c.MechanicController {modifyMechanic} [main] BEGIN modifyMechanic
2025-05-01 02:32:25,894 INFO c.s.a.c.MechanicController {filtermechanics} [main] BEGIN getAll
2025-05-01 02:32:25,895 INFO c.s.a.c.MechanicController {filtermechanics} [main] END getAll
2025-05-01 02:32:25,903 INFO c.s.a.c.MechanicController {removeMechanic} [main] BEGIN removeMechanic
2025-05-01 02:32:25,912 INFO c.s.a.c.MechanicController {filtermechanics} [main] BEGIN getAll
2025-05-01 02:32:25,914 INFO c.s.a.c.MechanicController {filtermechanics} [main] END getAll
2025-05-01 02:32:26,004 INFO o.s.t.c.s.AbstractTestContextBootstrapper {buildDefaultMergedContextConfiguration} [main] Neither @ContextConfiguration nor @ContextHierarchy found for test class [com.svalero.apibikes.RepairOrderControllerTests], using SpringBootContextLoader
2025-05-01 02:32:26,005 INFO o.s.t.c.s.AbstractContextLoader {generateDefaultLocations} [main] Could not detect default resource locations for test class [com.svalero.apibikes.RepairOrderControllerTests]: no resource found for suffixes {-context.xml, Context.groovy}.
2025-05-01 02:32:26,006 INFO o.s.t.c.s.AnnotationConfigContextLoaderUtils {detectDefaultConfigurationClasses} [main] Could not detect default configuration classes for test class [com.svalero.apibikes.RepairOrderControllerTests]: RepairOrderControllerTests does not declare any static, non-private, non-final, nested classes annotated with @Configuration.
2025-05-01 02:32:26,017 INFO o.s.b.t.c.SpringBootTestContextBootstrapper {getOrFindConfigurationClasses} [main] Found @SpringBootConfiguration com.svalero.apibikes.HellospringApplication for test class com.svalero.apibikes.RepairOrderControllerTests
2025-05-01 02:32:26,018 INFO o.s.t.c.s.AbstractTestContextBootstrapper {getDefaultTestExecutionListenerClassNames} [main] Loaded default TestExecutionListener class names from location [META-INF/spring.factories]: [org.springframework.boot.test.mock.mockito.MockitoTestExecutionListener, org.springframework.boot.test.mock.mockito.ResetMocksTestExecutionListener, org.springframework.boot.test.autoconfigure.restdocs.RestDocsTestExecutionListener, org.springframework.boot.test.autoconfigure.web.client.MockRestServiceServerResetTestExecutionListener, org.springframework.boot.test.autoconfigure.web.servlet.MockMvcPrintOnlyOnFailureTestExecutionListener, org.springframework.boot.test.autoconfigure.web.servlet.WebDriverTestExecutionListener, org.springframework.boot.test.autoconfigure.webservices.client.MockWebServiceServerTestExecutionListener, org.springframework.test.context.web.ServletTestExecutionListener, org.springframework.test.context.support.DirtiesContextBeforeModesTestExecutionListener, org.springframework.test.context.event.ApplicationEventsTestExecutionListener, org.springframework.test.context.support.DependencyInjectionTestExecutionListener, org.springframework.test.context.support.DirtiesContextTestExecutionListener, org.springframework.test.context.transaction.TransactionalTestExecutionListener, org.springframework.test.context.jdbc.SqlScriptsTestExecutionListener, org.springframework.test.context.event.EventPublishingTestExecutionListener]
2025-05-01 02:32:26,019 INFO o.s.t.c.s.AbstractTestContextBootstrapper {getTestExecutionListeners} [main] Using TestExecutionListeners: [org.springframework.test.context.web.ServletTestExecutionListener@1618c98a, org.springframework.test.context.support.DirtiesContextBeforeModesTestExecutionListener@5b715ea, org.springframework.test.context.event.ApplicationEventsTestExecutionListener@787a0fd6, org.springframework.boot.test.mock.mockito.MockitoTestExecutionListener@48b09105, org.springframework.boot.test.autoconfigure.SpringBootDependencyInjectionTestExecutionListener@18b45500, org.springframework.test.context.support.DirtiesContextTestExecutionListener@25110bb9, org.springframework.test.context.transaction.TransactionalTestExecutionListener@dbda472, org.springframework.test.context.jdbc.SqlScriptsTestExecutionListener@41492479, org.springframework.test.context.event.EventPublishingTestExecutionListener@7bef7505, org.springframework.boot.test.mock.mockito.ResetMocksTestExecutionListener@568ef502, org.springframework.boot.test.autoconfigure.restdocs.RestDocsTestExecutionListener@36f05595, org.springframework.boot.test.autoconfigure.web.client.MockRestServiceServerResetTestExecutionListener@3e12c5de, org.springframework.boot.test.autoconfigure.web.servlet.MockMvcPrintOnlyOnFailureTestExecutionListener@3e55d844, org.springframework.boot.test.autoconfigure.web.servlet.WebDriverTestExecutionListener@1f521c69, org.springframework.boot.test.autoconfigure.webservices.client.MockWebServiceServerTestExecutionListener@2b3abeeb]
2025-05-01 02:32:26,060 INFO o.s.b.StartupInfoLogger {logStarting} [main] Starting RepairOrderControllerTests using Java 21 on DESKTOP-A2Q7539 with PID 2028 (started by 34618 in C:\Users\34618\Documents\2DAM Gdo. Superior\Acceso a datos 2DAM\hellospring)
2025-05-01 02:32:26,061 INFO o.s.b.SpringApplication {logStartupProfileInfo} [main] The following 1 profile is active: "test"
2025-05-01 02:32:26,448 INFO o.s.s.w.DefaultSecurityFilterChain {<init>} [main] Will secure any request with [org.springframework.security.web.session.DisableEncodeUrlFilter@180cc0df, org.springframework.security.web.context.request.async.WebAsyncManagerIntegrationFilter@64f33dee, org.springframework.security.web.context.SecurityContextPersistenceFilter@20556566, org.springframework.security.web.header.HeaderWriterFilter@6cd7dc74, org.springframework.security.web.authentication.logout.LogoutFilter@70e5737f, org.springframework.security.web.savedrequest.RequestCacheAwareFilter@e4ef4c0, org.springframework.security.web.servletapi.SecurityContextHolderAwareRequestFilter@5ca8bd01, org.springframework.security.web.authentication.AnonymousAuthenticationFilter@61c58320, org.springframework.security.web.session.SessionManagementFilter@6d695ec4, org.springframework.security.web.access.ExceptionTranslationFilter@35c00c, org.springframework.security.web.access.intercept.FilterSecurityInterceptor@32d8710a]
2025-05-01 02:32:26,884 INFO o.s.m.w.MockServletContext {log} [main] Initializing Spring TestDispatcherServlet ''
2025-05-01 02:32:26,885 INFO o.s.w.s.FrameworkServlet {initServletBean} [main] Initializing Servlet ''
2025-05-01 02:32:26,887 INFO o.s.w.s.FrameworkServlet {initServletBean} [main] Completed initialization in 1 ms
2025-05-01 02:32:26,906 INFO o.s.b.StartupInfoLogger {logStarted} [main] Started RepairOrderControllerTests in 0.882 seconds (JVM running for 12.341)
2025-05-01 02:32:26,916 INFO c.s.a.c.RepairOrderController {filterRepairOrders} [main] Filtrando órdenes de reparación con parámetros: bikeId=null, mechanicId=null, workShopId=null
2025-05-01 02:32:26,933 INFO c.s.a.c.RepairOrderController {getRepairOrder} [main] BEGIN getRepairOrder
2025-05-01 02:32:26,934 INFO c.s.a.c.RepairOrderController {getRepairOrder} [main] END getRepairOrder
2025-05-01 02:32:26,958 INFO c.s.a.c.RepairOrderController {getRepairOrder} [main] BEGIN getRepairOrder
2025-05-01 02:32:26,968 INFO c.s.a.c.RepairOrderController {filterRepairOrders} [main] Filtrando órdenes de reparación con parámetros: bikeId=null, mechanicId=null, workShopId=1
2025-05-01 02:32:26,993 INFO c.s.a.c.RepairOrderController {filterRepairOrders} [main] Filtrando órdenes de reparación con parámetros: bikeId=null, mechanicId=2, workShopId=null
2025-05-01 02:32:27,004 INFO c.s.a.c.RepairOrderController {filterRepairOrders} [main] Filtrando órdenes de reparación con parámetros: bikeId=1, mechanicId=null, workShopId=null
2025-05-01 02:32:27,016 INFO c.s.a.c.RepairOrderController {filterRepairOrders} [main] Filtrando órdenes de reparación con parámetros: bikeId=6, mechanicId=7, workShopId=5
2025-05-01 02:32:27,157 INFO o.s.t.c.s.AbstractTestContextBootstrapper {buildDefaultMergedContextConfiguration} [main] Neither @ContextConfiguration nor @ContextHierarchy found for test class [com.svalero.apibikes.UserControllerTests], using SpringBootContextLoader
2025-05-01 02:32:27,158 INFO o.s.t.c.s.AbstractContextLoader {generateDefaultLocations} [main] Could not detect default resource locations for test class [com.svalero.apibikes.UserControllerTests]: no resource found for suffixes {-context.xml, Context.groovy}.
2025-05-01 02:32:27,158 INFO o.s.t.c.s.AnnotationConfigContextLoaderUtils {detectDefaultConfigurationClasses} [main] Could not detect default configuration classes for test class [com.svalero.apibikes.UserControllerTests]: UserControllerTests does not declare any static, non-private, non-final, nested classes annotated with @Configuration.
2025-05-01 02:32:27,167 INFO o.s.b.t.c.SpringBootTestContextBootstrapper {getOrFindConfigurationClasses} [main] Found @SpringBootConfiguration com.svalero.apibikes.HellospringApplication for test class com.svalero.apibikes.UserControllerTests
2025-05-01 02:32:27,172 INFO o.s.t.c.s.AbstractTestContextBootstrapper {getDefaultTestExecutionListenerClassNames} [main] Loaded default TestExecutionListener class names from location [META-INF/spring.factories]: [org.springframework.boot.test.mock.mockito.MockitoTestExecutionListener, org.springframework.boot.test.mock.mockito.ResetMocksTestExecutionListener, org.springframework.boot.test.autoconfigure.restdocs.RestDocsTestExecutionListener, org.springframework.boot.test.autoconfigure.web.client.MockRestServiceServerResetTestExecutionListener, org.springframework.boot.test.autoconfigure.web.servlet.MockMvcPrintOnlyOnFailureTestExecutionListener, org.springframework.boot.test.autoconfigure.web.servlet.WebDriverTestExecutionListener, org.springframework.boot.test.autoconfigure.webservices.client.MockWebServiceServerTestExecutionListener, org.springframework.test.context.web.ServletTestExecutionListener, org.springframework.test.context.support.DirtiesContextBeforeModesTestExecutionListener, org.springframework.test.context.event.ApplicationEventsTestExecutionListener, org.springframework.test.context.support.DependencyInjectionTestExecutionListener, org.springframework.test.context.support.DirtiesContextTestExecutionListener, org.springframework.test.context.transaction.TransactionalTestExecutionListener, org.springframework.test.context.jdbc.SqlScriptsTestExecutionListener, org.springframework.test.context.event.EventPublishingTestExecutionListener]
2025-05-01 02:32:27,172 INFO o.s.t.c.s.AbstractTestContextBootstrapper {getTestExecutionListeners} [main] Using TestExecutionListeners: [org.springframework.test.context.web.ServletTestExecutionListener@4c91f5bf, org.springframework.test.context.support.DirtiesContextBeforeModesTestExecutionListener@44948ac6, org.springframework.test.context.event.ApplicationEventsTestExecutionListener@4fc256ec, org.springframework.boot.test.mock.mockito.MockitoTestExecutionListener@3bc3d70e, org.springframework.boot.test.autoconfigure.SpringBootDependencyInjectionTestExecutionListener@78bce1c4, org.springframework.test.context.support.DirtiesContextTestExecutionListener@189e96af, org.springframework.test.context.transaction.TransactionalTestExecutionListener@45b6c666, org.springframework.test.context.jdbc.SqlScriptsTestExecutionListener@60e80279, org.springframework.test.context.event.EventPublishingTestExecutionListener@7fc56d61, org.springframework.boot.test.mock.mockito.ResetMocksTestExecutionListener@1382a7d8, org.springframework.boot.test.autoconfigure.restdocs.RestDocsTestExecutionListener@6074d638, org.springframework.boot.test.autoconfigure.web.client.MockRestServiceServerResetTestExecutionListener@402feb85, org.springframework.boot.test.autoconfigure.web.servlet.MockMvcPrintOnlyOnFailureTestExecutionListener@14d53884, org.springframework.boot.test.autoconfigure.web.servlet.WebDriverTestExecutionListener@126ff1a1, org.springframework.boot.test.autoconfigure.webservices.client.MockWebServiceServerTestExecutionListener@546c30c2]
2025-05-01 02:32:27,208 INFO o.s.b.StartupInfoLogger {logStarting} [main] Starting UserControllerTests using Java 21 on DESKTOP-A2Q7539 with PID 2028 (started by 34618 in C:\Users\34618\Documents\2DAM Gdo. Superior\Acceso a datos 2DAM\hellospring)
2025-05-01 02:32:27,208 INFO o.s.b.SpringApplication {logStartupProfileInfo} [main] The following 1 profile is active: "test"
2025-05-01 02:32:27,949 INFO o.s.s.w.DefaultSecurityFilterChain {<init>} [main] Will secure any request with [org.springframework.security.web.session.DisableEncodeUrlFilter@4b20aa21, org.springframework.security.web.context.request.async.WebAsyncManagerIntegrationFilter@f5167f0, org.springframework.security.web.context.SecurityContextPersistenceFilter@1dd9a3ae, org.springframework.security.web.header.HeaderWriterFilter@38856d6e, org.springframework.security.web.authentication.logout.LogoutFilter@66589252, org.springframework.security.web.savedrequest.RequestCacheAwareFilter@79bf39e5, org.springframework.security.web.servletapi.SecurityContextHolderAwareRequestFilter@6ac2c5a1, org.springframework.security.web.authentication.AnonymousAuthenticationFilter@1260c85e, org.springframework.security.web.session.SessionManagementFilter@299ea986, org.springframework.security.web.access.ExceptionTranslationFilter@2a19c36b, org.springframework.security.web.access.intercept.FilterSecurityInterceptor@6ad26381]
2025-05-01 02:32:28,744 INFO o.s.m.w.MockServletContext {log} [main] Initializing Spring TestDispatcherServlet ''
2025-05-01 02:32:28,745 INFO o.s.w.s.FrameworkServlet {initServletBean} [main] Initializing Servlet ''
2025-05-01 02:32:28,748 INFO o.s.w.s.FrameworkServlet {initServletBean} [main] Completed initialization in 2 ms
2025-05-01 02:32:28,774 INFO o.s.b.StartupInfoLogger {logStarted} [main] Started UserControllerTests in 1.598 seconds (JVM running for 14.21)
2025-05-01 02:32:28,791 INFO c.s.a.c.UserController {getUser} [main] BEGIN getUser
2025-05-01 02:32:28,818 INFO c.s.a.c.UserController {filterusers} [main] BEGIN getAll
2025-05-01 02:32:28,820 INFO c.s.a.c.UserController {filterusers} [main] END getAll
2025-05-01 02:32:28,878 INFO c.s.a.c.UserController {filterusers} [main] BEGIN getAll
2025-05-01 02:32:28,879 INFO c.s.a.c.UserController {filterusers} [main] END getAll
2025-05-01 02:32:28,894 INFO c.s.a.c.UserController {filterusers} [main] BEGIN getAll
2025-05-01 02:32:28,896 INFO c.s.a.c.UserController {filterusers} [main] END getAll
2025-05-01 02:32:28,937 INFO c.s.a.c.UserController {removeUser} [main] BEGIN removeUser
2025-05-01 02:32:28,941 INFO c.s.a.c.UserController {removeUser} [main] END removeUser
2025-05-01 02:32:28,954 INFO c.s.a.c.UserController {getUser} [main] BEGIN getUser
2025-05-01 02:32:28,957 INFO c.s.a.c.UserController {getUser} [main] END getUser
2025-05-01 02:32:28,991 INFO c.s.a.c.UserController {modifyUser} [main] BEGIN modifyUser
2025-05-01 02:32:29,007 INFO c.s.a.c.UserController {filterusers} [main] BEGIN getAll
2025-05-01 02:32:29,011 INFO c.s.a.c.UserController {filterusers} [main] END getAll
2025-05-01 02:32:29,030 INFO c.s.a.c.UserController {filterusers} [main] BEGIN getAll
2025-05-01 02:32:29,034 INFO c.s.a.c.UserController {filterusers} [main] END getAll
2025-05-01 02:32:29,053 INFO c.s.a.c.UserController {modifyUser} [main] BEGIN modifyUser
2025-05-01 02:32:29,058 INFO c.s.a.c.UserController {modifyUser} [main] END modifyUser
2025-05-01 02:32:29,075 INFO c.s.a.c.UserController {removeUser} [main] BEGIN removeUser
2025-05-01 02:32:29,213 INFO o.s.t.c.s.AbstractTestContextBootstrapper {buildDefaultMergedContextConfiguration} [main] Neither @ContextConfiguration nor @ContextHierarchy found for test class [com.svalero.apibikes.WorkShopControllerTests], using SpringBootContextLoader
2025-05-01 02:32:29,216 INFO o.s.t.c.s.AbstractContextLoader {generateDefaultLocations} [main] Could not detect default resource locations for test class [com.svalero.apibikes.WorkShopControllerTests]: no resource found for suffixes {-context.xml, Context.groovy}.
2025-05-01 02:32:29,217 INFO o.s.t.c.s.AnnotationConfigContextLoaderUtils {detectDefaultConfigurationClasses} [main] Could not detect default configuration classes for test class [com.svalero.apibikes.WorkShopControllerTests]: WorkShopControllerTests does not declare any static, non-private, non-final, nested classes annotated with @Configuration.
2025-05-01 02:32:29,235 INFO o.s.b.t.c.SpringBootTestContextBootstrapper {getOrFindConfigurationClasses} [main] Found @SpringBootConfiguration com.svalero.apibikes.HellospringApplication for test class com.svalero.apibikes.WorkShopControllerTests
2025-05-01 02:32:29,238 INFO o.s.t.c.s.AbstractTestContextBootstrapper {getDefaultTestExecutionListenerClassNames} [main] Loaded default TestExecutionListener class names from location [META-INF/spring.factories]: [org.springframework.boot.test.mock.mockito.MockitoTestExecutionListener, org.springframework.boot.test.mock.mockito.ResetMocksTestExecutionListener, org.springframework.boot.test.autoconfigure.restdocs.RestDocsTestExecutionListener, org.springframework.boot.test.autoconfigure.web.client.MockRestServiceServerResetTestExecutionListener, org.springframework.boot.test.autoconfigure.web.servlet.MockMvcPrintOnlyOnFailureTestExecutionListener, org.springframework.boot.test.autoconfigure.web.servlet.WebDriverTestExecutionListener, org.springframework.boot.test.autoconfigure.webservices.client.MockWebServiceServerTestExecutionListener, org.springframework.test.context.web.ServletTestExecutionListener, org.springframework.test.context.support.DirtiesContextBeforeModesTestExecutionListener, org.springframework.test.context.event.ApplicationEventsTestExecutionListener, org.springframework.test.context.support.DependencyInjectionTestExecutionListener, org.springframework.test.context.support.DirtiesContextTestExecutionListener, org.springframework.test.context.transaction.TransactionalTestExecutionListener, org.springframework.test.context.jdbc.SqlScriptsTestExecutionListener, org.springframework.test.context.event.EventPublishingTestExecutionListener]
2025-05-01 02:32:29,241 INFO o.s.t.c.s.AbstractTestContextBootstrapper {getTestExecutionListeners} [main] Using TestExecutionListeners: [org.springframework.test.context.web.ServletTestExecutionListener@66e218d8, org.springframework.test.context.support.DirtiesContextBeforeModesTestExecutionListener@5b80b41d, org.springframework.test.context.event.ApplicationEventsTestExecutionListener@54ef9698, org.springframework.boot.test.mock.mockito.MockitoTestExecutionListener@31dd0e2e, org.springframework.boot.test.autoconfigure.SpringBootDependencyInjectionTestExecutionListener@478fe415, org.springframework.test.context.support.DirtiesContextTestExecutionListener@197180a5, org.springframework.test.context.transaction.TransactionalTestExecutionListener@31028e45, org.springframework.test.context.jdbc.SqlScriptsTestExecutionListener@68f75a35, org.springframework.test.context.event.EventPublishingTestExecutionListener@50e0b472, org.springframework.boot.test.mock.mockito.ResetMocksTestExecutionListener@45017263, org.springframework.boot.test.autoconfigure.restdocs.RestDocsTestExecutionListener@6054ac20, org.springframework.boot.test.autoconfigure.web.client.MockRestServiceServerResetTestExecutionListener@32a074ed, org.springframework.boot.test.autoconfigure.web.servlet.MockMvcPrintOnlyOnFailureTestExecutionListener@673605ef, org.springframework.boot.test.autoconfigure.web.servlet.WebDriverTestExecutionListener@29eaf100, org.springframework.boot.test.autoconfigure.webservices.client.MockWebServiceServerTestExecutionListener@6c1a6db1]
2025-05-01 02:32:29,338 INFO o.s.b.StartupInfoLogger {logStarting} [main] Starting WorkShopControllerTests using Java 21 on DESKTOP-A2Q7539 with PID 2028 (started by 34618 in C:\Users\34618\Documents\2DAM Gdo. Superior\Acceso a datos 2DAM\hellospring)
2025-05-01 02:32:29,339 INFO o.s.b.SpringApplication {logStartupProfileInfo} [main] The following 1 profile is active: "test"
2025-05-01 02:32:30,122 INFO o.s.s.w.DefaultSecurityFilterChain {<init>} [main] Will secure any request with [org.springframework.security.web.session.DisableEncodeUrlFilter@5e777b0, org.springframework.security.web.context.request.async.WebAsyncManagerIntegrationFilter@3c74d846, org.springframework.security.web.context.SecurityContextPersistenceFilter@219db855, org.springframework.security.web.header.HeaderWriterFilter@25d9298e, org.springframework.security.web.authentication.logout.LogoutFilter@3c4e23be, org.springframework.security.web.savedrequest.RequestCacheAwareFilter@3702d0ed, org.springframework.security.web.servletapi.SecurityContextHolderAwareRequestFilter@5b7b0ada, org.springframework.security.web.authentication.AnonymousAuthenticationFilter@17fa14a3, org.springframework.security.web.session.SessionManagementFilter@6ab826bb, org.springframework.security.web.access.ExceptionTranslationFilter@6a2057e, org.springframework.security.web.access.intercept.FilterSecurityInterceptor@488b46da]
2025-05-01 02:32:30,849 INFO o.s.m.w.MockServletContext {log} [main] Initializing Spring TestDispatcherServlet ''
2025-05-01 02:32:30,850 INFO o.s.w.s.FrameworkServlet {initServletBean} [main] Initializing Servlet ''
2025-05-01 02:32:30,852 INFO o.s.w.s.FrameworkServlet {initServletBean} [main] Completed initialization in 1 ms
2025-05-01 02:32:30,870 INFO o.s.b.StartupInfoLogger {logStarted} [main] Started WorkShopControllerTests in 1.623 seconds (JVM running for 16.306)
2025-05-01 02:32:30,920 INFO c.s.a.c.WorkShopController {modifyWorkShop} [main] BEGIN modifyWorkShop
2025-05-01 02:32:30,920 INFO c.s.a.c.WorkShopController {modifyWorkShop} [main] END modifyWorkShop
2025-05-01 02:32:30,930 INFO c.s.a.c.WorkShopController {getWorkShop} [main] BEGIN getWorkShop
2025-05-01 02:32:30,933 INFO c.s.a.c.WorkShopController {getWorkShop} [main] END getWorkShop
2025-05-01 02:32:30,943 INFO c.s.a.c.WorkShopController {filterworkshops} [main] BEGIN getAll
2025-05-01 02:32:30,944 INFO c.s.a.c.WorkShopController {filterworkshops} [main] END getAll
2025-05-01 02:32:30,952 INFO c.s.a.c.WorkShopController {filterworkshops} [main] BEGIN getAll
2025-05-01 02:32:30,953 INFO c.s.a.c.WorkShopController {filterworkshops} [main] END getAll
2025-05-01 02:32:30,959 INFO c.s.a.c.WorkShopController {removeWorkShop} [main] BEGIN removeWorkShop
2025-05-01 02:32:30,960 INFO c.s.a.c.WorkShopController {removeWorkShop} [main] END removeWorkShop
2025-05-01 02:32:30,968 INFO c.s.a.c.WorkShopController {filterworkshops} [main] BEGIN getAll
2025-05-01 02:32:30,970 INFO c.s.a.c.WorkShopController {filterworkshops} [main] END getAll
2025-05-01 02:32:30,979 INFO c.s.a.c.WorkShopController {modifyWorkShop} [main] BEGIN modifyWorkShop
2025-05-01 02:32:30,998 INFO c.s.a.c.WorkShopController {removeWorkShop} [main] BEGIN removeWorkShop
2025-05-01 02:32:31,003 INFO c.s.a.c.WorkShopController {filterworkshops} [main] BEGIN getAll
2025-05-01 02:32:31,004 INFO c.s.a.c.WorkShopController {filterworkshops} [main] END getAll
2025-05-01 02:32:31,016 INFO c.s.a.c.WorkShopController {getWorkShop} [main] BEGIN getWorkShop
2025-05-01 02:32:31,023 INFO c.s.a.c.WorkShopController {filterworkshops} [main] BEGIN getAll
2025-05-01 02:32:31,025 INFO c.s.a.c.WorkShopController {filterworkshops} [main] END getAll
2025-05-01 02:32:31,032 INFO c.s.a.c.WorkShopController {addWorkShop} [main] BEGIN addWorkShop
2025-05-01 02:32:31,033 INFO c.s.a.c.WorkShopController {addWorkShop} [main] END addWorkShop
2025-05-01 02:39:27,494 INFO o.h.v.i.u.Version {<clinit>} [background-preinit] HV000001: Hibernate Validator 6.2.5.Final
2025-05-01 02:39:27,494 INFO o.s.b.StartupInfoLogger {logStarting} [main] Starting BikeControllerTests using Java 21 on DESKTOP-A2Q7539 with PID 12408 (started by 34618 in C:\Users\34618\Documents\2DAM Gdo. Superior\Acceso a datos 2DAM\hellospring)
2025-05-01 02:39:27,501 INFO o.s.b.SpringApplication {logStartupProfileInfo} [main] The following 1 profile is active: "test"
2025-05-01 02:39:30,216 INFO o.s.s.w.DefaultSecurityFilterChain {<init>} [main] Will secure any request with [org.springframework.security.web.session.DisableEncodeUrlFilter@51ac12ac, org.springframework.security.web.context.request.async.WebAsyncManagerIntegrationFilter@463afa6e, org.springframework.security.web.context.SecurityContextPersistenceFilter@7abeabe9, org.springframework.security.web.header.HeaderWriterFilter@4a50c746, org.springframework.security.web.authentication.logout.LogoutFilter@7a04f730, org.springframework.security.web.savedrequest.RequestCacheAwareFilter@dbed7fd, org.springframework.security.web.servletapi.SecurityContextHolderAwareRequestFilter@250d440, org.springframework.security.web.authentication.AnonymousAuthenticationFilter@7b96de8d, org.springframework.security.web.session.SessionManagementFilter@5aa76ad2, org.springframework.security.web.access.ExceptionTranslationFilter@53a50b0a, org.springframework.security.web.access.intercept.FilterSecurityInterceptor@526f6427]
2025-05-01 02:39:32,791 INFO o.s.m.w.MockServletContext {log} [main] Initializing Spring TestDispatcherServlet ''
2025-05-01 02:39:32,793 INFO o.s.w.s.FrameworkServlet {initServletBean} [main] Initializing Servlet ''
2025-05-01 02:39:32,799 INFO o.s.w.s.FrameworkServlet {initServletBean} [main] Completed initialization in 4 ms
2025-05-01 02:39:32,923 INFO o.s.b.StartupInfoLogger {logStarted} [main] Started BikeControllerTests in 6.779 seconds (JVM running for 11.136)
2025-05-01 02:39:33,439 INFO c.s.a.c.BikeController {filterBikes} [main] Filtrando bicicletas con parámetros: brand=, model=Alma, color=
2025-05-01 02:39:33,449 INFO c.s.a.c.BikeController {filterBikes} [main] Operación completada: Se obtuvieron 1 bicicletas filtradas
2025-05-01 02:39:33,654 INFO c.s.a.c.BikeController {filterBikes} [main] Filtrando bicicletas con parámetros: brand=Orbea, model=Alma, color=green
2025-05-01 02:39:33,656 INFO c.s.a.c.BikeController {filterBikes} [main] Operación completada: Se obtuvieron 1 bicicletas filtradas
2025-05-01 02:39:33,785 INFO c.s.a.c.BikeController {addBike} [main] BEGIN addBike
2025-05-01 02:39:33,814 INFO c.s.a.c.BikeController {filterBikes} [main] Filtrando bicicletas con parámetros: brand=Orbea, model=, color=
2025-05-01 02:39:33,816 INFO c.s.a.c.BikeController {filterBikes} [main] Operación completada: Se obtuvieron 2 bicicletas filtradas
2025-05-01 02:39:33,836 INFO c.s.a.c.BikeController {addBike} [main] BEGIN addBike
2025-05-01 02:39:33,838 INFO c.s.a.c.BikeController {addBike} [main] END addBike
2025-05-01 02:39:33,939 INFO c.s.a.c.BikeController {filterBikes} [main] Filtrando bicicletas con parámetros: brand=, model=, color=
2025-05-01 02:39:33,941 INFO c.s.a.c.BikeController {filterBikes} [main] Operación completada: Se obtuvieron 3 bicicletas filtradas
2025-05-01 02:39:33,951 INFO c.s.a.c.BikeController {filterBikes} [main] Filtrando bicicletas con parámetros: brand=, model=, color=green
2025-05-01 02:39:33,952 INFO c.s.a.c.BikeController {filterBikes} [main] Operación completada: Se obtuvieron 1 bicicletas filtradas
2025-05-01 02:39:33,965 INFO c.s.a.c.BikeController {getBike} [main] BEGIN getBike
2025-05-01 02:39:33,966 INFO c.s.a.c.BikeController {getBike} [main] END getBike
2025-05-01 02:39:34,027 INFO c.s.a.c.BikeController {removeBike} [main] BEGIN removeBike
2025-05-01 02:39:34,029 INFO c.s.a.c.BikeController {removeBike} [main] END removeBike
2025-05-01 02:39:34,050 INFO c.s.a.c.BikeController {modifyBike} [main] BEGIN modifyBike
2025-05-01 02:39:34,087 INFO c.s.a.c.BikeController {modifyBike} [main] BEGIN modifyBike
2025-05-01 02:39:34,088 INFO c.s.a.c.BikeController {modifyBike} [main] END modifyBike
2025-05-01 02:39:34,100 INFO c.s.a.c.BikeController {removeBike} [main] BEGIN removeBike
2025-05-01 02:39:34,111 INFO c.s.a.c.BikeController {getBike} [main] BEGIN getBike
2025-05-01 02:39:34,459 INFO o.s.t.c.s.AbstractTestContextBootstrapper {buildDefaultMergedContextConfiguration} [main] Neither @ContextConfiguration nor @ContextHierarchy found for test class [com.svalero.apibikes.MechanicControllerTests], using SpringBootContextLoader
2025-05-01 02:39:34,459 INFO o.s.t.c.s.AbstractContextLoader {generateDefaultLocations} [main] Could not detect default resource locations for test class [com.svalero.apibikes.MechanicControllerTests]: no resource found for suffixes {-context.xml, Context.groovy}.
2025-05-01 02:39:34,461 INFO o.s.t.c.s.AnnotationConfigContextLoaderUtils {detectDefaultConfigurationClasses} [main] Could not detect default configuration classes for test class [com.svalero.apibikes.MechanicControllerTests]: MechanicControllerTests does not declare any static, non-private, non-final, nested classes annotated with @Configuration.
2025-05-01 02:39:34,470 INFO o.s.b.t.c.SpringBootTestContextBootstrapper {getOrFindConfigurationClasses} [main] Found @SpringBootConfiguration com.svalero.apibikes.HellospringApplication for test class com.svalero.apibikes.MechanicControllerTests
2025-05-01 02:39:34,472 INFO o.s.t.c.s.AbstractTestContextBootstrapper {getDefaultTestExecutionListenerClassNames} [main] Loaded default TestExecutionListener class names from location [META-INF/spring.factories]: [org.springframework.boot.test.mock.mockito.MockitoTestExecutionListener, org.springframework.boot.test.mock.mockito.ResetMocksTestExecutionListener, org.springframework.boot.test.autoconfigure.restdocs.RestDocsTestExecutionListener, org.springframework.boot.test.autoconfigure.web.client.MockRestServiceServerResetTestExecutionListener, org.springframework.boot.test.autoconfigure.web.servlet.MockMvcPrintOnlyOnFailureTestExecutionListener, org.springframework.boot.test.autoconfigure.web.servlet.WebDriverTestExecutionListener, org.springframework.boot.test.autoconfigure.webservices.client.MockWebServiceServerTestExecutionListener, org.springframework.test.context.web.ServletTestExecutionListener, org.springframework.test.context.support.DirtiesContextBeforeModesTestExecutionListener, org.springframework.test.context.event.ApplicationEventsTestExecutionListener, org.springframework.test.context.support.DependencyInjectionTestExecutionListener, org.springframework.test.context.support.DirtiesContextTestExecutionListener, org.springframework.test.context.transaction.TransactionalTestExecutionListener, org.springframework.test.context.jdbc.SqlScriptsTestExecutionListener, org.springframework.test.context.event.EventPublishingTestExecutionListener]
2025-05-01 02:39:34,473 INFO o.s.t.c.s.AbstractTestContextBootstrapper {getTestExecutionListeners} [main] Using TestExecutionListeners: [org.springframework.test.context.web.ServletTestExecutionListener@309cf657, org.springframework.test.context.support.DirtiesContextBeforeModesTestExecutionListener@4d4c4b14, org.springframework.test.context.event.ApplicationEventsTestExecutionListener@49925d21, org.springframework.boot.test.mock.mockito.MockitoTestExecutionListener@11170228, org.springframework.boot.test.autoconfigure.SpringBootDependencyInjectionTestExecutionListener@46ee7013, org.springframework.test.context.support.DirtiesContextTestExecutionListener@69d58731, org.springframework.test.context.transaction.TransactionalTestExecutionListener@3275a47f, org.springframework.test.context.jdbc.SqlScriptsTestExecutionListener@1b5af65b, org.springframework.test.context.event.EventPublishingTestExecutionListener@2e0163cb, org.springframework.boot.test.mock.mockito.ResetMocksTestExecutionListener@6b289535, org.springframework.boot.test.autoconfigure.restdocs.RestDocsTestExecutionListener@74619273, org.springframework.boot.test.autoconfigure.web.client.MockRestServiceServerResetTestExecutionListener@38c55a8a, org.springframework.boot.test.autoconfigure.web.servlet.MockMvcPrintOnlyOnFailureTestExecutionListener@1d7f7962, org.springframework.boot.test.autoconfigure.web.servlet.WebDriverTestExecutionListener@32d1d6c5, org.springframework.boot.test.autoconfigure.webservices.client.MockWebServiceServerTestExecutionListener@4a5b38e6]
2025-05-01 02:39:34,544 INFO o.s.b.StartupInfoLogger {logStarting} [main] Starting MechanicControllerTests using Java 21 on DESKTOP-A2Q7539 with PID 12408 (started by 34618 in C:\Users\34618\Documents\2DAM Gdo. Superior\Acceso a datos 2DAM\hellospring)
2025-05-01 02:39:34,545 INFO o.s.b.SpringApplication {logStartupProfileInfo} [main] The following 1 profile is active: "test"
2025-05-01 02:39:35,803 INFO o.s.s.w.DefaultSecurityFilterChain {<init>} [main] Will secure any request with [org.springframework.security.web.session.DisableEncodeUrlFilter@23358740, org.springframework.security.web.context.request.async.WebAsyncManagerIntegrationFilter@2cdcfaa6, org.springframework.security.web.context.SecurityContextPersistenceFilter@71418a4a, org.springframework.security.web.header.HeaderWriterFilter@17332039, org.springframework.security.web.authentication.logout.LogoutFilter@103bcc9f, org.springframework.security.web.savedrequest.RequestCacheAwareFilter@67ecf7ed, org.springframework.security.web.servletapi.SecurityContextHolderAwareRequestFilter@69d021c1, org.springframework.security.web.authentication.AnonymousAuthenticationFilter@4ff0706c, org.springframework.security.web.session.SessionManagementFilter@776e7dfb, org.springframework.security.web.access.ExceptionTranslationFilter@5939f047, org.springframework.security.web.access.intercept.FilterSecurityInterceptor@731ab49b]
2025-05-01 02:39:36,922 INFO o.s.m.w.MockServletContext {log} [main] Initializing Spring TestDispatcherServlet ''
2025-05-01 02:39:36,923 INFO o.s.w.s.FrameworkServlet {initServletBean} [main] Initializing Servlet ''
2025-05-01 02:39:36,926 INFO o.s.w.s.FrameworkServlet {initServletBean} [main] Completed initialization in 1 ms
2025-05-01 02:39:36,982 INFO o.s.b.StartupInfoLogger {logStarted} [main] Started MechanicControllerTests in 2.504 seconds (JVM running for 15.194)
2025-05-01 02:39:37,018 INFO c.s.a.c.MechanicController {filtermechanics} [main] BEGIN getAll
2025-05-01 02:39:37,019 INFO c.s.a.c.MechanicController {filtermechanics} [main] END getAll
2025-05-01 02:39:37,109 INFO c.s.a.c.MechanicController {modifyMechanic} [main] BEGIN modifyMechanic
2025-05-01 02:39:37,113 INFO c.s.a.c.MechanicController {modifyMechanic} [main] END modifyMechanic
2025-05-01 02:39:37,140 INFO c.s.a.c.MechanicController {filtermechanics} [main] BEGIN getAll
2025-05-01 02:39:37,143 INFO c.s.a.c.MechanicController {filtermechanics} [main] END getAll
2025-05-01 02:39:37,172 INFO c.s.a.c.MechanicController {getMechanic} [main] BEGIN getMechanic
2025-05-01 02:39:37,206 INFO c.s.a.c.MechanicController {filtermechanics} [main] BEGIN getAll
2025-05-01 02:39:37,209 INFO c.s.a.c.MechanicController {filtermechanics} [main] END getAll
2025-05-01 02:39:37,228 INFO c.s.a.c.MechanicController {removeMechanic} [main] BEGIN removeMechanic
2025-05-01 02:39:37,234 INFO c.s.a.c.MechanicController {removeMechanic} [main] END removeMechanic
2025-05-01 02:39:37,294 INFO c.s.a.c.MechanicController {addMechanic} [main] BEGIN addMechanic
2025-05-01 02:39:37,297 INFO c.s.a.c.MechanicController {addMechanic} [main] END addMechanic
2025-05-01 02:39:37,315 INFO c.s.a.c.MechanicController {getMechanic} [main] BEGIN getMechanic
2025-05-01 02:39:37,319 INFO c.s.a.c.MechanicController {getMechanic} [main] END getMechanic
2025-05-01 02:39:37,355 INFO c.s.a.c.MechanicController {modifyMechanic} [main] BEGIN modifyMechanic
2025-05-01 02:39:37,375 INFO c.s.a.c.MechanicController {filtermechanics} [main] BEGIN getAll
2025-05-01 02:39:37,378 INFO c.s.a.c.MechanicController {filtermechanics} [main] END getAll
2025-05-01 02:39:37,392 INFO c.s.a.c.MechanicController {removeMechanic} [main] BEGIN removeMechanic
2025-05-01 02:39:37,416 INFO c.s.a.c.MechanicController {filtermechanics} [main] BEGIN getAll
2025-05-01 02:39:37,418 INFO c.s.a.c.MechanicController {filtermechanics} [main] END getAll
2025-05-01 02:39:37,738 INFO o.s.t.c.s.AbstractTestContextBootstrapper {buildDefaultMergedContextConfiguration} [main] Neither @ContextConfiguration nor @ContextHierarchy found for test class [com.svalero.apibikes.RepairOrderControllerTests], using SpringBootContextLoader
2025-05-01 02:39:37,741 INFO o.s.t.c.s.AbstractContextLoader {generateDefaultLocations} [main] Could not detect default resource locations for test class [com.svalero.apibikes.RepairOrderControllerTests]: no resource found for suffixes {-context.xml, Context.groovy}.
2025-05-01 02:39:37,742 INFO o.s.t.c.s.AnnotationConfigContextLoaderUtils {detectDefaultConfigurationClasses} [main] Could not detect default configuration classes for test class [com.svalero.apibikes.RepairOrderControllerTests]: RepairOrderControllerTests does not declare any static, non-private, non-final, nested classes annotated with @Configuration.
2025-05-01 02:39:37,809 INFO o.s.b.t.c.SpringBootTestContextBootstrapper {getOrFindConfigurationClasses} [main] Found @SpringBootConfiguration com.svalero.apibikes.HellospringApplication for test class com.svalero.apibikes.RepairOrderControllerTests
2025-05-01 02:39:37,816 INFO o.s.t.c.s.AbstractTestContextBootstrapper {getDefaultTestExecutionListenerClassNames} [main] Loaded default TestExecutionListener class names from location [META-INF/spring.factories]: [org.springframework.boot.test.mock.mockito.MockitoTestExecutionListener, org.springframework.boot.test.mock.mockito.ResetMocksTestExecutionListener, org.springframework.boot.test.autoconfigure.restdocs.RestDocsTestExecutionListener, org.springframework.boot.test.autoconfigure.web.client.MockRestServiceServerResetTestExecutionListener, org.springframework.boot.test.autoconfigure.web.servlet.MockMvcPrintOnlyOnFailureTestExecutionListener, org.springframework.boot.test.autoconfigure.web.servlet.WebDriverTestExecutionListener, org.springframework.boot.test.autoconfigure.webservices.client.MockWebServiceServerTestExecutionListener, org.springframework.test.context.web.ServletTestExecutionListener, org.springframework.test.context.support.DirtiesContextBeforeModesTestExecutionListener, org.springframework.test.context.event.ApplicationEventsTestExecutionListener, org.springframework.test.context.support.DependencyInjectionTestExecutionListener, org.springframework.test.context.support.DirtiesContextTestExecutionListener, org.springframework.test.context.transaction.TransactionalTestExecutionListener, org.springframework.test.context.jdbc.SqlScriptsTestExecutionListener, org.springframework.test.context.event.EventPublishingTestExecutionListener]
2025-05-01 02:39:37,821 INFO o.s.t.c.s.AbstractTestContextBootstrapper {getTestExecutionListeners} [main] Using TestExecutionListeners: [org.springframework.test.context.web.ServletTestExecutionListener@2447940d, org.springframework.test.context.support.DirtiesContextBeforeModesTestExecutionListener@60ee7a51, org.springframework.test.context.event.ApplicationEventsTestExecutionListener@70e1aa20, org.springframework.boot.test.mock.mockito.MockitoTestExecutionListener@e67d3b7, org.springframework.boot.test.autoconfigure.SpringBootDependencyInjectionTestExecutionListener@1618c98a, org.springframework.test.context.support.DirtiesContextTestExecutionListener@5b715ea, org.springframework.test.context.transaction.TransactionalTestExecutionListener@787a0fd6, org.springframework.test.context.jdbc.SqlScriptsTestExecutionListener@48b09105, org.springframework.test.context.event.EventPublishingTestExecutionListener@18b45500, org.springframework.boot.test.mock.mockito.ResetMocksTestExecutionListener@25110bb9, org.springframework.boot.test.autoconfigure.restdocs.RestDocsTestExecutionListener@dbda472, org.springframework.boot.test.autoconfigure.web.client.MockRestServiceServerResetTestExecutionListener@41492479, org.springframework.boot.test.autoconfigure.web.servlet.MockMvcPrintOnlyOnFailureTestExecutionListener@7bef7505, org.springframework.boot.test.autoconfigure.web.servlet.WebDriverTestExecutionListener@568ef502, org.springframework.boot.test.autoconfigure.webservices.client.MockWebServiceServerTestExecutionListener@36f05595]
2025-05-01 02:39:37,966 INFO o.s.b.StartupInfoLogger {logStarting} [main] Starting RepairOrderControllerTests using Java 21 on DESKTOP-A2Q7539 with PID 12408 (started by 34618 in C:\Users\34618\Documents\2DAM Gdo. Superior\Acceso a datos 2DAM\hellospring)
2025-05-01 02:39:37,967 INFO o.s.b.SpringApplication {logStartupProfileInfo} [main] The following 1 profile is active: "test"
2025-05-01 02:39:39,061 INFO o.s.s.w.DefaultSecurityFilterChain {<init>} [main] Will secure any request with [org.springframework.security.web.session.DisableEncodeUrlFilter@9746157, org.springframework.security.web.context.request.async.WebAsyncManagerIntegrationFilter@10ad95cd, org.springframework.security.web.context.SecurityContextPersistenceFilter@154b0748, org.springframework.security.web.header.HeaderWriterFilter@31de27c, org.springframework.security.web.authentication.logout.LogoutFilter@20556566, org.springframework.security.web.savedrequest.RequestCacheAwareFilter@35c00c, org.springframework.security.web.servletapi.SecurityContextHolderAwareRequestFilter@6cd7dc74, org.springframework.security.web.authentication.AnonymousAuthenticationFilter@69fd99c1, org.springframework.security.web.session.SessionManagementFilter@7ebfe01a, org.springframework.security.web.access.ExceptionTranslationFilter@7c5d36c3, org.springframework.security.web.access.intercept.FilterSecurityInterceptor@70e5737f]
2025-05-01 02:39:40,758 INFO o.s.m.w.MockServletContext {log} [main] Initializing Spring TestDispatcherServlet ''
2025-05-01 02:39:40,760 INFO o.s.w.s.FrameworkServlet {initServletBean} [main] Initializing Servlet ''
2025-05-01 02:39:40,764 INFO o.s.w.s.FrameworkServlet {initServletBean} [main] Completed initialization in 3 ms
2025-05-01 02:39:40,809 INFO o.s.b.StartupInfoLogger {logStarted} [main] Started RepairOrderControllerTests in 2.972 seconds (JVM running for 19.021)
2025-05-01 02:39:40,852 INFO c.s.a.c.RepairOrderController {filterRepairOrders} [main] Filtrando órdenes de reparación con parámetros: bikeId=null, mechanicId=null, workShopId=null
2025-05-01 02:39:40,892 INFO c.s.a.c.RepairOrderController {getRepairOrder} [main] BEGIN getRepairOrder
2025-05-01 02:39:40,898 INFO c.s.a.c.RepairOrderController {getRepairOrder} [main] END getRepairOrder
2025-05-01 02:39:40,977 INFO c.s.a.c.RepairOrderController {getRepairOrder} [main] BEGIN getRepairOrder
2025-05-01 02:39:41,002 INFO c.s.a.c.RepairOrderController {filterRepairOrders} [main] Filtrando órdenes de reparación con parámetros: bikeId=null, mechanicId=null, workShopId=1
2025-05-01 02:39:41,062 INFO c.s.a.c.RepairOrderController {filterRepairOrders} [main] Filtrando órdenes de reparación con parámetros: bikeId=null, mechanicId=4, workShopId=null
2025-05-01 02:39:41,092 INFO c.s.a.c.RepairOrderController {filterRepairOrders} [main] Filtrando órdenes de reparación con parámetros: bikeId=6, mechanicId=null, workShopId=null
2025-05-01 02:39:41,135 INFO c.s.a.c.RepairOrderController {filterRepairOrders} [main] Filtrando órdenes de reparación con parámetros: bikeId=6, mechanicId=7, workShopId=5
2025-05-01 02:39:41,587 INFO o.s.t.c.s.AbstractTestContextBootstrapper {buildDefaultMergedContextConfiguration} [main] Neither @ContextConfiguration nor @ContextHierarchy found for test class [com.svalero.apibikes.UserControllerTests], using SpringBootContextLoader
2025-05-01 02:39:41,589 INFO o.s.t.c.s.AbstractContextLoader {generateDefaultLocations} [main] Could not detect default resource locations for test class [com.svalero.apibikes.UserControllerTests]: no resource found for suffixes {-context.xml, Context.groovy}.
2025-05-01 02:39:41,591 INFO o.s.t.c.s.AnnotationConfigContextLoaderUtils {detectDefaultConfigurationClasses} [main] Could not detect default configuration classes for test class [com.svalero.apibikes.UserControllerTests]: UserControllerTests does not declare any static, non-private, non-final, nested classes annotated with @Configuration.
2025-05-01 02:39:41,673 INFO o.s.b.t.c.SpringBootTestContextBootstrapper {getOrFindConfigurationClasses} [main] Found @SpringBootConfiguration com.svalero.apibikes.HellospringApplication for test class com.svalero.apibikes.UserControllerTests
2025-05-01 02:39:41,675 INFO o.s.t.c.s.AbstractTestContextBootstrapper {getDefaultTestExecutionListenerClassNames} [main] Loaded default TestExecutionListener class names from location [META-INF/spring.factories]: [org.springframework.boot.test.mock.mockito.MockitoTestExecutionListener, org.springframework.boot.test.mock.mockito.ResetMocksTestExecutionListener, org.springframework.boot.test.autoconfigure.restdocs.RestDocsTestExecutionListener, org.springframework.boot.test.autoconfigure.web.client.MockRestServiceServerResetTestExecutionListener, org.springframework.boot.test.autoconfigure.web.servlet.MockMvcPrintOnlyOnFailureTestExecutionListener, org.springframework.boot.test.autoconfigure.web.servlet.WebDriverTestExecutionListener, org.springframework.boot.test.autoconfigure.webservices.client.MockWebServiceServerTestExecutionListener, org.springframework.test.context.web.ServletTestExecutionListener, org.springframework.test.context.support.DirtiesContextBeforeModesTestExecutionListener, org.springframework.test.context.event.ApplicationEventsTestExecutionListener, org.springframework.test.context.support.DependencyInjectionTestExecutionListener, org.springframework.test.context.support.DirtiesContextTestExecutionListener, org.springframework.test.context.transaction.TransactionalTestExecutionListener, org.springframework.test.context.jdbc.SqlScriptsTestExecutionListener, org.springframework.test.context.event.EventPublishingTestExecutionListener]
2025-05-01 02:39:41,683 INFO o.s.t.c.s.AbstractTestContextBootstrapper {getTestExecutionListeners} [main] Using TestExecutionListeners: [org.springframework.test.context.web.ServletTestExecutionListener@26291192, org.springframework.test.context.support.DirtiesContextBeforeModesTestExecutionListener@27d5eb00, org.springframework.test.context.event.ApplicationEventsTestExecutionListener@2b540131, org.springframework.boot.test.mock.mockito.MockitoTestExecutionListener@225ac5e7, org.springframework.boot.test.autoconfigure.SpringBootDependencyInjectionTestExecutionListener@4c91f5bf, org.springframework.test.context.support.DirtiesContextTestExecutionListener@44948ac6, org.springframework.test.context.transaction.TransactionalTestExecutionListener@4fc256ec, org.springframework.test.context.jdbc.SqlScriptsTestExecutionListener@3bc3d70e, org.springframework.test.context.event.EventPublishingTestExecutionListener@78bce1c4, org.springframework.boot.test.mock.mockito.ResetMocksTestExecutionListener@189e96af, org.springframework.boot.test.autoconfigure.restdocs.RestDocsTestExecutionListener@45b6c666, org.springframework.boot.test.autoconfigure.web.client.MockRestServiceServerResetTestExecutionListener@60e80279, org.springframework.boot.test.autoconfigure.web.servlet.MockMvcPrintOnlyOnFailureTestExecutionListener@7fc56d61, org.springframework.boot.test.autoconfigure.web.servlet.WebDriverTestExecutionListener@1382a7d8, org.springframework.boot.test.autoconfigure.webservices.client.MockWebServiceServerTestExecutionListener@6074d638]
2025-05-01 02:39:42,137 INFO o.s.b.StartupInfoLogger {logStarting} [main] Starting UserControllerTests using Java 21 on DESKTOP-A2Q7539 with PID 12408 (started by 34618 in C:\Users\34618\Documents\2DAM Gdo. Superior\Acceso a datos 2DAM\hellospring)
2025-05-01 02:39:42,139 INFO o.s.b.SpringApplication {logStartupProfileInfo} [main] The following 1 profile is active: "test"
2025-05-01 02:39:42,921 INFO o.s.s.w.DefaultSecurityFilterChain {<init>} [main] Will secure any request with [org.springframework.security.web.session.DisableEncodeUrlFilter@66a8ff6d, org.springframework.security.web.context.request.async.WebAsyncManagerIntegrationFilter@1abbc1d4, org.springframework.security.web.context.SecurityContextPersistenceFilter@165454f7, org.springframework.security.web.header.HeaderWriterFilter@3fe5ad73, org.springframework.security.web.authentication.logout.LogoutFilter@1dd9a3ae, org.springframework.security.web.savedrequest.RequestCacheAwareFilter@2a19c36b, org.springframework.security.web.servletapi.SecurityContextHolderAwareRequestFilter@38856d6e, org.springframework.security.web.authentication.AnonymousAuthenticationFilter@48bab2c6, org.springframework.security.web.session.SessionManagementFilter@f83d121, org.springframework.security.web.access.ExceptionTranslationFilter@3b50f432, org.springframework.security.web.access.intercept.FilterSecurityInterceptor@66589252]
2025-05-01 02:39:43,425 INFO o.s.m.w.MockServletContext {log} [main] Initializing Spring TestDispatcherServlet ''
2025-05-01 02:39:43,426 INFO o.s.w.s.FrameworkServlet {initServletBean} [main] Initializing Servlet ''
2025-05-01 02:39:43,428 INFO o.s.w.s.FrameworkServlet {initServletBean} [main] Completed initialization in 1 ms
2025-05-01 02:39:43,449 INFO o.s.b.StartupInfoLogger {logStarted} [main] Started UserControllerTests in 1.758 seconds (JVM running for 21.661)
2025-05-01 02:39:43,464 INFO c.s.a.c.UserController {getUser} [main] BEGIN getUser
2025-05-01 02:39:43,480 INFO c.s.a.c.UserController {filterusers} [main] BEGIN getAll
2025-05-01 02:39:43,481 INFO c.s.a.c.UserController {filterusers} [main] END getAll
2025-05-01 02:39:43,517 INFO c.s.a.c.UserController {filterusers} [main] BEGIN getAll
2025-05-01 02:39:43,518 INFO c.s.a.c.UserController {filterusers} [main] END getAll
2025-05-01 02:39:43,526 INFO c.s.a.c.UserController {filterusers} [main] BEGIN getAll
2025-05-01 02:39:43,528 INFO c.s.a.c.UserController {filterusers} [main] END getAll
2025-05-01 02:39:43,558 INFO c.s.a.c.UserController {removeUser} [main] BEGIN removeUser
2025-05-01 02:39:43,559 INFO c.s.a.c.UserController {removeUser} [main] END removeUser
2025-05-01 02:39:43,567 INFO c.s.a.c.UserController {getUser} [main] BEGIN getUser
2025-05-01 02:39:43,568 INFO c.s.a.c.UserController {getUser} [main] END getUser
2025-05-01 02:39:43,590 INFO c.s.a.c.UserController {modifyUser} [main] BEGIN modifyUser
2025-05-01 02:39:43,601 INFO c.s.a.c.UserController {filterusers} [main] BEGIN getAll
2025-05-01 02:39:43,603 INFO c.s.a.c.UserController {filterusers} [main] END getAll
2025-05-01 02:39:43,614 INFO c.s.a.c.UserController {filterusers} [main] BEGIN getAll
2025-05-01 02:39:43,615 INFO c.s.a.c.UserController {filterusers} [main] END getAll
2025-05-01 02:39:43,624 INFO c.s.a.c.UserController {modifyUser} [main] BEGIN modifyUser
2025-05-01 02:39:43,626 INFO c.s.a.c.UserController {modifyUser} [main] END modifyUser
2025-05-01 02:39:43,642 INFO c.s.a.c.UserController {removeUser} [main] BEGIN removeUser
2025-05-01 02:39:43,794 INFO o.s.t.c.s.AbstractTestContextBootstrapper {buildDefaultMergedContextConfiguration} [main] Neither @ContextConfiguration nor @ContextHierarchy found for test class [com.svalero.apibikes.WorkShopControllerTests], using SpringBootContextLoader
2025-05-01 02:39:43,801 INFO o.s.t.c.s.AbstractContextLoader {generateDefaultLocations} [main] Could not detect default resource locations for test class [com.svalero.apibikes.WorkShopControllerTests]: no resource found for suffixes {-context.xml, Context.groovy}.
2025-05-01 02:39:43,801 INFO o.s.t.c.s.AnnotationConfigContextLoaderUtils {detectDefaultConfigurationClasses} [main] Could not detect default configuration classes for test class [com.svalero.apibikes.WorkShopControllerTests]: WorkShopControllerTests does not declare any static, non-private, non-final, nested classes annotated with @Configuration.
2025-05-01 02:39:43,816 INFO o.s.b.t.c.SpringBootTestContextBootstrapper {getOrFindConfigurationClasses} [main] Found @SpringBootConfiguration com.svalero.apibikes.HellospringApplication for test class com.svalero.apibikes.WorkShopControllerTests
2025-05-01 02:39:43,819 INFO o.s.t.c.s.AbstractTestContextBootstrapper {getDefaultTestExecutionListenerClassNames} [main] Loaded default TestExecutionListener class names from location [META-INF/spring.factories]: [org.springframework.boot.test.mock.mockito.MockitoTestExecutionListener, org.springframework.boot.test.mock.mockito.ResetMocksTestExecutionListener, org.springframework.boot.test.autoconfigure.restdocs.RestDocsTestExecutionListener, org.springframework.boot.test.autoconfigure.web.client.MockRestServiceServerResetTestExecutionListener, org.springframework.boot.test.autoconfigure.web.servlet.MockMvcPrintOnlyOnFailureTestExecutionListener, org.springframework.boot.test.autoconfigure.web.servlet.WebDriverTestExecutionListener, org.springframework.boot.test.autoconfigure.webservices.client.MockWebServiceServerTestExecutionListener, org.springframework.test.context.web.ServletTestExecutionListener, org.springframework.test.context.support.DirtiesContextBeforeModesTestExecutionListener, org.springframework.test.context.event.ApplicationEventsTestExecutionListener, org.springframework.test.context.support.DependencyInjectionTestExecutionListener, org.springframework.test.context.support.DirtiesContextTestExecutionListener, org.springframework.test.context.transaction.TransactionalTestExecutionListener, org.springframework.test.context.jdbc.SqlScriptsTestExecutionListener, org.springframework.test.context.event.EventPublishingTestExecutionListener]
2025-05-01 02:39:43,824 INFO o.s.t.c.s.AbstractTestContextBootstrapper {getTestExecutionListeners} [main] Using TestExecutionListeners: [org.springframework.test.context.web.ServletTestExecutionListener@1eab0700, org.springframework.test.context.support.DirtiesContextBeforeModesTestExecutionListener@7e7391e8, org.springframework.test.context.event.ApplicationEventsTestExecutionListener@1fa44f66, org.springframework.boot.test.mock.mockito.MockitoTestExecutionListener@4229b92c, org.springframework.boot.test.autoconfigure.SpringBootDependencyInjectionTestExecutionListener@47c356e, org.springframework.test.context.support.DirtiesContextTestExecutionListener@66e218d8, org.springframework.test.context.transaction.TransactionalTestExecutionListener@5b80b41d, org.springframework.test.context.jdbc.SqlScriptsTestExecutionListener@54ef9698, org.springframework.test.context.event.EventPublishingTestExecutionListener@31dd0e2e, org.springframework.boot.test.mock.mockito.ResetMocksTestExecutionListener@478fe415, org.springframework.boot.test.autoconfigure.restdocs.RestDocsTestExecutionListener@197180a5, org.springframework.boot.test.autoconfigure.web.client.MockRestServiceServerResetTestExecutionListener@31028e45, org.springframework.boot.test.autoconfigure.web.servlet.MockMvcPrintOnlyOnFailureTestExecutionListener@68f75a35, org.springframework.boot.test.autoconfigure.web.servlet.WebDriverTestExecutionListener@50e0b472, org.springframework.boot.test.autoconfigure.webservices.client.MockWebServiceServerTestExecutionListener@45017263]
2025-05-01 02:39:43,922 INFO o.s.b.StartupInfoLogger {logStarting} [main] Starting WorkShopControllerTests using Java 21 on DESKTOP-A2Q7539 with PID 12408 (started by 34618 in C:\Users\34618\Documents\2DAM Gdo. Superior\Acceso a datos 2DAM\hellospring)
2025-05-01 02:39:43,922 INFO o.s.b.SpringApplication {logStartupProfileInfo} [main] The following 1 profile is active: "test"
2025-05-01 02:39:44,893 INFO o.s.s.w.DefaultSecurityFilterChain {<init>} [main] Will secure any request with [org.springframework.security.web.session.DisableEncodeUrlFilter@3c4e23be, org.springframework.security.web.context.request.async.WebAsyncManagerIntegrationFilter@1d6a0962, org.springframework.security.web.context.SecurityContextPersistenceFilter@54c37dab, org.springframework.security.web.header.HeaderWriterFilter@b889cb6, org.springframework.security.web.authentication.logout.LogoutFilter@6ab826bb, org.springframework.security.web.savedrequest.RequestCacheAwareFilter@49005dc4, org.springframework.security.web.servletapi.SecurityContextHolderAwareRequestFilter@6a2057e, org.springframework.security.web.authentication.AnonymousAuthenticationFilter@1ec4fdcf, org.springframework.security.web.session.SessionManagementFilter@74faf450, org.springframework.security.web.access.ExceptionTranslationFilter@4e3a6c83, org.springframework.security.web.access.intercept.FilterSecurityInterceptor@705d72f0]
2025-05-01 02:39:45,593 INFO o.s.m.w.MockServletContext {log} [main] Initializing Spring TestDispatcherServlet ''
2025-05-01 02:39:45,594 INFO o.s.w.s.FrameworkServlet {initServletBean} [main] Initializing Servlet ''
2025-05-01 02:39:45,597 INFO o.s.w.s.FrameworkServlet {initServletBean} [main] Completed initialization in 1 ms
2025-05-01 02:39:45,629 INFO o.s.b.StartupInfoLogger {logStarted} [main] Started WorkShopControllerTests in 1.799 seconds (JVM running for 23.842)
2025-05-01 02:39:45,774 INFO c.s.a.c.WorkShopController {modifyWorkShop} [main] BEGIN modifyWorkShop
2025-05-01 02:39:45,776 INFO c.s.a.c.WorkShopController {modifyWorkShop} [main] END modifyWorkShop
2025-05-01 02:39:45,802 INFO c.s.a.c.WorkShopController {getWorkShop} [main] BEGIN getWorkShop
2025-05-01 02:39:45,806 INFO c.s.a.c.WorkShopController {getWorkShop} [main] END getWorkShop
2025-05-01 02:39:45,838 INFO c.s.a.c.WorkShopController {filterworkshops} [main] BEGIN getAll
2025-05-01 02:39:45,841 INFO c.s.a.c.WorkShopController {filterworkshops} [main] END getAll
2025-05-01 02:39:45,857 INFO c.s.a.c.WorkShopController {filterworkshops} [main] BEGIN getAll
2025-05-01 02:39:45,858 INFO c.s.a.c.WorkShopController {filterworkshops} [main] END getAll
2025-05-01 02:39:45,873 INFO c.s.a.c.WorkShopController {removeWorkShop} [main] BEGIN removeWorkShop
2025-05-01 02:39:45,875 INFO c.s.a.c.WorkShopController {removeWorkShop} [main] END removeWorkShop
2025-05-01 02:39:45,893 INFO c.s.a.c.WorkShopController {filterworkshops} [main] BEGIN getAll
2025-05-01 02:39:45,899 INFO c.s.a.c.WorkShopController {filterworkshops} [main] END getAll
2025-05-01 02:39:45,922 INFO c.s.a.c.WorkShopController {modifyWorkShop} [main] BEGIN modifyWorkShop
2025-05-01 02:39:45,984 INFO c.s.a.c.WorkShopController {removeWorkShop} [main] BEGIN removeWorkShop
2025-05-01 02:39:46,003 INFO c.s.a.c.WorkShopController {filterworkshops} [main] BEGIN getAll
2025-05-01 02:39:46,005 INFO c.s.a.c.WorkShopController {filterworkshops} [main] END getAll
2025-05-01 02:39:46,048 INFO c.s.a.c.WorkShopController {getWorkShop} [main] BEGIN getWorkShop
2025-05-01 02:39:46,065 INFO c.s.a.c.WorkShopController {filterworkshops} [main] BEGIN getAll
2025-05-01 02:39:46,067 INFO c.s.a.c.WorkShopController {filterworkshops} [main] END getAll
2025-05-01 02:39:46,082 INFO c.s.a.c.WorkShopController {addWorkShop} [main] BEGIN addWorkShop
2025-05-01 02:39:46,085 INFO c.s.a.c.WorkShopController {addWorkShop} [main] END addWorkShop
2025-05-01 03:29:23,232 INFO o.s.b.StartupInfoLogger {logStarting} [main] Starting BikeControllerTests using Java 21 on DESKTOP-A2Q7539 with PID 10124 (started by 34618 in C:\Users\34618\Documents\2DAM Gdo. Superior\Acceso a datos 2DAM\hellospring)
2025-05-01 03:29:23,247 INFO o.s.b.SpringApplication {logStartupProfileInfo} [main] The following 1 profile is active: "test"
2025-05-01 03:29:23,352 INFO o.h.v.i.u.Version {<clinit>} [background-preinit] HV000001: Hibernate Validator 6.2.5.Final
2025-05-01 03:29:30,320 INFO o.s.s.w.DefaultSecurityFilterChain {<init>} [main] Will secure any request with [org.springframework.security.web.session.DisableEncodeUrlFilter@7aa01bd9, org.springframework.security.web.context.request.async.WebAsyncManagerIntegrationFilter@7e61e25c, org.springframework.security.web.context.SecurityContextPersistenceFilter@11a3a45f, org.springframework.security.web.header.HeaderWriterFilter@590d6c76, org.springframework.security.web.authentication.logout.LogoutFilter@31aab981, org.springframework.security.web.savedrequest.RequestCacheAwareFilter@8c0a23f, org.springframework.security.web.servletapi.SecurityContextHolderAwareRequestFilter@44d7e24, org.springframework.security.web.authentication.AnonymousAuthenticationFilter@615db358, org.springframework.security.web.session.SessionManagementFilter@1d2fb82, org.springframework.security.web.access.ExceptionTranslationFilter@f882465, org.springframework.security.web.access.intercept.FilterSecurityInterceptor@24134cbc]
2025-05-01 03:29:33,488 INFO o.s.m.w.MockServletContext {log} [main] Initializing Spring TestDispatcherServlet ''
2025-05-01 03:29:33,492 INFO o.s.w.s.FrameworkServlet {initServletBean} [main] Initializing Servlet ''
2025-05-01 03:29:33,498 INFO o.s.w.s.FrameworkServlet {initServletBean} [main] Completed initialization in 5 ms
2025-05-01 03:29:33,628 INFO o.s.b.StartupInfoLogger {logStarted} [main] Started BikeControllerTests in 12.285 seconds (JVM running for 16.437)
2025-05-01 03:29:34,539 INFO c.s.a.c.BikeController {filterBikes} [main] Filtrando bicicletas con parámetros: brand=, model=Alma, color=
2025-05-01 03:29:34,569 INFO c.s.a.c.BikeController {filterBikes} [main] Operación completada: Se obtuvieron 1 bicicletas filtradas
2025-05-01 03:29:34,924 INFO c.s.a.c.BikeController {filterBikes} [main] Filtrando bicicletas con parámetros: brand=Orbea, model=Alma, color=green
2025-05-01 03:29:34,936 INFO c.s.a.c.BikeController {filterBikes} [main] Operación completada: Se obtuvieron 1 bicicletas filtradas
2025-05-01 03:29:35,496 INFO c.s.a.c.BikeController {addBike} [main] BEGIN addBike
2025-05-01 03:29:35,607 INFO c.s.a.c.BikeController {filterBikes} [main] Filtrando bicicletas con parámetros: brand=Orbea, model=, color=
2025-05-01 03:29:35,616 INFO c.s.a.c.BikeController {filterBikes} [main] Operación completada: Se obtuvieron 2 bicicletas filtradas
2025-05-01 03:29:35,672 INFO c.s.a.c.BikeController {addBike} [main] BEGIN addBike
2025-05-01 03:29:35,680 INFO c.s.a.c.BikeController {addBike} [main] END addBike
2025-05-01 03:29:35,808 INFO c.s.a.c.BikeController {filterBikes} [main] Filtrando bicicletas con parámetros: brand=, model=, color=
2025-05-01 03:29:35,810 INFO c.s.a.c.BikeController {filterBikes} [main] Operación completada: Se obtuvieron 3 bicicletas filtradas
2025-05-01 03:29:35,830 INFO c.s.a.c.BikeController {filterBikes} [main] Filtrando bicicletas con parámetros: brand=, model=, color=green
2025-05-01 03:29:35,834 INFO c.s.a.c.BikeController {filterBikes} [main] Operación completada: Se obtuvieron 1 bicicletas filtradas
2025-05-01 03:29:35,860 INFO c.s.a.c.BikeController {getBike} [main] BEGIN getBike
2025-05-01 03:29:35,860 INFO c.s.a.c.BikeController {getBike} [main] END getBike
2025-05-01 03:29:35,964 INFO c.s.a.c.BikeController {removeBike} [main] BEGIN removeBike
2025-05-01 03:29:35,966 INFO c.s.a.c.BikeController {removeBike} [main] END removeBike
2025-05-01 03:29:36,016 INFO c.s.a.c.BikeController {modifyBike} [main] BEGIN modifyBike
2025-05-01 03:29:36,092 INFO c.s.a.c.BikeController {modifyBike} [main] BEGIN modifyBike
2025-05-01 03:29:36,096 INFO c.s.a.c.BikeController {modifyBike} [main] END modifyBike
2025-05-01 03:29:36,128 INFO c.s.a.c.BikeController {removeBike} [main] BEGIN removeBike
2025-05-01 03:29:36,149 INFO c.s.a.c.BikeController {getBike} [main] BEGIN getBike
2025-05-01 03:29:37,110 INFO o.s.t.c.s.AbstractTestContextBootstrapper {buildDefaultMergedContextConfiguration} [main] Neither @ContextConfiguration nor @ContextHierarchy found for test class [com.svalero.apibikes.MechanicControllerTests], using SpringBootContextLoader
2025-05-01 03:29:37,117 INFO o.s.t.c.s.AbstractContextLoader {generateDefaultLocations} [main] Could not detect default resource locations for test class [com.svalero.apibikes.MechanicControllerTests]: no resource found for suffixes {-context.xml, Context.groovy}.
2025-05-01 03:29:37,119 INFO o.s.t.c.s.AnnotationConfigContextLoaderUtils {detectDefaultConfigurationClasses} [main] Could not detect default configuration classes for test class [com.svalero.apibikes.MechanicControllerTests]: MechanicControllerTests does not declare any static, non-private, non-final, nested classes annotated with @Configuration.
2025-05-01 03:29:37,150 INFO o.s.b.t.c.SpringBootTestContextBootstrapper {getOrFindConfigurationClasses} [main] Found @SpringBootConfiguration com.svalero.apibikes.HellospringApplication for test class com.svalero.apibikes.MechanicControllerTests
2025-05-01 03:29:37,157 INFO o.s.t.c.s.AbstractTestContextBootstrapper {getDefaultTestExecutionListenerClassNames} [main] Loaded default TestExecutionListener class names from location [META-INF/spring.factories]: [org.springframework.boot.test.mock.mockito.MockitoTestExecutionListener, org.springframework.boot.test.mock.mockito.ResetMocksTestExecutionListener, org.springframework.boot.test.autoconfigure.restdocs.RestDocsTestExecutionListener, org.springframework.boot.test.autoconfigure.web.client.MockRestServiceServerResetTestExecutionListener, org.springframework.boot.test.autoconfigure.web.servlet.MockMvcPrintOnlyOnFailureTestExecutionListener, org.springframework.boot.test.autoconfigure.web.servlet.WebDriverTestExecutionListener, org.springframework.boot.test.autoconfigure.webservices.client.MockWebServiceServerTestExecutionListener, org.springframework.test.context.web.ServletTestExecutionListener, org.springframework.test.context.support.DirtiesContextBeforeModesTestExecutionListener, org.springframework.test.context.event.ApplicationEventsTestExecutionListener, org.springframework.test.context.support.DependencyInjectionTestExecutionListener, org.springframework.test.context.support.DirtiesContextTestExecutionListener, org.springframework.test.context.transaction.TransactionalTestExecutionListener, org.springframework.test.context.jdbc.SqlScriptsTestExecutionListener, org.springframework.test.context.event.EventPublishingTestExecutionListener]
2025-05-01 03:29:37,171 INFO o.s.t.c.s.AbstractTestContextBootstrapper {getTestExecutionListeners} [main] Using TestExecutionListeners: [org.springframework.test.context.web.ServletTestExecutionListener@614cd187, org.springframework.test.context.support.DirtiesContextBeforeModesTestExecutionListener@6802d023, org.springframework.test.context.event.ApplicationEventsTestExecutionListener@e895e3e, org.springframework.boot.test.mock.mockito.MockitoTestExecutionListener@77476fcf, org.springframework.boot.test.autoconfigure.SpringBootDependencyInjectionTestExecutionListener@70805849, org.springframework.test.context.support.DirtiesContextTestExecutionListener@e7d0db2, org.springframework.test.context.transaction.TransactionalTestExecutionListener@4a41caed, org.springframework.test.context.jdbc.SqlScriptsTestExecutionListener@6b4fd7d, org.springframework.test.context.event.EventPublishingTestExecutionListener@7404aff2, org.springframework.boot.test.mock.mockito.ResetMocksTestExecutionListener@12723c5d, org.springframework.boot.test.autoconfigure.restdocs.RestDocsTestExecutionListener@56a09a5c, org.springframework.boot.test.autoconfigure.web.client.MockRestServiceServerResetTestExecutionListener@775edae0, org.springframework.boot.test.autoconfigure.web.servlet.MockMvcPrintOnlyOnFailureTestExecutionListener@26f480c6, org.springframework.boot.test.autoconfigure.web.servlet.WebDriverTestExecutionListener@2567c091, org.springframework.boot.test.autoconfigure.webservices.client.MockWebServiceServerTestExecutionListener@7747cc1b]
2025-05-01 03:29:37,332 INFO o.s.b.StartupInfoLogger {logStarting} [main] Starting MechanicControllerTests using Java 21 on DESKTOP-A2Q7539 with PID 10124 (started by 34618 in C:\Users\34618\Documents\2DAM Gdo. Superior\Acceso a datos 2DAM\hellospring)
2025-05-01 03:29:37,332 INFO o.s.b.SpringApplication {logStartupProfileInfo} [main] The following 1 profile is active: "test"
2025-05-01 03:29:38,536 INFO o.s.s.w.DefaultSecurityFilterChain {<init>} [main] Will secure any request with [org.springframework.security.web.session.DisableEncodeUrlFilter@6159fb3c, org.springframework.security.web.context.request.async.WebAsyncManagerIntegrationFilter@68f79b7c, org.springframework.security.web.context.SecurityContextPersistenceFilter@4544ab46, org.springframework.security.web.header.HeaderWriterFilter@10e8c7a2, org.springframework.security.web.authentication.logout.LogoutFilter@3580134d, org.springframework.security.web.savedrequest.RequestCacheAwareFilter@2052f095, org.springframework.security.web.servletapi.SecurityContextHolderAwareRequestFilter@76d1f6ea, org.springframework.security.web.authentication.AnonymousAuthenticationFilter@37142579, org.springframework.security.web.session.SessionManagementFilter@5d8fd077, org.springframework.security.web.access.ExceptionTranslationFilter@6ab1f85b, org.springframework.security.web.access.intercept.FilterSecurityInterceptor@6fefc5ea]
2025-05-01 03:29:39,618 INFO o.s.m.w.MockServletContext {log} [main] Initializing Spring TestDispatcherServlet ''
2025-05-01 03:29:39,618 INFO o.s.w.s.FrameworkServlet {initServletBean} [main] Initializing Servlet ''
2025-05-01 03:29:39,624 INFO o.s.w.s.FrameworkServlet {initServletBean} [main] Completed initialization in 6 ms
2025-05-01 03:29:39,691 INFO o.s.b.StartupInfoLogger {logStarted} [main] Started MechanicControllerTests in 2.506 seconds (JVM running for 22.498)
2025-05-01 03:29:39,711 INFO c.s.a.c.MechanicController {filtermechanics} [main] BEGIN getAll
2025-05-01 03:29:39,716 INFO c.s.a.c.MechanicController {filtermechanics} [main] END getAll
2025-05-01 03:29:39,816 INFO c.s.a.c.MechanicController {modifyMechanic} [main] BEGIN modifyMechanic
2025-05-01 03:29:39,816 INFO c.s.a.c.MechanicController {modifyMechanic} [main] END modifyMechanic
2025-05-01 03:29:39,848 INFO c.s.a.c.MechanicController {filtermechanics} [main] BEGIN getAll
2025-05-01 03:29:39,856 INFO c.s.a.c.MechanicController {filtermechanics} [main] END getAll
2025-05-01 03:29:39,876 INFO c.s.a.c.MechanicController {getMechanic} [main] BEGIN getMechanic
2025-05-01 03:29:39,911 INFO c.s.a.c.MechanicController {filtermechanics} [main] BEGIN getAll
2025-05-01 03:29:39,913 INFO c.s.a.c.MechanicController {filtermechanics} [main] END getAll
2025-05-01 03:29:39,926 INFO c.s.a.c.MechanicController {removeMechanic} [main] BEGIN removeMechanic
2025-05-01 03:29:39,926 INFO c.s.a.c.MechanicController {removeMechanic} [main] END removeMechanic
2025-05-01 03:29:40,014 INFO c.s.a.c.MechanicController {addMechanic} [main] BEGIN addMechanic
2025-05-01 03:29:40,016 INFO c.s.a.c.MechanicController {addMechanic} [main] END addMechanic
2025-05-01 03:29:40,036 INFO c.s.a.c.MechanicController {getMechanic} [main] BEGIN getMechanic
2025-05-01 03:29:40,040 INFO c.s.a.c.MechanicController {getMechanic} [main] END getMechanic
2025-05-01 03:29:40,086 INFO c.s.a.c.MechanicController {modifyMechanic} [main] BEGIN modifyMechanic
2025-05-01 03:29:40,109 INFO c.s.a.c.MechanicController {filtermechanics} [main] BEGIN getAll
2025-05-01 03:29:40,109 INFO c.s.a.c.MechanicController {filtermechanics} [main] END getAll
2025-05-01 03:29:40,132 INFO c.s.a.c.MechanicController {removeMechanic} [main] BEGIN removeMechanic
2025-05-01 03:29:40,147 INFO c.s.a.c.MechanicController {filtermechanics} [main] BEGIN getAll
2025-05-01 03:29:40,147 INFO c.s.a.c.MechanicController {filtermechanics} [main] END getAll
2025-05-01 03:29:40,423 INFO o.s.t.c.s.AbstractTestContextBootstrapper {buildDefaultMergedContextConfiguration} [main] Neither @ContextConfiguration nor @ContextHierarchy found for test class [com.svalero.apibikes.RepairOrderControllerTests], using SpringBootContextLoader
2025-05-01 03:29:40,424 INFO o.s.t.c.s.AbstractContextLoader {generateDefaultLocations} [main] Could not detect default resource locations for test class [com.svalero.apibikes.RepairOrderControllerTests]: no resource found for suffixes {-context.xml, Context.groovy}.
2025-05-01 03:29:40,426 INFO o.s.t.c.s.AnnotationConfigContextLoaderUtils {detectDefaultConfigurationClasses} [main] Could not detect default configuration classes for test class [com.svalero.apibikes.RepairOrderControllerTests]: RepairOrderControllerTests does not declare any static, non-private, non-final, nested classes annotated with @Configuration.
2025-05-01 03:29:40,447 INFO o.s.b.t.c.SpringBootTestContextBootstrapper {getOrFindConfigurationClasses} [main] Found @SpringBootConfiguration com.svalero.apibikes.HellospringApplication for test class com.svalero.apibikes.RepairOrderControllerTests
2025-05-01 03:29:40,449 INFO o.s.t.c.s.AbstractTestContextBootstrapper {getDefaultTestExecutionListenerClassNames} [main] Loaded default TestExecutionListener class names from location [META-INF/spring.factories]: [org.springframework.boot.test.mock.mockito.MockitoTestExecutionListener, org.springframework.boot.test.mock.mockito.ResetMocksTestExecutionListener, org.springframework.boot.test.autoconfigure.restdocs.RestDocsTestExecutionListener, org.springframework.boot.test.autoconfigure.web.client.MockRestServiceServerResetTestExecutionListener, org.springframework.boot.test.autoconfigure.web.servlet.MockMvcPrintOnlyOnFailureTestExecutionListener, org.springframework.boot.test.autoconfigure.web.servlet.WebDriverTestExecutionListener, org.springframework.boot.test.autoconfigure.webservices.client.MockWebServiceServerTestExecutionListener, org.springframework.test.context.web.ServletTestExecutionListener, org.springframework.test.context.support.DirtiesContextBeforeModesTestExecutionListener, org.springframework.test.context.event.ApplicationEventsTestExecutionListener, org.springframework.test.context.support.DependencyInjectionTestExecutionListener, org.springframework.test.context.support.DirtiesContextTestExecutionListener, org.springframework.test.context.transaction.TransactionalTestExecutionListener, org.springframework.test.context.jdbc.SqlScriptsTestExecutionListener, org.springframework.test.context.event.EventPublishingTestExecutionListener]
2025-05-01 03:29:40,451 INFO o.s.t.c.s.AbstractTestContextBootstrapper {getTestExecutionListeners} [main] Using TestExecutionListeners: [org.springframework.test.context.web.ServletTestExecutionListener@13a9cdae, org.springframework.test.context.support.DirtiesContextBeforeModesTestExecutionListener@1c972ae6, org.springframework.test.context.event.ApplicationEventsTestExecutionListener@62a41279, org.springframework.boot.test.mock.mockito.MockitoTestExecutionListener@146fa9c0, org.springframework.boot.test.autoconfigure.SpringBootDependencyInjectionTestExecutionListener@49f6c25e, org.springframework.test.context.support.DirtiesContextTestExecutionListener@6c13019c, org.springframework.test.context.transaction.TransactionalTestExecutionListener@2e66f1bd, org.springframework.test.context.jdbc.SqlScriptsTestExecutionListener@47ae6c18, org.springframework.test.context.event.EventPublishingTestExecutionListener@3835b281, org.springframework.boot.test.mock.mockito.ResetMocksTestExecutionListener@4c5e4bfa, org.springframework.boot.test.autoconfigure.restdocs.RestDocsTestExecutionListener@552cb0d5, org.springframework.boot.test.autoconfigure.web.client.MockRestServiceServerResetTestExecutionListener@61d6c8c4, org.springframework.boot.test.autoconfigure.web.servlet.MockMvcPrintOnlyOnFailureTestExecutionListener@74e2cfc5, org.springframework.boot.test.autoconfigure.web.servlet.WebDriverTestExecutionListener@4a5d5b38, org.springframework.boot.test.autoconfigure.webservices.client.MockWebServiceServerTestExecutionListener@7a47f0be]
2025-05-01 03:29:40,531 INFO o.s.b.StartupInfoLogger {logStarting} [main] Starting RepairOrderControllerTests using Java 21 on DESKTOP-A2Q7539 with PID 10124 (started by 34618 in C:\Users\34618\Documents\2DAM Gdo. Superior\Acceso a datos 2DAM\hellospring)
2025-05-01 03:29:40,537 INFO o.s.b.SpringApplication {logStartupProfileInfo} [main] The following 1 profile is active: "test"
2025-05-01 03:29:41,708 INFO o.s.s.w.DefaultSecurityFilterChain {<init>} [main] Will secure any request with [org.springframework.security.web.session.DisableEncodeUrlFilter@215c6ec0, org.springframework.security.web.context.request.async.WebAsyncManagerIntegrationFilter@2b19b346, org.springframework.security.web.context.SecurityContextPersistenceFilter@69c227fd, org.springframework.security.web.header.HeaderWriterFilter@13f182b9, org.springframework.security.web.authentication.logout.LogoutFilter@3e71a1f8, org.springframework.security.web.savedrequest.RequestCacheAwareFilter@14c5283, org.springframework.security.web.servletapi.SecurityContextHolderAwareRequestFilter@1eb7ec59, org.springframework.security.web.authentication.AnonymousAuthenticationFilter@37c5b8e8, org.springframework.security.web.session.SessionManagementFilter@5ee0cf64, org.springframework.security.web.access.ExceptionTranslationFilter@6e90cec8, org.springframework.security.web.access.intercept.FilterSecurityInterceptor@2d3d4a54]
2025-05-01 03:29:43,375 INFO o.s.m.w.MockServletContext {log} [main] Initializing Spring TestDispatcherServlet ''
2025-05-01 03:29:43,377 INFO o.s.w.s.FrameworkServlet {initServletBean} [main] Initializing Servlet ''
2025-05-01 03:29:43,379 INFO o.s.w.s.FrameworkServlet {initServletBean} [main] Completed initialization in 1 ms
2025-05-01 03:29:43,462 INFO o.s.b.StartupInfoLogger {logStarted} [main] Started RepairOrderControllerTests in 2.992 seconds (JVM running for 26.27)
2025-05-01 03:29:43,528 INFO c.s.a.c.RepairOrderController {filterRepairOrders} [main] Filtrando órdenes de reparación con parámetros: bikeId=null, mechanicId=null, workShopId=null
2025-05-01 03:29:43,880 INFO c.s.a.c.RepairOrderController {modifyRepairOrder} [main] BEGIN modifyRepairOrder
2025-05-01 03:29:43,964 INFO c.s.a.c.RepairOrderController {getRepairOrder} [main] BEGIN getRepairOrder
2025-05-01 03:29:43,967 INFO c.s.a.c.RepairOrderController {getRepairOrder} [main] END getRepairOrder
2025-05-01 03:29:44,152 INFO c.s.a.c.RepairOrderController {getRepairOrder} [main] BEGIN getRepairOrder
2025-05-01 03:29:44,256 INFO c.s.a.c.RepairOrderController {removeRepairOrder} [main] BEGIN removeRepairOrder
2025-05-01 03:29:44,259 INFO c.s.a.c.RepairOrderController {removeRepairOrder} [main] END removeRepairOrder
2025-05-01 03:29:44,400 INFO c.s.a.c.RepairOrderController {removeRepairOrder} [main] BEGIN removeRepairOrder
2025-05-01 03:29:44,431 INFO c.s.a.c.RepairOrderController {filterRepairOrders} [main] Filtrando órdenes de reparación con parámetros: bikeId=6, mechanicId=null, workShopId=null
2025-05-01 03:29:44,476 INFO c.s.a.c.RepairOrderController {modifyRepairOrder} [main] BEGIN modifyRepairOrder
2025-05-01 03:29:44,479 INFO c.s.a.c.RepairOrderController {modifyRepairOrder} [main] END modifyRepairOrder
2025-05-01 03:29:44,546 INFO c.s.a.c.RepairOrderController {addRepairOrder} [main] BEGIN addRepairOrder
2025-05-01 03:29:44,548 INFO c.s.a.c.RepairOrderController {addRepairOrder} [main] END addRepairOrder
2025-05-01 03:29:45,164 INFO o.s.t.c.s.AbstractTestContextBootstrapper {buildDefaultMergedContextConfiguration} [main] Neither @ContextConfiguration nor @ContextHierarchy found for test class [com.svalero.apibikes.UserControllerTests], using SpringBootContextLoader
2025-05-01 03:29:45,168 INFO o.s.t.c.s.AbstractContextLoader {generateDefaultLocations} [main] Could not detect default resource locations for test class [com.svalero.apibikes.UserControllerTests]: no resource found for suffixes {-context.xml, Context.groovy}.
2025-05-01 03:29:45,169 INFO o.s.t.c.s.AnnotationConfigContextLoaderUtils {detectDefaultConfigurationClasses} [main] Could not detect default configuration classes for test class [com.svalero.apibikes.UserControllerTests]: UserControllerTests does not declare any static, non-private, non-final, nested classes annotated with @Configuration.
2025-05-01 03:29:45,192 INFO o.s.b.t.c.SpringBootTestContextBootstrapper {getOrFindConfigurationClasses} [main] Found @SpringBootConfiguration com.svalero.apibikes.HellospringApplication for test class com.svalero.apibikes.UserControllerTests
2025-05-01 03:29:45,194 INFO o.s.t.c.s.AbstractTestContextBootstrapper {getDefaultTestExecutionListenerClassNames} [main] Loaded default TestExecutionListener class names from location [META-INF/spring.factories]: [org.springframework.boot.test.mock.mockito.MockitoTestExecutionListener, org.springframework.boot.test.mock.mockito.ResetMocksTestExecutionListener, org.springframework.boot.test.autoconfigure.restdocs.RestDocsTestExecutionListener, org.springframework.boot.test.autoconfigure.web.client.MockRestServiceServerResetTestExecutionListener, org.springframework.boot.test.autoconfigure.web.servlet.MockMvcPrintOnlyOnFailureTestExecutionListener, org.springframework.boot.test.autoconfigure.web.servlet.WebDriverTestExecutionListener, org.springframework.boot.test.autoconfigure.webservices.client.MockWebServiceServerTestExecutionListener, org.springframework.test.context.web.ServletTestExecutionListener, org.springframework.test.context.support.DirtiesContextBeforeModesTestExecutionListener, org.springframework.test.context.event.ApplicationEventsTestExecutionListener, org.springframework.test.context.support.DependencyInjectionTestExecutionListener, org.springframework.test.context.support.DirtiesContextTestExecutionListener, org.springframework.test.context.transaction.TransactionalTestExecutionListener, org.springframework.test.context.jdbc.SqlScriptsTestExecutionListener, org.springframework.test.context.event.EventPublishingTestExecutionListener]
2025-05-01 03:29:45,197 INFO o.s.t.c.s.AbstractTestContextBootstrapper {getTestExecutionListeners} [main] Using TestExecutionListeners: [org.springframework.test.context.web.ServletTestExecutionListener@67292fc7, org.springframework.test.context.support.DirtiesContextBeforeModesTestExecutionListener@4c1b4e07, org.springframework.test.context.event.ApplicationEventsTestExecutionListener@34cfdd84, org.springframework.boot.test.mock.mockito.MockitoTestExecutionListener@1c7744c1, org.springframework.boot.test.autoconfigure.SpringBootDependencyInjectionTestExecutionListener@320e179f, org.springframework.test.context.support.DirtiesContextTestExecutionListener@24731caf, org.springframework.test.context.transaction.TransactionalTestExecutionListener@6e1ad658, org.springframework.test.context.jdbc.SqlScriptsTestExecutionListener@486dd616, org.springframework.test.context.event.EventPublishingTestExecutionListener@a1d926b, org.springframework.boot.test.mock.mockito.ResetMocksTestExecutionListener@36b761e3, org.springframework.boot.test.autoconfigure.restdocs.RestDocsTestExecutionListener@e27d97b, org.springframework.boot.test.autoconfigure.web.client.MockRestServiceServerResetTestExecutionListener@285c63cf, org.springframework.boot.test.autoconfigure.web.servlet.MockMvcPrintOnlyOnFailureTestExecutionListener@4e343265, org.springframework.boot.test.autoconfigure.web.servlet.WebDriverTestExecutionListener@4301fa39, org.springframework.boot.test.autoconfigure.webservices.client.MockWebServiceServerTestExecutionListener@73dd0f23]
2025-05-01 03:29:45,277 INFO o.s.b.StartupInfoLogger {logStarting} [main] Starting UserControllerTests using Java 21 on DESKTOP-A2Q7539 with PID 10124 (started by 34618 in C:\Users\34618\Documents\2DAM Gdo. Superior\Acceso a datos 2DAM\hellospring)
2025-05-01 03:29:45,277 INFO o.s.b.SpringApplication {logStartupProfileInfo} [main] The following 1 profile is active: "test"
2025-05-01 03:29:46,480 INFO o.s.s.w.DefaultSecurityFilterChain {<init>} [main] Will secure any request with [org.springframework.security.web.session.DisableEncodeUrlFilter@66a99584, org.springframework.security.web.context.request.async.WebAsyncManagerIntegrationFilter@3945886e, org.springframework.security.web.context.SecurityContextPersistenceFilter@3aed692d, org.springframework.security.web.header.HeaderWriterFilter@1e5e3147, org.springframework.security.web.authentication.logout.LogoutFilter@74cd8c55, org.springframework.security.web.savedrequest.RequestCacheAwareFilter@4eec5fa6, org.springframework.security.web.servletapi.SecurityContextHolderAwareRequestFilter@21579b35, org.springframework.security.web.authentication.AnonymousAuthenticationFilter@12765ebd, org.springframework.security.web.session.SessionManagementFilter@3c271988, org.springframework.security.web.access.ExceptionTranslationFilter@7e514482, org.springframework.security.web.access.intercept.FilterSecurityInterceptor@3966c679]
2025-05-01 03:29:47,392 INFO o.s.m.w.MockServletContext {log} [main] Initializing Spring TestDispatcherServlet ''
2025-05-01 03:29:47,392 INFO o.s.w.s.FrameworkServlet {initServletBean} [main] Initializing Servlet ''
2025-05-01 03:29:47,396 INFO o.s.w.s.FrameworkServlet {initServletBean} [main] Completed initialization in 0 ms
2025-05-01 03:29:47,430 INFO o.s.b.StartupInfoLogger {logStarted} [main] Started UserControllerTests in 2.223 seconds (JVM running for 30.238)
2025-05-01 03:29:47,450 INFO c.s.a.c.UserController {getUser} [main] BEGIN getUser
2025-05-01 03:29:47,476 INFO c.s.a.c.UserController {filterusers} [main] BEGIN getAll
2025-05-01 03:29:47,476 INFO c.s.a.c.UserController {filterusers} [main] END getAll
2025-05-01 03:29:47,550 INFO c.s.a.c.UserController {filterusers} [main] BEGIN getAll
2025-05-01 03:29:47,556 INFO c.s.a.c.UserController {filterusers} [main] END getAll
2025-05-01 03:29:47,566 INFO c.s.a.c.UserController {filterusers} [main] BEGIN getAll
2025-05-01 03:29:47,566 INFO c.s.a.c.UserController {filterusers} [main] END getAll
2025-05-01 03:29:47,616 INFO c.s.a.c.UserController {removeUser} [main] BEGIN removeUser
2025-05-01 03:29:47,626 INFO c.s.a.c.UserController {removeUser} [main] END removeUser
2025-05-01 03:29:47,641 INFO c.s.a.c.UserController {getUser} [main] BEGIN getUser
2025-05-01 03:29:47,646 INFO c.s.a.c.UserController {getUser} [main] END getUser
2025-05-01 03:29:47,690 INFO c.s.a.c.UserController {modifyUser} [main] BEGIN modifyUser
2025-05-01 03:29:47,714 INFO c.s.a.c.UserController {filterusers} [main] BEGIN getAll
2025-05-01 03:29:47,716 INFO c.s.a.c.UserController {filterusers} [main] END getAll
2025-05-01 03:29:47,736 INFO c.s.a.c.UserController {filterusers} [main] BEGIN getAll
2025-05-01 03:29:47,741 INFO c.s.a.c.UserController {filterusers} [main] END getAll
2025-05-01 03:29:47,759 INFO c.s.a.c.UserController {modifyUser} [main] BEGIN modifyUser
2025-05-01 03:29:47,776 INFO c.s.a.c.UserController {modifyUser} [main] END modifyUser
2025-05-01 03:29:47,792 INFO c.s.a.c.UserController {removeUser} [main] BEGIN removeUser
2025-05-01 03:29:48,034 INFO o.s.t.c.s.AbstractTestContextBootstrapper {buildDefaultMergedContextConfiguration} [main] Neither @ContextConfiguration nor @ContextHierarchy found for test class [com.svalero.apibikes.WorkShopControllerTests], using SpringBootContextLoader
2025-05-01 03:29:48,036 INFO o.s.t.c.s.AbstractContextLoader {generateDefaultLocations} [main] Could not detect default resource locations for test class [com.svalero.apibikes.WorkShopControllerTests]: no resource found for suffixes {-context.xml, Context.groovy}.
2025-05-01 03:29:48,040 INFO o.s.t.c.s.AnnotationConfigContextLoaderUtils {detectDefaultConfigurationClasses} [main] Could not detect default configuration classes for test class [com.svalero.apibikes.WorkShopControllerTests]: WorkShopControllerTests does not declare any static, non-private, non-final, nested classes annotated with @Configuration.
2025-05-01 03:29:48,056 INFO o.s.b.t.c.SpringBootTestContextBootstrapper {getOrFindConfigurationClasses} [main] Found @SpringBootConfiguration com.svalero.apibikes.HellospringApplication for test class com.svalero.apibikes.WorkShopControllerTests
2025-05-01 03:29:48,059 INFO o.s.t.c.s.AbstractTestContextBootstrapper {getDefaultTestExecutionListenerClassNames} [main] Loaded default TestExecutionListener class names from location [META-INF/spring.factories]: [org.springframework.boot.test.mock.mockito.MockitoTestExecutionListener, org.springframework.boot.test.mock.mockito.ResetMocksTestExecutionListener, org.springframework.boot.test.autoconfigure.restdocs.RestDocsTestExecutionListener, org.springframework.boot.test.autoconfigure.web.client.MockRestServiceServerResetTestExecutionListener, org.springframework.boot.test.autoconfigure.web.servlet.MockMvcPrintOnlyOnFailureTestExecutionListener, org.springframework.boot.test.autoconfigure.web.servlet.WebDriverTestExecutionListener, org.springframework.boot.test.autoconfigure.webservices.client.MockWebServiceServerTestExecutionListener, org.springframework.test.context.web.ServletTestExecutionListener, org.springframework.test.context.support.DirtiesContextBeforeModesTestExecutionListener, org.springframework.test.context.event.ApplicationEventsTestExecutionListener, org.springframework.test.context.support.DependencyInjectionTestExecutionListener, org.springframework.test.context.support.DirtiesContextTestExecutionListener, org.springframework.test.context.transaction.TransactionalTestExecutionListener, org.springframework.test.context.jdbc.SqlScriptsTestExecutionListener, org.springframework.test.context.event.EventPublishingTestExecutionListener]
2025-05-01 03:29:48,061 INFO o.s.t.c.s.AbstractTestContextBootstrapper {getTestExecutionListeners} [main] Using TestExecutionListeners: [org.springframework.test.context.web.ServletTestExecutionListener@7d563c13, org.springframework.test.context.support.DirtiesContextBeforeModesTestExecutionListener@510a2c7, org.springframework.test.context.event.ApplicationEventsTestExecutionListener@14fe085b, org.springframework.boot.test.mock.mockito.MockitoTestExecutionListener@1ea19c97, org.springframework.boot.test.autoconfigure.SpringBootDependencyInjectionTestExecutionListener@525b9df4, org.springframework.test.context.support.DirtiesContextTestExecutionListener@52dd1be2, org.springframework.test.context.transaction.TransactionalTestExecutionListener@36857d32, org.springframework.test.context.jdbc.SqlScriptsTestExecutionListener@24520a51, org.springframework.test.context.event.EventPublishingTestExecutionListener@2ae88712, org.springframework.boot.test.mock.mockito.ResetMocksTestExecutionListener@10508ba6, org.springframework.boot.test.autoconfigure.restdocs.RestDocsTestExecutionListener@da11873, org.springframework.boot.test.autoconfigure.web.client.MockRestServiceServerResetTestExecutionListener@39159b14, org.springframework.boot.test.autoconfigure.web.servlet.MockMvcPrintOnlyOnFailureTestExecutionListener@57ab4b33, org.springframework.boot.test.autoconfigure.web.servlet.WebDriverTestExecutionListener@43b2e7db, org.springframework.boot.test.autoconfigure.webservices.client.MockWebServiceServerTestExecutionListener@46d51d5e]
2025-05-01 03:29:48,148 INFO o.s.b.StartupInfoLogger {logStarting} [main] Starting WorkShopControllerTests using Java 21 on DESKTOP-A2Q7539 with PID 10124 (started by 34618 in C:\Users\34618\Documents\2DAM Gdo. Superior\Acceso a datos 2DAM\hellospring)
2025-05-01 03:29:48,148 INFO o.s.b.SpringApplication {logStartupProfileInfo} [main] The following 1 profile is active: "test"
2025-05-01 03:29:49,026 INFO o.s.s.w.DefaultSecurityFilterChain {<init>} [main] Will secure any request with [org.springframework.security.web.session.DisableEncodeUrlFilter@717b0d81, org.springframework.security.web.context.request.async.WebAsyncManagerIntegrationFilter@16745abd, org.springframework.security.web.context.SecurityContextPersistenceFilter@8beb0dd, org.springframework.security.web.header.HeaderWriterFilter@51d9fd30, org.springframework.security.web.authentication.logout.LogoutFilter@2f4fc18, org.springframework.security.web.savedrequest.RequestCacheAwareFilter@3d99d327, org.springframework.security.web.servletapi.SecurityContextHolderAwareRequestFilter@233789d9, org.springframework.security.web.authentication.AnonymousAuthenticationFilter@4d793390, org.springframework.security.web.session.SessionManagementFilter@2e7e4480, org.springframework.security.web.access.ExceptionTranslationFilter@2552181d, org.springframework.security.web.access.intercept.FilterSecurityInterceptor@3809f65d]
2025-05-01 03:29:50,097 INFO o.s.m.w.MockServletContext {log} [main] Initializing Spring TestDispatcherServlet ''
2025-05-01 03:29:50,098 INFO o.s.w.s.FrameworkServlet {initServletBean} [main] Initializing Servlet ''
2025-05-01 03:29:50,098 INFO o.s.w.s.FrameworkServlet {initServletBean} [main] Completed initialization in 0 ms
2025-05-01 03:29:50,221 INFO o.s.b.StartupInfoLogger {logStarted} [main] Started WorkShopControllerTests in 2.151 seconds (JVM running for 33.029)
2025-05-01 03:29:50,342 INFO c.s.a.c.WorkShopController {modifyWorkShop} [main] BEGIN modifyWorkShop
2025-05-01 03:29:50,346 INFO c.s.a.c.WorkShopController {modifyWorkShop} [main] END modifyWorkShop
2025-05-01 03:29:50,370 INFO c.s.a.c.WorkShopController {getWorkShop} [main] BEGIN getWorkShop
2025-05-01 03:29:50,372 INFO c.s.a.c.WorkShopController {getWorkShop} [main] END getWorkShop
2025-05-01 03:29:50,400 INFO c.s.a.c.WorkShopController {filterworkshops} [main] BEGIN getAll
2025-05-01 03:29:50,402 INFO c.s.a.c.WorkShopController {filterworkshops} [main] END getAll
2025-05-01 03:29:50,418 INFO c.s.a.c.WorkShopController {filterworkshops} [main] BEGIN getAll
2025-05-01 03:29:50,420 INFO c.s.a.c.WorkShopController {filterworkshops} [main] END getAll
2025-05-01 03:29:50,439 INFO c.s.a.c.WorkShopController {removeWorkShop} [main] BEGIN removeWorkShop
2025-05-01 03:29:50,444 INFO c.s.a.c.WorkShopController {removeWorkShop} [main] END removeWorkShop
2025-05-01 03:29:50,470 INFO c.s.a.c.WorkShopController {filterworkshops} [main] BEGIN getAll
2025-05-01 03:29:50,474 INFO c.s.a.c.WorkShopController {filterworkshops} [main] END getAll
2025-05-01 03:29:50,493 INFO c.s.a.c.WorkShopController {modifyWorkShop} [main] BEGIN modifyWorkShop
2025-05-01 03:29:50,541 INFO c.s.a.c.WorkShopController {removeWorkShop} [main] BEGIN removeWorkShop
2025-05-01 03:29:50,549 INFO c.s.a.c.WorkShopController {filterworkshops} [main] BEGIN getAll
2025-05-01 03:29:50,557 INFO c.s.a.c.WorkShopController {filterworkshops} [main] END getAll
2025-05-01 03:29:50,580 INFO c.s.a.c.WorkShopController {getWorkShop} [main] BEGIN getWorkShop
2025-05-01 03:29:50,597 INFO c.s.a.c.WorkShopController {filterworkshops} [main] BEGIN getAll
2025-05-01 03:29:50,599 INFO c.s.a.c.WorkShopController {filterworkshops} [main] END getAll
2025-05-01 03:29:50,612 INFO c.s.a.c.WorkShopController {addWorkShop} [main] BEGIN addWorkShop
2025-05-01 03:29:50,614 INFO c.s.a.c.WorkShopController {addWorkShop} [main] END addWorkShop
2025-05-01 03:36:12,026 INFO o.h.v.i.u.Version {<clinit>} [background-preinit] HV000001: Hibernate Validator 6.2.5.Final
2025-05-01 03:36:12,066 INFO o.s.b.StartupInfoLogger {logStarting} [main] Starting BikeControllerTests using Java 21 on DESKTOP-A2Q7539 with PID 10680 (started by 34618 in C:\Users\34618\Documents\2DAM Gdo. Superior\Acceso a datos 2DAM\hellospring)
2025-05-01 03:36:12,069 INFO o.s.b.SpringApplication {logStartupProfileInfo} [main] The following 1 profile is active: "test"
2025-05-01 03:36:17,521 INFO o.s.s.w.DefaultSecurityFilterChain {<init>} [main] Will secure any request with [org.springframework.security.web.session.DisableEncodeUrlFilter@119290b9, org.springframework.security.web.context.request.async.WebAsyncManagerIntegrationFilter@640d604, org.springframework.security.web.context.SecurityContextPersistenceFilter@7e5efcab, org.springframework.security.web.header.HeaderWriterFilter@41def031, org.springframework.security.web.authentication.logout.LogoutFilter@7a31ca20, org.springframework.security.web.savedrequest.RequestCacheAwareFilter@34045582, org.springframework.security.web.servletapi.SecurityContextHolderAwareRequestFilter@3db65c0d, org.springframework.security.web.authentication.AnonymousAuthenticationFilter@62cbc478, org.springframework.security.web.session.SessionManagementFilter@7abeabe9, org.springframework.security.web.access.ExceptionTranslationFilter@65eb3597, org.springframework.security.web.access.intercept.FilterSecurityInterceptor@15605d83]
2025-05-01 03:36:20,261 INFO o.s.m.w.MockServletContext {log} [main] Initializing Spring TestDispatcherServlet ''
2025-05-01 03:36:20,261 INFO o.s.w.s.FrameworkServlet {initServletBean} [main] Initializing Servlet ''
2025-05-01 03:36:20,266 INFO o.s.w.s.FrameworkServlet {initServletBean} [main] Completed initialization in 5 ms
2025-05-01 03:36:20,366 INFO o.s.b.StartupInfoLogger {logStarted} [main] Started BikeControllerTests in 10.398 seconds (JVM running for 15.234)
2025-05-01 03:36:20,832 INFO c.s.a.c.BikeController {filterBikes} [main] Filtrando bicicletas con parámetros: brand=, model=Alma, color=
2025-05-01 03:36:20,850 INFO c.s.a.c.BikeController {filterBikes} [main] Operación completada: Se obtuvieron 1 bicicletas filtradas
2025-05-01 03:36:21,361 INFO c.s.a.c.BikeController {filterBikes} [main] Filtrando bicicletas con parámetros: brand=Orbea, model=Alma, color=green
2025-05-01 03:36:21,365 INFO c.s.a.c.BikeController {filterBikes} [main] Operación completada: Se obtuvieron 1 bicicletas filtradas
2025-05-01 03:36:21,702 INFO c.s.a.c.BikeController {addBike} [main] BEGIN addBike
2025-05-01 03:36:21,772 INFO c.s.a.c.BikeController {filterBikes} [main] Filtrando bicicletas con parámetros: brand=Orbea, model=, color=
2025-05-01 03:36:21,776 INFO c.s.a.c.BikeController {filterBikes} [main] Operación completada: Se obtuvieron 2 bicicletas filtradas
2025-05-01 03:36:21,802 INFO c.s.a.c.BikeController {addBike} [main] BEGIN addBike
2025-05-01 03:36:21,807 INFO c.s.a.c.BikeController {addBike} [main] END addBike
2025-05-01 03:36:21,972 INFO c.s.a.c.BikeController {filterBikes} [main] Filtrando bicicletas con parámetros: brand=, model=, color=
2025-05-01 03:36:21,974 INFO c.s.a.c.BikeController {filterBikes} [main] Operación completada: Se obtuvieron 3 bicicletas filtradas
2025-05-01 03:36:21,995 INFO c.s.a.c.BikeController {filterBikes} [main] Filtrando bicicletas con parámetros: brand=, model=, color=green
2025-05-01 03:36:21,996 INFO c.s.a.c.BikeController {filterBikes} [main] Operación completada: Se obtuvieron 1 bicicletas filtradas
2025-05-01 03:36:22,026 INFO c.s.a.c.BikeController {getBike} [main] BEGIN getBike
2025-05-01 03:36:22,028 INFO c.s.a.c.BikeController {getBike} [main] END getBike
2025-05-01 03:36:22,122 INFO c.s.a.c.BikeController {removeBike} [main] BEGIN removeBike
2025-05-01 03:36:22,130 INFO c.s.a.c.BikeController {removeBike} [main] END removeBike
2025-05-01 03:36:22,169 INFO c.s.a.c.BikeController {modifyBike} [main] BEGIN modifyBike
2025-05-01 03:36:22,249 INFO c.s.a.c.BikeController {modifyBike} [main] BEGIN modifyBike
2025-05-01 03:36:22,255 INFO c.s.a.c.BikeController {modifyBike} [main] END modifyBike
2025-05-01 03:36:22,278 INFO c.s.a.c.BikeController {removeBike} [main] BEGIN removeBike
2025-05-01 03:36:22,303 INFO c.s.a.c.BikeController {getBike} [main] BEGIN getBike
2025-05-01 03:36:22,960 INFO o.s.t.c.s.AbstractTestContextBootstrapper {buildDefaultMergedContextConfiguration} [main] Neither @ContextConfiguration nor @ContextHierarchy found for test class [com.svalero.apibikes.MechanicControllerTests], using SpringBootContextLoader
2025-05-01 03:36:22,962 INFO o.s.t.c.s.AbstractContextLoader {generateDefaultLocations} [main] Could not detect default resource locations for test class [com.svalero.apibikes.MechanicControllerTests]: no resource found for suffixes {-context.xml, Context.groovy}.
2025-05-01 03:36:22,964 INFO o.s.t.c.s.AnnotationConfigContextLoaderUtils {detectDefaultConfigurationClasses} [main] Could not detect default configuration classes for test class [com.svalero.apibikes.MechanicControllerTests]: MechanicControllerTests does not declare any static, non-private, non-final, nested classes annotated with @Configuration.
2025-05-01 03:36:22,989 INFO o.s.b.t.c.SpringBootTestContextBootstrapper {getOrFindConfigurationClasses} [main] Found @SpringBootConfiguration com.svalero.apibikes.HellospringApplication for test class com.svalero.apibikes.MechanicControllerTests
2025-05-01 03:36:22,992 INFO o.s.t.c.s.AbstractTestContextBootstrapper {getDefaultTestExecutionListenerClassNames} [main] Loaded default TestExecutionListener class names from location [META-INF/spring.factories]: [org.springframework.boot.test.mock.mockito.MockitoTestExecutionListener, org.springframework.boot.test.mock.mockito.ResetMocksTestExecutionListener, org.springframework.boot.test.autoconfigure.restdocs.RestDocsTestExecutionListener, org.springframework.boot.test.autoconfigure.web.client.MockRestServiceServerResetTestExecutionListener, org.springframework.boot.test.autoconfigure.web.servlet.MockMvcPrintOnlyOnFailureTestExecutionListener, org.springframework.boot.test.autoconfigure.web.servlet.WebDriverTestExecutionListener, org.springframework.boot.test.autoconfigure.webservices.client.MockWebServiceServerTestExecutionListener, org.springframework.test.context.web.ServletTestExecutionListener, org.springframework.test.context.support.DirtiesContextBeforeModesTestExecutionListener, org.springframework.test.context.event.ApplicationEventsTestExecutionListener, org.springframework.test.context.support.DependencyInjectionTestExecutionListener, org.springframework.test.context.support.DirtiesContextTestExecutionListener, org.springframework.test.context.transaction.TransactionalTestExecutionListener, org.springframework.test.context.jdbc.SqlScriptsTestExecutionListener, org.springframework.test.context.event.EventPublishingTestExecutionListener]
2025-05-01 03:36:22,994 INFO o.s.t.c.s.AbstractTestContextBootstrapper {getTestExecutionListeners} [main] Using TestExecutionListeners: [org.springframework.test.context.web.ServletTestExecutionListener@2e0163cb, org.springframework.test.context.support.DirtiesContextBeforeModesTestExecutionListener@6b289535, org.springframework.test.context.event.ApplicationEventsTestExecutionListener@74619273, org.springframework.boot.test.mock.mockito.MockitoTestExecutionListener@38c55a8a, org.springframework.boot.test.autoconfigure.SpringBootDependencyInjectionTestExecutionListener@1d7f7962, org.springframework.test.context.support.DirtiesContextTestExecutionListener@32d1d6c5, org.springframework.test.context.transaction.TransactionalTestExecutionListener@4a5b38e6, org.springframework.test.context.jdbc.SqlScriptsTestExecutionListener@58583a2d, org.springframework.test.context.event.EventPublishingTestExecutionListener@3e8afc2d, org.springframework.boot.test.mock.mockito.ResetMocksTestExecutionListener@2d172c7, org.springframework.boot.test.autoconfigure.restdocs.RestDocsTestExecutionListener@115ef673, org.springframework.boot.test.autoconfigure.web.client.MockRestServiceServerResetTestExecutionListener@8ce3f27, org.springframework.boot.test.autoconfigure.web.servlet.MockMvcPrintOnlyOnFailureTestExecutionListener@614cd187, org.springframework.boot.test.autoconfigure.web.servlet.WebDriverTestExecutionListener@6802d023, org.springframework.boot.test.autoconfigure.webservices.client.MockWebServiceServerTestExecutionListener@e895e3e]
2025-05-01 03:36:23,172 INFO o.s.b.StartupInfoLogger {logStarting} [main] Starting MechanicControllerTests using Java 21 on DESKTOP-A2Q7539 with PID 10680 (started by 34618 in C:\Users\34618\Documents\2DAM Gdo. Superior\Acceso a datos 2DAM\hellospring)
2025-05-01 03:36:23,174 INFO o.s.b.SpringApplication {logStartupProfileInfo} [main] The following 1 profile is active: "test"
2025-05-01 03:36:24,118 INFO o.s.s.w.DefaultSecurityFilterChain {<init>} [main] Will secure any request with [org.springframework.security.web.session.DisableEncodeUrlFilter@5d8fd077, org.springframework.security.web.context.request.async.WebAsyncManagerIntegrationFilter@4544ab46, org.springframework.security.web.context.SecurityContextPersistenceFilter@2cdcfaa6, org.springframework.security.web.header.HeaderWriterFilter@731ab49b, org.springframework.security.web.authentication.logout.LogoutFilter@2d2af12e, org.springframework.security.web.savedrequest.RequestCacheAwareFilter@4ff0706c, org.springframework.security.web.servletapi.SecurityContextHolderAwareRequestFilter@6968bb65, org.springframework.security.web.authentication.AnonymousAuthenticationFilter@2052f095, org.springframework.security.web.session.SessionManagementFilter@23358740, org.springframework.security.web.access.ExceptionTranslationFilter@3d8bd881, org.springframework.security.web.access.intercept.FilterSecurityInterceptor@10e8c7a2]
2025-05-01 03:36:24,985 INFO o.s.m.w.MockServletContext {log} [main] Initializing Spring TestDispatcherServlet ''
2025-05-01 03:36:24,986 INFO o.s.w.s.FrameworkServlet {initServletBean} [main] Initializing Servlet ''
2025-05-01 03:36:24,989 INFO o.s.w.s.FrameworkServlet {initServletBean} [main] Completed initialization in 3 ms
2025-05-01 03:36:25,031 INFO o.s.b.StartupInfoLogger {logStarted} [main] Started MechanicControllerTests in 2.024 seconds (JVM running for 19.899)
2025-05-01 03:36:25,058 INFO c.s.a.c.MechanicController {filtermechanics} [main] BEGIN getAll
2025-05-01 03:36:25,060 INFO c.s.a.c.MechanicController {filtermechanics} [main] END getAll
2025-05-01 03:36:25,120 INFO c.s.a.c.MechanicController {modifyMechanic} [main] BEGIN modifyMechanic
2025-05-01 03:36:25,122 INFO c.s.a.c.MechanicController {modifyMechanic} [main] END modifyMechanic
2025-05-01 03:36:25,146 INFO c.s.a.c.MechanicController {filtermechanics} [main] BEGIN getAll
2025-05-01 03:36:25,151 INFO c.s.a.c.MechanicController {filtermechanics} [main] END getAll
2025-05-01 03:36:25,169 INFO c.s.a.c.MechanicController {getMechanic} [main] BEGIN getMechanic
2025-05-01 03:36:25,195 INFO c.s.a.c.MechanicController {filtermechanics} [main] BEGIN getAll
2025-05-01 03:36:25,196 INFO c.s.a.c.MechanicController {filtermechanics} [main] END getAll
2025-05-01 03:36:25,212 INFO c.s.a.c.MechanicController {removeMechanic} [main] BEGIN removeMechanic
2025-05-01 03:36:25,214 INFO c.s.a.c.MechanicController {removeMechanic} [main] END removeMechanic
2025-05-01 03:36:25,262 INFO c.s.a.c.MechanicController {addMechanic} [main] BEGIN addMechanic
2025-05-01 03:36:25,266 INFO c.s.a.c.MechanicController {addMechanic} [main] END addMechanic
2025-05-01 03:36:25,282 INFO c.s.a.c.MechanicController {getMechanic} [main] BEGIN getMechanic
2025-05-01 03:36:25,286 INFO c.s.a.c.MechanicController {getMechanic} [main] END getMechanic
2025-05-01 03:36:25,309 INFO c.s.a.c.MechanicController {modifyMechanic} [main] BEGIN modifyMechanic
2025-05-01 03:36:25,328 INFO c.s.a.c.MechanicController {filtermechanics} [main] BEGIN getAll
2025-05-01 03:36:25,330 INFO c.s.a.c.MechanicController {filtermechanics} [main] END getAll
2025-05-01 03:36:25,345 INFO c.s.a.c.MechanicController {removeMechanic} [main] BEGIN removeMechanic
2025-05-01 03:36:25,358 INFO c.s.a.c.MechanicController {filtermechanics} [main] BEGIN getAll
2025-05-01 03:36:25,362 INFO c.s.a.c.MechanicController {filtermechanics} [main] END getAll
2025-05-01 03:36:25,616 INFO o.s.t.c.s.AbstractTestContextBootstrapper {buildDefaultMergedContextConfiguration} [main] Neither @ContextConfiguration nor @ContextHierarchy found for test class [com.svalero.apibikes.RepairOrderControllerTests], using SpringBootContextLoader
2025-05-01 03:36:25,620 INFO o.s.t.c.s.AbstractContextLoader {generateDefaultLocations} [main] Could not detect default resource locations for test class [com.svalero.apibikes.RepairOrderControllerTests]: no resource found for suffixes {-context.xml, Context.groovy}.
2025-05-01 03:36:25,620 INFO o.s.t.c.s.AnnotationConfigContextLoaderUtils {detectDefaultConfigurationClasses} [main] Could not detect default configuration classes for test class [com.svalero.apibikes.RepairOrderControllerTests]: RepairOrderControllerTests does not declare any static, non-private, non-final, nested classes annotated with @Configuration.
2025-05-01 03:36:25,639 INFO o.s.b.t.c.SpringBootTestContextBootstrapper {getOrFindConfigurationClasses} [main] Found @SpringBootConfiguration com.svalero.apibikes.HellospringApplication for test class com.svalero.apibikes.RepairOrderControllerTests
2025-05-01 03:36:25,642 INFO o.s.t.c.s.AbstractTestContextBootstrapper {getDefaultTestExecutionListenerClassNames} [main] Loaded default TestExecutionListener class names from location [META-INF/spring.factories]: [org.springframework.boot.test.mock.mockito.MockitoTestExecutionListener, org.springframework.boot.test.mock.mockito.ResetMocksTestExecutionListener, org.springframework.boot.test.autoconfigure.restdocs.RestDocsTestExecutionListener, org.springframework.boot.test.autoconfigure.web.client.MockRestServiceServerResetTestExecutionListener, org.springframework.boot.test.autoconfigure.web.servlet.MockMvcPrintOnlyOnFailureTestExecutionListener, org.springframework.boot.test.autoconfigure.web.servlet.WebDriverTestExecutionListener, org.springframework.boot.test.autoconfigure.webservices.client.MockWebServiceServerTestExecutionListener, org.springframework.test.context.web.ServletTestExecutionListener, org.springframework.test.context.support.DirtiesContextBeforeModesTestExecutionListener, org.springframework.test.context.event.ApplicationEventsTestExecutionListener, org.springframework.test.context.support.DependencyInjectionTestExecutionListener, org.springframework.test.context.support.DirtiesContextTestExecutionListener, org.springframework.test.context.transaction.TransactionalTestExecutionListener, org.springframework.test.context.jdbc.SqlScriptsTestExecutionListener, org.springframework.test.context.event.EventPublishingTestExecutionListener]
2025-05-01 03:36:25,642 INFO o.s.t.c.s.AbstractTestContextBootstrapper {getTestExecutionListeners} [main] Using TestExecutionListeners: [org.springframework.test.context.web.ServletTestExecutionListener@dbda472, org.springframework.test.context.support.DirtiesContextBeforeModesTestExecutionListener@41492479, org.springframework.test.context.event.ApplicationEventsTestExecutionListener@7bef7505, org.springframework.boot.test.mock.mockito.MockitoTestExecutionListener@568ef502, org.springframework.boot.test.autoconfigure.SpringBootDependencyInjectionTestExecutionListener@36f05595, org.springframework.test.context.support.DirtiesContextTestExecutionListener@3e12c5de, org.springframework.test.context.transaction.TransactionalTestExecutionListener@3e55d844, org.springframework.test.context.jdbc.SqlScriptsTestExecutionListener@1f521c69, org.springframework.test.context.event.EventPublishingTestExecutionListener@2b3abeeb, org.springframework.boot.test.mock.mockito.ResetMocksTestExecutionListener@3aeb267, org.springframework.boot.test.autoconfigure.restdocs.RestDocsTestExecutionListener@13a9cdae, org.springframework.boot.test.autoconfigure.web.client.MockRestServiceServerResetTestExecutionListener@1c972ae6, org.springframework.boot.test.autoconfigure.web.servlet.MockMvcPrintOnlyOnFailureTestExecutionListener@62a41279, org.springframework.boot.test.autoconfigure.web.servlet.WebDriverTestExecutionListener@146fa9c0, org.springframework.boot.test.autoconfigure.webservices.client.MockWebServiceServerTestExecutionListener@49f6c25e]
2025-05-01 03:36:25,738 INFO o.s.b.StartupInfoLogger {logStarting} [main] Starting RepairOrderControllerTests using Java 21 on DESKTOP-A2Q7539 with PID 10680 (started by 34618 in C:\Users\34618\Documents\2DAM Gdo. Superior\Acceso a datos 2DAM\hellospring)
2025-05-01 03:36:25,738 INFO o.s.b.SpringApplication {logStartupProfileInfo} [main] The following 1 profile is active: "test"
2025-05-01 03:36:26,533 INFO o.s.s.w.DefaultSecurityFilterChain {<init>} [main] Will secure any request with [org.springframework.security.web.session.DisableEncodeUrlFilter@5ee0cf64, org.springframework.security.web.context.request.async.WebAsyncManagerIntegrationFilter@69c227fd, org.springframework.security.web.context.SecurityContextPersistenceFilter@10ad95cd, org.springframework.security.web.header.HeaderWriterFilter@70e5737f, org.springframework.security.web.authentication.logout.LogoutFilter@64f33dee, org.springframework.security.web.savedrequest.RequestCacheAwareFilter@69fd99c1, org.springframework.security.web.servletapi.SecurityContextHolderAwareRequestFilter@32d8710a, org.springframework.security.web.authentication.AnonymousAuthenticationFilter@14c5283, org.springframework.security.web.session.SessionManagementFilter@9746157, org.springframework.security.web.access.ExceptionTranslationFilter@7b10472e, org.springframework.security.web.access.intercept.FilterSecurityInterceptor@13f182b9]
2025-05-01 03:36:27,431 INFO o.s.m.w.MockServletContext {log} [main] Initializing Spring TestDispatcherServlet ''
2025-05-01 03:36:27,431 INFO o.s.w.s.FrameworkServlet {initServletBean} [main] Initializing Servlet ''
2025-05-01 03:36:27,431 INFO o.s.w.s.FrameworkServlet {initServletBean} [main] Completed initialization in 0 ms
2025-05-01 03:36:27,464 INFO o.s.b.StartupInfoLogger {logStarted} [main] Started RepairOrderControllerTests in 1.812 seconds (JVM running for 22.332)
2025-05-01 03:36:27,486 INFO c.s.a.c.RepairOrderController {filterRepairOrders} [main] Filtrando órdenes de reparación con parámetros: bikeId=null, mechanicId=null, workShopId=null
2025-05-01 03:36:27,560 INFO c.s.a.c.RepairOrderController {modifyRepairOrder} [main] BEGIN modifyRepairOrder
2025-05-01 03:36:27,588 INFO c.s.a.c.RepairOrderController {getRepairOrder} [main] BEGIN getRepairOrder
2025-05-01 03:36:27,589 INFO c.s.a.c.RepairOrderController {getRepairOrder} [main] END getRepairOrder
2025-05-01 03:36:27,647 INFO c.s.a.c.RepairOrderController {getRepairOrder} [main] BEGIN getRepairOrder
2025-05-01 03:36:27,663 INFO c.s.a.c.RepairOrderController {removeRepairOrder} [main] BEGIN removeRepairOrder
2025-05-01 03:36:27,664 INFO c.s.a.c.RepairOrderController {removeRepairOrder} [main] END removeRepairOrder
2025-05-01 03:36:27,699 INFO c.s.a.c.RepairOrderController {removeRepairOrder} [main] BEGIN removeRepairOrder
2025-05-01 03:36:27,718 INFO c.s.a.c.RepairOrderController {filterRepairOrders} [main] Filtrando órdenes de reparación con parámetros: bikeId=6, mechanicId=null, workShopId=null
2025-05-01 03:36:27,746 INFO c.s.a.c.RepairOrderController {modifyRepairOrder} [main] BEGIN modifyRepairOrder
2025-05-01 03:36:27,747 INFO c.s.a.c.RepairOrderController {modifyRepairOrder} [main] END modifyRepairOrder
2025-05-01 03:36:27,780 INFO c.s.a.c.RepairOrderController {addRepairOrder} [main] BEGIN addRepairOrder
2025-05-01 03:36:27,785 INFO c.s.a.c.RepairOrderController {addRepairOrder} [main] END addRepairOrder
2025-05-01 03:36:28,023 INFO o.s.t.c.s.AbstractTestContextBootstrapper {buildDefaultMergedContextConfiguration} [main] Neither @ContextConfiguration nor @ContextHierarchy found for test class [com.svalero.apibikes.UserControllerTests], using SpringBootContextLoader
2025-05-01 03:36:28,025 INFO o.s.t.c.s.AbstractContextLoader {generateDefaultLocations} [main] Could not detect default resource locations for test class [com.svalero.apibikes.UserControllerTests]: no resource found for suffixes {-context.xml, Context.groovy}.
2025-05-01 03:36:28,025 INFO o.s.t.c.s.AnnotationConfigContextLoaderUtils {detectDefaultConfigurationClasses} [main] Could not detect default configuration classes for test class [com.svalero.apibikes.UserControllerTests]: UserControllerTests does not declare any static, non-private, non-final, nested classes annotated with @Configuration.
2025-05-01 03:36:28,039 INFO o.s.b.t.c.SpringBootTestContextBootstrapper {getOrFindConfigurationClasses} [main] Found @SpringBootConfiguration com.svalero.apibikes.HellospringApplication for test class com.svalero.apibikes.UserControllerTests
2025-05-01 03:36:28,041 INFO o.s.t.c.s.AbstractTestContextBootstrapper {getDefaultTestExecutionListenerClassNames} [main] Loaded default TestExecutionListener class names from location [META-INF/spring.factories]: [org.springframework.boot.test.mock.mockito.MockitoTestExecutionListener, org.springframework.boot.test.mock.mockito.ResetMocksTestExecutionListener, org.springframework.boot.test.autoconfigure.restdocs.RestDocsTestExecutionListener, org.springframework.boot.test.autoconfigure.web.client.MockRestServiceServerResetTestExecutionListener, org.springframework.boot.test.autoconfigure.web.servlet.MockMvcPrintOnlyOnFailureTestExecutionListener, org.springframework.boot.test.autoconfigure.web.servlet.WebDriverTestExecutionListener, org.springframework.boot.test.autoconfigure.webservices.client.MockWebServiceServerTestExecutionListener, org.springframework.test.context.web.ServletTestExecutionListener, org.springframework.test.context.support.DirtiesContextBeforeModesTestExecutionListener, org.springframework.test.context.event.ApplicationEventsTestExecutionListener, org.springframework.test.context.support.DependencyInjectionTestExecutionListener, org.springframework.test.context.support.DirtiesContextTestExecutionListener, org.springframework.test.context.transaction.TransactionalTestExecutionListener, org.springframework.test.context.jdbc.SqlScriptsTestExecutionListener, org.springframework.test.context.event.EventPublishingTestExecutionListener]
2025-05-01 03:36:28,044 INFO o.s.t.c.s.AbstractTestContextBootstrapper {getTestExecutionListeners} [main] Using TestExecutionListeners: [org.springframework.test.context.web.ServletTestExecutionListener@75adb1c0, org.springframework.test.context.support.DirtiesContextBeforeModesTestExecutionListener@5cfe28e1, org.springframework.test.context.event.ApplicationEventsTestExecutionListener@7ac90dab, org.springframework.boot.test.mock.mockito.MockitoTestExecutionListener@40d370fa, org.springframework.boot.test.autoconfigure.SpringBootDependencyInjectionTestExecutionListener@5868ea91, org.springframework.test.context.support.DirtiesContextTestExecutionListener@757c685d, org.springframework.test.context.transaction.TransactionalTestExecutionListener@476a970c, org.springframework.test.context.jdbc.SqlScriptsTestExecutionListener@1ce57bbb, org.springframework.test.context.event.EventPublishingTestExecutionListener@34626d4, org.springframework.boot.test.mock.mockito.ResetMocksTestExecutionListener@15ee8861, org.springframework.boot.test.autoconfigure.restdocs.RestDocsTestExecutionListener@6afaf27, org.springframework.boot.test.autoconfigure.web.client.MockRestServiceServerResetTestExecutionListener@31a024ea, org.springframework.boot.test.autoconfigure.web.servlet.MockMvcPrintOnlyOnFailureTestExecutionListener@362c48c, org.springframework.boot.test.autoconfigure.web.servlet.WebDriverTestExecutionListener@62aee901, org.springframework.boot.test.autoconfigure.webservices.client.MockWebServiceServerTestExecutionListener@1983a4e4]
2025-05-01 03:36:28,108 INFO o.s.b.StartupInfoLogger {logStarting} [main] Starting UserControllerTests using Java 21 on DESKTOP-A2Q7539 with PID 10680 (started by 34618 in C:\Users\34618\Documents\2DAM Gdo. Superior\Acceso a datos 2DAM\hellospring)
2025-05-01 03:36:28,110 INFO o.s.b.SpringApplication {logStartupProfileInfo} [main] The following 1 profile is active: "test"
2025-05-01 03:36:28,895 INFO o.s.s.w.DefaultSecurityFilterChain {<init>} [main] Will secure any request with [org.springframework.security.web.session.DisableEncodeUrlFilter@5bcfdaf3, org.springframework.security.web.context.request.async.WebAsyncManagerIntegrationFilter@38347345, org.springframework.security.web.context.SecurityContextPersistenceFilter@49809275, org.springframework.security.web.header.HeaderWriterFilter@656302c, org.springframework.security.web.authentication.logout.LogoutFilter@2c8f65da, org.springframework.security.web.savedrequest.RequestCacheAwareFilter@68b3979d, org.springframework.security.web.servletapi.SecurityContextHolderAwareRequestFilter@5fd31df7, org.springframework.security.web.authentication.AnonymousAuthenticationFilter@4b9b5da5, org.springframework.security.web.session.SessionManagementFilter@6f6a2ac8, org.springframework.security.web.access.ExceptionTranslationFilter@642ec6, org.springframework.security.web.access.intercept.FilterSecurityInterceptor@2346f77a]
2025-05-01 03:36:29,608 INFO o.s.m.w.MockServletContext {log} [main] Initializing Spring TestDispatcherServlet ''
2025-05-01 03:36:29,611 INFO o.s.w.s.FrameworkServlet {initServletBean} [main] Initializing Servlet ''
2025-05-01 03:36:29,613 INFO o.s.w.s.FrameworkServlet {initServletBean} [main] Completed initialization in 2 ms
2025-05-01 03:36:29,648 INFO o.s.b.StartupInfoLogger {logStarted} [main] Started UserControllerTests in 1.599 seconds (JVM running for 24.516)
2025-05-01 03:36:29,671 INFO c.s.a.c.UserController {getUser} [main] BEGIN getUser
2025-05-01 03:36:29,708 INFO c.s.a.c.UserController {filterusers} [main] BEGIN getAll
2025-05-01 03:36:29,710 INFO c.s.a.c.UserController {filterusers} [main] END getAll
2025-05-01 03:36:29,789 INFO c.s.a.c.UserController {filterusers} [main] BEGIN getAll
2025-05-01 03:36:29,796 INFO c.s.a.c.UserController {filterusers} [main] END getAll
2025-05-01 03:36:29,813 INFO c.s.a.c.UserController {filterusers} [main] BEGIN getAll
2025-05-01 03:36:29,816 INFO c.s.a.c.UserController {filterusers} [main] END getAll
2025-05-01 03:36:29,868 INFO c.s.a.c.UserController {removeUser} [main] BEGIN removeUser
2025-05-01 03:36:29,870 INFO c.s.a.c.UserController {removeUser} [main] END removeUser
2025-05-01 03:36:29,887 INFO c.s.a.c.UserController {getUser} [main] BEGIN getUser
2025-05-01 03:36:29,891 INFO c.s.a.c.UserController {getUser} [main] END getUser
2025-05-01 03:36:29,950 INFO c.s.a.c.UserController {modifyUser} [main] BEGIN modifyUser
2025-05-01 03:36:29,965 INFO c.s.a.c.UserController {filterusers} [main] BEGIN getAll
2025-05-01 03:36:29,966 INFO c.s.a.c.UserController {filterusers} [main] END getAll
2025-05-01 03:36:29,981 INFO c.s.a.c.UserController {filterusers} [main] BEGIN getAll
2025-05-01 03:36:29,981 INFO c.s.a.c.UserController {filterusers} [main] END getAll
2025-05-01 03:36:30,001 INFO c.s.a.c.UserController {modifyUser} [main] BEGIN modifyUser
2025-05-01 03:36:30,007 INFO c.s.a.c.UserController {modifyUser} [main] END modifyUser
2025-05-01 03:36:30,028 INFO c.s.a.c.UserController {removeUser} [main] BEGIN removeUser
2025-05-01 03:36:30,221 INFO o.s.t.c.s.AbstractTestContextBootstrapper {buildDefaultMergedContextConfiguration} [main] Neither @ContextConfiguration nor @ContextHierarchy found for test class [com.svalero.apibikes.WorkShopControllerTests], using SpringBootContextLoader
2025-05-01 03:36:30,223 INFO o.s.t.c.s.AbstractContextLoader {generateDefaultLocations} [main] Could not detect default resource locations for test class [com.svalero.apibikes.WorkShopControllerTests]: no resource found for suffixes {-context.xml, Context.groovy}.
2025-05-01 03:36:30,225 INFO o.s.t.c.s.AnnotationConfigContextLoaderUtils {detectDefaultConfigurationClasses} [main] Could not detect default configuration classes for test class [com.svalero.apibikes.WorkShopControllerTests]: WorkShopControllerTests does not declare any static, non-private, non-final, nested classes annotated with @Configuration.
2025-05-01 03:36:30,238 INFO o.s.b.t.c.SpringBootTestContextBootstrapper {getOrFindConfigurationClasses} [main] Found @SpringBootConfiguration com.svalero.apibikes.HellospringApplication for test class com.svalero.apibikes.WorkShopControllerTests
2025-05-01 03:36:30,240 INFO o.s.t.c.s.AbstractTestContextBootstrapper {getDefaultTestExecutionListenerClassNames} [main] Loaded default TestExecutionListener class names from location [META-INF/spring.factories]: [org.springframework.boot.test.mock.mockito.MockitoTestExecutionListener, org.springframework.boot.test.mock.mockito.ResetMocksTestExecutionListener, org.springframework.boot.test.autoconfigure.restdocs.RestDocsTestExecutionListener, org.springframework.boot.test.autoconfigure.web.client.MockRestServiceServerResetTestExecutionListener, org.springframework.boot.test.autoconfigure.web.servlet.MockMvcPrintOnlyOnFailureTestExecutionListener, org.springframework.boot.test.autoconfigure.web.servlet.WebDriverTestExecutionListener, org.springframework.boot.test.autoconfigure.webservices.client.MockWebServiceServerTestExecutionListener, org.springframework.test.context.web.ServletTestExecutionListener, org.springframework.test.context.support.DirtiesContextBeforeModesTestExecutionListener, org.springframework.test.context.event.ApplicationEventsTestExecutionListener, org.springframework.test.context.support.DependencyInjectionTestExecutionListener, org.springframework.test.context.support.DirtiesContextTestExecutionListener, org.springframework.test.context.transaction.TransactionalTestExecutionListener, org.springframework.test.context.jdbc.SqlScriptsTestExecutionListener, org.springframework.test.context.event.EventPublishingTestExecutionListener]
2025-05-01 03:36:30,242 INFO o.s.t.c.s.AbstractTestContextBootstrapper {getTestExecutionListeners} [main] Using TestExecutionListeners: [org.springframework.test.context.web.ServletTestExecutionListener@393e7546, org.springframework.test.context.support.DirtiesContextBeforeModesTestExecutionListener@6b43b101, org.springframework.test.context.event.ApplicationEventsTestExecutionListener@37cc6017, org.springframework.boot.test.mock.mockito.MockitoTestExecutionListener@3fcc7f5c, org.springframework.boot.test.autoconfigure.SpringBootDependencyInjectionTestExecutionListener@7512a9a6, org.springframework.test.context.support.DirtiesContextTestExecutionListener@32fd5bc, org.springframework.test.context.transaction.TransactionalTestExecutionListener@5737d116, org.springframework.test.context.jdbc.SqlScriptsTestExecutionListener@b5d7233, org.springframework.test.context.event.EventPublishingTestExecutionListener@6be2b567, org.springframework.boot.test.mock.mockito.ResetMocksTestExecutionListener@169d1f92, org.springframework.boot.test.autoconfigure.restdocs.RestDocsTestExecutionListener@7fcbc336, org.springframework.boot.test.autoconfigure.web.client.MockRestServiceServerResetTestExecutionListener@1fe7fa16, org.springframework.boot.test.autoconfigure.web.servlet.MockMvcPrintOnlyOnFailureTestExecutionListener@61503d00, org.springframework.boot.test.autoconfigure.web.servlet.WebDriverTestExecutionListener@1fcfcf37, org.springframework.boot.test.autoconfigure.webservices.client.MockWebServiceServerTestExecutionListener@3ebc6d8b]
2025-05-01 03:36:30,300 INFO o.s.b.StartupInfoLogger {logStarting} [main] Starting WorkShopControllerTests using Java 21 on DESKTOP-A2Q7539 with PID 10680 (started by 34618 in C:\Users\34618\Documents\2DAM Gdo. Superior\Acceso a datos 2DAM\hellospring)
2025-05-01 03:36:30,304 INFO o.s.b.SpringApplication {logStartupProfileInfo} [main] The following 1 profile is active: "test"
2025-05-01 03:36:31,074 INFO o.s.s.w.DefaultSecurityFilterChain {<init>} [main] Will secure any request with [org.springframework.security.web.session.DisableEncodeUrlFilter@66046e7c, org.springframework.security.web.context.request.async.WebAsyncManagerIntegrationFilter@2c6a6ce3, org.springframework.security.web.context.SecurityContextPersistenceFilter@4a8bf1dc, org.springframework.security.web.header.HeaderWriterFilter@3065efd0, org.springframework.security.web.authentication.logout.LogoutFilter@6a4f7c17, org.springframework.security.web.savedrequest.RequestCacheAwareFilter@61aa6300, org.springframework.security.web.servletapi.SecurityContextHolderAwareRequestFilter@7e2e0b8a, org.springframework.security.web.authentication.AnonymousAuthenticationFilter@726a5e6a, org.springframework.security.web.session.SessionManagementFilter@7aaf6bfd, org.springframework.security.web.access.ExceptionTranslationFilter@1c06f19c, org.springframework.security.web.access.intercept.FilterSecurityInterceptor@43efe064]
2025-05-01 03:36:31,872 INFO o.s.m.w.MockServletContext {log} [main] Initializing Spring TestDispatcherServlet ''
2025-05-01 03:36:31,875 INFO o.s.w.s.FrameworkServlet {initServletBean} [main] Initializing Servlet ''
2025-05-01 03:36:31,877 INFO o.s.w.s.FrameworkServlet {initServletBean} [main] Completed initialization in 1 ms
2025-05-01 03:36:31,909 INFO o.s.b.StartupInfoLogger {logStarted} [main] Started WorkShopControllerTests in 1.659 seconds (JVM running for 26.777)
2025-05-01 03:36:31,999 INFO c.s.a.c.WorkShopController {modifyWorkShop} [main] BEGIN modifyWorkShop
2025-05-01 03:36:31,999 INFO c.s.a.c.WorkShopController {modifyWorkShop} [main] END modifyWorkShop
2025-05-01 03:36:32,019 INFO c.s.a.c.WorkShopController {getWorkShop} [main] BEGIN getWorkShop
2025-05-01 03:36:32,023 INFO c.s.a.c.WorkShopController {getWorkShop} [main] END getWorkShop
2025-05-01 03:36:32,039 INFO c.s.a.c.WorkShopController {filterworkshops} [main] BEGIN getAll
2025-05-01 03:36:32,043 INFO c.s.a.c.WorkShopController {filterworkshops} [main] END getAll
2025-05-01 03:36:32,053 INFO c.s.a.c.WorkShopController {filterworkshops} [main] BEGIN getAll
2025-05-01 03:36:32,056 INFO c.s.a.c.WorkShopController {filterworkshops} [main] END getAll
2025-05-01 03:36:32,066 INFO c.s.a.c.WorkShopController {removeWorkShop} [main] BEGIN removeWorkShop
2025-05-01 03:36:32,071 INFO c.s.a.c.WorkShopController {removeWorkShop} [main] END removeWorkShop
2025-05-01 03:36:32,080 INFO c.s.a.c.WorkShopController {filterworkshops} [main] BEGIN getAll
2025-05-01 03:36:32,082 INFO c.s.a.c.WorkShopController {filterworkshops} [main] END getAll
2025-05-01 03:36:32,098 INFO c.s.a.c.WorkShopController {modifyWorkShop} [main] BEGIN modifyWorkShop
2025-05-01 03:36:32,137 INFO c.s.a.c.WorkShopController {removeWorkShop} [main] BEGIN removeWorkShop
2025-05-01 03:36:32,148 INFO c.s.a.c.WorkShopController {filterworkshops} [main] BEGIN getAll
2025-05-01 03:36:32,150 INFO c.s.a.c.WorkShopController {filterworkshops} [main] END getAll
2025-05-01 03:36:32,176 INFO c.s.a.c.WorkShopController {getWorkShop} [main] BEGIN getWorkShop
2025-05-01 03:36:32,186 INFO c.s.a.c.WorkShopController {filterworkshops} [main] BEGIN getAll
2025-05-01 03:36:32,188 INFO c.s.a.c.WorkShopController {filterworkshops} [main] END getAll
2025-05-01 03:36:32,202 INFO c.s.a.c.WorkShopController {addWorkShop} [main] BEGIN addWorkShop
2025-05-01 03:36:32,203 INFO c.s.a.c.WorkShopController {addWorkShop} [main] END addWorkShop
2025-05-01 03:44:20,012 INFO o.s.b.StartupInfoLogger {logStarting} [main] Starting BikeControllerTests using Java 21 on DESKTOP-A2Q7539 with PID 5612 (started by 34618 in C:\Users\34618\Documents\2DAM Gdo. Superior\Acceso a datos 2DAM\hellospring)
2025-05-01 03:44:20,018 INFO o.h.v.i.u.Version {<clinit>} [background-preinit] HV000001: Hibernate Validator 6.2.5.Final
2025-05-01 03:44:20,020 INFO o.s.b.SpringApplication {logStartupProfileInfo} [main] The following 1 profile is active: "test"
2025-05-01 03:44:25,928 INFO o.s.s.w.DefaultSecurityFilterChain {<init>} [main] Will secure any request with [org.springframework.security.web.session.DisableEncodeUrlFilter@7d30007d, org.springframework.security.web.context.request.async.WebAsyncManagerIntegrationFilter@382d71c7, org.springframework.security.web.context.SecurityContextPersistenceFilter@7f27f59b, org.springframework.security.web.header.HeaderWriterFilter@dbed7fd, org.springframework.security.web.authentication.logout.LogoutFilter@4b9dbf07, org.springframework.security.web.savedrequest.RequestCacheAwareFilter@756b2d90, org.springframework.security.web.servletapi.SecurityContextHolderAwareRequestFilter@3520958b, org.springframework.security.web.authentication.AnonymousAuthenticationFilter@2ca54da9, org.springframework.security.web.session.SessionManagementFilter@40df6090, org.springframework.security.web.access.ExceptionTranslationFilter@41def031, org.springframework.security.web.access.intercept.FilterSecurityInterceptor@2ca3d826]
2025-05-01 03:44:28,494 INFO o.s.m.w.MockServletContext {log} [main] Initializing Spring TestDispatcherServlet ''
2025-05-01 03:44:28,494 INFO o.s.w.s.FrameworkServlet {initServletBean} [main] Initializing Servlet ''
2025-05-01 03:44:28,502 INFO o.s.w.s.FrameworkServlet {initServletBean} [main] Completed initialization in 3 ms
2025-05-01 03:44:28,609 INFO o.s.b.StartupInfoLogger {logStarted} [main] Started BikeControllerTests in 10.309 seconds (JVM running for 15.067)
2025-05-01 03:44:29,163 INFO c.s.a.c.BikeController {filterBikes} [main] Filtrando bicicletas con parámetros: brand=, model=Alma, color=
2025-05-01 03:44:29,188 INFO c.s.a.c.BikeController {filterBikes} [main] Operación completada: Se obtuvieron 1 bicicletas filtradas
2025-05-01 03:44:29,551 INFO c.s.a.c.BikeController {filterBikes} [main] Filtrando bicicletas con parámetros: brand=Orbea, model=Alma, color=green
2025-05-01 03:44:29,551 INFO c.s.a.c.BikeController {filterBikes} [main] Operación completada: Se obtuvieron 1 bicicletas filtradas
2025-05-01 03:44:29,976 INFO c.s.a.c.BikeController {addBike} [main] BEGIN addBike
2025-05-01 03:44:30,031 INFO c.s.a.c.BikeController {filterBikes} [main] Filtrando bicicletas con parámetros: brand=Orbea, model=, color=
2025-05-01 03:44:30,032 INFO c.s.a.c.BikeController {filterBikes} [main] Operación completada: Se obtuvieron 2 bicicletas filtradas
2025-05-01 03:44:30,056 INFO c.s.a.c.BikeController {addBike} [main] BEGIN addBike
2025-05-01 03:44:30,059 INFO c.s.a.c.BikeController {addBike} [main] END addBike
2025-05-01 03:44:30,324 INFO c.s.a.c.BikeController {filterBikes} [main] Filtrando bicicletas con parámetros: brand=, model=, color=
2025-05-01 03:44:30,324 INFO c.s.a.c.BikeController {filterBikes} [main] Operación completada: Se obtuvieron 3 bicicletas filtradas
2025-05-01 03:44:30,342 INFO c.s.a.c.BikeController {filterBikes} [main] Filtrando bicicletas con parámetros: brand=, model=, color=green
2025-05-01 03:44:30,345 INFO c.s.a.c.BikeController {filterBikes} [main] Operación completada: Se obtuvieron 1 bicicletas filtradas
2025-05-01 03:44:30,367 INFO c.s.a.c.BikeController {getBike} [main] BEGIN getBike
2025-05-01 03:44:30,369 INFO c.s.a.c.BikeController {getBike} [main] END getBike
2025-05-01 03:44:30,434 INFO c.s.a.c.BikeController {removeBike} [main] BEGIN removeBike
2025-05-01 03:44:30,441 INFO c.s.a.c.BikeController {removeBike} [main] END removeBike
2025-05-01 03:44:30,470 INFO c.s.a.c.BikeController {modifyBike} [main] BEGIN modifyBike
2025-05-01 03:44:30,533 INFO c.s.a.c.BikeController {modifyBike} [main] BEGIN modifyBike
2025-05-01 03:44:30,539 INFO c.s.a.c.BikeController {modifyBike} [main] END modifyBike
2025-05-01 03:44:30,555 INFO c.s.a.c.BikeController {removeBike} [main] BEGIN removeBike
2025-05-01 03:44:30,578 INFO c.s.a.c.BikeController {getBike} [main] BEGIN getBike
2025-05-01 03:44:31,203 INFO o.s.t.c.s.AbstractTestContextBootstrapper {buildDefaultMergedContextConfiguration} [main] Neither @ContextConfiguration nor @ContextHierarchy found for test class [com.svalero.apibikes.MechanicControllerTests], using SpringBootContextLoader
2025-05-01 03:44:31,205 INFO o.s.t.c.s.AbstractContextLoader {generateDefaultLocations} [main] Could not detect default resource locations for test class [com.svalero.apibikes.MechanicControllerTests]: no resource found for suffixes {-context.xml, Context.groovy}.
2025-05-01 03:44:31,205 INFO o.s.t.c.s.AnnotationConfigContextLoaderUtils {detectDefaultConfigurationClasses} [main] Could not detect default configuration classes for test class [com.svalero.apibikes.MechanicControllerTests]: MechanicControllerTests does not declare any static, non-private, non-final, nested classes annotated with @Configuration.
2025-05-01 03:44:31,225 INFO o.s.b.t.c.SpringBootTestContextBootstrapper {getOrFindConfigurationClasses} [main] Found @SpringBootConfiguration com.svalero.apibikes.HellospringApplication for test class com.svalero.apibikes.MechanicControllerTests
2025-05-01 03:44:31,228 INFO o.s.t.c.s.AbstractTestContextBootstrapper {getDefaultTestExecutionListenerClassNames} [main] Loaded default TestExecutionListener class names from location [META-INF/spring.factories]: [org.springframework.boot.test.mock.mockito.MockitoTestExecutionListener, org.springframework.boot.test.mock.mockito.ResetMocksTestExecutionListener, org.springframework.boot.test.autoconfigure.restdocs.RestDocsTestExecutionListener, org.springframework.boot.test.autoconfigure.web.client.MockRestServiceServerResetTestExecutionListener, org.springframework.boot.test.autoconfigure.web.servlet.MockMvcPrintOnlyOnFailureTestExecutionListener, org.springframework.boot.test.autoconfigure.web.servlet.WebDriverTestExecutionListener, org.springframework.boot.test.autoconfigure.webservices.client.MockWebServiceServerTestExecutionListener, org.springframework.test.context.web.ServletTestExecutionListener, org.springframework.test.context.support.DirtiesContextBeforeModesTestExecutionListener, org.springframework.test.context.event.ApplicationEventsTestExecutionListener, org.springframework.test.context.support.DependencyInjectionTestExecutionListener, org.springframework.test.context.support.DirtiesContextTestExecutionListener, org.springframework.test.context.transaction.TransactionalTestExecutionListener, org.springframework.test.context.jdbc.SqlScriptsTestExecutionListener, org.springframework.test.context.event.EventPublishingTestExecutionListener]
2025-05-01 03:44:31,230 INFO o.s.t.c.s.AbstractTestContextBootstrapper {getTestExecutionListeners} [main] Using TestExecutionListeners: [org.springframework.test.context.web.ServletTestExecutionListener@614cd187, org.springframework.test.context.support.DirtiesContextBeforeModesTestExecutionListener@6802d023, org.springframework.test.context.event.ApplicationEventsTestExecutionListener@e895e3e, org.springframework.boot.test.mock.mockito.MockitoTestExecutionListener@77476fcf, org.springframework.boot.test.autoconfigure.SpringBootDependencyInjectionTestExecutionListener@70805849, org.springframework.test.context.support.DirtiesContextTestExecutionListener@e7d0db2, org.springframework.test.context.transaction.TransactionalTestExecutionListener@4a41caed, org.springframework.test.context.jdbc.SqlScriptsTestExecutionListener@6b4fd7d, org.springframework.test.context.event.EventPublishingTestExecutionListener@7404aff2, org.springframework.boot.test.mock.mockito.ResetMocksTestExecutionListener@12723c5d, org.springframework.boot.test.autoconfigure.restdocs.RestDocsTestExecutionListener@56a09a5c, org.springframework.boot.test.autoconfigure.web.client.MockRestServiceServerResetTestExecutionListener@775edae0, org.springframework.boot.test.autoconfigure.web.servlet.MockMvcPrintOnlyOnFailureTestExecutionListener@26f480c6, org.springframework.boot.test.autoconfigure.web.servlet.WebDriverTestExecutionListener@2567c091, org.springframework.boot.test.autoconfigure.webservices.client.MockWebServiceServerTestExecutionListener@7747cc1b]
2025-05-01 03:44:31,350 INFO o.s.b.StartupInfoLogger {logStarting} [main] Starting MechanicControllerTests using Java 21 on DESKTOP-A2Q7539 with PID 5612 (started by 34618 in C:\Users\34618\Documents\2DAM Gdo. Superior\Acceso a datos 2DAM\hellospring)
2025-05-01 03:44:31,350 INFO o.s.b.SpringApplication {logStartupProfileInfo} [main] The following 1 profile is active: "test"
2025-05-01 03:44:32,335 INFO o.s.s.w.DefaultSecurityFilterChain {<init>} [main] Will secure any request with [org.springframework.security.web.session.DisableEncodeUrlFilter@6159fb3c, org.springframework.security.web.context.request.async.WebAsyncManagerIntegrationFilter@68f79b7c, org.springframework.security.web.context.SecurityContextPersistenceFilter@4544ab46, org.springframework.security.web.header.HeaderWriterFilter@10e8c7a2, org.springframework.security.web.authentication.logout.LogoutFilter@3580134d, org.springframework.security.web.savedrequest.RequestCacheAwareFilter@2052f095, org.springframework.security.web.servletapi.SecurityContextHolderAwareRequestFilter@76d1f6ea, org.springframework.security.web.authentication.AnonymousAuthenticationFilter@37142579, org.springframework.security.web.session.SessionManagementFilter@5d8fd077, org.springframework.security.web.access.ExceptionTranslationFilter@6ab1f85b, org.springframework.security.web.access.intercept.FilterSecurityInterceptor@6fefc5ea]
2025-05-01 03:44:33,253 INFO o.s.m.w.MockServletContext {log} [main] Initializing Spring TestDispatcherServlet ''
2025-05-01 03:44:33,254 INFO o.s.w.s.FrameworkServlet {initServletBean} [main] Initializing Servlet ''
2025-05-01 03:44:33,259 INFO o.s.w.s.FrameworkServlet {initServletBean} [main] Completed initialization in 3 ms
2025-05-01 03:44:33,300 INFO o.s.b.StartupInfoLogger {logStarted} [main] Started MechanicControllerTests in 2.063 seconds (JVM running for 19.756)
2025-05-01 03:44:33,323 INFO c.s.a.c.MechanicController {filtermechanics} [main] BEGIN getAll
2025-05-01 03:44:33,324 INFO c.s.a.c.MechanicController {filtermechanics} [main] END getAll
2025-05-01 03:44:33,384 INFO c.s.a.c.MechanicController {modifyMechanic} [main] BEGIN modifyMechanic
2025-05-01 03:44:33,386 INFO c.s.a.c.MechanicController {modifyMechanic} [main] END modifyMechanic
2025-05-01 03:44:33,399 INFO c.s.a.c.MechanicController {filtermechanics} [main] BEGIN getAll
2025-05-01 03:44:33,407 INFO c.s.a.c.MechanicController {filtermechanics} [main] END getAll
2025-05-01 03:44:33,428 INFO c.s.a.c.MechanicController {getMechanic} [main] BEGIN getMechanic
2025-05-01 03:44:33,454 INFO c.s.a.c.MechanicController {filtermechanics} [main] BEGIN getAll
2025-05-01 03:44:33,461 INFO c.s.a.c.MechanicController {filtermechanics} [main] END getAll
2025-05-01 03:44:33,474 INFO c.s.a.c.MechanicController {removeMechanic} [main] BEGIN removeMechanic
2025-05-01 03:44:33,478 INFO c.s.a.c.MechanicController {removeMechanic} [main] END removeMechanic
2025-05-01 03:44:33,532 INFO c.s.a.c.MechanicController {addMechanic} [main] BEGIN addMechanic
2025-05-01 03:44:33,537 INFO c.s.a.c.MechanicController {addMechanic} [main] END addMechanic
2025-05-01 03:44:33,554 INFO c.s.a.c.MechanicController {getMechanic} [main] BEGIN getMechanic
2025-05-01 03:44:33,559 INFO c.s.a.c.MechanicController {getMechanic} [main] END getMechanic
2025-05-01 03:44:33,593 INFO c.s.a.c.MechanicController {modifyMechanic} [main] BEGIN modifyMechanic
2025-05-01 03:44:33,617 INFO c.s.a.c.MechanicController {filtermechanics} [main] BEGIN getAll
2025-05-01 03:44:33,617 INFO c.s.a.c.MechanicController {filtermechanics} [main] END getAll
2025-05-01 03:44:33,638 INFO c.s.a.c.MechanicController {removeMechanic} [main] BEGIN removeMechanic
2025-05-01 03:44:33,662 INFO c.s.a.c.MechanicController {filtermechanics} [main] BEGIN getAll
2025-05-01 03:44:33,667 INFO c.s.a.c.MechanicController {filtermechanics} [main] END getAll
2025-05-01 03:44:33,882 INFO o.s.t.c.s.AbstractTestContextBootstrapper {buildDefaultMergedContextConfiguration} [main] Neither @ContextConfiguration nor @ContextHierarchy found for test class [com.svalero.apibikes.RepairOrderControllerTests], using SpringBootContextLoader
2025-05-01 03:44:33,882 INFO o.s.t.c.s.AbstractContextLoader {generateDefaultLocations} [main] Could not detect default resource locations for test class [com.svalero.apibikes.RepairOrderControllerTests]: no resource found for suffixes {-context.xml, Context.groovy}.
2025-05-01 03:44:33,885 INFO o.s.t.c.s.AnnotationConfigContextLoaderUtils {detectDefaultConfigurationClasses} [main] Could not detect default configuration classes for test class [com.svalero.apibikes.RepairOrderControllerTests]: RepairOrderControllerTests does not declare any static, non-private, non-final, nested classes annotated with @Configuration.
2025-05-01 03:44:33,903 INFO o.s.b.t.c.SpringBootTestContextBootstrapper {getOrFindConfigurationClasses} [main] Found @SpringBootConfiguration com.svalero.apibikes.HellospringApplication for test class com.svalero.apibikes.RepairOrderControllerTests
2025-05-01 03:44:33,905 INFO o.s.t.c.s.AbstractTestContextBootstrapper {getDefaultTestExecutionListenerClassNames} [main] Loaded default TestExecutionListener class names from location [META-INF/spring.factories]: [org.springframework.boot.test.mock.mockito.MockitoTestExecutionListener, org.springframework.boot.test.mock.mockito.ResetMocksTestExecutionListener, org.springframework.boot.test.autoconfigure.restdocs.RestDocsTestExecutionListener, org.springframework.boot.test.autoconfigure.web.client.MockRestServiceServerResetTestExecutionListener, org.springframework.boot.test.autoconfigure.web.servlet.MockMvcPrintOnlyOnFailureTestExecutionListener, org.springframework.boot.test.autoconfigure.web.servlet.WebDriverTestExecutionListener, org.springframework.boot.test.autoconfigure.webservices.client.MockWebServiceServerTestExecutionListener, org.springframework.test.context.web.ServletTestExecutionListener, org.springframework.test.context.support.DirtiesContextBeforeModesTestExecutionListener, org.springframework.test.context.event.ApplicationEventsTestExecutionListener, org.springframework.test.context.support.DependencyInjectionTestExecutionListener, org.springframework.test.context.support.DirtiesContextTestExecutionListener, org.springframework.test.context.transaction.TransactionalTestExecutionListener, org.springframework.test.context.jdbc.SqlScriptsTestExecutionListener, org.springframework.test.context.event.EventPublishingTestExecutionListener]
2025-05-01 03:44:33,907 INFO o.s.t.c.s.AbstractTestContextBootstrapper {getTestExecutionListeners} [main] Using TestExecutionListeners: [org.springframework.test.context.web.ServletTestExecutionListener@13a9cdae, org.springframework.test.context.support.DirtiesContextBeforeModesTestExecutionListener@1c972ae6, org.springframework.test.context.event.ApplicationEventsTestExecutionListener@62a41279, org.springframework.boot.test.mock.mockito.MockitoTestExecutionListener@146fa9c0, org.springframework.boot.test.autoconfigure.SpringBootDependencyInjectionTestExecutionListener@49f6c25e, org.springframework.test.context.support.DirtiesContextTestExecutionListener@6c13019c, org.springframework.test.context.transaction.TransactionalTestExecutionListener@2e66f1bd, org.springframework.test.context.jdbc.SqlScriptsTestExecutionListener@47ae6c18, org.springframework.test.context.event.EventPublishingTestExecutionListener@3835b281, org.springframework.boot.test.mock.mockito.ResetMocksTestExecutionListener@4c5e4bfa, org.springframework.boot.test.autoconfigure.restdocs.RestDocsTestExecutionListener@552cb0d5, org.springframework.boot.test.autoconfigure.web.client.MockRestServiceServerResetTestExecutionListener@61d6c8c4, org.springframework.boot.test.autoconfigure.web.servlet.MockMvcPrintOnlyOnFailureTestExecutionListener@74e2cfc5, org.springframework.boot.test.autoconfigure.web.servlet.WebDriverTestExecutionListener@4a5d5b38, org.springframework.boot.test.autoconfigure.webservices.client.MockWebServiceServerTestExecutionListener@7a47f0be]
2025-05-01 03:44:34,011 INFO o.s.b.StartupInfoLogger {logStarting} [main] Starting RepairOrderControllerTests using Java 21 on DESKTOP-A2Q7539 with PID 5612 (started by 34618 in C:\Users\34618\Documents\2DAM Gdo. Superior\Acceso a datos 2DAM\hellospring)
2025-05-01 03:44:34,011 INFO o.s.b.SpringApplication {logStartupProfileInfo} [main] The following 1 profile is active: "test"
2025-05-01 03:44:34,875 INFO o.s.s.w.DefaultSecurityFilterChain {<init>} [main] Will secure any request with [org.springframework.security.web.session.DisableEncodeUrlFilter@215c6ec0, org.springframework.security.web.context.request.async.WebAsyncManagerIntegrationFilter@2b19b346, org.springframework.security.web.context.SecurityContextPersistenceFilter@69c227fd, org.springframework.security.web.header.HeaderWriterFilter@13f182b9, org.springframework.security.web.authentication.logout.LogoutFilter@3e71a1f8, org.springframework.security.web.savedrequest.RequestCacheAwareFilter@14c5283, org.springframework.security.web.servletapi.SecurityContextHolderAwareRequestFilter@1eb7ec59, org.springframework.security.web.authentication.AnonymousAuthenticationFilter@37c5b8e8, org.springframework.security.web.session.SessionManagementFilter@5ee0cf64, org.springframework.security.web.access.ExceptionTranslationFilter@6e90cec8, org.springframework.security.web.access.intercept.FilterSecurityInterceptor@2d3d4a54]
2025-05-01 03:44:35,665 INFO o.s.m.w.MockServletContext {log} [main] Initializing Spring TestDispatcherServlet ''
2025-05-01 03:44:35,665 INFO o.s.w.s.FrameworkServlet {initServletBean} [main] Initializing Servlet ''
2025-05-01 03:44:35,668 INFO o.s.w.s.FrameworkServlet {initServletBean} [main] Completed initialization in 1 ms
2025-05-01 03:44:35,695 INFO o.s.b.StartupInfoLogger {logStarted} [main] Started RepairOrderControllerTests in 1.779 seconds (JVM running for 22.151)
2025-05-01 03:44:35,717 INFO c.s.a.c.RepairOrderController {filterRepairOrders} [main] Filtrando órdenes de reparación con parámetros: bikeId=null, mechanicId=null, workShopId=null
2025-05-01 03:44:35,767 INFO c.s.a.c.RepairOrderController {modifyRepairOrder} [main] BEGIN modifyRepairOrder
2025-05-01 03:44:35,788 INFO c.s.a.c.RepairOrderController {getRepairOrder} [main] BEGIN getRepairOrder
2025-05-01 03:44:35,792 INFO c.s.a.c.RepairOrderController {getRepairOrder} [main] END getRepairOrder
2025-05-01 03:44:35,833 INFO c.s.a.c.RepairOrderController {getRepairOrder} [main] BEGIN getRepairOrder
2025-05-01 03:44:35,855 INFO c.s.a.c.RepairOrderController {filterRepairOrders} [main] Filtrando órdenes de reparación con parámetros: bikeId=null, mechanicId=null, workShopId=10
2025-05-01 03:44:35,866 INFO c.s.a.c.RepairOrderController {removeRepairOrder} [main] BEGIN removeRepairOrder
2025-05-01 03:44:35,870 INFO c.s.a.c.RepairOrderController {removeRepairOrder} [main] END removeRepairOrder
2025-05-01 03:44:35,899 INFO c.s.a.c.RepairOrderController {removeRepairOrder} [main] BEGIN removeRepairOrder
2025-05-01 03:44:35,911 INFO c.s.a.c.RepairOrderController {filterRepairOrders} [main] Filtrando órdenes de reparación con parámetros: bikeId=null, mechanicId=9, workShopId=null
2025-05-01 03:44:35,928 INFO c.s.a.c.RepairOrderController {filterRepairOrders} [main] Filtrando órdenes de reparación con parámetros: bikeId=6, mechanicId=null, workShopId=null
2025-05-01 03:44:35,943 INFO c.s.a.c.RepairOrderController {modifyRepairOrder} [main] BEGIN modifyRepairOrder
2025-05-01 03:44:35,943 INFO c.s.a.c.RepairOrderController {modifyRepairOrder} [main] END modifyRepairOrder
2025-05-01 03:44:35,973 INFO c.s.a.c.RepairOrderController {filterRepairOrders} [main] Filtrando órdenes de reparación con parámetros: bikeId=8, mechanicId=7, workShopId=2
2025-05-01 03:44:35,990 INFO c.s.a.c.RepairOrderController {addRepairOrder} [main] BEGIN addRepairOrder
2025-05-01 03:44:35,990 INFO c.s.a.c.RepairOrderController {addRepairOrder} [main] END addRepairOrder
2025-05-01 03:44:36,269 INFO o.s.t.c.s.AbstractTestContextBootstrapper {buildDefaultMergedContextConfiguration} [main] Neither @ContextConfiguration nor @ContextHierarchy found for test class [com.svalero.apibikes.UserControllerTests], using SpringBootContextLoader
2025-05-01 03:44:36,271 INFO o.s.t.c.s.AbstractContextLoader {generateDefaultLocations} [main] Could not detect default resource locations for test class [com.svalero.apibikes.UserControllerTests]: no resource found for suffixes {-context.xml, Context.groovy}.
2025-05-01 03:44:36,271 INFO o.s.t.c.s.AnnotationConfigContextLoaderUtils {detectDefaultConfigurationClasses} [main] Could not detect default configuration classes for test class [com.svalero.apibikes.UserControllerTests]: UserControllerTests does not declare any static, non-private, non-final, nested classes annotated with @Configuration.
2025-05-01 03:44:36,287 INFO o.s.b.t.c.SpringBootTestContextBootstrapper {getOrFindConfigurationClasses} [main] Found @SpringBootConfiguration com.svalero.apibikes.HellospringApplication for test class com.svalero.apibikes.UserControllerTests
2025-05-01 03:44:36,289 INFO o.s.t.c.s.AbstractTestContextBootstrapper {getDefaultTestExecutionListenerClassNames} [main] Loaded default TestExecutionListener class names from location [META-INF/spring.factories]: [org.springframework.boot.test.mock.mockito.MockitoTestExecutionListener, org.springframework.boot.test.mock.mockito.ResetMocksTestExecutionListener, org.springframework.boot.test.autoconfigure.restdocs.RestDocsTestExecutionListener, org.springframework.boot.test.autoconfigure.web.client.MockRestServiceServerResetTestExecutionListener, org.springframework.boot.test.autoconfigure.web.servlet.MockMvcPrintOnlyOnFailureTestExecutionListener, org.springframework.boot.test.autoconfigure.web.servlet.WebDriverTestExecutionListener, org.springframework.boot.test.autoconfigure.webservices.client.MockWebServiceServerTestExecutionListener, org.springframework.test.context.web.ServletTestExecutionListener, org.springframework.test.context.support.DirtiesContextBeforeModesTestExecutionListener, org.springframework.test.context.event.ApplicationEventsTestExecutionListener, org.springframework.test.context.support.DependencyInjectionTestExecutionListener, org.springframework.test.context.support.DirtiesContextTestExecutionListener, org.springframework.test.context.transaction.TransactionalTestExecutionListener, org.springframework.test.context.jdbc.SqlScriptsTestExecutionListener, org.springframework.test.context.event.EventPublishingTestExecutionListener]
2025-05-01 03:44:36,290 INFO o.s.t.c.s.AbstractTestContextBootstrapper {getTestExecutionListeners} [main] Using TestExecutionListeners: [org.springframework.test.context.web.ServletTestExecutionListener@62aee901, org.springframework.test.context.support.DirtiesContextBeforeModesTestExecutionListener@1983a4e4, org.springframework.test.context.event.ApplicationEventsTestExecutionListener@29b4444a, org.springframework.boot.test.mock.mockito.MockitoTestExecutionListener@3ce7a354, org.springframework.boot.test.autoconfigure.SpringBootDependencyInjectionTestExecutionListener@2914a328, org.springframework.test.context.support.DirtiesContextTestExecutionListener@2d34866a, org.springframework.test.context.transaction.TransactionalTestExecutionListener@26291192, org.springframework.test.context.jdbc.SqlScriptsTestExecutionListener@27d5eb00, org.springframework.test.context.event.EventPublishingTestExecutionListener@2b540131, org.springframework.boot.test.mock.mockito.ResetMocksTestExecutionListener@225ac5e7, org.springframework.boot.test.autoconfigure.restdocs.RestDocsTestExecutionListener@4c91f5bf, org.springframework.boot.test.autoconfigure.web.client.MockRestServiceServerResetTestExecutionListener@44948ac6, org.springframework.boot.test.autoconfigure.web.servlet.MockMvcPrintOnlyOnFailureTestExecutionListener@4fc256ec, org.springframework.boot.test.autoconfigure.web.servlet.WebDriverTestExecutionListener@3bc3d70e, org.springframework.boot.test.autoconfigure.webservices.client.MockWebServiceServerTestExecutionListener@78bce1c4]
2025-05-01 03:44:36,345 INFO o.s.b.StartupInfoLogger {logStarting} [main] Starting UserControllerTests using Java 21 on DESKTOP-A2Q7539 with PID 5612 (started by 34618 in C:\Users\34618\Documents\2DAM Gdo. Superior\Acceso a datos 2DAM\hellospring)
2025-05-01 03:44:36,345 INFO o.s.b.SpringApplication {logStartupProfileInfo} [main] The following 1 profile is active: "test"
2025-05-01 03:44:37,149 INFO o.s.s.w.DefaultSecurityFilterChain {<init>} [main] Will secure any request with [org.springframework.security.web.session.DisableEncodeUrlFilter@299ea986, org.springframework.security.web.context.request.async.WebAsyncManagerIntegrationFilter@1dd9a3ae, org.springframework.security.web.context.SecurityContextPersistenceFilter@7acfcfc4, org.springframework.security.web.header.HeaderWriterFilter@4b9b5da5, org.springframework.security.web.authentication.logout.LogoutFilter@3fe5ad73, org.springframework.security.web.savedrequest.RequestCacheAwareFilter@61fa3583, org.springframework.security.web.servletapi.SecurityContextHolderAwareRequestFilter@709d2a6c, org.springframework.security.web.authentication.AnonymousAuthenticationFilter@79bf39e5, org.springframework.security.web.session.SessionManagementFilter@5ff29e8b, org.springframework.security.web.access.ExceptionTranslationFilter@38347345, org.springframework.security.web.access.intercept.FilterSecurityInterceptor@38856d6e]
2025-05-01 03:44:37,869 INFO o.s.m.w.MockServletContext {log} [main] Initializing Spring TestDispatcherServlet ''
2025-05-01 03:44:37,872 INFO o.s.w.s.FrameworkServlet {initServletBean} [main] Initializing Servlet ''
2025-05-01 03:44:37,874 INFO o.s.w.s.FrameworkServlet {initServletBean} [main] Completed initialization in 2 ms
2025-05-01 03:44:37,923 INFO o.s.b.StartupInfoLogger {logStarted} [main] Started UserControllerTests in 1.628 seconds (JVM running for 24.379)
2025-05-01 03:44:37,954 INFO c.s.a.c.UserController {getUser} [main] BEGIN getUser
2025-05-01 03:44:37,980 INFO c.s.a.c.UserController {filterusers} [main] BEGIN getAll
2025-05-01 03:44:37,984 INFO c.s.a.c.UserController {filterusers} [main] END getAll
2025-05-01 03:44:38,053 INFO c.s.a.c.UserController {filterusers} [main] BEGIN getAll
2025-05-01 03:44:38,059 INFO c.s.a.c.UserController {filterusers} [main] END getAll
2025-05-01 03:44:38,082 INFO c.s.a.c.UserController {filterusers} [main] BEGIN getAll
2025-05-01 03:44:38,084 INFO c.s.a.c.UserController {filterusers} [main] END getAll
2025-05-01 03:44:38,132 INFO c.s.a.c.UserController {removeUser} [main] BEGIN removeUser
2025-05-01 03:44:38,137 INFO c.s.a.c.UserController {removeUser} [main] END removeUser
2025-05-01 03:44:38,154 INFO c.s.a.c.UserController {getUser} [main] BEGIN getUser
2025-05-01 03:44:38,156 INFO c.s.a.c.UserController {getUser} [main] END getUser
2025-05-01 03:44:38,193 INFO c.s.a.c.UserController {modifyUser} [main] BEGIN modifyUser
2025-05-01 03:44:38,210 INFO c.s.a.c.UserController {filterusers} [main] BEGIN getAll
2025-05-01 03:44:38,215 INFO c.s.a.c.UserController {filterusers} [main] END getAll
2025-05-01 03:44:38,228 INFO c.s.a.c.UserController {filterusers} [main] BEGIN getAll
2025-05-01 03:44:38,232 INFO c.s.a.c.UserController {filterusers} [main] END getAll
2025-05-01 03:44:38,249 INFO c.s.a.c.UserController {modifyUser} [main] BEGIN modifyUser
2025-05-01 03:44:38,253 INFO c.s.a.c.UserController {modifyUser} [main] END modifyUser
2025-05-01 03:44:38,269 INFO c.s.a.c.UserController {removeUser} [main] BEGIN removeUser
2025-05-01 03:44:38,405 INFO o.s.t.c.s.AbstractTestContextBootstrapper {buildDefaultMergedContextConfiguration} [main] Neither @ContextConfiguration nor @ContextHierarchy found for test class [com.svalero.apibikes.WorkShopControllerTests], using SpringBootContextLoader
2025-05-01 03:44:38,409 INFO o.s.t.c.s.AbstractContextLoader {generateDefaultLocations} [main] Could not detect default resource locations for test class [com.svalero.apibikes.WorkShopControllerTests]: no resource found for suffixes {-context.xml, Context.groovy}.
2025-05-01 03:44:38,409 INFO o.s.t.c.s.AnnotationConfigContextLoaderUtils {detectDefaultConfigurationClasses} [main] Could not detect default configuration classes for test class [com.svalero.apibikes.WorkShopControllerTests]: WorkShopControllerTests does not declare any static, non-private, non-final, nested classes annotated with @Configuration.
2025-05-01 03:44:38,431 INFO o.s.b.t.c.SpringBootTestContextBootstrapper {getOrFindConfigurationClasses} [main] Found @SpringBootConfiguration com.svalero.apibikes.HellospringApplication for test class com.svalero.apibikes.WorkShopControllerTests
2025-05-01 03:44:38,435 INFO o.s.t.c.s.AbstractTestContextBootstrapper {getDefaultTestExecutionListenerClassNames} [main] Loaded default TestExecutionListener class names from location [META-INF/spring.factories]: [org.springframework.boot.test.mock.mockito.MockitoTestExecutionListener, org.springframework.boot.test.mock.mockito.ResetMocksTestExecutionListener, org.springframework.boot.test.autoconfigure.restdocs.RestDocsTestExecutionListener, org.springframework.boot.test.autoconfigure.web.client.MockRestServiceServerResetTestExecutionListener, org.springframework.boot.test.autoconfigure.web.servlet.MockMvcPrintOnlyOnFailureTestExecutionListener, org.springframework.boot.test.autoconfigure.web.servlet.WebDriverTestExecutionListener, org.springframework.boot.test.autoconfigure.webservices.client.MockWebServiceServerTestExecutionListener, org.springframework.test.context.web.ServletTestExecutionListener, org.springframework.test.context.support.DirtiesContextBeforeModesTestExecutionListener, org.springframework.test.context.event.ApplicationEventsTestExecutionListener, org.springframework.test.context.support.DependencyInjectionTestExecutionListener, org.springframework.test.context.support.DirtiesContextTestExecutionListener, org.springframework.test.context.transaction.TransactionalTestExecutionListener, org.springframework.test.context.jdbc.SqlScriptsTestExecutionListener, org.springframework.test.context.event.EventPublishingTestExecutionListener]
2025-05-01 03:44:38,435 INFO o.s.t.c.s.AbstractTestContextBootstrapper {getTestExecutionListeners} [main] Using TestExecutionListeners: [org.springframework.test.context.web.ServletTestExecutionListener@61503d00, org.springframework.test.context.support.DirtiesContextBeforeModesTestExecutionListener@1fcfcf37, org.springframework.test.context.event.ApplicationEventsTestExecutionListener@3ebc6d8b, org.springframework.boot.test.mock.mockito.MockitoTestExecutionListener@1eab0700, org.springframework.boot.test.autoconfigure.SpringBootDependencyInjectionTestExecutionListener@7e7391e8, org.springframework.test.context.support.DirtiesContextTestExecutionListener@1fa44f66, org.springframework.test.context.transaction.TransactionalTestExecutionListener@4229b92c, org.springframework.test.context.jdbc.SqlScriptsTestExecutionListener@47c356e, org.springframework.test.context.event.EventPublishingTestExecutionListener@66e218d8, org.springframework.boot.test.mock.mockito.ResetMocksTestExecutionListener@5b80b41d, org.springframework.boot.test.autoconfigure.restdocs.RestDocsTestExecutionListener@54ef9698, org.springframework.boot.test.autoconfigure.web.client.MockRestServiceServerResetTestExecutionListener@31dd0e2e, org.springframework.boot.test.autoconfigure.web.servlet.MockMvcPrintOnlyOnFailureTestExecutionListener@478fe415, org.springframework.boot.test.autoconfigure.web.servlet.WebDriverTestExecutionListener@197180a5, org.springframework.boot.test.autoconfigure.webservices.client.MockWebServiceServerTestExecutionListener@31028e45]
2025-05-01 03:44:38,501 INFO o.s.b.StartupInfoLogger {logStarting} [main] Starting WorkShopControllerTests using Java 21 on DESKTOP-A2Q7539 with PID 5612 (started by 34618 in C:\Users\34618\Documents\2DAM Gdo. Superior\Acceso a datos 2DAM\hellospring)
2025-05-01 03:44:38,503 INFO o.s.b.SpringApplication {logStartupProfileInfo} [main] The following 1 profile is active: "test"
2025-05-01 03:44:39,259 INFO o.s.s.w.DefaultSecurityFilterChain {<init>} [main] Will secure any request with [org.springframework.security.web.session.DisableEncodeUrlFilter@3702d0ed, org.springframework.security.web.context.request.async.WebAsyncManagerIntegrationFilter@5b7b0ada, org.springframework.security.web.context.SecurityContextPersistenceFilter@4e3a6c83, org.springframework.security.web.header.HeaderWriterFilter@2c6a6ce3, org.springframework.security.web.authentication.logout.LogoutFilter@49005dc4, org.springframework.security.web.savedrequest.RequestCacheAwareFilter@b889cb6, org.springframework.security.web.servletapi.SecurityContextHolderAwareRequestFilter@74faf450, org.springframework.security.web.authentication.AnonymousAuthenticationFilter@705d72f0, org.springframework.security.web.session.SessionManagementFilter@726a5e6a, org.springframework.security.web.access.ExceptionTranslationFilter@66046e7c, org.springframework.security.web.access.intercept.FilterSecurityInterceptor@219db855]
2025-05-01 03:44:40,082 INFO o.s.m.w.MockServletContext {log} [main] Initializing Spring TestDispatcherServlet ''
2025-05-01 03:44:40,083 INFO o.s.w.s.FrameworkServlet {initServletBean} [main] Initializing Servlet ''
2025-05-01 03:44:40,086 INFO o.s.w.s.FrameworkServlet {initServletBean} [main] Completed initialization in 2 ms
2025-05-01 03:44:40,115 INFO o.s.b.StartupInfoLogger {logStarted} [main] Started WorkShopControllerTests in 1.675 seconds (JVM running for 26.572)
2025-05-01 03:44:40,236 INFO c.s.a.c.WorkShopController {modifyWorkShop} [main] BEGIN modifyWorkShop
2025-05-01 03:44:40,236 INFO c.s.a.c.WorkShopController {modifyWorkShop} [main] END modifyWorkShop
2025-05-01 03:44:40,263 INFO c.s.a.c.WorkShopController {getWorkShop} [main] BEGIN getWorkShop
2025-05-01 03:44:40,268 INFO c.s.a.c.WorkShopController {getWorkShop} [main] END getWorkShop
2025-05-01 03:44:40,288 INFO c.s.a.c.WorkShopController {filterworkshops} [main] BEGIN getAll
2025-05-01 03:44:40,292 INFO c.s.a.c.WorkShopController {filterworkshops} [main] END getAll
2025-05-01 03:44:40,309 INFO c.s.a.c.WorkShopController {filterworkshops} [main] BEGIN getAll
2025-05-01 03:44:40,309 INFO c.s.a.c.WorkShopController {filterworkshops} [main] END getAll
2025-05-01 03:44:40,322 INFO c.s.a.c.WorkShopController {removeWorkShop} [main] BEGIN removeWorkShop
2025-05-01 03:44:40,325 INFO c.s.a.c.WorkShopController {removeWorkShop} [main] END removeWorkShop
2025-05-01 03:44:40,338 INFO c.s.a.c.WorkShopController {filterworkshops} [main] BEGIN getAll
2025-05-01 03:44:40,341 INFO c.s.a.c.WorkShopController {filterworkshops} [main] END getAll
2025-05-01 03:44:40,357 INFO c.s.a.c.WorkShopController {modifyWorkShop} [main] BEGIN modifyWorkShop
2025-05-01 03:44:40,399 INFO c.s.a.c.WorkShopController {removeWorkShop} [main] BEGIN removeWorkShop
2025-05-01 03:44:40,409 INFO c.s.a.c.WorkShopController {filterworkshops} [main] BEGIN getAll
2025-05-01 03:44:40,415 INFO c.s.a.c.WorkShopController {filterworkshops} [main] END getAll
2025-05-01 03:44:40,446 INFO c.s.a.c.WorkShopController {getWorkShop} [main] BEGIN getWorkShop
2025-05-01 03:44:40,457 INFO c.s.a.c.WorkShopController {filterworkshops} [main] BEGIN getAll
2025-05-01 03:44:40,461 INFO c.s.a.c.WorkShopController {filterworkshops} [main] END getAll
2025-05-01 03:44:40,473 INFO c.s.a.c.WorkShopController {addWorkShop} [main] BEGIN addWorkShop
2025-05-01 03:44:40,473 INFO c.s.a.c.WorkShopController {addWorkShop} [main] END addWorkShop
2025-05-01 03:48:55,464 INFO o.h.v.i.u.Version {<clinit>} [background-preinit] HV000001: Hibernate Validator 6.2.5.Final
2025-05-01 03:48:55,481 INFO o.s.b.StartupInfoLogger {logStarting} [main] Starting BikeControllerTests using Java 21 on DESKTOP-A2Q7539 with PID 1656 (started by 34618 in C:\Users\34618\Documents\2DAM Gdo. Superior\Acceso a datos 2DAM\hellospring)
2025-05-01 03:48:55,487 INFO o.s.b.SpringApplication {logStartupProfileInfo} [main] The following 1 profile is active: "test"
2025-05-01 03:49:01,066 INFO o.s.s.w.DefaultSecurityFilterChain {<init>} [main] Will secure any request with [org.springframework.security.web.session.DisableEncodeUrlFilter@1a1c21b4, org.springframework.security.web.context.request.async.WebAsyncManagerIntegrationFilter@1cd2ff5b, org.springframework.security.web.context.SecurityContextPersistenceFilter@6cc64028, org.springframework.security.web.header.HeaderWriterFilter@1d2fb82, org.springframework.security.web.authentication.logout.LogoutFilter@b5aa65b, org.springframework.security.web.savedrequest.RequestCacheAwareFilter@340cb97f, org.springframework.security.web.servletapi.SecurityContextHolderAwareRequestFilter@6a1568d6, org.springframework.security.web.authentication.AnonymousAuthenticationFilter@38ac8968, org.springframework.security.web.session.SessionManagementFilter@10f405ff, org.springframework.security.web.access.ExceptionTranslationFilter@6df4af5, org.springframework.security.web.access.intercept.FilterSecurityInterceptor@463afa6e]
2025-05-01 03:49:03,261 INFO o.s.m.w.MockServletContext {log} [main] Initializing Spring TestDispatcherServlet ''
2025-05-01 03:49:03,263 INFO o.s.w.s.FrameworkServlet {initServletBean} [main] Initializing Servlet ''
2025-05-01 03:49:03,268 INFO o.s.w.s.FrameworkServlet {initServletBean} [main] Completed initialization in 3 ms
2025-05-01 03:49:03,356 INFO o.s.b.StartupInfoLogger {logStarted} [main] Started BikeControllerTests in 9.865 seconds (JVM running for 14.158)
2025-05-01 03:49:03,840 INFO c.s.a.c.BikeController {filterBikes} [main] Filtrando bicicletas con parámetros: brand=, model=Alma, color=
2025-05-01 03:49:03,849 INFO c.s.a.c.BikeController {filterBikes} [main] Operación completada: Se obtuvieron 1 bicicletas filtradas
2025-05-01 03:49:04,137 INFO c.s.a.c.BikeController {filterBikes} [main] Filtrando bicicletas con parámetros: brand=Orbea, model=Alma, color=green
2025-05-01 03:49:04,137 INFO c.s.a.c.BikeController {filterBikes} [main] Operación completada: Se obtuvieron 1 bicicletas filtradas
2025-05-01 03:49:04,462 INFO c.s.a.c.BikeController {addBike} [main] BEGIN addBike
2025-05-01 03:49:04,543 INFO c.s.a.c.BikeController {filterBikes} [main] Filtrando bicicletas con parámetros: brand=Orbea, model=, color=
2025-05-01 03:49:04,545 INFO c.s.a.c.BikeController {filterBikes} [main] Operación completada: Se obtuvieron 2 bicicletas filtradas
2025-05-01 03:49:04,570 INFO c.s.a.c.BikeController {addBike} [main] BEGIN addBike
2025-05-01 03:49:04,573 INFO c.s.a.c.BikeController {addBike} [main] END addBike
2025-05-01 03:49:04,696 INFO c.s.a.c.BikeController {filterBikes} [main] Filtrando bicicletas con parámetros: brand=, model=, color=
2025-05-01 03:49:04,698 INFO c.s.a.c.BikeController {filterBikes} [main] Operación completada: Se obtuvieron 3 bicicletas filtradas
2025-05-01 03:49:04,715 INFO c.s.a.c.BikeController {filterBikes} [main] Filtrando bicicletas con parámetros: brand=, model=, color=green
2025-05-01 03:49:04,717 INFO c.s.a.c.BikeController {filterBikes} [main] Operación completada: Se obtuvieron 1 bicicletas filtradas
2025-05-01 03:49:04,739 INFO c.s.a.c.BikeController {getBike} [main] BEGIN getBike
2025-05-01 03:49:04,741 INFO c.s.a.c.BikeController {getBike} [main] END getBike
2025-05-01 03:49:04,827 INFO c.s.a.c.BikeController {removeBike} [main] BEGIN removeBike
2025-05-01 03:49:04,830 INFO c.s.a.c.BikeController {removeBike} [main] END removeBike
2025-05-01 03:49:04,877 INFO c.s.a.c.BikeController {modifyBike} [main] BEGIN modifyBike
2025-05-01 03:49:04,961 INFO c.s.a.c.BikeController {modifyBike} [main] BEGIN modifyBike
2025-05-01 03:49:04,966 INFO c.s.a.c.BikeController {modifyBike} [main] END modifyBike
2025-05-01 03:49:04,989 INFO c.s.a.c.BikeController {removeBike} [main] BEGIN removeBike
2025-05-01 03:49:05,014 INFO c.s.a.c.BikeController {getBike} [main] BEGIN getBike
2025-05-01 03:49:05,676 INFO o.s.t.c.s.AbstractTestContextBootstrapper {buildDefaultMergedContextConfiguration} [main] Neither @ContextConfiguration nor @ContextHierarchy found for test class [com.svalero.apibikes.MechanicControllerTests], using SpringBootContextLoader
2025-05-01 03:49:05,678 INFO o.s.t.c.s.AbstractContextLoader {generateDefaultLocations} [main] Could not detect default resource locations for test class [com.svalero.apibikes.MechanicControllerTests]: no resource found for suffixes {-context.xml, Context.groovy}.
2025-05-01 03:49:05,680 INFO o.s.t.c.s.AnnotationConfigContextLoaderUtils {detectDefaultConfigurationClasses} [main] Could not detect default configuration classes for test class [com.svalero.apibikes.MechanicControllerTests]: MechanicControllerTests does not declare any static, non-private, non-final, nested classes annotated with @Configuration.
2025-05-01 03:49:05,702 INFO o.s.b.t.c.SpringBootTestContextBootstrapper {getOrFindConfigurationClasses} [main] Found @SpringBootConfiguration com.svalero.apibikes.HellospringApplication for test class com.svalero.apibikes.MechanicControllerTests
2025-05-01 03:49:05,704 INFO o.s.t.c.s.AbstractTestContextBootstrapper {getDefaultTestExecutionListenerClassNames} [main] Loaded default TestExecutionListener class names from location [META-INF/spring.factories]: [org.springframework.boot.test.mock.mockito.MockitoTestExecutionListener, org.springframework.boot.test.mock.mockito.ResetMocksTestExecutionListener, org.springframework.boot.test.autoconfigure.restdocs.RestDocsTestExecutionListener, org.springframework.boot.test.autoconfigure.web.client.MockRestServiceServerResetTestExecutionListener, org.springframework.boot.test.autoconfigure.web.servlet.MockMvcPrintOnlyOnFailureTestExecutionListener, org.springframework.boot.test.autoconfigure.web.servlet.WebDriverTestExecutionListener, org.springframework.boot.test.autoconfigure.webservices.client.MockWebServiceServerTestExecutionListener, org.springframework.test.context.web.ServletTestExecutionListener, org.springframework.test.context.support.DirtiesContextBeforeModesTestExecutionListener, org.springframework.test.context.event.ApplicationEventsTestExecutionListener, org.springframework.test.context.support.DependencyInjectionTestExecutionListener, org.springframework.test.context.support.DirtiesContextTestExecutionListener, org.springframework.test.context.transaction.TransactionalTestExecutionListener, org.springframework.test.context.jdbc.SqlScriptsTestExecutionListener, org.springframework.test.context.event.EventPublishingTestExecutionListener]
2025-05-01 03:49:05,706 INFO o.s.t.c.s.AbstractTestContextBootstrapper {getTestExecutionListeners} [main] Using TestExecutionListeners: [org.springframework.test.context.web.ServletTestExecutionListener@26f480c6, org.springframework.test.context.support.DirtiesContextBeforeModesTestExecutionListener@2567c091, org.springframework.test.context.event.ApplicationEventsTestExecutionListener@7747cc1b, org.springframework.boot.test.mock.mockito.MockitoTestExecutionListener@76cf91c9, org.springframework.boot.test.autoconfigure.SpringBootDependencyInjectionTestExecutionListener@74bfdd66, org.springframework.test.context.support.DirtiesContextTestExecutionListener@6fc7e828, org.springframework.test.context.transaction.TransactionalTestExecutionListener@26a9c6df, org.springframework.test.context.jdbc.SqlScriptsTestExecutionListener@2ce24a1a, org.springframework.test.context.event.EventPublishingTestExecutionListener@26bce60d, org.springframework.boot.test.mock.mockito.ResetMocksTestExecutionListener@76eadc5a, org.springframework.boot.test.autoconfigure.restdocs.RestDocsTestExecutionListener@1e9d7366, org.springframework.boot.test.autoconfigure.web.client.MockRestServiceServerResetTestExecutionListener@20914835, org.springframework.boot.test.autoconfigure.web.servlet.MockMvcPrintOnlyOnFailureTestExecutionListener@615c4ea4, org.springframework.boot.test.autoconfigure.web.servlet.WebDriverTestExecutionListener@417446d9, org.springframework.boot.test.autoconfigure.webservices.client.MockWebServiceServerTestExecutionListener@34070bd2]
2025-05-01 03:49:05,850 INFO o.s.b.StartupInfoLogger {logStarting} [main] Starting MechanicControllerTests using Java 21 on DESKTOP-A2Q7539 with PID 1656 (started by 34618 in C:\Users\34618\Documents\2DAM Gdo. Superior\Acceso a datos 2DAM\hellospring)
2025-05-01 03:49:05,852 INFO o.s.b.SpringApplication {logStartupProfileInfo} [main] The following 1 profile is active: "test"
2025-05-01 03:49:06,786 INFO o.s.s.w.DefaultSecurityFilterChain {<init>} [main] Will secure any request with [org.springframework.security.web.session.DisableEncodeUrlFilter@3fd9e01c, org.springframework.security.web.context.request.async.WebAsyncManagerIntegrationFilter@36330be8, org.springframework.security.web.context.SecurityContextPersistenceFilter@264576e4, org.springframework.security.web.header.HeaderWriterFilter@68f79b7c, org.springframework.security.web.authentication.logout.LogoutFilter@47c5cbf2, org.springframework.security.web.savedrequest.RequestCacheAwareFilter@86bf90b, org.springframework.security.web.servletapi.SecurityContextHolderAwareRequestFilter@5c13af01, org.springframework.security.web.authentication.AnonymousAuthenticationFilter@38ba8b45, org.springframework.security.web.session.SessionManagementFilter@37142579, org.springframework.security.web.access.ExceptionTranslationFilter@6159fb3c, org.springframework.security.web.access.intercept.FilterSecurityInterceptor@217b0952]
2025-05-01 03:49:07,694 INFO o.s.m.w.MockServletContext {log} [main] Initializing Spring TestDispatcherServlet ''
2025-05-01 03:49:07,694 INFO o.s.w.s.FrameworkServlet {initServletBean} [main] Initializing Servlet ''
2025-05-01 03:49:07,696 INFO o.s.w.s.FrameworkServlet {initServletBean} [main] Completed initialization in 0 ms
2025-05-01 03:49:07,725 INFO o.s.b.StartupInfoLogger {logStarted} [main] Started MechanicControllerTests in 2.01 seconds (JVM running for 18.527)
2025-05-01 03:49:07,749 INFO c.s.a.c.MechanicController {filtermechanics} [main] BEGIN getAll
2025-05-01 03:49:07,750 INFO c.s.a.c.MechanicController {filtermechanics} [main] END getAll
2025-05-01 03:49:07,821 INFO c.s.a.c.MechanicController {modifyMechanic} [main] BEGIN modifyMechanic
2025-05-01 03:49:07,825 INFO c.s.a.c.MechanicController {modifyMechanic} [main] END modifyMechanic
2025-05-01 03:49:07,840 INFO c.s.a.c.MechanicController {filtermechanics} [main] BEGIN getAll
2025-05-01 03:49:07,843 INFO c.s.a.c.MechanicController {filtermechanics} [main] END getAll
2025-05-01 03:49:07,860 INFO c.s.a.c.MechanicController {getMechanic} [main] BEGIN getMechanic
2025-05-01 03:49:07,886 INFO c.s.a.c.MechanicController {filtermechanics} [main] BEGIN getAll
2025-05-01 03:49:07,888 INFO c.s.a.c.MechanicController {filtermechanics} [main] END getAll
2025-05-01 03:49:07,901 INFO c.s.a.c.MechanicController {removeMechanic} [main] BEGIN removeMechanic
2025-05-01 03:49:07,904 INFO c.s.a.c.MechanicController {removeMechanic} [main] END removeMechanic
2025-05-01 03:49:07,955 INFO c.s.a.c.MechanicController {addMechanic} [main] BEGIN addMechanic
2025-05-01 03:49:07,959 INFO c.s.a.c.MechanicController {addMechanic} [main] END addMechanic
2025-05-01 03:49:07,975 INFO c.s.a.c.MechanicController {getMechanic} [main] BEGIN getMechanic
2025-05-01 03:49:07,977 INFO c.s.a.c.MechanicController {getMechanic} [main] END getMechanic
2025-05-01 03:49:08,009 INFO c.s.a.c.MechanicController {modifyMechanic} [main] BEGIN modifyMechanic
2025-05-01 03:49:08,032 INFO c.s.a.c.MechanicController {filtermechanics} [main] BEGIN getAll
2025-05-01 03:49:08,036 INFO c.s.a.c.MechanicController {filtermechanics} [main] END getAll
2025-05-01 03:49:08,053 INFO c.s.a.c.MechanicController {removeMechanic} [main] BEGIN removeMechanic
2025-05-01 03:49:08,065 INFO c.s.a.c.MechanicController {filtermechanics} [main] BEGIN getAll
2025-05-01 03:49:08,072 INFO c.s.a.c.MechanicController {filtermechanics} [main] END getAll
2025-05-01 03:49:08,308 INFO o.s.t.c.s.AbstractTestContextBootstrapper {buildDefaultMergedContextConfiguration} [main] Neither @ContextConfiguration nor @ContextHierarchy found for test class [com.svalero.apibikes.RepairOrderControllerTests], using SpringBootContextLoader
2025-05-01 03:49:08,310 INFO o.s.t.c.s.AbstractContextLoader {generateDefaultLocations} [main] Could not detect default resource locations for test class [com.svalero.apibikes.RepairOrderControllerTests]: no resource found for suffixes {-context.xml, Context.groovy}.
2025-05-01 03:49:08,310 INFO o.s.t.c.s.AnnotationConfigContextLoaderUtils {detectDefaultConfigurationClasses} [main] Could not detect default configuration classes for test class [com.svalero.apibikes.RepairOrderControllerTests]: RepairOrderControllerTests does not declare any static, non-private, non-final, nested classes annotated with @Configuration.
2025-05-01 03:49:08,337 INFO o.s.b.t.c.SpringBootTestContextBootstrapper {getOrFindConfigurationClasses} [main] Found @SpringBootConfiguration com.svalero.apibikes.HellospringApplication for test class com.svalero.apibikes.RepairOrderControllerTests
2025-05-01 03:49:08,340 INFO o.s.t.c.s.AbstractTestContextBootstrapper {getDefaultTestExecutionListenerClassNames} [main] Loaded default TestExecutionListener class names from location [META-INF/spring.factories]: [org.springframework.boot.test.mock.mockito.MockitoTestExecutionListener, org.springframework.boot.test.mock.mockito.ResetMocksTestExecutionListener, org.springframework.boot.test.autoconfigure.restdocs.RestDocsTestExecutionListener, org.springframework.boot.test.autoconfigure.web.client.MockRestServiceServerResetTestExecutionListener, org.springframework.boot.test.autoconfigure.web.servlet.MockMvcPrintOnlyOnFailureTestExecutionListener, org.springframework.boot.test.autoconfigure.web.servlet.WebDriverTestExecutionListener, org.springframework.boot.test.autoconfigure.webservices.client.MockWebServiceServerTestExecutionListener, org.springframework.test.context.web.ServletTestExecutionListener, org.springframework.test.context.support.DirtiesContextBeforeModesTestExecutionListener, org.springframework.test.context.event.ApplicationEventsTestExecutionListener, org.springframework.test.context.support.DependencyInjectionTestExecutionListener, org.springframework.test.context.support.DirtiesContextTestExecutionListener, org.springframework.test.context.transaction.TransactionalTestExecutionListener, org.springframework.test.context.jdbc.SqlScriptsTestExecutionListener, org.springframework.test.context.event.EventPublishingTestExecutionListener]
2025-05-01 03:49:08,342 INFO o.s.t.c.s.AbstractTestContextBootstrapper {getTestExecutionListeners} [main] Using TestExecutionListeners: [org.springframework.test.context.web.ServletTestExecutionListener@74e2cfc5, org.springframework.test.context.support.DirtiesContextBeforeModesTestExecutionListener@4a5d5b38, org.springframework.test.context.event.ApplicationEventsTestExecutionListener@7a47f0be, org.springframework.boot.test.mock.mockito.MockitoTestExecutionListener@2d8087da, org.springframework.boot.test.autoconfigure.SpringBootDependencyInjectionTestExecutionListener@4f7ef948, org.springframework.test.context.support.DirtiesContextTestExecutionListener@6fdaef04, org.springframework.test.context.transaction.TransactionalTestExecutionListener@2a5d2041, org.springframework.test.context.jdbc.SqlScriptsTestExecutionListener@3cacc87, org.springframework.test.context.event.EventPublishingTestExecutionListener@3bc6c10f, org.springframework.boot.test.mock.mockito.ResetMocksTestExecutionListener@3dcbbbc, org.springframework.boot.test.autoconfigure.restdocs.RestDocsTestExecutionListener@4040ccae, org.springframework.boot.test.autoconfigure.web.client.MockRestServiceServerResetTestExecutionListener@15bb8ed5, org.springframework.boot.test.autoconfigure.web.servlet.MockMvcPrintOnlyOnFailureTestExecutionListener@18f8ebd4, org.springframework.boot.test.autoconfigure.web.servlet.WebDriverTestExecutionListener@7e1fb22c, org.springframework.boot.test.autoconfigure.webservices.client.MockWebServiceServerTestExecutionListener@38fc34fd]
2025-05-01 03:49:08,443 INFO o.s.b.StartupInfoLogger {logStarting} [main] Starting RepairOrderControllerTests using Java 21 on DESKTOP-A2Q7539 with PID 1656 (started by 34618 in C:\Users\34618\Documents\2DAM Gdo. Superior\Acceso a datos 2DAM\hellospring)
2025-05-01 03:49:08,445 INFO o.s.b.SpringApplication {logStartupProfileInfo} [main] The following 1 profile is active: "test"
2025-05-01 03:49:09,420 INFO o.s.s.w.DefaultSecurityFilterChain {<init>} [main] Will secure any request with [org.springframework.security.web.session.DisableEncodeUrlFilter@2a5efbb9, org.springframework.security.web.context.request.async.WebAsyncManagerIntegrationFilter@43b45ce4, org.springframework.security.web.context.SecurityContextPersistenceFilter@706d2bae, org.springframework.security.web.header.HeaderWriterFilter@2b19b346, org.springframework.security.web.authentication.logout.LogoutFilter@5751e53e, org.springframework.security.web.savedrequest.RequestCacheAwareFilter@3205610d, org.springframework.security.web.servletapi.SecurityContextHolderAwareRequestFilter@54e06788, org.springframework.security.web.authentication.AnonymousAuthenticationFilter@73e93c3a, org.springframework.security.web.session.SessionManagementFilter@37c5b8e8, org.springframework.security.web.access.ExceptionTranslationFilter@215c6ec0, org.springframework.security.web.access.intercept.FilterSecurityInterceptor@4b240276]
2025-05-01 03:49:10,327 INFO o.s.m.w.MockServletContext {log} [main] Initializing Spring TestDispatcherServlet ''
2025-05-01 03:49:10,330 INFO o.s.w.s.FrameworkServlet {initServletBean} [main] Initializing Servlet ''
2025-05-01 03:49:10,331 INFO o.s.w.s.FrameworkServlet {initServletBean} [main] Completed initialization in 0 ms
2025-05-01 03:49:10,363 INFO o.s.b.StartupInfoLogger {logStarted} [main] Started RepairOrderControllerTests in 2.014 seconds (JVM running for 21.165)
2025-05-01 03:49:10,381 INFO c.s.a.c.RepairOrderController {filterRepairOrders} [main] Filtrando órdenes de reparación con parámetros: bikeId=null, mechanicId=null, workShopId=null
2025-05-01 03:49:10,427 INFO c.s.a.c.RepairOrderController {modifyRepairOrder} [main] BEGIN modifyRepairOrder
2025-05-01 03:49:10,448 INFO c.s.a.c.RepairOrderController {getRepairOrder} [main] BEGIN getRepairOrder
2025-05-01 03:49:10,449 INFO c.s.a.c.RepairOrderController {getRepairOrder} [main] END getRepairOrder
2025-05-01 03:49:10,503 INFO c.s.a.c.RepairOrderController {getRepairOrder} [main] BEGIN getRepairOrder
2025-05-01 03:49:10,511 INFO c.s.a.c.RepairOrderController {filterRepairOrders} [main] Filtrando órdenes de reparación con parámetros: bikeId=null, mechanicId=null, workShopId=10
2025-05-01 03:49:10,528 INFO c.s.a.c.RepairOrderController {removeRepairOrder} [main] BEGIN removeRepairOrder
2025-05-01 03:49:10,536 INFO c.s.a.c.RepairOrderController {removeRepairOrder} [main] END removeRepairOrder
2025-05-01 03:49:10,572 INFO c.s.a.c.RepairOrderController {removeRepairOrder} [main] BEGIN removeRepairOrder
2025-05-01 03:49:10,595 INFO c.s.a.c.RepairOrderController {filterRepairOrders} [main] Filtrando órdenes de reparación con parámetros: bikeId=null, mechanicId=9, workShopId=null
2025-05-01 03:49:10,613 INFO c.s.a.c.RepairOrderController {filterRepairOrders} [main] Filtrando órdenes de reparación con parámetros: bikeId=6, mechanicId=null, workShopId=null
2025-05-01 03:49:10,631 INFO c.s.a.c.RepairOrderController {addRepairOrder} [main] BEGIN addRepairOrder
2025-05-01 03:49:10,631 INFO c.s.a.c.RepairOrderController {addRepairOrder} [main] END addRepairOrder
2025-05-01 03:49:10,671 INFO c.s.a.c.RepairOrderController {modifyRepairOrder} [main] BEGIN modifyRepairOrder
2025-05-01 03:49:10,673 INFO c.s.a.c.RepairOrderController {modifyRepairOrder} [main] END modifyRepairOrder
2025-05-01 03:49:10,702 INFO c.s.a.c.RepairOrderController {filterRepairOrders} [main] Filtrando órdenes de reparación con parámetros: bikeId=8, mechanicId=7, workShopId=2
2025-05-01 03:49:10,716 INFO c.s.a.c.RepairOrderController {addRepairOrder} [main] BEGIN addRepairOrder
2025-05-01 03:49:10,717 INFO c.s.a.c.RepairOrderController {addRepairOrder} [main] END addRepairOrder
2025-05-01 03:49:11,232 INFO o.s.t.c.s.AbstractTestContextBootstrapper {buildDefaultMergedContextConfiguration} [main] Neither @ContextConfiguration nor @ContextHierarchy found for test class [com.svalero.apibikes.UserControllerTests], using SpringBootContextLoader
2025-05-01 03:49:11,261 INFO o.s.t.c.s.AbstractContextLoader {generateDefaultLocations} [main] Could not detect default resource locations for test class [com.svalero.apibikes.UserControllerTests]: no resource found for suffixes {-context.xml, Context.groovy}.
2025-05-01 03:49:11,264 INFO o.s.t.c.s.AnnotationConfigContextLoaderUtils {detectDefaultConfigurationClasses} [main] Could not detect default configuration classes for test class [com.svalero.apibikes.UserControllerTests]: UserControllerTests does not declare any static, non-private, non-final, nested classes annotated with @Configuration.
2025-05-01 03:49:11,281 INFO o.s.b.t.c.SpringBootTestContextBootstrapper {getOrFindConfigurationClasses} [main] Found @SpringBootConfiguration com.svalero.apibikes.HellospringApplication for test class com.svalero.apibikes.UserControllerTests
2025-05-01 03:49:11,283 INFO o.s.t.c.s.AbstractTestContextBootstrapper {getDefaultTestExecutionListenerClassNames} [main] Loaded default TestExecutionListener class names from location [META-INF/spring.factories]: [org.springframework.boot.test.mock.mockito.MockitoTestExecutionListener, org.springframework.boot.test.mock.mockito.ResetMocksTestExecutionListener, org.springframework.boot.test.autoconfigure.restdocs.RestDocsTestExecutionListener, org.springframework.boot.test.autoconfigure.web.client.MockRestServiceServerResetTestExecutionListener, org.springframework.boot.test.autoconfigure.web.servlet.MockMvcPrintOnlyOnFailureTestExecutionListener, org.springframework.boot.test.autoconfigure.web.servlet.WebDriverTestExecutionListener, org.springframework.boot.test.autoconfigure.webservices.client.MockWebServiceServerTestExecutionListener, org.springframework.test.context.web.ServletTestExecutionListener, org.springframework.test.context.support.DirtiesContextBeforeModesTestExecutionListener, org.springframework.test.context.event.ApplicationEventsTestExecutionListener, org.springframework.test.context.support.DependencyInjectionTestExecutionListener, org.springframework.test.context.support.DirtiesContextTestExecutionListener, org.springframework.test.context.transaction.TransactionalTestExecutionListener, org.springframework.test.context.jdbc.SqlScriptsTestExecutionListener, org.springframework.test.context.event.EventPublishingTestExecutionListener]
2025-05-01 03:49:11,285 INFO o.s.t.c.s.AbstractTestContextBootstrapper {getTestExecutionListeners} [main] Using TestExecutionListeners: [org.springframework.test.context.web.ServletTestExecutionListener@4c1b4e07, org.springframework.test.context.support.DirtiesContextBeforeModesTestExecutionListener@34cfdd84, org.springframework.test.context.event.ApplicationEventsTestExecutionListener@1c7744c1, org.springframework.boot.test.mock.mockito.MockitoTestExecutionListener@320e179f, org.springframework.boot.test.autoconfigure.SpringBootDependencyInjectionTestExecutionListener@24731caf, org.springframework.test.context.support.DirtiesContextTestExecutionListener@6e1ad658, org.springframework.test.context.transaction.TransactionalTestExecutionListener@486dd616, org.springframework.test.context.jdbc.SqlScriptsTestExecutionListener@a1d926b, org.springframework.test.context.event.EventPublishingTestExecutionListener@36b761e3, org.springframework.boot.test.mock.mockito.ResetMocksTestExecutionListener@e27d97b, org.springframework.boot.test.autoconfigure.restdocs.RestDocsTestExecutionListener@285c63cf, org.springframework.boot.test.autoconfigure.web.client.MockRestServiceServerResetTestExecutionListener@4e343265, org.springframework.boot.test.autoconfigure.web.servlet.MockMvcPrintOnlyOnFailureTestExecutionListener@4301fa39, org.springframework.boot.test.autoconfigure.web.servlet.WebDriverTestExecutionListener@73dd0f23, org.springframework.boot.test.autoconfigure.webservices.client.MockWebServiceServerTestExecutionListener@38d4488c]
2025-05-01 03:49:11,407 INFO o.s.b.StartupInfoLogger {logStarting} [main] Starting UserControllerTests using Java 21 on DESKTOP-A2Q7539 with PID 1656 (started by 34618 in C:\Users\34618\Documents\2DAM Gdo. Superior\Acceso a datos 2DAM\hellospring)
2025-05-01 03:49:11,409 INFO o.s.b.SpringApplication {logStartupProfileInfo} [main] The following 1 profile is active: "test"
2025-05-01 03:49:12,411 INFO o.s.s.w.DefaultSecurityFilterChain {<init>} [main] Will secure any request with [org.springframework.security.web.session.DisableEncodeUrlFilter@3945886e, org.springframework.security.web.context.request.async.WebAsyncManagerIntegrationFilter@12765ebd, org.springframework.security.web.context.SecurityContextPersistenceFilter@4eec5fa6, org.springframework.security.web.header.HeaderWriterFilter@3c271988, org.springframework.security.web.authentication.logout.LogoutFilter@5870fc05, org.springframework.security.web.savedrequest.RequestCacheAwareFilter@21579b35, org.springframework.security.web.servletapi.SecurityContextHolderAwareRequestFilter@25b83dce, org.springframework.security.web.authentication.AnonymousAuthenticationFilter@1dac0784, org.springframework.security.web.session.SessionManagementFilter@3aed692d, org.springframework.security.web.access.ExceptionTranslationFilter@1e5e3147, org.springframework.security.web.access.intercept.FilterSecurityInterceptor@66a99584]
2025-05-01 03:49:13,350 INFO o.s.m.w.MockServletContext {log} [main] Initializing Spring TestDispatcherServlet ''
2025-05-01 03:49:13,352 INFO o.s.w.s.FrameworkServlet {initServletBean} [main] Initializing Servlet ''
2025-05-01 03:49:13,355 INFO o.s.w.s.FrameworkServlet {initServletBean} [main] Completed initialization in 2 ms
2025-05-01 03:49:13,381 INFO o.s.b.StartupInfoLogger {logStarted} [main] Started UserControllerTests in 2.089 seconds (JVM running for 24.183)
2025-05-01 03:49:13,401 INFO c.s.a.c.UserController {getUser} [main] BEGIN getUser
2025-05-01 03:49:13,426 INFO c.s.a.c.UserController {filterusers} [main] BEGIN getAll
2025-05-01 03:49:13,428 INFO c.s.a.c.UserController {filterusers} [main] END getAll
2025-05-01 03:49:13,496 INFO c.s.a.c.UserController {filterusers} [main] BEGIN getAll
2025-05-01 03:49:13,498 INFO c.s.a.c.UserController {filterusers} [main] END getAll
2025-05-01 03:49:13,511 INFO c.s.a.c.UserController {filterusers} [main] BEGIN getAll
2025-05-01 03:49:13,513 INFO c.s.a.c.UserController {filterusers} [main] END getAll
2025-05-01 03:49:13,560 INFO c.s.a.c.UserController {removeUser} [main] BEGIN removeUser
2025-05-01 03:49:13,563 INFO c.s.a.c.UserController {removeUser} [main] END removeUser
2025-05-01 03:49:13,576 INFO c.s.a.c.UserController {getUser} [main] BEGIN getUser
2025-05-01 03:49:13,580 INFO c.s.a.c.UserController {getUser} [main] END getUser
2025-05-01 03:49:13,620 INFO c.s.a.c.UserController {modifyUser} [main] BEGIN modifyUser
2025-05-01 03:49:13,637 INFO c.s.a.c.UserController {filterusers} [main] BEGIN getAll
2025-05-01 03:49:13,639 INFO c.s.a.c.UserController {filterusers} [main] END getAll
2025-05-01 03:49:13,653 INFO c.s.a.c.UserController {filterusers} [main] BEGIN getAll
2025-05-01 03:49:13,658 INFO c.s.a.c.UserController {filterusers} [main] END getAll
2025-05-01 03:49:13,670 INFO c.s.a.c.UserController {modifyUser} [main] BEGIN modifyUser
2025-05-01 03:49:13,675 INFO c.s.a.c.UserController {modifyUser} [main] END modifyUser
2025-05-01 03:49:13,688 INFO c.s.a.c.UserController {removeUser} [main] BEGIN removeUser
2025-05-01 03:49:13,821 INFO o.s.t.c.s.AbstractTestContextBootstrapper {buildDefaultMergedContextConfiguration} [main] Neither @ContextConfiguration nor @ContextHierarchy found for test class [com.svalero.apibikes.WorkShopControllerTests], using SpringBootContextLoader
2025-05-01 03:49:13,825 INFO o.s.t.c.s.AbstractContextLoader {generateDefaultLocations} [main] Could not detect default resource locations for test class [com.svalero.apibikes.WorkShopControllerTests]: no resource found for suffixes {-context.xml, Context.groovy}.
2025-05-01 03:49:13,825 INFO o.s.t.c.s.AnnotationConfigContextLoaderUtils {detectDefaultConfigurationClasses} [main] Could not detect default configuration classes for test class [com.svalero.apibikes.WorkShopControllerTests]: WorkShopControllerTests does not declare any static, non-private, non-final, nested classes annotated with @Configuration.
2025-05-01 03:49:13,841 INFO o.s.b.t.c.SpringBootTestContextBootstrapper {getOrFindConfigurationClasses} [main] Found @SpringBootConfiguration com.svalero.apibikes.HellospringApplication for test class com.svalero.apibikes.WorkShopControllerTests
2025-05-01 03:49:13,841 INFO o.s.t.c.s.AbstractTestContextBootstrapper {getDefaultTestExecutionListenerClassNames} [main] Loaded default TestExecutionListener class names from location [META-INF/spring.factories]: [org.springframework.boot.test.mock.mockito.MockitoTestExecutionListener, org.springframework.boot.test.mock.mockito.ResetMocksTestExecutionListener, org.springframework.boot.test.autoconfigure.restdocs.RestDocsTestExecutionListener, org.springframework.boot.test.autoconfigure.web.client.MockRestServiceServerResetTestExecutionListener, org.springframework.boot.test.autoconfigure.web.servlet.MockMvcPrintOnlyOnFailureTestExecutionListener, org.springframework.boot.test.autoconfigure.web.servlet.WebDriverTestExecutionListener, org.springframework.boot.test.autoconfigure.webservices.client.MockWebServiceServerTestExecutionListener, org.springframework.test.context.web.ServletTestExecutionListener, org.springframework.test.context.support.DirtiesContextBeforeModesTestExecutionListener, org.springframework.test.context.event.ApplicationEventsTestExecutionListener, org.springframework.test.context.support.DependencyInjectionTestExecutionListener, org.springframework.test.context.support.DirtiesContextTestExecutionListener, org.springframework.test.context.transaction.TransactionalTestExecutionListener, org.springframework.test.context.jdbc.SqlScriptsTestExecutionListener, org.springframework.test.context.event.EventPublishingTestExecutionListener]
2025-05-01 03:49:13,843 INFO o.s.t.c.s.AbstractTestContextBootstrapper {getTestExecutionListeners} [main] Using TestExecutionListeners: [org.springframework.test.context.web.ServletTestExecutionListener@744db9fb, org.springframework.test.context.support.DirtiesContextBeforeModesTestExecutionListener@59043741, org.springframework.test.context.event.ApplicationEventsTestExecutionListener@31940d6b, org.springframework.boot.test.mock.mockito.MockitoTestExecutionListener@64cdc310, org.springframework.boot.test.autoconfigure.SpringBootDependencyInjectionTestExecutionListener@7d563c13, org.springframework.test.context.support.DirtiesContextTestExecutionListener@510a2c7, org.springframework.test.context.transaction.TransactionalTestExecutionListener@14fe085b, org.springframework.test.context.jdbc.SqlScriptsTestExecutionListener@1ea19c97, org.springframework.test.context.event.EventPublishingTestExecutionListener@525b9df4, org.springframework.boot.test.mock.mockito.ResetMocksTestExecutionListener@52dd1be2, org.springframework.boot.test.autoconfigure.restdocs.RestDocsTestExecutionListener@36857d32, org.springframework.boot.test.autoconfigure.web.client.MockRestServiceServerResetTestExecutionListener@24520a51, org.springframework.boot.test.autoconfigure.web.servlet.MockMvcPrintOnlyOnFailureTestExecutionListener@2ae88712, org.springframework.boot.test.autoconfigure.web.servlet.WebDriverTestExecutionListener@10508ba6, org.springframework.boot.test.autoconfigure.webservices.client.MockWebServiceServerTestExecutionListener@da11873]
2025-05-01 03:49:13,910 INFO o.s.b.StartupInfoLogger {logStarting} [main] Starting WorkShopControllerTests using Java 21 on DESKTOP-A2Q7539 with PID 1656 (started by 34618 in C:\Users\34618\Documents\2DAM Gdo. Superior\Acceso a datos 2DAM\hellospring)
2025-05-01 03:49:13,910 INFO o.s.b.SpringApplication {logStartupProfileInfo} [main] The following 1 profile is active: "test"
2025-05-01 03:49:14,814 INFO o.s.s.w.DefaultSecurityFilterChain {<init>} [main] Will secure any request with [org.springframework.security.web.session.DisableEncodeUrlFilter@7187078a, org.springframework.security.web.context.request.async.WebAsyncManagerIntegrationFilter@6e612122, org.springframework.security.web.context.SecurityContextPersistenceFilter@571e2f15, org.springframework.security.web.header.HeaderWriterFilter@2a4bd699, org.springframework.security.web.authentication.logout.LogoutFilter@8beb0dd, org.springframework.security.web.savedrequest.RequestCacheAwareFilter@2552181d, org.springframework.security.web.servletapi.SecurityContextHolderAwareRequestFilter@51d9fd30, org.springframework.security.web.authentication.AnonymousAuthenticationFilter@1d38cdde, org.springframework.security.web.session.SessionManagementFilter@6003eb60, org.springframework.security.web.access.ExceptionTranslationFilter@782143e8, org.springframework.security.web.access.intercept.FilterSecurityInterceptor@2f4fc18]
2025-05-01 03:49:15,676 INFO o.s.m.w.MockServletContext {log} [main] Initializing Spring TestDispatcherServlet ''
2025-05-01 03:49:15,680 INFO o.s.w.s.FrameworkServlet {initServletBean} [main] Initializing Servlet ''
2025-05-01 03:49:15,682 INFO o.s.w.s.FrameworkServlet {initServletBean} [main] Completed initialization in 2 ms
2025-05-01 03:49:15,715 INFO o.s.b.StartupInfoLogger {logStarted} [main] Started WorkShopControllerTests in 1.864 seconds (JVM running for 26.517)
2025-05-01 03:49:15,844 INFO c.s.a.c.WorkShopController {modifyWorkShop} [main] BEGIN modifyWorkShop
2025-05-01 03:49:15,844 INFO c.s.a.c.WorkShopController {modifyWorkShop} [main] END modifyWorkShop
2025-05-01 03:49:15,867 INFO c.s.a.c.WorkShopController {getWorkShop} [main] BEGIN getWorkShop
2025-05-01 03:49:15,870 INFO c.s.a.c.WorkShopController {getWorkShop} [main] END getWorkShop
2025-05-01 03:49:15,894 INFO c.s.a.c.WorkShopController {filterworkshops} [main] BEGIN getAll
2025-05-01 03:49:15,896 INFO c.s.a.c.WorkShopController {filterworkshops} [main] END getAll
2025-05-01 03:49:15,919 INFO c.s.a.c.WorkShopController {filterworkshops} [main] BEGIN getAll
2025-05-01 03:49:15,923 INFO c.s.a.c.WorkShopController {filterworkshops} [main] END getAll
2025-05-01 03:49:15,939 INFO c.s.a.c.WorkShopController {removeWorkShop} [main] BEGIN removeWorkShop
2025-05-01 03:49:15,940 INFO c.s.a.c.WorkShopController {removeWorkShop} [main] END removeWorkShop
2025-05-01 03:49:15,954 INFO c.s.a.c.WorkShopController {filterworkshops} [main] BEGIN getAll
2025-05-01 03:49:15,956 INFO c.s.a.c.WorkShopController {filterworkshops} [main] END getAll
2025-05-01 03:49:15,975 INFO c.s.a.c.WorkShopController {modifyWorkShop} [main] BEGIN modifyWorkShop
2025-05-01 03:49:16,016 INFO c.s.a.c.WorkShopController {removeWorkShop} [main] BEGIN removeWorkShop
2025-05-01 03:49:16,029 INFO c.s.a.c.WorkShopController {filterworkshops} [main] BEGIN getAll
2025-05-01 03:49:16,033 INFO c.s.a.c.WorkShopController {filterworkshops} [main] END getAll
2025-05-01 03:49:16,061 INFO c.s.a.c.WorkShopController {getWorkShop} [main] BEGIN getWorkShop
2025-05-01 03:49:16,080 INFO c.s.a.c.WorkShopController {filterworkshops} [main] BEGIN getAll
2025-05-01 03:49:16,081 INFO c.s.a.c.WorkShopController {filterworkshops} [main] END getAll
2025-05-01 03:49:16,103 INFO c.s.a.c.WorkShopController {addWorkShop} [main] BEGIN addWorkShop
2025-05-01 03:49:16,107 INFO c.s.a.c.WorkShopController {addWorkShop} [main] END addWorkShop
2025-05-01 03:52:24,679 INFO o.h.v.i.u.Version {<clinit>} [background-preinit] HV000001: Hibernate Validator 6.2.5.Final
2025-05-01 03:52:24,710 INFO o.s.b.StartupInfoLogger {logStarting} [main] Starting BikeControllerTests using Java 21 on DESKTOP-A2Q7539 with PID 4432 (started by 34618 in C:\Users\34618\Documents\2DAM Gdo. Superior\Acceso a datos 2DAM\hellospring)
2025-05-01 03:52:24,713 INFO o.s.b.SpringApplication {logStartupProfileInfo} [main] The following 1 profile is active: "test"
2025-05-01 03:52:30,455 INFO o.s.s.w.DefaultSecurityFilterChain {<init>} [main] Will secure any request with [org.springframework.security.web.session.DisableEncodeUrlFilter@1a1c21b4, org.springframework.security.web.context.request.async.WebAsyncManagerIntegrationFilter@1cd2ff5b, org.springframework.security.web.context.SecurityContextPersistenceFilter@6cc64028, org.springframework.security.web.header.HeaderWriterFilter@1d2fb82, org.springframework.security.web.authentication.logout.LogoutFilter@b5aa65b, org.springframework.security.web.savedrequest.RequestCacheAwareFilter@340cb97f, org.springframework.security.web.servletapi.SecurityContextHolderAwareRequestFilter@6a1568d6, org.springframework.security.web.authentication.AnonymousAuthenticationFilter@38ac8968, org.springframework.security.web.session.SessionManagementFilter@10f405ff, org.springframework.security.web.access.ExceptionTranslationFilter@6df4af5, org.springframework.security.web.access.intercept.FilterSecurityInterceptor@463afa6e]
2025-05-01 03:52:33,021 INFO o.s.m.w.MockServletContext {log} [main] Initializing Spring TestDispatcherServlet ''
2025-05-01 03:52:33,024 INFO o.s.w.s.FrameworkServlet {initServletBean} [main] Initializing Servlet ''
2025-05-01 03:52:33,028 INFO o.s.w.s.FrameworkServlet {initServletBean} [main] Completed initialization in 4 ms
2025-05-01 03:52:33,139 INFO o.s.b.StartupInfoLogger {logStarted} [main] Started BikeControllerTests in 10.312 seconds (JVM running for 14.088)
2025-05-01 03:52:33,579 INFO c.s.a.c.BikeController {filterBikes} [main] Filtrando bicicletas con parámetros: brand=, model=Alma, color=
2025-05-01 03:52:33,604 INFO c.s.a.c.BikeController {filterBikes} [main] Operación completada: Se obtuvieron 1 bicicletas filtradas
2025-05-01 03:52:34,010 INFO c.s.a.c.BikeController {filterBikes} [main] Filtrando bicicletas con parámetros: brand=Orbea, model=Alma, color=green
2025-05-01 03:52:34,011 INFO c.s.a.c.BikeController {filterBikes} [main] Operación completada: Se obtuvieron 1 bicicletas filtradas
2025-05-01 03:52:34,558 INFO c.s.a.c.BikeController {addBike} [main] BEGIN addBike
2025-05-01 03:52:34,611 INFO c.s.a.c.BikeController {filterBikes} [main] Filtrando bicicletas con parámetros: brand=Orbea, model=, color=
2025-05-01 03:52:34,613 INFO c.s.a.c.BikeController {filterBikes} [main] Operación completada: Se obtuvieron 2 bicicletas filtradas
2025-05-01 03:52:34,638 INFO c.s.a.c.BikeController {addBike} [main] BEGIN addBike
2025-05-01 03:52:34,640 INFO c.s.a.c.BikeController {addBike} [main] END addBike
2025-05-01 03:52:34,833 INFO c.s.a.c.BikeController {filterBikes} [main] Filtrando bicicletas con parámetros: brand=, model=, color=
2025-05-01 03:52:34,835 INFO c.s.a.c.BikeController {filterBikes} [main] Operación completada: Se obtuvieron 3 bicicletas filtradas
2025-05-01 03:52:34,881 INFO c.s.a.c.BikeController {filterBikes} [main] Filtrando bicicletas con parámetros: brand=, model=, color=green
2025-05-01 03:52:34,887 INFO c.s.a.c.BikeController {filterBikes} [main] Operación completada: Se obtuvieron 1 bicicletas filtradas
2025-05-01 03:52:34,935 INFO c.s.a.c.BikeController {getBike} [main] BEGIN getBike
2025-05-01 03:52:34,940 INFO c.s.a.c.BikeController {getBike} [main] END getBike
2025-05-01 03:52:35,070 INFO c.s.a.c.BikeController {removeBike} [main] BEGIN removeBike
2025-05-01 03:52:35,072 INFO c.s.a.c.BikeController {removeBike} [main] END removeBike
2025-05-01 03:52:35,131 INFO c.s.a.c.BikeController {modifyBike} [main] BEGIN modifyBike
2025-05-01 03:52:35,211 INFO c.s.a.c.BikeController {modifyBike} [main] BEGIN modifyBike
2025-05-01 03:52:35,211 INFO c.s.a.c.BikeController {modifyBike} [main] END modifyBike
2025-05-01 03:52:35,240 INFO c.s.a.c.BikeController {removeBike} [main] BEGIN removeBike
2025-05-01 03:52:35,265 INFO c.s.a.c.BikeController {getBike} [main] BEGIN getBike
2025-05-01 03:52:36,134 INFO o.s.t.c.s.AbstractTestContextBootstrapper {buildDefaultMergedContextConfiguration} [main] Neither @ContextConfiguration nor @ContextHierarchy found for test class [com.svalero.apibikes.MechanicControllerTests], using SpringBootContextLoader
2025-05-01 03:52:36,166 INFO o.s.t.c.s.AbstractContextLoader {generateDefaultLocations} [main] Could not detect default resource locations for test class [com.svalero.apibikes.MechanicControllerTests]: no resource found for suffixes {-context.xml, Context.groovy}.
2025-05-01 03:52:36,167 INFO o.s.t.c.s.AnnotationConfigContextLoaderUtils {detectDefaultConfigurationClasses} [main] Could not detect default configuration classes for test class [com.svalero.apibikes.MechanicControllerTests]: MechanicControllerTests does not declare any static, non-private, non-final, nested classes annotated with @Configuration.
2025-05-01 03:52:36,242 INFO o.s.b.t.c.SpringBootTestContextBootstrapper {getOrFindConfigurationClasses} [main] Found @SpringBootConfiguration com.svalero.apibikes.HellospringApplication for test class com.svalero.apibikes.MechanicControllerTests
2025-05-01 03:52:36,243 INFO o.s.t.c.s.AbstractTestContextBootstrapper {getDefaultTestExecutionListenerClassNames} [main] Loaded default TestExecutionListener class names from location [META-INF/spring.factories]: [org.springframework.boot.test.mock.mockito.MockitoTestExecutionListener, org.springframework.boot.test.mock.mockito.ResetMocksTestExecutionListener, org.springframework.boot.test.autoconfigure.restdocs.RestDocsTestExecutionListener, org.springframework.boot.test.autoconfigure.web.client.MockRestServiceServerResetTestExecutionListener, org.springframework.boot.test.autoconfigure.web.servlet.MockMvcPrintOnlyOnFailureTestExecutionListener, org.springframework.boot.test.autoconfigure.web.servlet.WebDriverTestExecutionListener, org.springframework.boot.test.autoconfigure.webservices.client.MockWebServiceServerTestExecutionListener, org.springframework.test.context.web.ServletTestExecutionListener, org.springframework.test.context.support.DirtiesContextBeforeModesTestExecutionListener, org.springframework.test.context.event.ApplicationEventsTestExecutionListener, org.springframework.test.context.support.DependencyInjectionTestExecutionListener, org.springframework.test.context.support.DirtiesContextTestExecutionListener, org.springframework.test.context.transaction.TransactionalTestExecutionListener, org.springframework.test.context.jdbc.SqlScriptsTestExecutionListener, org.springframework.test.context.event.EventPublishingTestExecutionListener]
2025-05-01 03:52:36,247 INFO o.s.t.c.s.AbstractTestContextBootstrapper {getTestExecutionListeners} [main] Using TestExecutionListeners: [org.springframework.test.context.web.ServletTestExecutionListener@26a9c6df, org.springframework.test.context.support.DirtiesContextBeforeModesTestExecutionListener@2ce24a1a, org.springframework.test.context.event.ApplicationEventsTestExecutionListener@26bce60d, org.springframework.boot.test.mock.mockito.MockitoTestExecutionListener@76eadc5a, org.springframework.boot.test.autoconfigure.SpringBootDependencyInjectionTestExecutionListener@1e9d7366, org.springframework.test.context.support.DirtiesContextTestExecutionListener@20914835, org.springframework.test.context.transaction.TransactionalTestExecutionListener@615c4ea4, org.springframework.test.context.jdbc.SqlScriptsTestExecutionListener@417446d9, org.springframework.test.context.event.EventPublishingTestExecutionListener@34070bd2, org.springframework.boot.test.mock.mockito.ResetMocksTestExecutionListener@1e7d3d87, org.springframework.boot.test.autoconfigure.restdocs.RestDocsTestExecutionListener@1dd76982, org.springframework.boot.test.autoconfigure.web.client.MockRestServiceServerResetTestExecutionListener@7e76a66f, org.springframework.boot.test.autoconfigure.web.servlet.MockMvcPrintOnlyOnFailureTestExecutionListener@72237be8, org.springframework.boot.test.autoconfigure.web.servlet.WebDriverTestExecutionListener@5c5f12e, org.springframework.boot.test.autoconfigure.webservices.client.MockWebServiceServerTestExecutionListener@23f8036d]
2025-05-01 03:52:36,827 INFO o.s.b.StartupInfoLogger {logStarting} [main] Starting MechanicControllerTests using Java 21 on DESKTOP-A2Q7539 with PID 4432 (started by 34618 in C:\Users\34618\Documents\2DAM Gdo. Superior\Acceso a datos 2DAM\hellospring)
2025-05-01 03:52:36,828 INFO o.s.b.SpringApplication {logStartupProfileInfo} [main] The following 1 profile is active: "test"
2025-05-01 03:52:38,435 INFO o.s.s.w.DefaultSecurityFilterChain {<init>} [main] Will secure any request with [org.springframework.security.web.session.DisableEncodeUrlFilter@73958426, org.springframework.security.web.context.request.async.WebAsyncManagerIntegrationFilter@23933031, org.springframework.security.web.context.SecurityContextPersistenceFilter@519b0f00, org.springframework.security.web.header.HeaderWriterFilter@47c5cbf2, org.springframework.security.web.authentication.logout.LogoutFilter@36330be8, org.springframework.security.web.savedrequest.RequestCacheAwareFilter@4888d1ea, org.springframework.security.web.servletapi.SecurityContextHolderAwareRequestFilter@217b0952, org.springframework.security.web.authentication.AnonymousAuthenticationFilter@4d0b7fd5, org.springframework.security.web.session.SessionManagementFilter@1031c1a0, org.springframework.security.web.access.ExceptionTranslationFilter@4aba7617, org.springframework.security.web.access.intercept.FilterSecurityInterceptor@1f19d423]
2025-05-01 03:52:39,403 INFO o.s.m.w.MockServletContext {log} [main] Initializing Spring TestDispatcherServlet ''
2025-05-01 03:52:39,404 INFO o.s.w.s.FrameworkServlet {initServletBean} [main] Initializing Servlet ''
2025-05-01 03:52:39,406 INFO o.s.w.s.FrameworkServlet {initServletBean} [main] Completed initialization in 0 ms
2025-05-01 03:52:39,451 INFO o.s.b.StartupInfoLogger {logStarted} [main] Started MechanicControllerTests in 3.178 seconds (JVM running for 20.401)
2025-05-01 03:52:39,479 INFO c.s.a.c.MechanicController {filtermechanics} [main] BEGIN getAll
2025-05-01 03:52:39,485 INFO c.s.a.c.MechanicController {filtermechanics} [main] END getAll
2025-05-01 03:52:39,555 INFO c.s.a.c.MechanicController {modifyMechanic} [main] BEGIN modifyMechanic
2025-05-01 03:52:39,560 INFO c.s.a.c.MechanicController {modifyMechanic} [main] END modifyMechanic
2025-05-01 03:52:39,574 INFO c.s.a.c.MechanicController {filtermechanics} [main] BEGIN getAll
2025-05-01 03:52:39,578 INFO c.s.a.c.MechanicController {filtermechanics} [main] END getAll
2025-05-01 03:52:39,595 INFO c.s.a.c.MechanicController {getMechanic} [main] BEGIN getMechanic
2025-05-01 03:52:39,617 INFO c.s.a.c.MechanicController {filtermechanics} [main] BEGIN getAll
2025-05-01 03:52:39,620 INFO c.s.a.c.MechanicController {filtermechanics} [main] END getAll
2025-05-01 03:52:39,633 INFO c.s.a.c.MechanicController {removeMechanic} [main] BEGIN removeMechanic
2025-05-01 03:52:39,637 INFO c.s.a.c.MechanicController {removeMechanic} [main] END removeMechanic
2025-05-01 03:52:39,683 INFO c.s.a.c.MechanicController {addMechanic} [main] BEGIN addMechanic
2025-05-01 03:52:39,688 INFO c.s.a.c.MechanicController {addMechanic} [main] END addMechanic
2025-05-01 03:52:39,705 INFO c.s.a.c.MechanicController {getMechanic} [main] BEGIN getMechanic
2025-05-01 03:52:39,710 INFO c.s.a.c.MechanicController {getMechanic} [main] END getMechanic
2025-05-01 03:52:39,736 INFO c.s.a.c.MechanicController {modifyMechanic} [main] BEGIN modifyMechanic
2025-05-01 03:52:39,748 INFO c.s.a.c.MechanicController {filtermechanics} [main] BEGIN getAll
2025-05-01 03:52:39,748 INFO c.s.a.c.MechanicController {filtermechanics} [main] END getAll
2025-05-01 03:52:39,765 INFO c.s.a.c.MechanicController {removeMechanic} [main] BEGIN removeMechanic
2025-05-01 03:52:39,780 INFO c.s.a.c.MechanicController {filtermechanics} [main] BEGIN getAll
2025-05-01 03:52:39,785 INFO c.s.a.c.MechanicController {filtermechanics} [main] END getAll
2025-05-01 03:52:40,020 INFO o.s.t.c.s.AbstractTestContextBootstrapper {buildDefaultMergedContextConfiguration} [main] Neither @ContextConfiguration nor @ContextHierarchy found for test class [com.svalero.apibikes.RepairOrderControllerTests], using SpringBootContextLoader
2025-05-01 03:52:40,023 INFO o.s.t.c.s.AbstractContextLoader {generateDefaultLocations} [main] Could not detect default resource locations for test class [com.svalero.apibikes.RepairOrderControllerTests]: no resource found for suffixes {-context.xml, Context.groovy}.
2025-05-01 03:52:40,023 INFO o.s.t.c.s.AnnotationConfigContextLoaderUtils {detectDefaultConfigurationClasses} [main] Could not detect default configuration classes for test class [com.svalero.apibikes.RepairOrderControllerTests]: RepairOrderControllerTests does not declare any static, non-private, non-final, nested classes annotated with @Configuration.
2025-05-01 03:52:40,040 INFO o.s.b.t.c.SpringBootTestContextBootstrapper {getOrFindConfigurationClasses} [main] Found @SpringBootConfiguration com.svalero.apibikes.HellospringApplication for test class com.svalero.apibikes.RepairOrderControllerTests
2025-05-01 03:52:40,060 INFO o.s.t.c.s.AbstractTestContextBootstrapper {getDefaultTestExecutionListenerClassNames} [main] Loaded default TestExecutionListener class names from location [META-INF/spring.factories]: [org.springframework.boot.test.mock.mockito.MockitoTestExecutionListener, org.springframework.boot.test.mock.mockito.ResetMocksTestExecutionListener, org.springframework.boot.test.autoconfigure.restdocs.RestDocsTestExecutionListener, org.springframework.boot.test.autoconfigure.web.client.MockRestServiceServerResetTestExecutionListener, org.springframework.boot.test.autoconfigure.web.servlet.MockMvcPrintOnlyOnFailureTestExecutionListener, org.springframework.boot.test.autoconfigure.web.servlet.WebDriverTestExecutionListener, org.springframework.boot.test.autoconfigure.webservices.client.MockWebServiceServerTestExecutionListener, org.springframework.test.context.web.ServletTestExecutionListener, org.springframework.test.context.support.DirtiesContextBeforeModesTestExecutionListener, org.springframework.test.context.event.ApplicationEventsTestExecutionListener, org.springframework.test.context.support.DependencyInjectionTestExecutionListener, org.springframework.test.context.support.DirtiesContextTestExecutionListener, org.springframework.test.context.transaction.TransactionalTestExecutionListener, org.springframework.test.context.jdbc.SqlScriptsTestExecutionListener, org.springframework.test.context.event.EventPublishingTestExecutionListener]
2025-05-01 03:52:40,062 INFO o.s.t.c.s.AbstractTestContextBootstrapper {getTestExecutionListeners} [main] Using TestExecutionListeners: [org.springframework.test.context.web.ServletTestExecutionListener@2a5d2041, org.springframework.test.context.support.DirtiesContextBeforeModesTestExecutionListener@3cacc87, org.springframework.test.context.event.ApplicationEventsTestExecutionListener@3bc6c10f, org.springframework.boot.test.mock.mockito.MockitoTestExecutionListener@3dcbbbc, org.springframework.boot.test.autoconfigure.SpringBootDependencyInjectionTestExecutionListener@4040ccae, org.springframework.test.context.support.DirtiesContextTestExecutionListener@15bb8ed5, org.springframework.test.context.transaction.TransactionalTestExecutionListener@18f8ebd4, org.springframework.test.context.jdbc.SqlScriptsTestExecutionListener@7e1fb22c, org.springframework.test.context.event.EventPublishingTestExecutionListener@38fc34fd, org.springframework.boot.test.mock.mockito.ResetMocksTestExecutionListener@7178d811, org.springframework.boot.test.autoconfigure.restdocs.RestDocsTestExecutionListener@2e013ba1, org.springframework.boot.test.autoconfigure.web.client.MockRestServiceServerResetTestExecutionListener@2d8c729f, org.springframework.boot.test.autoconfigure.web.servlet.MockMvcPrintOnlyOnFailureTestExecutionListener@740ee00f, org.springframework.boot.test.autoconfigure.web.servlet.WebDriverTestExecutionListener@430106cf, org.springframework.boot.test.autoconfigure.webservices.client.MockWebServiceServerTestExecutionListener@647af13d]
2025-05-01 03:52:40,136 INFO o.s.b.StartupInfoLogger {logStarting} [main] Starting RepairOrderControllerTests using Java 21 on DESKTOP-A2Q7539 with PID 4432 (started by 34618 in C:\Users\34618\Documents\2DAM Gdo. Superior\Acceso a datos 2DAM\hellospring)
2025-05-01 03:52:40,138 INFO o.s.b.SpringApplication {logStartupProfileInfo} [main] The following 1 profile is active: "test"
2025-05-01 03:52:40,873 INFO o.s.s.w.DefaultSecurityFilterChain {<init>} [main] Will secure any request with [org.springframework.security.web.session.DisableEncodeUrlFilter@1e6bd367, org.springframework.security.web.context.request.async.WebAsyncManagerIntegrationFilter@2bd7f686, org.springframework.security.web.context.SecurityContextPersistenceFilter@19ce19b7, org.springframework.security.web.header.HeaderWriterFilter@5751e53e, org.springframework.security.web.authentication.logout.LogoutFilter@43b45ce4, org.springframework.security.web.savedrequest.RequestCacheAwareFilter@13047d3d, org.springframework.security.web.servletapi.SecurityContextHolderAwareRequestFilter@4b240276, org.springframework.security.web.authentication.AnonymousAuthenticationFilter@3601549f, org.springframework.security.web.session.SessionManagementFilter@4e45fbd0, org.springframework.security.web.access.ExceptionTranslationFilter@4e789704, org.springframework.security.web.access.intercept.FilterSecurityInterceptor@2459333a]
2025-05-01 03:52:41,638 INFO o.s.m.w.MockServletContext {log} [main] Initializing Spring TestDispatcherServlet ''
2025-05-01 03:52:41,638 INFO o.s.w.s.FrameworkServlet {initServletBean} [main] Initializing Servlet ''
2025-05-01 03:52:41,640 INFO o.s.w.s.FrameworkServlet {initServletBean} [main] Completed initialization in 2 ms
2025-05-01 03:52:41,677 INFO o.s.b.StartupInfoLogger {logStarted} [main] Started RepairOrderControllerTests in 1.609 seconds (JVM running for 22.628)
2025-05-01 03:52:41,697 INFO c.s.a.c.RepairOrderController {filterRepairOrders} [main] Filtrando órdenes de reparación con parámetros: bikeId=null, mechanicId=null, workShopId=null
2025-05-01 03:52:41,752 INFO c.s.a.c.RepairOrderController {modifyRepairOrder} [main] BEGIN modifyRepairOrder
2025-05-01 03:52:41,778 INFO c.s.a.c.RepairOrderController {getRepairOrder} [main] BEGIN getRepairOrder
2025-05-01 03:52:41,780 INFO c.s.a.c.RepairOrderController {getRepairOrder} [main] END getRepairOrder
2025-05-01 03:52:41,831 INFO c.s.a.c.RepairOrderController {getRepairOrder} [main] BEGIN getRepairOrder
2025-05-01 03:52:41,844 INFO c.s.a.c.RepairOrderController {filterRepairOrders} [main] Filtrando órdenes de reparación con parámetros: bikeId=null, mechanicId=null, workShopId=10
2025-05-01 03:52:41,857 INFO c.s.a.c.RepairOrderController {removeRepairOrder} [main] BEGIN removeRepairOrder
2025-05-01 03:52:41,860 INFO c.s.a.c.RepairOrderController {removeRepairOrder} [main] END removeRepairOrder
2025-05-01 03:52:41,890 INFO c.s.a.c.RepairOrderController {removeRepairOrder} [main] BEGIN removeRepairOrder
2025-05-01 03:52:41,906 INFO c.s.a.c.RepairOrderController {filterRepairOrders} [main] Filtrando órdenes de reparación con parámetros: bikeId=null, mechanicId=9, workShopId=null
2025-05-01 03:52:41,918 INFO c.s.a.c.RepairOrderController {filterRepairOrders} [main] Filtrando órdenes de reparación con parámetros: bikeId=6, mechanicId=null, workShopId=null
2025-05-01 03:52:41,947 INFO c.s.a.c.RepairOrderController {modifyRepairOrder} [main] BEGIN modifyRepairOrder
2025-05-01 03:52:41,947 INFO c.s.a.c.RepairOrderController {modifyRepairOrder} [main] END modifyRepairOrder
2025-05-01 03:52:41,974 INFO c.s.a.c.RepairOrderController {filterRepairOrders} [main] Filtrando órdenes de reparación con parámetros: bikeId=8, mechanicId=7, workShopId=2
2025-05-01 03:52:41,987 INFO c.s.a.c.RepairOrderController {addRepairOrder} [main] BEGIN addRepairOrder
2025-05-01 03:52:41,995 INFO c.s.a.c.RepairOrderController {addRepairOrder} [main] END addRepairOrder
2025-05-01 03:52:42,215 INFO o.s.t.c.s.AbstractTestContextBootstrapper {buildDefaultMergedContextConfiguration} [main] Neither @ContextConfiguration nor @ContextHierarchy found for test class [com.svalero.apibikes.UserControllerTests], using SpringBootContextLoader
2025-05-01 03:52:42,216 INFO o.s.t.c.s.AbstractContextLoader {generateDefaultLocations} [main] Could not detect default resource locations for test class [com.svalero.apibikes.UserControllerTests]: no resource found for suffixes {-context.xml, Context.groovy}.
2025-05-01 03:52:42,216 INFO o.s.t.c.s.AnnotationConfigContextLoaderUtils {detectDefaultConfigurationClasses} [main] Could not detect default configuration classes for test class [com.svalero.apibikes.UserControllerTests]: UserControllerTests does not declare any static, non-private, non-final, nested classes annotated with @Configuration.
2025-05-01 03:52:42,232 INFO o.s.b.t.c.SpringBootTestContextBootstrapper {getOrFindConfigurationClasses} [main] Found @SpringBootConfiguration com.svalero.apibikes.HellospringApplication for test class com.svalero.apibikes.UserControllerTests
2025-05-01 03:52:42,234 INFO o.s.t.c.s.AbstractTestContextBootstrapper {getDefaultTestExecutionListenerClassNames} [main] Loaded default TestExecutionListener class names from location [META-INF/spring.factories]: [org.springframework.boot.test.mock.mockito.MockitoTestExecutionListener, org.springframework.boot.test.mock.mockito.ResetMocksTestExecutionListener, org.springframework.boot.test.autoconfigure.restdocs.RestDocsTestExecutionListener, org.springframework.boot.test.autoconfigure.web.client.MockRestServiceServerResetTestExecutionListener, org.springframework.boot.test.autoconfigure.web.servlet.MockMvcPrintOnlyOnFailureTestExecutionListener, org.springframework.boot.test.autoconfigure.web.servlet.WebDriverTestExecutionListener, org.springframework.boot.test.autoconfigure.webservices.client.MockWebServiceServerTestExecutionListener, org.springframework.test.context.web.ServletTestExecutionListener, org.springframework.test.context.support.DirtiesContextBeforeModesTestExecutionListener, org.springframework.test.context.event.ApplicationEventsTestExecutionListener, org.springframework.test.context.support.DependencyInjectionTestExecutionListener, org.springframework.test.context.support.DirtiesContextTestExecutionListener, org.springframework.test.context.transaction.TransactionalTestExecutionListener, org.springframework.test.context.jdbc.SqlScriptsTestExecutionListener, org.springframework.test.context.event.EventPublishingTestExecutionListener]
2025-05-01 03:52:42,236 INFO o.s.t.c.s.AbstractTestContextBootstrapper {getTestExecutionListeners} [main] Using TestExecutionListeners: [org.springframework.test.context.web.ServletTestExecutionListener@1382a7d8, org.springframework.test.context.support.DirtiesContextBeforeModesTestExecutionListener@6074d638, org.springframework.test.context.event.ApplicationEventsTestExecutionListener@402feb85, org.springframework.boot.test.mock.mockito.MockitoTestExecutionListener@14d53884, org.springframework.boot.test.autoconfigure.SpringBootDependencyInjectionTestExecutionListener@126ff1a1, org.springframework.test.context.support.DirtiesContextTestExecutionListener@546c30c2, org.springframework.test.context.transaction.TransactionalTestExecutionListener@6ba08a09, org.springframework.test.context.jdbc.SqlScriptsTestExecutionListener@568c9ee1, org.springframework.test.context.event.EventPublishingTestExecutionListener@3b839f68, org.springframework.boot.test.mock.mockito.ResetMocksTestExecutionListener@e5c52fa, org.springframework.boot.test.autoconfigure.restdocs.RestDocsTestExecutionListener@614361fa, org.springframework.boot.test.autoconfigure.web.client.MockRestServiceServerResetTestExecutionListener@538a90a5, org.springframework.boot.test.autoconfigure.web.servlet.MockMvcPrintOnlyOnFailureTestExecutionListener@74d53d63, org.springframework.boot.test.autoconfigure.web.servlet.WebDriverTestExecutionListener@18f27a81, org.springframework.boot.test.autoconfigure.webservices.client.MockWebServiceServerTestExecutionListener@624494d4]
2025-05-01 03:52:42,287 INFO o.s.b.StartupInfoLogger {logStarting} [main] Starting UserControllerTests using Java 21 on DESKTOP-A2Q7539 with PID 4432 (started by 34618 in C:\Users\34618\Documents\2DAM Gdo. Superior\Acceso a datos 2DAM\hellospring)
2025-05-01 03:52:42,289 INFO o.s.b.SpringApplication {logStartupProfileInfo} [main] The following 1 profile is active: "test"
2025-05-01 03:52:43,036 INFO o.s.s.w.DefaultSecurityFilterChain {<init>} [main] Will secure any request with [org.springframework.security.web.session.DisableEncodeUrlFilter@351be56b, org.springframework.security.web.context.request.async.WebAsyncManagerIntegrationFilter@212c0aff, org.springframework.security.web.context.SecurityContextPersistenceFilter@4b20aa21, org.springframework.security.web.header.HeaderWriterFilter@48bab2c6, org.springframework.security.web.authentication.logout.LogoutFilter@25e8a111, org.springframework.security.web.savedrequest.RequestCacheAwareFilter@f5167f0, org.springframework.security.web.servletapi.SecurityContextHolderAwareRequestFilter@1260c85e, org.springframework.security.web.authentication.AnonymousAuthenticationFilter@21780905, org.springframework.security.web.session.SessionManagementFilter@6ad26381, org.springframework.security.web.access.ExceptionTranslationFilter@1abbc1d4, org.springframework.security.web.access.intercept.FilterSecurityInterceptor@5cc669d]
2025-05-01 03:52:43,737 INFO o.s.m.w.MockServletContext {log} [main] Initializing Spring TestDispatcherServlet ''
2025-05-01 03:52:43,737 INFO o.s.w.s.FrameworkServlet {initServletBean} [main] Initializing Servlet ''
2025-05-01 03:52:43,741 INFO o.s.w.s.FrameworkServlet {initServletBean} [main] Completed initialization in 2 ms
2025-05-01 03:52:43,768 INFO o.s.b.StartupInfoLogger {logStarted} [main] Started UserControllerTests in 1.527 seconds (JVM running for 24.718)
2025-05-01 03:52:43,786 INFO c.s.a.c.UserController {getUser} [main] BEGIN getUser
2025-05-01 03:52:43,812 INFO c.s.a.c.UserController {filterusers} [main] BEGIN getAll
2025-05-01 03:52:43,814 INFO c.s.a.c.UserController {filterusers} [main] END getAll
2025-05-01 03:52:43,878 INFO c.s.a.c.UserController {filterusers} [main] BEGIN getAll
2025-05-01 03:52:43,880 INFO c.s.a.c.UserController {filterusers} [main] END getAll
2025-05-01 03:52:43,893 INFO c.s.a.c.UserController {filterusers} [main] BEGIN getAll
2025-05-01 03:52:43,895 INFO c.s.a.c.UserController {filterusers} [main] END getAll
2025-05-01 03:52:43,933 INFO c.s.a.c.UserController {removeUser} [main] BEGIN removeUser
2025-05-01 03:52:43,938 INFO c.s.a.c.UserController {removeUser} [main] END removeUser
2025-05-01 03:52:43,951 INFO c.s.a.c.UserController {getUser} [main] BEGIN getUser
2025-05-01 03:52:43,951 INFO c.s.a.c.UserController {getUser} [main] END getUser
2025-05-01 03:52:43,985 INFO c.s.a.c.UserController {modifyUser} [main] BEGIN modifyUser
2025-05-01 03:52:44,001 INFO c.s.a.c.UserController {filterusers} [main] BEGIN getAll
2025-05-01 03:52:44,003 INFO c.s.a.c.UserController {filterusers} [main] END getAll
2025-05-01 03:52:44,016 INFO c.s.a.c.UserController {filterusers} [main] BEGIN getAll
2025-05-01 03:52:44,016 INFO c.s.a.c.UserController {filterusers} [main] END getAll
2025-05-01 03:52:44,036 INFO c.s.a.c.UserController {modifyUser} [main] BEGIN modifyUser
2025-05-01 03:52:44,038 INFO c.s.a.c.UserController {modifyUser} [main] END modifyUser
2025-05-01 03:52:44,054 INFO c.s.a.c.UserController {removeUser} [main] BEGIN removeUser
2025-05-01 03:52:44,191 INFO o.s.t.c.s.AbstractTestContextBootstrapper {buildDefaultMergedContextConfiguration} [main] Neither @ContextConfiguration nor @ContextHierarchy found for test class [com.svalero.apibikes.WorkShopControllerTests], using SpringBootContextLoader
2025-05-01 03:52:44,193 INFO o.s.t.c.s.AbstractContextLoader {generateDefaultLocations} [main] Could not detect default resource locations for test class [com.svalero.apibikes.WorkShopControllerTests]: no resource found for suffixes {-context.xml, Context.groovy}.
2025-05-01 03:52:44,195 INFO o.s.t.c.s.AnnotationConfigContextLoaderUtils {detectDefaultConfigurationClasses} [main] Could not detect default configuration classes for test class [com.svalero.apibikes.WorkShopControllerTests]: WorkShopControllerTests does not declare any static, non-private, non-final, nested classes annotated with @Configuration.
2025-05-01 03:52:44,207 INFO o.s.b.t.c.SpringBootTestContextBootstrapper {getOrFindConfigurationClasses} [main] Found @SpringBootConfiguration com.svalero.apibikes.HellospringApplication for test class com.svalero.apibikes.WorkShopControllerTests
2025-05-01 03:52:44,210 INFO o.s.t.c.s.AbstractTestContextBootstrapper {getDefaultTestExecutionListenerClassNames} [main] Loaded default TestExecutionListener class names from location [META-INF/spring.factories]: [org.springframework.boot.test.mock.mockito.MockitoTestExecutionListener, org.springframework.boot.test.mock.mockito.ResetMocksTestExecutionListener, org.springframework.boot.test.autoconfigure.restdocs.RestDocsTestExecutionListener, org.springframework.boot.test.autoconfigure.web.client.MockRestServiceServerResetTestExecutionListener, org.springframework.boot.test.autoconfigure.web.servlet.MockMvcPrintOnlyOnFailureTestExecutionListener, org.springframework.boot.test.autoconfigure.web.servlet.WebDriverTestExecutionListener, org.springframework.boot.test.autoconfigure.webservices.client.MockWebServiceServerTestExecutionListener, org.springframework.test.context.web.ServletTestExecutionListener, org.springframework.test.context.support.DirtiesContextBeforeModesTestExecutionListener, org.springframework.test.context.event.ApplicationEventsTestExecutionListener, org.springframework.test.context.support.DependencyInjectionTestExecutionListener, org.springframework.test.context.support.DirtiesContextTestExecutionListener, org.springframework.test.context.transaction.TransactionalTestExecutionListener, org.springframework.test.context.jdbc.SqlScriptsTestExecutionListener, org.springframework.test.context.event.EventPublishingTestExecutionListener]
2025-05-01 03:52:44,213 INFO o.s.t.c.s.AbstractTestContextBootstrapper {getTestExecutionListeners} [main] Using TestExecutionListeners: [org.springframework.test.context.web.ServletTestExecutionListener@478fe415, org.springframework.test.context.support.DirtiesContextBeforeModesTestExecutionListener@197180a5, org.springframework.test.context.event.ApplicationEventsTestExecutionListener@31028e45, org.springframework.boot.test.mock.mockito.MockitoTestExecutionListener@68f75a35, org.springframework.boot.test.autoconfigure.SpringBootDependencyInjectionTestExecutionListener@50e0b472, org.springframework.test.context.support.DirtiesContextTestExecutionListener@45017263, org.springframework.test.context.transaction.TransactionalTestExecutionListener@6054ac20, org.springframework.test.context.jdbc.SqlScriptsTestExecutionListener@32a074ed, org.springframework.test.context.event.EventPublishingTestExecutionListener@673605ef, org.springframework.boot.test.mock.mockito.ResetMocksTestExecutionListener@29eaf100, org.springframework.boot.test.autoconfigure.restdocs.RestDocsTestExecutionListener@6c1a6db1, org.springframework.boot.test.autoconfigure.web.client.MockRestServiceServerResetTestExecutionListener@5dac6bc3, org.springframework.boot.test.autoconfigure.web.servlet.MockMvcPrintOnlyOnFailureTestExecutionListener@a6204e4, org.springframework.boot.test.autoconfigure.web.servlet.WebDriverTestExecutionListener@747e8659, org.springframework.boot.test.autoconfigure.webservices.client.MockWebServiceServerTestExecutionListener@4b360a82]
2025-05-01 03:52:44,293 INFO o.s.b.StartupInfoLogger {logStarting} [main] Starting WorkShopControllerTests using Java 21 on DESKTOP-A2Q7539 with PID 4432 (started by 34618 in C:\Users\34618\Documents\2DAM Gdo. Superior\Acceso a datos 2DAM\hellospring)
2025-05-01 03:52:44,293 INFO o.s.b.SpringApplication {logStartupProfileInfo} [main] The following 1 profile is active: "test"
2025-05-01 03:52:45,022 INFO o.s.s.w.DefaultSecurityFilterChain {<init>} [main] Will secure any request with [org.springframework.security.web.session.DisableEncodeUrlFilter@3b3190fd, org.springframework.security.web.context.request.async.WebAsyncManagerIntegrationFilter@219dd935, org.springframework.security.web.context.SecurityContextPersistenceFilter@3c4e23be, org.springframework.security.web.header.HeaderWriterFilter@5b7b0ada, org.springframework.security.web.authentication.logout.LogoutFilter@488b46da, org.springframework.security.web.savedrequest.RequestCacheAwareFilter@1d6a0962, org.springframework.security.web.servletapi.SecurityContextHolderAwareRequestFilter@1ec4fdcf, org.springframework.security.web.authentication.AnonymousAuthenticationFilter@66859ea9, org.springframework.security.web.session.SessionManagementFilter@705d72f0, org.springframework.security.web.access.ExceptionTranslationFilter@3702d0ed, org.springframework.security.web.access.intercept.FilterSecurityInterceptor@5552d10]
2025-05-01 03:52:45,846 INFO o.s.m.w.MockServletContext {log} [main] Initializing Spring TestDispatcherServlet ''
2025-05-01 03:52:45,848 INFO o.s.w.s.FrameworkServlet {initServletBean} [main] Initializing Servlet ''
2025-05-01 03:52:45,851 INFO o.s.w.s.FrameworkServlet {initServletBean} [main] Completed initialization in 3 ms
2025-05-01 03:52:45,878 INFO o.s.b.StartupInfoLogger {logStarted} [main] Started WorkShopControllerTests in 1.66 seconds (JVM running for 26.827)
2025-05-01 03:52:45,986 INFO c.s.a.c.WorkShopController {modifyWorkShop} [main] BEGIN modifyWorkShop
2025-05-01 03:52:45,992 INFO c.s.a.c.WorkShopController {modifyWorkShop} [main] END modifyWorkShop
2025-05-01 03:52:46,010 INFO c.s.a.c.WorkShopController {getWorkShop} [main] BEGIN getWorkShop
2025-05-01 03:52:46,015 INFO c.s.a.c.WorkShopController {getWorkShop} [main] END getWorkShop
2025-05-01 03:52:46,035 INFO c.s.a.c.WorkShopController {filterworkshops} [main] BEGIN getAll
2025-05-01 03:52:46,043 INFO c.s.a.c.WorkShopController {filterworkshops} [main] END getAll
2025-05-01 03:52:46,056 INFO c.s.a.c.WorkShopController {filterworkshops} [main] BEGIN getAll
2025-05-01 03:52:46,060 INFO c.s.a.c.WorkShopController {filterworkshops} [main] END getAll
2025-05-01 03:52:46,070 INFO c.s.a.c.WorkShopController {removeWorkShop} [main] BEGIN removeWorkShop
2025-05-01 03:52:46,076 INFO c.s.a.c.WorkShopController {removeWorkShop} [main] END removeWorkShop
2025-05-01 03:52:46,088 INFO c.s.a.c.WorkShopController {filterworkshops} [main] BEGIN getAll
2025-05-01 03:52:46,093 INFO c.s.a.c.WorkShopController {filterworkshops} [main] END getAll
2025-05-01 03:52:46,107 INFO c.s.a.c.WorkShopController {modifyWorkShop} [main] BEGIN modifyWorkShop
2025-05-01 03:52:46,136 INFO c.s.a.c.WorkShopController {removeWorkShop} [main] BEGIN removeWorkShop
2025-05-01 03:52:46,152 INFO c.s.a.c.WorkShopController {filterworkshops} [main] BEGIN getAll
2025-05-01 03:52:46,155 INFO c.s.a.c.WorkShopController {filterworkshops} [main] END getAll
2025-05-01 03:52:46,178 INFO c.s.a.c.WorkShopController {getWorkShop} [main] BEGIN getWorkShop
2025-05-01 03:52:46,193 INFO c.s.a.c.WorkShopController {filterworkshops} [main] BEGIN getAll
2025-05-01 03:52:46,200 INFO c.s.a.c.WorkShopController {filterworkshops} [main] END getAll
2025-05-01 03:52:46,210 INFO c.s.a.c.WorkShopController {addWorkShop} [main] BEGIN addWorkShop
2025-05-01 03:52:46,210 INFO c.s.a.c.WorkShopController {addWorkShop} [main] END addWorkShop
2025-05-01 03:54:48,522 INFO o.h.v.i.u.Version {<clinit>} [background-preinit] HV000001: Hibernate Validator 6.2.5.Final
2025-05-01 03:54:48,560 INFO o.s.b.StartupInfoLogger {logStarting} [main] Starting BikeControllerTests using Java 21 on DESKTOP-A2Q7539 with PID 11112 (started by 34618 in C:\Users\34618\Documents\2DAM Gdo. Superior\Acceso a datos 2DAM\hellospring)
2025-05-01 03:54:48,563 INFO o.s.b.SpringApplication {logStartupProfileInfo} [main] The following 1 profile is active: "test"
2025-05-01 03:54:55,077 INFO o.s.s.w.DefaultSecurityFilterChain {<init>} [main] Will secure any request with [org.springframework.security.web.session.DisableEncodeUrlFilter@1cd2ff5b, org.springframework.security.web.context.request.async.WebAsyncManagerIntegrationFilter@38ac8968, org.springframework.security.web.context.SecurityContextPersistenceFilter@291a4791, org.springframework.security.web.header.HeaderWriterFilter@34045582, org.springframework.security.web.authentication.logout.LogoutFilter@76cdafa3, org.springframework.security.web.savedrequest.RequestCacheAwareFilter@6a1568d6, org.springframework.security.web.servletapi.SecurityContextHolderAwareRequestFilter@11c88cca, org.springframework.security.web.authentication.AnonymousAuthenticationFilter@17ff8810, org.springframework.security.web.session.SessionManagementFilter@7f27f59b, org.springframework.security.web.access.ExceptionTranslationFilter@26e8ff8c, org.springframework.security.web.access.intercept.FilterSecurityInterceptor@7b96de8d]
2025-05-01 03:54:59,151 INFO o.s.m.w.MockServletContext {log} [main] Initializing Spring TestDispatcherServlet ''
2025-05-01 03:54:59,157 INFO o.s.w.s.FrameworkServlet {initServletBean} [main] Initializing Servlet ''
2025-05-01 03:54:59,164 INFO o.s.w.s.FrameworkServlet {initServletBean} [main] Completed initialization in 4 ms
2025-05-01 03:54:59,293 INFO o.s.b.StartupInfoLogger {logStarted} [main] Started BikeControllerTests in 12.365 seconds (JVM running for 16.172)
2025-05-01 03:54:59,824 INFO c.s.a.c.BikeController {filterBikes} [main] Filtrando bicicletas con parámetros: brand=, model=Alma, color=
2025-05-01 03:54:59,855 INFO c.s.a.c.BikeController {filterBikes} [main] Operación completada: Se obtuvieron 1 bicicletas filtradas
2025-05-01 03:55:00,410 INFO c.s.a.c.BikeController {filterBikes} [main] Filtrando bicicletas con parámetros: brand=Orbea, model=Alma, color=green
2025-05-01 03:55:00,416 INFO c.s.a.c.BikeController {filterBikes} [main] Operación completada: Se obtuvieron 1 bicicletas filtradas
2025-05-01 03:55:00,818 INFO c.s.a.c.BikeController {addBike} [main] BEGIN addBike
2025-05-01 03:55:00,903 INFO c.s.a.c.BikeController {filterBikes} [main] Filtrando bicicletas con parámetros: brand=Orbea, model=, color=
2025-05-01 03:55:00,906 INFO c.s.a.c.BikeController {filterBikes} [main] Operación completada: Se obtuvieron 2 bicicletas filtradas
2025-05-01 03:55:00,933 INFO c.s.a.c.BikeController {addBike} [main] BEGIN addBike
2025-05-01 03:55:00,937 INFO c.s.a.c.BikeController {addBike} [main] END addBike
2025-05-01 03:55:01,104 INFO c.s.a.c.BikeController {filterBikes} [main] Filtrando bicicletas con parámetros: brand=, model=, color=
2025-05-01 03:55:01,105 INFO c.s.a.c.BikeController {filterBikes} [main] Operación completada: Se obtuvieron 3 bicicletas filtradas
2025-05-01 03:55:01,127 INFO c.s.a.c.BikeController {filterBikes} [main] Filtrando bicicletas con parámetros: brand=, model=, color=green
2025-05-01 03:55:01,129 INFO c.s.a.c.BikeController {filterBikes} [main] Operación completada: Se obtuvieron 1 bicicletas filtradas
2025-05-01 03:55:01,158 INFO c.s.a.c.BikeController {getBike} [main] BEGIN getBike
2025-05-01 03:55:01,165 INFO c.s.a.c.BikeController {getBike} [main] END getBike
2025-05-01 03:55:01,268 INFO c.s.a.c.BikeController {removeBike} [main] BEGIN removeBike
2025-05-01 03:55:01,271 INFO c.s.a.c.BikeController {removeBike} [main] END removeBike
2025-05-01 03:55:01,311 INFO c.s.a.c.BikeController {modifyBike} [main] BEGIN modifyBike
2025-05-01 03:55:01,388 INFO c.s.a.c.BikeController {modifyBike} [main] BEGIN modifyBike
2025-05-01 03:55:01,391 INFO c.s.a.c.BikeController {modifyBike} [main] END modifyBike
2025-05-01 03:55:01,424 INFO c.s.a.c.BikeController {removeBike} [main] BEGIN removeBike
2025-05-01 03:55:01,449 INFO c.s.a.c.BikeController {getBike} [main] BEGIN getBike
2025-05-01 03:55:02,467 INFO o.s.t.c.s.AbstractTestContextBootstrapper {buildDefaultMergedContextConfiguration} [main] Neither @ContextConfiguration nor @ContextHierarchy found for test class [com.svalero.apibikes.MechanicControllerTests], using SpringBootContextLoader
2025-05-01 03:55:02,470 INFO o.s.t.c.s.AbstractContextLoader {generateDefaultLocations} [main] Could not detect default resource locations for test class [com.svalero.apibikes.MechanicControllerTests]: no resource found for suffixes {-context.xml, Context.groovy}.
2025-05-01 03:55:02,470 INFO o.s.t.c.s.AnnotationConfigContextLoaderUtils {detectDefaultConfigurationClasses} [main] Could not detect default configuration classes for test class [com.svalero.apibikes.MechanicControllerTests]: MechanicControllerTests does not declare any static, non-private, non-final, nested classes annotated with @Configuration.
2025-05-01 03:55:02,504 INFO o.s.b.t.c.SpringBootTestContextBootstrapper {getOrFindConfigurationClasses} [main] Found @SpringBootConfiguration com.svalero.apibikes.HellospringApplication for test class com.svalero.apibikes.MechanicControllerTests
2025-05-01 03:55:02,513 INFO o.s.t.c.s.AbstractTestContextBootstrapper {getDefaultTestExecutionListenerClassNames} [main] Loaded default TestExecutionListener class names from location [META-INF/spring.factories]: [org.springframework.boot.test.mock.mockito.MockitoTestExecutionListener, org.springframework.boot.test.mock.mockito.ResetMocksTestExecutionListener, org.springframework.boot.test.autoconfigure.restdocs.RestDocsTestExecutionListener, org.springframework.boot.test.autoconfigure.web.client.MockRestServiceServerResetTestExecutionListener, org.springframework.boot.test.autoconfigure.web.servlet.MockMvcPrintOnlyOnFailureTestExecutionListener, org.springframework.boot.test.autoconfigure.web.servlet.WebDriverTestExecutionListener, org.springframework.boot.test.autoconfigure.webservices.client.MockWebServiceServerTestExecutionListener, org.springframework.test.context.web.ServletTestExecutionListener, org.springframework.test.context.support.DirtiesContextBeforeModesTestExecutionListener, org.springframework.test.context.event.ApplicationEventsTestExecutionListener, org.springframework.test.context.support.DependencyInjectionTestExecutionListener, org.springframework.test.context.support.DirtiesContextTestExecutionListener, org.springframework.test.context.transaction.TransactionalTestExecutionListener, org.springframework.test.context.jdbc.SqlScriptsTestExecutionListener, org.springframework.test.context.event.EventPublishingTestExecutionListener]
2025-05-01 03:55:02,531 INFO o.s.t.c.s.AbstractTestContextBootstrapper {getTestExecutionListeners} [main] Using TestExecutionListeners: [org.springframework.test.context.web.ServletTestExecutionListener@26f480c6, org.springframework.test.context.support.DirtiesContextBeforeModesTestExecutionListener@2567c091, org.springframework.test.context.event.ApplicationEventsTestExecutionListener@7747cc1b, org.springframework.boot.test.mock.mockito.MockitoTestExecutionListener@76cf91c9, org.springframework.boot.test.autoconfigure.SpringBootDependencyInjectionTestExecutionListener@74bfdd66, org.springframework.test.context.support.DirtiesContextTestExecutionListener@6fc7e828, org.springframework.test.context.transaction.TransactionalTestExecutionListener@26a9c6df, org.springframework.test.context.jdbc.SqlScriptsTestExecutionListener@2ce24a1a, org.springframework.test.context.event.EventPublishingTestExecutionListener@26bce60d, org.springframework.boot.test.mock.mockito.ResetMocksTestExecutionListener@76eadc5a, org.springframework.boot.test.autoconfigure.restdocs.RestDocsTestExecutionListener@1e9d7366, org.springframework.boot.test.autoconfigure.web.client.MockRestServiceServerResetTestExecutionListener@20914835, org.springframework.boot.test.autoconfigure.web.servlet.MockMvcPrintOnlyOnFailureTestExecutionListener@615c4ea4, org.springframework.boot.test.autoconfigure.web.servlet.WebDriverTestExecutionListener@417446d9, org.springframework.boot.test.autoconfigure.webservices.client.MockWebServiceServerTestExecutionListener@34070bd2]
2025-05-01 03:55:02,722 INFO o.s.b.StartupInfoLogger {logStarting} [main] Starting MechanicControllerTests using Java 21 on DESKTOP-A2Q7539 with PID 11112 (started by 34618 in C:\Users\34618\Documents\2DAM Gdo. Superior\Acceso a datos 2DAM\hellospring)
2025-05-01 03:55:02,722 INFO o.s.b.SpringApplication {logStartupProfileInfo} [main] The following 1 profile is active: "test"
2025-05-01 03:55:03,922 INFO o.s.s.w.DefaultSecurityFilterChain {<init>} [main] Will secure any request with [org.springframework.security.web.session.DisableEncodeUrlFilter@3fd9e01c, org.springframework.security.web.context.request.async.WebAsyncManagerIntegrationFilter@36330be8, org.springframework.security.web.context.SecurityContextPersistenceFilter@264576e4, org.springframework.security.web.header.HeaderWriterFilter@68f79b7c, org.springframework.security.web.authentication.logout.LogoutFilter@47c5cbf2, org.springframework.security.web.savedrequest.RequestCacheAwareFilter@86bf90b, org.springframework.security.web.servletapi.SecurityContextHolderAwareRequestFilter@5c13af01, org.springframework.security.web.authentication.AnonymousAuthenticationFilter@38ba8b45, org.springframework.security.web.session.SessionManagementFilter@37142579, org.springframework.security.web.access.ExceptionTranslationFilter@6159fb3c, org.springframework.security.web.access.intercept.FilterSecurityInterceptor@217b0952]
2025-05-01 03:55:04,995 INFO o.s.m.w.MockServletContext {log} [main] Initializing Spring TestDispatcherServlet ''
2025-05-01 03:55:04,997 INFO o.s.w.s.FrameworkServlet {initServletBean} [main] Initializing Servlet ''
2025-05-01 03:55:05,001 INFO o.s.w.s.FrameworkServlet {initServletBean} [main] Completed initialization in 2 ms
2025-05-01 03:55:05,040 INFO o.s.b.StartupInfoLogger {logStarted} [main] Started MechanicControllerTests in 2.5 seconds (JVM running for 21.922)
2025-05-01 03:55:05,090 INFO c.s.a.c.MechanicController {filtermechanics} [main] BEGIN getAll
2025-05-01 03:55:05,095 INFO c.s.a.c.MechanicController {filtermechanics} [main] END getAll
2025-05-01 03:55:05,189 INFO c.s.a.c.MechanicController {modifyMechanic} [main] BEGIN modifyMechanic
2025-05-01 03:55:05,192 INFO c.s.a.c.MechanicController {modifyMechanic} [main] END modifyMechanic
2025-05-01 03:55:05,214 INFO c.s.a.c.MechanicController {filtermechanics} [main] BEGIN getAll
2025-05-01 03:55:05,218 INFO c.s.a.c.MechanicController {filtermechanics} [main] END getAll
2025-05-01 03:55:05,244 INFO c.s.a.c.MechanicController {getMechanic} [main] BEGIN getMechanic
2025-05-01 03:55:05,275 INFO c.s.a.c.MechanicController {filtermechanics} [main] BEGIN getAll
2025-05-01 03:55:05,280 INFO c.s.a.c.MechanicController {filtermechanics} [main] END getAll
2025-05-01 03:55:05,303 INFO c.s.a.c.MechanicController {removeMechanic} [main] BEGIN removeMechanic
2025-05-01 03:55:05,303 INFO c.s.a.c.MechanicController {removeMechanic} [main] END removeMechanic
2025-05-01 03:55:05,375 INFO c.s.a.c.MechanicController {addMechanic} [main] BEGIN addMechanic
2025-05-01 03:55:05,380 INFO c.s.a.c.MechanicController {addMechanic} [main] END addMechanic
2025-05-01 03:55:05,403 INFO c.s.a.c.MechanicController {getMechanic} [main] BEGIN getMechanic
2025-05-01 03:55:05,409 INFO c.s.a.c.MechanicController {getMechanic} [main] END getMechanic
2025-05-01 03:55:05,453 INFO c.s.a.c.MechanicController {modifyMechanic} [main] BEGIN modifyMechanic
2025-05-01 03:55:05,475 INFO c.s.a.c.MechanicController {filtermechanics} [main] BEGIN getAll
2025-05-01 03:55:05,475 INFO c.s.a.c.MechanicController {filtermechanics} [main] END getAll
2025-05-01 03:55:05,507 INFO c.s.a.c.MechanicController {removeMechanic} [main] BEGIN removeMechanic
2025-05-01 03:55:05,529 INFO c.s.a.c.MechanicController {filtermechanics} [main] BEGIN getAll
2025-05-01 03:55:05,536 INFO c.s.a.c.MechanicController {filtermechanics} [main] END getAll
2025-05-01 03:55:05,737 INFO o.s.t.c.s.AbstractTestContextBootstrapper {buildDefaultMergedContextConfiguration} [main] Neither @ContextConfiguration nor @ContextHierarchy found for test class [com.svalero.apibikes.RepairOrderControllerTests], using SpringBootContextLoader
2025-05-01 03:55:05,739 INFO o.s.t.c.s.AbstractContextLoader {generateDefaultLocations} [main] Could not detect default resource locations for test class [com.svalero.apibikes.RepairOrderControllerTests]: no resource found for suffixes {-context.xml, Context.groovy}.
2025-05-01 03:55:05,739 INFO o.s.t.c.s.AnnotationConfigContextLoaderUtils {detectDefaultConfigurationClasses} [main] Could not detect default configuration classes for test class [com.svalero.apibikes.RepairOrderControllerTests]: RepairOrderControllerTests does not declare any static, non-private, non-final, nested classes annotated with @Configuration.
2025-05-01 03:55:05,765 INFO o.s.b.t.c.SpringBootTestContextBootstrapper {getOrFindConfigurationClasses} [main] Found @SpringBootConfiguration com.svalero.apibikes.HellospringApplication for test class com.svalero.apibikes.RepairOrderControllerTests
2025-05-01 03:55:05,767 INFO o.s.t.c.s.AbstractTestContextBootstrapper {getDefaultTestExecutionListenerClassNames} [main] Loaded default TestExecutionListener class names from location [META-INF/spring.factories]: [org.springframework.boot.test.mock.mockito.MockitoTestExecutionListener, org.springframework.boot.test.mock.mockito.ResetMocksTestExecutionListener, org.springframework.boot.test.autoconfigure.restdocs.RestDocsTestExecutionListener, org.springframework.boot.test.autoconfigure.web.client.MockRestServiceServerResetTestExecutionListener, org.springframework.boot.test.autoconfigure.web.servlet.MockMvcPrintOnlyOnFailureTestExecutionListener, org.springframework.boot.test.autoconfigure.web.servlet.WebDriverTestExecutionListener, org.springframework.boot.test.autoconfigure.webservices.client.MockWebServiceServerTestExecutionListener, org.springframework.test.context.web.ServletTestExecutionListener, org.springframework.test.context.support.DirtiesContextBeforeModesTestExecutionListener, org.springframework.test.context.event.ApplicationEventsTestExecutionListener, org.springframework.test.context.support.DependencyInjectionTestExecutionListener, org.springframework.test.context.support.DirtiesContextTestExecutionListener, org.springframework.test.context.transaction.TransactionalTestExecutionListener, org.springframework.test.context.jdbc.SqlScriptsTestExecutionListener, org.springframework.test.context.event.EventPublishingTestExecutionListener]
2025-05-01 03:55:05,770 INFO o.s.t.c.s.AbstractTestContextBootstrapper {getTestExecutionListeners} [main] Using TestExecutionListeners: [org.springframework.test.context.web.ServletTestExecutionListener@74e2cfc5, org.springframework.test.context.support.DirtiesContextBeforeModesTestExecutionListener@4a5d5b38, org.springframework.test.context.event.ApplicationEventsTestExecutionListener@7a47f0be, org.springframework.boot.test.mock.mockito.MockitoTestExecutionListener@2d8087da, org.springframework.boot.test.autoconfigure.SpringBootDependencyInjectionTestExecutionListener@4f7ef948, org.springframework.test.context.support.DirtiesContextTestExecutionListener@6fdaef04, org.springframework.test.context.transaction.TransactionalTestExecutionListener@2a5d2041, org.springframework.test.context.jdbc.SqlScriptsTestExecutionListener@3cacc87, org.springframework.test.context.event.EventPublishingTestExecutionListener@3bc6c10f, org.springframework.boot.test.mock.mockito.ResetMocksTestExecutionListener@3dcbbbc, org.springframework.boot.test.autoconfigure.restdocs.RestDocsTestExecutionListener@4040ccae, org.springframework.boot.test.autoconfigure.web.client.MockRestServiceServerResetTestExecutionListener@15bb8ed5, org.springframework.boot.test.autoconfigure.web.servlet.MockMvcPrintOnlyOnFailureTestExecutionListener@18f8ebd4, org.springframework.boot.test.autoconfigure.web.servlet.WebDriverTestExecutionListener@7e1fb22c, org.springframework.boot.test.autoconfigure.webservices.client.MockWebServiceServerTestExecutionListener@38fc34fd]
2025-05-01 03:55:05,852 INFO o.s.b.StartupInfoLogger {logStarting} [main] Starting RepairOrderControllerTests using Java 21 on DESKTOP-A2Q7539 with PID 11112 (started by 34618 in C:\Users\34618\Documents\2DAM Gdo. Superior\Acceso a datos 2DAM\hellospring)
2025-05-01 03:55:05,853 INFO o.s.b.SpringApplication {logStartupProfileInfo} [main] The following 1 profile is active: "test"
2025-05-01 03:55:06,824 INFO o.s.s.w.DefaultSecurityFilterChain {<init>} [main] Will secure any request with [org.springframework.security.web.session.DisableEncodeUrlFilter@2a5efbb9, org.springframework.security.web.context.request.async.WebAsyncManagerIntegrationFilter@43b45ce4, org.springframework.security.web.context.SecurityContextPersistenceFilter@706d2bae, org.springframework.security.web.header.HeaderWriterFilter@2b19b346, org.springframework.security.web.authentication.logout.LogoutFilter@5751e53e, org.springframework.security.web.savedrequest.RequestCacheAwareFilter@3205610d, org.springframework.security.web.servletapi.SecurityContextHolderAwareRequestFilter@54e06788, org.springframework.security.web.authentication.AnonymousAuthenticationFilter@73e93c3a, org.springframework.security.web.session.SessionManagementFilter@37c5b8e8, org.springframework.security.web.access.ExceptionTranslationFilter@215c6ec0, org.springframework.security.web.access.intercept.FilterSecurityInterceptor@4b240276]
2025-05-01 03:55:07,905 INFO o.s.m.w.MockServletContext {log} [main] Initializing Spring TestDispatcherServlet ''
2025-05-01 03:55:07,907 INFO o.s.w.s.FrameworkServlet {initServletBean} [main] Initializing Servlet ''
2025-05-01 03:55:07,909 INFO o.s.w.s.FrameworkServlet {initServletBean} [main] Completed initialization in 2 ms
2025-05-01 03:55:07,939 INFO o.s.b.StartupInfoLogger {logStarted} [main] Started RepairOrderControllerTests in 2.169 seconds (JVM running for 24.823)
2025-05-01 03:55:07,969 INFO c.s.a.c.RepairOrderController {filterRepairOrders} [main] Filtrando órdenes de reparación con parámetros: bikeId=null, mechanicId=null, workShopId=null
2025-05-01 03:55:08,038 INFO c.s.a.c.RepairOrderController {modifyRepairOrder} [main] BEGIN modifyRepairOrder
2025-05-01 03:55:08,063 INFO c.s.a.c.RepairOrderController {getRepairOrder} [main] BEGIN getRepairOrder
2025-05-01 03:55:08,070 INFO c.s.a.c.RepairOrderController {getRepairOrder} [main] END getRepairOrder
2025-05-01 03:55:08,118 INFO c.s.a.c.RepairOrderController {getRepairOrder} [main] BEGIN getRepairOrder
2025-05-01 03:55:08,136 INFO c.s.a.c.RepairOrderController {filterRepairOrders} [main] Filtrando órdenes de reparación con parámetros: bikeId=null, mechanicId=null, workShopId=10
2025-05-01 03:55:08,155 INFO c.s.a.c.RepairOrderController {removeRepairOrder} [main] BEGIN removeRepairOrder
2025-05-01 03:55:08,157 INFO c.s.a.c.RepairOrderController {removeRepairOrder} [main] END removeRepairOrder
2025-05-01 03:55:08,193 INFO c.s.a.c.RepairOrderController {removeRepairOrder} [main] BEGIN removeRepairOrder
2025-05-01 03:55:08,214 INFO c.s.a.c.RepairOrderController {filterRepairOrders} [main] Filtrando órdenes de reparación con parámetros: bikeId=null, mechanicId=9, workShopId=null
2025-05-01 03:55:08,228 INFO c.s.a.c.RepairOrderController {filterRepairOrders} [main] Filtrando órdenes de reparación con parámetros: bikeId=6, mechanicId=null, workShopId=null
2025-05-01 03:55:08,269 INFO c.s.a.c.RepairOrderController {modifyRepairOrder} [main] BEGIN modifyRepairOrder
2025-05-01 03:55:08,270 INFO c.s.a.c.RepairOrderController {modifyRepairOrder} [main] END modifyRepairOrder
2025-05-01 03:55:08,308 INFO c.s.a.c.RepairOrderController {filterRepairOrders} [main] Filtrando órdenes de reparación con parámetros: bikeId=8, mechanicId=7, workShopId=2
2025-05-01 03:55:08,327 INFO c.s.a.c.RepairOrderController {addRepairOrder} [main] BEGIN addRepairOrder
2025-05-01 03:55:08,327 INFO c.s.a.c.RepairOrderController {addRepairOrder} [main] END addRepairOrder
2025-05-01 03:55:08,656 INFO o.s.t.c.s.AbstractTestContextBootstrapper {buildDefaultMergedContextConfiguration} [main] Neither @ContextConfiguration nor @ContextHierarchy found for test class [com.svalero.apibikes.UserControllerTests], using SpringBootContextLoader
2025-05-01 03:55:08,658 INFO o.s.t.c.s.AbstractContextLoader {generateDefaultLocations} [main] Could not detect default resource locations for test class [com.svalero.apibikes.UserControllerTests]: no resource found for suffixes {-context.xml, Context.groovy}.
2025-05-01 03:55:08,658 INFO o.s.t.c.s.AnnotationConfigContextLoaderUtils {detectDefaultConfigurationClasses} [main] Could not detect default configuration classes for test class [com.svalero.apibikes.UserControllerTests]: UserControllerTests does not declare any static, non-private, non-final, nested classes annotated with @Configuration.
2025-05-01 03:55:08,677 INFO o.s.b.t.c.SpringBootTestContextBootstrapper {getOrFindConfigurationClasses} [main] Found @SpringBootConfiguration com.svalero.apibikes.HellospringApplication for test class com.svalero.apibikes.UserControllerTests
2025-05-01 03:55:08,681 INFO o.s.t.c.s.AbstractTestContextBootstrapper {getDefaultTestExecutionListenerClassNames} [main] Loaded default TestExecutionListener class names from location [META-INF/spring.factories]: [org.springframework.boot.test.mock.mockito.MockitoTestExecutionListener, org.springframework.boot.test.mock.mockito.ResetMocksTestExecutionListener, org.springframework.boot.test.autoconfigure.restdocs.RestDocsTestExecutionListener, org.springframework.boot.test.autoconfigure.web.client.MockRestServiceServerResetTestExecutionListener, org.springframework.boot.test.autoconfigure.web.servlet.MockMvcPrintOnlyOnFailureTestExecutionListener, org.springframework.boot.test.autoconfigure.web.servlet.WebDriverTestExecutionListener, org.springframework.boot.test.autoconfigure.webservices.client.MockWebServiceServerTestExecutionListener, org.springframework.test.context.web.ServletTestExecutionListener, org.springframework.test.context.support.DirtiesContextBeforeModesTestExecutionListener, org.springframework.test.context.event.ApplicationEventsTestExecutionListener, org.springframework.test.context.support.DependencyInjectionTestExecutionListener, org.springframework.test.context.support.DirtiesContextTestExecutionListener, org.springframework.test.context.transaction.TransactionalTestExecutionListener, org.springframework.test.context.jdbc.SqlScriptsTestExecutionListener, org.springframework.test.context.event.EventPublishingTestExecutionListener]
2025-05-01 03:55:08,683 INFO o.s.t.c.s.AbstractTestContextBootstrapper {getTestExecutionListeners} [main] Using TestExecutionListeners: [org.springframework.test.context.web.ServletTestExecutionListener@402feb85, org.springframework.test.context.support.DirtiesContextBeforeModesTestExecutionListener@14d53884, org.springframework.test.context.event.ApplicationEventsTestExecutionListener@126ff1a1, org.springframework.boot.test.mock.mockito.MockitoTestExecutionListener@546c30c2, org.springframework.boot.test.autoconfigure.SpringBootDependencyInjectionTestExecutionListener@6ba08a09, org.springframework.test.context.support.DirtiesContextTestExecutionListener@568c9ee1, org.springframework.test.context.transaction.TransactionalTestExecutionListener@3b839f68, org.springframework.test.context.jdbc.SqlScriptsTestExecutionListener@e5c52fa, org.springframework.test.context.event.EventPublishingTestExecutionListener@614361fa, org.springframework.boot.test.mock.mockito.ResetMocksTestExecutionListener@538a90a5, org.springframework.boot.test.autoconfigure.restdocs.RestDocsTestExecutionListener@74d53d63, org.springframework.boot.test.autoconfigure.web.client.MockRestServiceServerResetTestExecutionListener@18f27a81, org.springframework.boot.test.autoconfigure.web.servlet.MockMvcPrintOnlyOnFailureTestExecutionListener@624494d4, org.springframework.boot.test.autoconfigure.web.servlet.WebDriverTestExecutionListener@654c2f81, org.springframework.boot.test.autoconfigure.webservices.client.MockWebServiceServerTestExecutionListener@38af386e]
2025-05-01 03:55:08,773 INFO o.s.b.StartupInfoLogger {logStarting} [main] Starting UserControllerTests using Java 21 on DESKTOP-A2Q7539 with PID 11112 (started by 34618 in C:\Users\34618\Documents\2DAM Gdo. Superior\Acceso a datos 2DAM\hellospring)
2025-05-01 03:55:08,773 INFO o.s.b.SpringApplication {logStartupProfileInfo} [main] The following 1 profile is active: "test"
2025-05-01 03:55:09,702 INFO o.s.s.w.DefaultSecurityFilterChain {<init>} [main] Will secure any request with [org.springframework.security.web.session.DisableEncodeUrlFilter@21780905, org.springframework.security.web.context.request.async.WebAsyncManagerIntegrationFilter@47666b39, org.springframework.security.web.context.SecurityContextPersistenceFilter@1260c85e, org.springframework.security.web.header.HeaderWriterFilter@4b20aa21, org.springframework.security.web.authentication.logout.LogoutFilter@353422fd, org.springframework.security.web.savedrequest.RequestCacheAwareFilter@6b576ff8, org.springframework.security.web.servletapi.SecurityContextHolderAwareRequestFilter@25e8a111, org.springframework.security.web.authentication.AnonymousAuthenticationFilter@2dbcee03, org.springframework.security.web.session.SessionManagementFilter@f5167f0, org.springframework.security.web.access.ExceptionTranslationFilter@6ad26381, org.springframework.security.web.access.intercept.FilterSecurityInterceptor@212c0aff]
2025-05-01 03:55:10,680 INFO o.s.m.w.MockServletContext {log} [main] Initializing Spring TestDispatcherServlet ''
2025-05-01 03:55:10,682 INFO o.s.w.s.FrameworkServlet {initServletBean} [main] Initializing Servlet ''
2025-05-01 03:55:10,686 INFO o.s.w.s.FrameworkServlet {initServletBean} [main] Completed initialization in 4 ms
2025-05-01 03:55:10,720 INFO o.s.b.StartupInfoLogger {logStarted} [main] Started UserControllerTests in 2.03 seconds (JVM running for 27.599)
2025-05-01 03:55:10,738 INFO c.s.a.c.UserController {getUser} [main] BEGIN getUser
2025-05-01 03:55:10,756 INFO c.s.a.c.UserController {filterusers} [main] BEGIN getAll
2025-05-01 03:55:10,764 INFO c.s.a.c.UserController {filterusers} [main] END getAll
2025-05-01 03:55:10,831 INFO c.s.a.c.UserController {filterusers} [main] BEGIN getAll
2025-05-01 03:55:10,835 INFO c.s.a.c.UserController {filterusers} [main] END getAll
2025-05-01 03:55:10,854 INFO c.s.a.c.UserController {filterusers} [main] BEGIN getAll
2025-05-01 03:55:10,860 INFO c.s.a.c.UserController {filterusers} [main] END getAll
2025-05-01 03:55:10,908 INFO c.s.a.c.UserController {removeUser} [main] BEGIN removeUser
2025-05-01 03:55:10,914 INFO c.s.a.c.UserController {removeUser} [main] END removeUser
2025-05-01 03:55:10,929 INFO c.s.a.c.UserController {getUser} [main] BEGIN getUser
2025-05-01 03:55:10,938 INFO c.s.a.c.UserController {getUser} [main] END getUser
2025-05-01 03:55:10,978 INFO c.s.a.c.UserController {modifyUser} [main] BEGIN modifyUser
2025-05-01 03:55:10,998 INFO c.s.a.c.UserController {filterusers} [main] BEGIN getAll
2025-05-01 03:55:11,003 INFO c.s.a.c.UserController {filterusers} [main] END getAll
2025-05-01 03:55:11,017 INFO c.s.a.c.UserController {filterusers} [main] BEGIN getAll
2025-05-01 03:55:11,017 INFO c.s.a.c.UserController {filterusers} [main] END getAll
2025-05-01 03:55:11,044 INFO c.s.a.c.UserController {modifyUser} [main] BEGIN modifyUser
2025-05-01 03:55:11,050 INFO c.s.a.c.UserController {modifyUser} [main] END modifyUser
2025-05-01 03:55:11,069 INFO c.s.a.c.UserController {removeUser} [main] BEGIN removeUser
2025-05-01 03:55:11,281 INFO o.s.t.c.s.AbstractTestContextBootstrapper {buildDefaultMergedContextConfiguration} [main] Neither @ContextConfiguration nor @ContextHierarchy found for test class [com.svalero.apibikes.WorkShopControllerTests], using SpringBootContextLoader
2025-05-01 03:55:11,281 INFO o.s.t.c.s.AbstractContextLoader {generateDefaultLocations} [main] Could not detect default resource locations for test class [com.svalero.apibikes.WorkShopControllerTests]: no resource found for suffixes {-context.xml, Context.groovy}.
2025-05-01 03:55:11,287 INFO o.s.t.c.s.AnnotationConfigContextLoaderUtils {detectDefaultConfigurationClasses} [main] Could not detect default configuration classes for test class [com.svalero.apibikes.WorkShopControllerTests]: WorkShopControllerTests does not declare any static, non-private, non-final, nested classes annotated with @Configuration.
2025-05-01 03:55:11,298 INFO o.s.b.t.c.SpringBootTestContextBootstrapper {getOrFindConfigurationClasses} [main] Found @SpringBootConfiguration com.svalero.apibikes.HellospringApplication for test class com.svalero.apibikes.WorkShopControllerTests
2025-05-01 03:55:11,298 INFO o.s.t.c.s.AbstractTestContextBootstrapper {getDefaultTestExecutionListenerClassNames} [main] Loaded default TestExecutionListener class names from location [META-INF/spring.factories]: [org.springframework.boot.test.mock.mockito.MockitoTestExecutionListener, org.springframework.boot.test.mock.mockito.ResetMocksTestExecutionListener, org.springframework.boot.test.autoconfigure.restdocs.RestDocsTestExecutionListener, org.springframework.boot.test.autoconfigure.web.client.MockRestServiceServerResetTestExecutionListener, org.springframework.boot.test.autoconfigure.web.servlet.MockMvcPrintOnlyOnFailureTestExecutionListener, org.springframework.boot.test.autoconfigure.web.servlet.WebDriverTestExecutionListener, org.springframework.boot.test.autoconfigure.webservices.client.MockWebServiceServerTestExecutionListener, org.springframework.test.context.web.ServletTestExecutionListener, org.springframework.test.context.support.DirtiesContextBeforeModesTestExecutionListener, org.springframework.test.context.event.ApplicationEventsTestExecutionListener, org.springframework.test.context.support.DependencyInjectionTestExecutionListener, org.springframework.test.context.support.DirtiesContextTestExecutionListener, org.springframework.test.context.transaction.TransactionalTestExecutionListener, org.springframework.test.context.jdbc.SqlScriptsTestExecutionListener, org.springframework.test.context.event.EventPublishingTestExecutionListener]
2025-05-01 03:55:11,303 INFO o.s.t.c.s.AbstractTestContextBootstrapper {getTestExecutionListeners} [main] Using TestExecutionListeners: [org.springframework.test.context.web.ServletTestExecutionListener@68f75a35, org.springframework.test.context.support.DirtiesContextBeforeModesTestExecutionListener@50e0b472, org.springframework.test.context.event.ApplicationEventsTestExecutionListener@45017263, org.springframework.boot.test.mock.mockito.MockitoTestExecutionListener@6054ac20, org.springframework.boot.test.autoconfigure.SpringBootDependencyInjectionTestExecutionListener@32a074ed, org.springframework.test.context.support.DirtiesContextTestExecutionListener@673605ef, org.springframework.test.context.transaction.TransactionalTestExecutionListener@29eaf100, org.springframework.test.context.jdbc.SqlScriptsTestExecutionListener@6c1a6db1, org.springframework.test.context.event.EventPublishingTestExecutionListener@5dac6bc3, org.springframework.boot.test.mock.mockito.ResetMocksTestExecutionListener@a6204e4, org.springframework.boot.test.autoconfigure.restdocs.RestDocsTestExecutionListener@747e8659, org.springframework.boot.test.autoconfigure.web.client.MockRestServiceServerResetTestExecutionListener@4b360a82, org.springframework.boot.test.autoconfigure.web.servlet.MockMvcPrintOnlyOnFailureTestExecutionListener@75fa9254, org.springframework.boot.test.autoconfigure.web.servlet.WebDriverTestExecutionListener@6f25ed2b, org.springframework.boot.test.autoconfigure.webservices.client.MockWebServiceServerTestExecutionListener@6f69e2d8]
2025-05-01 03:55:11,363 INFO o.s.b.StartupInfoLogger {logStarting} [main] Starting WorkShopControllerTests using Java 21 on DESKTOP-A2Q7539 with PID 11112 (started by 34618 in C:\Users\34618\Documents\2DAM Gdo. Superior\Acceso a datos 2DAM\hellospring)
2025-05-01 03:55:11,363 INFO o.s.b.SpringApplication {logStartupProfileInfo} [main] The following 1 profile is active: "test"
2025-05-01 03:55:12,270 INFO o.s.s.w.DefaultSecurityFilterChain {<init>} [main] Will secure any request with [org.springframework.security.web.session.DisableEncodeUrlFilter@4a9412c4, org.springframework.security.web.context.request.async.WebAsyncManagerIntegrationFilter@7d15c513, org.springframework.security.web.context.SecurityContextPersistenceFilter@515d615, org.springframework.security.web.header.HeaderWriterFilter@1d6a0962, org.springframework.security.web.authentication.logout.LogoutFilter@17fa14a3, org.springframework.security.web.savedrequest.RequestCacheAwareFilter@488b46da, org.springframework.security.web.servletapi.SecurityContextHolderAwareRequestFilter@5e777b0, org.springframework.security.web.authentication.AnonymousAuthenticationFilter@320efff5, org.springframework.security.web.session.SessionManagementFilter@1ec4fdcf, org.springframework.security.web.access.ExceptionTranslationFilter@3c4e23be, org.springframework.security.web.access.intercept.FilterSecurityInterceptor@66859ea9]
2025-05-01 03:55:13,209 INFO o.s.m.w.MockServletContext {log} [main] Initializing Spring TestDispatcherServlet ''
2025-05-01 03:55:13,209 INFO o.s.w.s.FrameworkServlet {initServletBean} [main] Initializing Servlet ''
2025-05-01 03:55:13,209 INFO o.s.w.s.FrameworkServlet {initServletBean} [main] Completed initialization in 0 ms
2025-05-01 03:55:13,254 INFO o.s.b.StartupInfoLogger {logStarted} [main] Started WorkShopControllerTests in 1.95 seconds (JVM running for 30.136)
2025-05-01 03:55:13,409 INFO c.s.a.c.WorkShopController {modifyWorkShop} [main] BEGIN modifyWorkShop
2025-05-01 03:55:13,409 INFO c.s.a.c.WorkShopController {modifyWorkShop} [main] END modifyWorkShop
2025-05-01 03:55:13,427 INFO c.s.a.c.WorkShopController {getWorkShop} [main] BEGIN getWorkShop
2025-05-01 03:55:13,436 INFO c.s.a.c.WorkShopController {getWorkShop} [main] END getWorkShop
2025-05-01 03:55:13,460 INFO c.s.a.c.WorkShopController {filterworkshops} [main] BEGIN getAll
2025-05-01 03:55:13,460 INFO c.s.a.c.WorkShopController {filterworkshops} [main] END getAll
2025-05-01 03:55:13,476 INFO c.s.a.c.WorkShopController {filterworkshops} [main] BEGIN getAll
2025-05-01 03:55:13,476 INFO c.s.a.c.WorkShopController {filterworkshops} [main] END getAll
2025-05-01 03:55:13,497 INFO c.s.a.c.WorkShopController {removeWorkShop} [main] BEGIN removeWorkShop
2025-05-01 03:55:13,503 INFO c.s.a.c.WorkShopController {removeWorkShop} [main] END removeWorkShop
2025-05-01 03:55:13,514 INFO c.s.a.c.WorkShopController {filterworkshops} [main] BEGIN getAll
2025-05-01 03:55:13,516 INFO c.s.a.c.WorkShopController {filterworkshops} [main] END getAll
2025-05-01 03:55:13,533 INFO c.s.a.c.WorkShopController {modifyWorkShop} [main] BEGIN modifyWorkShop
2025-05-01 03:55:13,593 INFO c.s.a.c.WorkShopController {removeWorkShop} [main] BEGIN removeWorkShop
2025-05-01 03:55:13,608 INFO c.s.a.c.WorkShopController {filterworkshops} [main] BEGIN getAll
2025-05-01 03:55:13,616 INFO c.s.a.c.WorkShopController {filterworkshops} [main] END getAll
2025-05-01 03:55:13,639 INFO c.s.a.c.WorkShopController {getWorkShop} [main] BEGIN getWorkShop
2025-05-01 03:55:13,660 INFO c.s.a.c.WorkShopController {filterworkshops} [main] BEGIN getAll
2025-05-01 03:55:13,660 INFO c.s.a.c.WorkShopController {filterworkshops} [main] END getAll
2025-05-01 03:55:13,679 INFO c.s.a.c.WorkShopController {addWorkShop} [main] BEGIN addWorkShop
2025-05-01 03:55:13,687 INFO c.s.a.c.WorkShopController {addWorkShop} [main] END addWorkShop
2025-05-01 13:00:21,266 INFO o.h.v.i.u.Version {<clinit>} [background-preinit] HV000001: Hibernate Validator 6.2.5.Final
2025-05-01 13:00:21,320 INFO o.s.b.StartupInfoLogger {logStarting} [main] Starting BikeControllerTests using Java 21 on DESKTOP-A2Q7539 with PID 6400 (started by 34618 in C:\Users\34618\Documents\2DAM Gdo. Superior\Acceso a datos 2DAM\hellospring)
2025-05-01 13:00:21,326 INFO o.s.b.SpringApplication {logStartupProfileInfo} [main] The following 1 profile is active: "test"
2025-05-01 13:00:28,894 INFO o.s.s.w.DefaultSecurityFilterChain {<init>} [main] Will secure any request with [org.springframework.security.web.session.DisableEncodeUrlFilter@5fef0c19, org.springframework.security.web.context.request.async.WebAsyncManagerIntegrationFilter@2e6d76ba, org.springframework.security.web.context.SecurityContextPersistenceFilter@44d7e24, org.springframework.security.web.header.HeaderWriterFilter@17c0274c, org.springframework.security.web.authentication.logout.LogoutFilter@251d7fdd, org.springframework.security.web.savedrequest.RequestCacheAwareFilter@10f405ff, org.springframework.security.web.servletapi.SecurityContextHolderAwareRequestFilter@7f27f59b, org.springframework.security.web.authentication.AnonymousAuthenticationFilter@22a6d75c, org.springframework.security.web.session.SessionManagementFilter@8c43966, org.springframework.security.web.access.ExceptionTranslationFilter@79ecc507, org.springframework.security.web.access.intercept.FilterSecurityInterceptor@42c0a16e]
2025-05-01 13:00:31,968 INFO o.s.m.w.MockServletContext {log} [main] Initializing Spring TestDispatcherServlet ''
2025-05-01 13:00:31,970 INFO o.s.w.s.FrameworkServlet {initServletBean} [main] Initializing Servlet ''
2025-05-01 13:00:31,976 INFO o.s.w.s.FrameworkServlet {initServletBean} [main] Completed initialization in 6 ms
2025-05-01 13:00:32,094 INFO o.s.b.StartupInfoLogger {logStarted} [main] Started BikeControllerTests in 12.366 seconds (JVM running for 16.375)
2025-05-01 13:00:32,617 INFO c.s.a.c.BikeController {filterBikes} [main] Filtrando bicicletas con parámetros: brand=, model=Alma, color=
2025-05-01 13:00:32,638 INFO c.s.a.c.BikeController {filterBikes} [main] Operación completada: Se obtuvieron 1 bicicletas filtradas
2025-05-01 13:00:33,169 INFO c.s.a.c.BikeController {filterBikes} [main] Filtrando bicicletas con parámetros: brand=Orbea, model=Alma, color=green
2025-05-01 13:00:33,169 INFO c.s.a.c.BikeController {filterBikes} [main] Operación completada: Se obtuvieron 1 bicicletas filtradas
2025-05-01 13:00:33,685 INFO c.s.a.c.BikeController {addBike} [main] BEGIN addBike
2025-05-01 13:00:33,762 INFO c.s.a.c.BikeController {filterBikes} [main] Filtrando bicicletas con parámetros: brand=Orbea, model=, color=
2025-05-01 13:00:33,764 INFO c.s.a.c.BikeController {filterBikes} [main] Operación completada: Se obtuvieron 2 bicicletas filtradas
2025-05-01 13:00:33,792 INFO c.s.a.c.BikeController {addBike} [main] BEGIN addBike
2025-05-01 13:00:33,795 INFO c.s.a.c.BikeController {addBike} [main] END addBike
2025-05-01 13:00:34,031 INFO c.s.a.c.BikeController {filterBikes} [main] Filtrando bicicletas con parámetros: brand=, model=, color=
2025-05-01 13:00:34,035 INFO c.s.a.c.BikeController {filterBikes} [main] Operación completada: Se obtuvieron 3 bicicletas filtradas
2025-05-01 13:00:34,062 INFO c.s.a.c.BikeController {filterBikes} [main] Filtrando bicicletas con parámetros: brand=, model=, color=green
2025-05-01 13:00:34,066 INFO c.s.a.c.BikeController {filterBikes} [main] Operación completada: Se obtuvieron 1 bicicletas filtradas
2025-05-01 13:00:34,109 INFO c.s.a.c.BikeController {getBike} [main] BEGIN getBike
2025-05-01 13:00:34,113 INFO c.s.a.c.BikeController {getBike} [main] END getBike
2025-05-01 13:00:34,227 INFO c.s.a.c.BikeController {removeBike} [main] BEGIN removeBike
2025-05-01 13:00:34,230 INFO c.s.a.c.BikeController {removeBike} [main] END removeBike
2025-05-01 13:00:34,279 INFO c.s.a.c.BikeController {modifyBike} [main] BEGIN modifyBike
2025-05-01 13:00:34,343 INFO c.s.a.c.BikeController {modifyBike} [main] BEGIN modifyBike
2025-05-01 13:00:34,343 INFO c.s.a.c.BikeController {modifyBike} [main] END modifyBike
2025-05-01 13:00:34,382 INFO c.s.a.c.BikeController {removeBike} [main] BEGIN removeBike
2025-05-01 13:00:34,411 INFO c.s.a.c.BikeController {getBike} [main] BEGIN getBike
2025-05-01 13:00:35,258 INFO o.s.t.c.s.AbstractTestContextBootstrapper {buildDefaultMergedContextConfiguration} [main] Neither @ContextConfiguration nor @ContextHierarchy found for test class [com.svalero.apibikes.MechanicControllerTests], using SpringBootContextLoader
2025-05-01 13:00:35,262 INFO o.s.t.c.s.AbstractContextLoader {generateDefaultLocations} [main] Could not detect default resource locations for test class [com.svalero.apibikes.MechanicControllerTests]: no resource found for suffixes {-context.xml, Context.groovy}.
2025-05-01 13:00:35,262 INFO o.s.t.c.s.AnnotationConfigContextLoaderUtils {detectDefaultConfigurationClasses} [main] Could not detect default configuration classes for test class [com.svalero.apibikes.MechanicControllerTests]: MechanicControllerTests does not declare any static, non-private, non-final, nested classes annotated with @Configuration.
2025-05-01 13:00:35,284 INFO o.s.b.t.c.SpringBootTestContextBootstrapper {getOrFindConfigurationClasses} [main] Found @SpringBootConfiguration com.svalero.apibikes.HellospringApplication for test class com.svalero.apibikes.MechanicControllerTests
2025-05-01 13:00:35,286 INFO o.s.t.c.s.AbstractTestContextBootstrapper {getDefaultTestExecutionListenerClassNames} [main] Loaded default TestExecutionListener class names from location [META-INF/spring.factories]: [org.springframework.boot.test.mock.mockito.MockitoTestExecutionListener, org.springframework.boot.test.mock.mockito.ResetMocksTestExecutionListener, org.springframework.boot.test.autoconfigure.restdocs.RestDocsTestExecutionListener, org.springframework.boot.test.autoconfigure.web.client.MockRestServiceServerResetTestExecutionListener, org.springframework.boot.test.autoconfigure.web.servlet.MockMvcPrintOnlyOnFailureTestExecutionListener, org.springframework.boot.test.autoconfigure.web.servlet.WebDriverTestExecutionListener, org.springframework.boot.test.autoconfigure.webservices.client.MockWebServiceServerTestExecutionListener, org.springframework.test.context.web.ServletTestExecutionListener, org.springframework.test.context.support.DirtiesContextBeforeModesTestExecutionListener, org.springframework.test.context.event.ApplicationEventsTestExecutionListener, org.springframework.test.context.support.DependencyInjectionTestExecutionListener, org.springframework.test.context.support.DirtiesContextTestExecutionListener, org.springframework.test.context.transaction.TransactionalTestExecutionListener, org.springframework.test.context.jdbc.SqlScriptsTestExecutionListener, org.springframework.test.context.event.EventPublishingTestExecutionListener]
2025-05-01 13:00:35,290 INFO o.s.t.c.s.AbstractTestContextBootstrapper {getTestExecutionListeners} [main] Using TestExecutionListeners: [org.springframework.test.context.web.ServletTestExecutionListener@4a41caed, org.springframework.test.context.support.DirtiesContextBeforeModesTestExecutionListener@6b4fd7d, org.springframework.test.context.event.ApplicationEventsTestExecutionListener@7404aff2, org.springframework.boot.test.mock.mockito.MockitoTestExecutionListener@12723c5d, org.springframework.boot.test.autoconfigure.SpringBootDependencyInjectionTestExecutionListener@56a09a5c, org.springframework.test.context.support.DirtiesContextTestExecutionListener@775edae0, org.springframework.test.context.transaction.TransactionalTestExecutionListener@26f480c6, org.springframework.test.context.jdbc.SqlScriptsTestExecutionListener@2567c091, org.springframework.test.context.event.EventPublishingTestExecutionListener@7747cc1b, org.springframework.boot.test.mock.mockito.ResetMocksTestExecutionListener@76cf91c9, org.springframework.boot.test.autoconfigure.restdocs.RestDocsTestExecutionListener@74bfdd66, org.springframework.boot.test.autoconfigure.web.client.MockRestServiceServerResetTestExecutionListener@6fc7e828, org.springframework.boot.test.autoconfigure.web.servlet.MockMvcPrintOnlyOnFailureTestExecutionListener@26a9c6df, org.springframework.boot.test.autoconfigure.web.servlet.WebDriverTestExecutionListener@2ce24a1a, org.springframework.boot.test.autoconfigure.webservices.client.MockWebServiceServerTestExecutionListener@26bce60d]
2025-05-01 13:00:35,510 INFO o.s.b.StartupInfoLogger {logStarting} [main] Starting MechanicControllerTests using Java 21 on DESKTOP-A2Q7539 with PID 6400 (started by 34618 in C:\Users\34618\Documents\2DAM Gdo. Superior\Acceso a datos 2DAM\hellospring)
2025-05-01 13:00:35,512 INFO o.s.b.SpringApplication {logStartupProfileInfo} [main] The following 1 profile is active: "test"
2025-05-01 13:00:36,895 INFO o.s.s.w.DefaultSecurityFilterChain {<init>} [main] Will secure any request with [org.springframework.security.web.session.DisableEncodeUrlFilter@4aba7617, org.springframework.security.web.context.request.async.WebAsyncManagerIntegrationFilter@47c5cbf2, org.springframework.security.web.context.SecurityContextPersistenceFilter@7b7e4b20, org.springframework.security.web.header.HeaderWriterFilter@3580134d, org.springframework.security.web.authentication.logout.LogoutFilter@68f79b7c, org.springframework.security.web.savedrequest.RequestCacheAwareFilter@5ac0bf84, org.springframework.security.web.servletapi.SecurityContextHolderAwareRequestFilter@6fefc5ea, org.springframework.security.web.authentication.AnonymousAuthenticationFilter@1031c1a0, org.springframework.security.web.session.SessionManagementFilter@2e19b30, org.springframework.security.web.access.ExceptionTranslationFilter@55fe9c2f, org.springframework.security.web.access.intercept.FilterSecurityInterceptor@5c13af01]
2025-05-01 13:00:38,023 INFO o.s.m.w.MockServletContext {log} [main] Initializing Spring TestDispatcherServlet ''
2025-05-01 13:00:38,023 INFO o.s.w.s.FrameworkServlet {initServletBean} [main] Initializing Servlet ''
2025-05-01 13:00:38,028 INFO o.s.w.s.FrameworkServlet {initServletBean} [main] Completed initialization in 5 ms
2025-05-01 13:00:38,070 INFO o.s.b.StartupInfoLogger {logStarted} [main] Started MechanicControllerTests in 2.77 seconds (JVM running for 22.349)
2025-05-01 13:00:38,094 INFO c.s.a.c.MechanicController {filtermechanics} [main] BEGIN getAll
2025-05-01 13:00:38,094 INFO c.s.a.c.MechanicController {filtermechanics} [main] END getAll
2025-05-01 13:00:38,194 INFO c.s.a.c.MechanicController {modifyMechanic} [main] BEGIN modifyMechanic
2025-05-01 13:00:38,203 INFO c.s.a.c.MechanicController {modifyMechanic} [main] END modifyMechanic
2025-05-01 13:00:38,228 INFO c.s.a.c.MechanicController {filtermechanics} [main] BEGIN getAll
2025-05-01 13:00:38,228 INFO c.s.a.c.MechanicController {filtermechanics} [main] END getAll
2025-05-01 13:00:38,256 INFO c.s.a.c.MechanicController {getMechanic} [main] BEGIN getMechanic
2025-05-01 13:00:38,284 INFO c.s.a.c.MechanicController {filtermechanics} [main] BEGIN getAll
2025-05-01 13:00:38,296 INFO c.s.a.c.MechanicController {filtermechanics} [main] END getAll
2025-05-01 13:00:38,317 INFO c.s.a.c.MechanicController {removeMechanic} [main] BEGIN removeMechanic
2025-05-01 13:00:38,319 INFO c.s.a.c.MechanicController {removeMechanic} [main] END removeMechanic
2025-05-01 13:00:38,388 INFO c.s.a.c.MechanicController {addMechanic} [main] BEGIN addMechanic
2025-05-01 13:00:38,390 INFO c.s.a.c.MechanicController {addMechanic} [main] END addMechanic
2025-05-01 13:00:38,407 INFO c.s.a.c.MechanicController {getMechanic} [main] BEGIN getMechanic
2025-05-01 13:00:38,413 INFO c.s.a.c.MechanicController {getMechanic} [main] END getMechanic
2025-05-01 13:00:38,449 INFO c.s.a.c.MechanicController {modifyMechanic} [main] BEGIN modifyMechanic
2025-05-01 13:00:38,458 INFO c.s.a.c.MechanicController {filtermechanics} [main] BEGIN getAll
2025-05-01 13:00:38,469 INFO c.s.a.c.MechanicController {filtermechanics} [main] END getAll
2025-05-01 13:00:38,487 INFO c.s.a.c.MechanicController {removeMechanic} [main] BEGIN removeMechanic
2025-05-01 13:00:38,506 INFO c.s.a.c.MechanicController {filtermechanics} [main] BEGIN getAll
2025-05-01 13:00:38,509 INFO c.s.a.c.MechanicController {filtermechanics} [main] END getAll
2025-05-01 13:00:38,763 INFO o.s.t.c.s.AbstractTestContextBootstrapper {buildDefaultMergedContextConfiguration} [main] Neither @ContextConfiguration nor @ContextHierarchy found for test class [com.svalero.apibikes.RepairOrderControllerTests], using SpringBootContextLoader
2025-05-01 13:00:38,765 INFO o.s.t.c.s.AbstractContextLoader {generateDefaultLocations} [main] Could not detect default resource locations for test class [com.svalero.apibikes.RepairOrderControllerTests]: no resource found for suffixes {-context.xml, Context.groovy}.
2025-05-01 13:00:38,767 INFO o.s.t.c.s.AnnotationConfigContextLoaderUtils {detectDefaultConfigurationClasses} [main] Could not detect default configuration classes for test class [com.svalero.apibikes.RepairOrderControllerTests]: RepairOrderControllerTests does not declare any static, non-private, non-final, nested classes annotated with @Configuration.
2025-05-01 13:00:38,788 INFO o.s.b.t.c.SpringBootTestContextBootstrapper {getOrFindConfigurationClasses} [main] Found @SpringBootConfiguration com.svalero.apibikes.HellospringApplication for test class com.svalero.apibikes.RepairOrderControllerTests
2025-05-01 13:00:38,788 INFO o.s.t.c.s.AbstractTestContextBootstrapper {getDefaultTestExecutionListenerClassNames} [main] Loaded default TestExecutionListener class names from location [META-INF/spring.factories]: [org.springframework.boot.test.mock.mockito.MockitoTestExecutionListener, org.springframework.boot.test.mock.mockito.ResetMocksTestExecutionListener, org.springframework.boot.test.autoconfigure.restdocs.RestDocsTestExecutionListener, org.springframework.boot.test.autoconfigure.web.client.MockRestServiceServerResetTestExecutionListener, org.springframework.boot.test.autoconfigure.web.servlet.MockMvcPrintOnlyOnFailureTestExecutionListener, org.springframework.boot.test.autoconfigure.web.servlet.WebDriverTestExecutionListener, org.springframework.boot.test.autoconfigure.webservices.client.MockWebServiceServerTestExecutionListener, org.springframework.test.context.web.ServletTestExecutionListener, org.springframework.test.context.support.DirtiesContextBeforeModesTestExecutionListener, org.springframework.test.context.event.ApplicationEventsTestExecutionListener, org.springframework.test.context.support.DependencyInjectionTestExecutionListener, org.springframework.test.context.support.DirtiesContextTestExecutionListener, org.springframework.test.context.transaction.TransactionalTestExecutionListener, org.springframework.test.context.jdbc.SqlScriptsTestExecutionListener, org.springframework.test.context.event.EventPublishingTestExecutionListener]
2025-05-01 13:00:38,788 INFO o.s.t.c.s.AbstractTestContextBootstrapper {getTestExecutionListeners} [main] Using TestExecutionListeners: [org.springframework.test.context.web.ServletTestExecutionListener@3835b281, org.springframework.test.context.support.DirtiesContextBeforeModesTestExecutionListener@4c5e4bfa, org.springframework.test.context.event.ApplicationEventsTestExecutionListener@552cb0d5, org.springframework.boot.test.mock.mockito.MockitoTestExecutionListener@61d6c8c4, org.springframework.boot.test.autoconfigure.SpringBootDependencyInjectionTestExecutionListener@74e2cfc5, org.springframework.test.context.support.DirtiesContextTestExecutionListener@4a5d5b38, org.springframework.test.context.transaction.TransactionalTestExecutionListener@7a47f0be, org.springframework.test.context.jdbc.SqlScriptsTestExecutionListener@2d8087da, org.springframework.test.context.event.EventPublishingTestExecutionListener@4f7ef948, org.springframework.boot.test.mock.mockito.ResetMocksTestExecutionListener@6fdaef04, org.springframework.boot.test.autoconfigure.restdocs.RestDocsTestExecutionListener@2a5d2041, org.springframework.boot.test.autoconfigure.web.client.MockRestServiceServerResetTestExecutionListener@3cacc87, org.springframework.boot.test.autoconfigure.web.servlet.MockMvcPrintOnlyOnFailureTestExecutionListener@3bc6c10f, org.springframework.boot.test.autoconfigure.web.servlet.WebDriverTestExecutionListener@3dcbbbc, org.springframework.boot.test.autoconfigure.webservices.client.MockWebServiceServerTestExecutionListener@4040ccae]
2025-05-01 13:00:38,885 INFO o.s.b.StartupInfoLogger {logStarting} [main] Starting RepairOrderControllerTests using Java 21 on DESKTOP-A2Q7539 with PID 6400 (started by 34618 in C:\Users\34618\Documents\2DAM Gdo. Superior\Acceso a datos 2DAM\hellospring)
2025-05-01 13:00:38,885 INFO o.s.b.SpringApplication {logStartupProfileInfo} [main] The following 1 profile is active: "test"
2025-05-01 13:00:39,841 INFO o.s.s.w.DefaultSecurityFilterChain {<init>} [main] Will secure any request with [org.springframework.security.web.session.DisableEncodeUrlFilter@4e45fbd0, org.springframework.security.web.context.request.async.WebAsyncManagerIntegrationFilter@19ce19b7, org.springframework.security.web.context.SecurityContextPersistenceFilter@2d3d4a54, org.springframework.security.web.header.HeaderWriterFilter@7cbede2b, org.springframework.security.web.authentication.logout.LogoutFilter@706d2bae, org.springframework.security.web.savedrequest.RequestCacheAwareFilter@215c6ec0, org.springframework.security.web.servletapi.SecurityContextHolderAwareRequestFilter@2b19b346, org.springframework.security.web.authentication.AnonymousAuthenticationFilter@13047d3d, org.springframework.security.web.session.SessionManagementFilter@1ef04613, org.springframework.security.web.access.ExceptionTranslationFilter@5d4a34ff, org.springframework.security.web.access.intercept.FilterSecurityInterceptor@5751e53e]
2025-05-01 13:00:41,391 INFO o.s.m.w.MockServletContext {log} [main] Initializing Spring TestDispatcherServlet ''
2025-05-01 13:00:41,391 INFO o.s.w.s.FrameworkServlet {initServletBean} [main] Initializing Servlet ''
2025-05-01 13:00:41,395 INFO o.s.w.s.FrameworkServlet {initServletBean} [main] Completed initialization in 2 ms
2025-05-01 13:00:41,536 INFO o.s.b.StartupInfoLogger {logStarted} [main] Started RepairOrderControllerTests in 2.722 seconds (JVM running for 25.814)
2025-05-01 13:00:41,667 INFO c.s.a.c.RepairOrderController {filterRepairOrders} [main] Filtrando órdenes de reparación con parámetros: bikeId=null, mechanicId=null, workShopId=null
2025-05-01 13:00:41,850 INFO c.s.a.c.RepairOrderController {modifyRepairOrder} [main] BEGIN modifyRepairOrder
2025-05-01 13:00:41,892 INFO c.s.a.c.RepairOrderController {getRepairOrder} [main] BEGIN getRepairOrder
2025-05-01 13:00:41,896 INFO c.s.a.c.RepairOrderController {getRepairOrder} [main] END getRepairOrder
2025-05-01 13:00:42,010 INFO c.s.a.c.RepairOrderController {getRepairOrder} [main] BEGIN getRepairOrder
2025-05-01 13:00:42,027 INFO c.s.a.c.RepairOrderController {filterRepairOrders} [main] Filtrando órdenes de reparación con parámetros: bikeId=null, mechanicId=null, workShopId=10
2025-05-01 13:00:42,047 INFO c.s.a.c.RepairOrderController {removeRepairOrder} [main] BEGIN removeRepairOrder
2025-05-01 13:00:42,066 INFO c.s.a.c.RepairOrderController {removeRepairOrder} [main] END removeRepairOrder
2025-05-01 13:00:42,147 INFO c.s.a.c.RepairOrderController {removeRepairOrder} [main] BEGIN removeRepairOrder
2025-05-01 13:00:42,168 INFO c.s.a.c.RepairOrderController {filterRepairOrders} [main] Filtrando órdenes de reparación con parámetros: bikeId=null, mechanicId=9, workShopId=null
2025-05-01 13:00:42,198 INFO c.s.a.c.RepairOrderController {filterRepairOrders} [main] Filtrando órdenes de reparación con parámetros: bikeId=6, mechanicId=null, workShopId=null
2025-05-01 13:00:42,260 INFO c.s.a.c.RepairOrderController {modifyRepairOrder} [main] BEGIN modifyRepairOrder
2025-05-01 13:00:42,261 INFO c.s.a.c.RepairOrderController {modifyRepairOrder} [main] END modifyRepairOrder
2025-05-01 13:00:42,328 INFO c.s.a.c.RepairOrderController {filterRepairOrders} [main] Filtrando órdenes de reparación con parámetros: bikeId=8, mechanicId=7, workShopId=2
2025-05-01 13:00:42,350 INFO c.s.a.c.RepairOrderController {addRepairOrder} [main] BEGIN addRepairOrder
2025-05-01 13:00:42,373 INFO c.s.a.c.RepairOrderController {addRepairOrder} [main] END addRepairOrder
2025-05-01 13:00:42,864 INFO o.s.t.c.s.AbstractTestContextBootstrapper {buildDefaultMergedContextConfiguration} [main] Neither @ContextConfiguration nor @ContextHierarchy found for test class [com.svalero.apibikes.UserControllerTests], using SpringBootContextLoader
2025-05-01 13:00:42,870 INFO o.s.t.c.s.AbstractContextLoader {generateDefaultLocations} [main] Could not detect default resource locations for test class [com.svalero.apibikes.UserControllerTests]: no resource found for suffixes {-context.xml, Context.groovy}.
2025-05-01 13:00:42,870 INFO o.s.t.c.s.AnnotationConfigContextLoaderUtils {detectDefaultConfigurationClasses} [main] Could not detect default configuration classes for test class [com.svalero.apibikes.UserControllerTests]: UserControllerTests does not declare any static, non-private, non-final, nested classes annotated with @Configuration.
2025-05-01 13:00:42,905 INFO o.s.b.t.c.SpringBootTestContextBootstrapper {getOrFindConfigurationClasses} [main] Found @SpringBootConfiguration com.svalero.apibikes.HellospringApplication for test class com.svalero.apibikes.UserControllerTests
2025-05-01 13:00:42,911 INFO o.s.t.c.s.AbstractTestContextBootstrapper {getDefaultTestExecutionListenerClassNames} [main] Loaded default TestExecutionListener class names from location [META-INF/spring.factories]: [org.springframework.boot.test.mock.mockito.MockitoTestExecutionListener, org.springframework.boot.test.mock.mockito.ResetMocksTestExecutionListener, org.springframework.boot.test.autoconfigure.restdocs.RestDocsTestExecutionListener, org.springframework.boot.test.autoconfigure.web.client.MockRestServiceServerResetTestExecutionListener, org.springframework.boot.test.autoconfigure.web.servlet.MockMvcPrintOnlyOnFailureTestExecutionListener, org.springframework.boot.test.autoconfigure.web.servlet.WebDriverTestExecutionListener, org.springframework.boot.test.autoconfigure.webservices.client.MockWebServiceServerTestExecutionListener, org.springframework.test.context.web.ServletTestExecutionListener, org.springframework.test.context.support.DirtiesContextBeforeModesTestExecutionListener, org.springframework.test.context.event.ApplicationEventsTestExecutionListener, org.springframework.test.context.support.DependencyInjectionTestExecutionListener, org.springframework.test.context.support.DirtiesContextTestExecutionListener, org.springframework.test.context.transaction.TransactionalTestExecutionListener, org.springframework.test.context.jdbc.SqlScriptsTestExecutionListener, org.springframework.test.context.event.EventPublishingTestExecutionListener]
2025-05-01 13:00:42,913 INFO o.s.t.c.s.AbstractTestContextBootstrapper {getTestExecutionListeners} [main] Using TestExecutionListeners: [org.springframework.test.context.web.ServletTestExecutionListener@4fc256ec, org.springframework.test.context.support.DirtiesContextBeforeModesTestExecutionListener@3bc3d70e, org.springframework.test.context.event.ApplicationEventsTestExecutionListener@78bce1c4, org.springframework.boot.test.mock.mockito.MockitoTestExecutionListener@189e96af, org.springframework.boot.test.autoconfigure.SpringBootDependencyInjectionTestExecutionListener@45b6c666, org.springframework.test.context.support.DirtiesContextTestExecutionListener@60e80279, org.springframework.test.context.transaction.TransactionalTestExecutionListener@7fc56d61, org.springframework.test.context.jdbc.SqlScriptsTestExecutionListener@1382a7d8, org.springframework.test.context.event.EventPublishingTestExecutionListener@6074d638, org.springframework.boot.test.mock.mockito.ResetMocksTestExecutionListener@402feb85, org.springframework.boot.test.autoconfigure.restdocs.RestDocsTestExecutionListener@14d53884, org.springframework.boot.test.autoconfigure.web.client.MockRestServiceServerResetTestExecutionListener@126ff1a1, org.springframework.boot.test.autoconfigure.web.servlet.MockMvcPrintOnlyOnFailureTestExecutionListener@546c30c2, org.springframework.boot.test.autoconfigure.web.servlet.WebDriverTestExecutionListener@6ba08a09, org.springframework.boot.test.autoconfigure.webservices.client.MockWebServiceServerTestExecutionListener@568c9ee1]
2025-05-01 13:00:42,992 INFO o.s.b.StartupInfoLogger {logStarting} [main] Starting UserControllerTests using Java 21 on DESKTOP-A2Q7539 with PID 6400 (started by 34618 in C:\Users\34618\Documents\2DAM Gdo. Superior\Acceso a datos 2DAM\hellospring)
2025-05-01 13:00:42,994 INFO o.s.b.SpringApplication {logStartupProfileInfo} [main] The following 1 profile is active: "test"
2025-05-01 13:00:44,854 INFO o.s.s.w.DefaultSecurityFilterChain {<init>} [main] Will secure any request with [org.springframework.security.web.session.DisableEncodeUrlFilter@1260c85e, org.springframework.security.web.context.request.async.WebAsyncManagerIntegrationFilter@6b576ff8, org.springframework.security.web.context.SecurityContextPersistenceFilter@6ac2c5a1, org.springframework.security.web.header.HeaderWriterFilter@1dd9a3ae, org.springframework.security.web.authentication.logout.LogoutFilter@1abbc1d4, org.springframework.security.web.savedrequest.RequestCacheAwareFilter@364c93e6, org.springframework.security.web.servletapi.SecurityContextHolderAwareRequestFilter@66589252, org.springframework.security.web.authentication.AnonymousAuthenticationFilter@25e8a111, org.springframework.security.web.session.SessionManagementFilter@79bf39e5, org.springframework.security.web.access.ExceptionTranslationFilter@299ea986, org.springframework.security.web.access.intercept.FilterSecurityInterceptor@f5167f0]
2025-05-01 13:00:46,549 INFO o.s.m.w.MockServletContext {log} [main] Initializing Spring TestDispatcherServlet ''
2025-05-01 13:00:46,551 INFO o.s.w.s.FrameworkServlet {initServletBean} [main] Initializing Servlet ''
2025-05-01 13:00:46,556 INFO o.s.w.s.FrameworkServlet {initServletBean} [main] Completed initialization in 3 ms
2025-05-01 13:00:46,616 INFO o.s.b.StartupInfoLogger {logStarted} [main] Started UserControllerTests in 3.698 seconds (JVM running for 30.895)
2025-05-01 13:00:46,640 INFO c.s.a.c.UserController {getUser} [main] BEGIN getUser
2025-05-01 13:00:46,674 INFO c.s.a.c.UserController {filterusers} [main] BEGIN getAll
2025-05-01 13:00:46,678 INFO c.s.a.c.UserController {filterusers} [main] END getAll
2025-05-01 13:00:46,773 INFO c.s.a.c.UserController {filterusers} [main] BEGIN getAll
2025-05-01 13:00:46,775 INFO c.s.a.c.UserController {filterusers} [main] END getAll
2025-05-01 13:00:46,797 INFO c.s.a.c.UserController {filterusers} [main] BEGIN getAll
2025-05-01 13:00:46,799 INFO c.s.a.c.UserController {filterusers} [main] END getAll
2025-05-01 13:00:46,859 INFO c.s.a.c.UserController {removeUser} [main] BEGIN removeUser
2025-05-01 13:00:46,859 INFO c.s.a.c.UserController {removeUser} [main] END removeUser
2025-05-01 13:00:46,875 INFO c.s.a.c.UserController {getUser} [main] BEGIN getUser
2025-05-01 13:00:46,881 INFO c.s.a.c.UserController {getUser} [main] END getUser
2025-05-01 13:00:46,916 INFO c.s.a.c.UserController {modifyUser} [main] BEGIN modifyUser
2025-05-01 13:00:46,933 INFO c.s.a.c.UserController {filterusers} [main] BEGIN getAll
2025-05-01 13:00:46,935 INFO c.s.a.c.UserController {filterusers} [main] END getAll
2025-05-01 13:00:46,951 INFO c.s.a.c.UserController {filterusers} [main] BEGIN getAll
2025-05-01 13:00:46,953 INFO c.s.a.c.UserController {filterusers} [main] END getAll
2025-05-01 13:00:46,974 INFO c.s.a.c.UserController {modifyUser} [main] BEGIN modifyUser
2025-05-01 13:00:46,974 INFO c.s.a.c.UserController {modifyUser} [main] END modifyUser
2025-05-01 13:00:47,001 INFO c.s.a.c.UserController {removeUser} [main] BEGIN removeUser
2025-05-01 13:00:47,160 INFO o.s.t.c.s.AbstractTestContextBootstrapper {buildDefaultMergedContextConfiguration} [main] Neither @ContextConfiguration nor @ContextHierarchy found for test class [com.svalero.apibikes.WorkShopControllerTests], using SpringBootContextLoader
2025-05-01 13:00:47,162 INFO o.s.t.c.s.AbstractContextLoader {generateDefaultLocations} [main] Could not detect default resource locations for test class [com.svalero.apibikes.WorkShopControllerTests]: no resource found for suffixes {-context.xml, Context.groovy}.
2025-05-01 13:00:47,164 INFO o.s.t.c.s.AnnotationConfigContextLoaderUtils {detectDefaultConfigurationClasses} [main] Could not detect default configuration classes for test class [com.svalero.apibikes.WorkShopControllerTests]: WorkShopControllerTests does not declare any static, non-private, non-final, nested classes annotated with @Configuration.
2025-05-01 13:00:47,180 INFO o.s.b.t.c.SpringBootTestContextBootstrapper {getOrFindConfigurationClasses} [main] Found @SpringBootConfiguration com.svalero.apibikes.HellospringApplication for test class com.svalero.apibikes.WorkShopControllerTests
2025-05-01 13:00:47,188 INFO o.s.t.c.s.AbstractTestContextBootstrapper {getDefaultTestExecutionListenerClassNames} [main] Loaded default TestExecutionListener class names from location [META-INF/spring.factories]: [org.springframework.boot.test.mock.mockito.MockitoTestExecutionListener, org.springframework.boot.test.mock.mockito.ResetMocksTestExecutionListener, org.springframework.boot.test.autoconfigure.restdocs.RestDocsTestExecutionListener, org.springframework.boot.test.autoconfigure.web.client.MockRestServiceServerResetTestExecutionListener, org.springframework.boot.test.autoconfigure.web.servlet.MockMvcPrintOnlyOnFailureTestExecutionListener, org.springframework.boot.test.autoconfigure.web.servlet.WebDriverTestExecutionListener, org.springframework.boot.test.autoconfigure.webservices.client.MockWebServiceServerTestExecutionListener, org.springframework.test.context.web.ServletTestExecutionListener, org.springframework.test.context.support.DirtiesContextBeforeModesTestExecutionListener, org.springframework.test.context.event.ApplicationEventsTestExecutionListener, org.springframework.test.context.support.DependencyInjectionTestExecutionListener, org.springframework.test.context.support.DirtiesContextTestExecutionListener, org.springframework.test.context.transaction.TransactionalTestExecutionListener, org.springframework.test.context.jdbc.SqlScriptsTestExecutionListener, org.springframework.test.context.event.EventPublishingTestExecutionListener]
2025-05-01 13:00:47,190 INFO o.s.t.c.s.AbstractTestContextBootstrapper {getTestExecutionListeners} [main] Using TestExecutionListeners: [org.springframework.test.context.web.ServletTestExecutionListener@1fa44f66, org.springframework.test.context.support.DirtiesContextBeforeModesTestExecutionListener@4229b92c, org.springframework.test.context.event.ApplicationEventsTestExecutionListener@47c356e, org.springframework.boot.test.mock.mockito.MockitoTestExecutionListener@66e218d8, org.springframework.boot.test.autoconfigure.SpringBootDependencyInjectionTestExecutionListener@5b80b41d, org.springframework.test.context.support.DirtiesContextTestExecutionListener@54ef9698, org.springframework.test.context.transaction.TransactionalTestExecutionListener@31dd0e2e, org.springframework.test.context.jdbc.SqlScriptsTestExecutionListener@478fe415, org.springframework.test.context.event.EventPublishingTestExecutionListener@197180a5, org.springframework.boot.test.mock.mockito.ResetMocksTestExecutionListener@31028e45, org.springframework.boot.test.autoconfigure.restdocs.RestDocsTestExecutionListener@68f75a35, org.springframework.boot.test.autoconfigure.web.client.MockRestServiceServerResetTestExecutionListener@50e0b472, org.springframework.boot.test.autoconfigure.web.servlet.MockMvcPrintOnlyOnFailureTestExecutionListener@45017263, org.springframework.boot.test.autoconfigure.web.servlet.WebDriverTestExecutionListener@6054ac20, org.springframework.boot.test.autoconfigure.webservices.client.MockWebServiceServerTestExecutionListener@32a074ed]
2025-05-01 13:00:47,272 INFO o.s.b.StartupInfoLogger {logStarting} [main] Starting WorkShopControllerTests using Java 21 on DESKTOP-A2Q7539 with PID 6400 (started by 34618 in C:\Users\34618\Documents\2DAM Gdo. Superior\Acceso a datos 2DAM\hellospring)
2025-05-01 13:00:47,274 INFO o.s.b.SpringApplication {logStartupProfileInfo} [main] The following 1 profile is active: "test"
2025-05-01 13:00:48,278 INFO o.s.s.w.DefaultSecurityFilterChain {<init>} [main] Will secure any request with [org.springframework.security.web.session.DisableEncodeUrlFilter@1ec4fdcf, org.springframework.security.web.context.request.async.WebAsyncManagerIntegrationFilter@515d615, org.springframework.security.web.context.SecurityContextPersistenceFilter@6a2057e, org.springframework.security.web.header.HeaderWriterFilter@54c37dab, org.springframework.security.web.authentication.logout.LogoutFilter@3702d0ed, org.springframework.security.web.savedrequest.RequestCacheAwareFilter@25d9298e, org.springframework.security.web.servletapi.SecurityContextHolderAwareRequestFilter@6ab826bb, org.springframework.security.web.authentication.AnonymousAuthenticationFilter@488b46da, org.springframework.security.web.session.SessionManagementFilter@49005dc4, org.springframework.security.web.access.ExceptionTranslationFilter@74faf450, org.springframework.security.web.access.intercept.FilterSecurityInterceptor@1d6a0962]
2025-05-01 13:00:49,192 INFO o.s.m.w.MockServletContext {log} [main] Initializing Spring TestDispatcherServlet ''
2025-05-01 13:00:49,193 INFO o.s.w.s.FrameworkServlet {initServletBean} [main] Initializing Servlet ''
2025-05-01 13:00:49,195 INFO o.s.w.s.FrameworkServlet {initServletBean} [main] Completed initialization in 2 ms
2025-05-01 13:00:49,224 INFO o.s.b.StartupInfoLogger {logStarted} [main] Started WorkShopControllerTests in 2.029 seconds (JVM running for 33.503)
2025-05-01 13:00:49,331 INFO c.s.a.c.WorkShopController {modifyWorkShop} [main] BEGIN modifyWorkShop
2025-05-01 13:00:49,337 INFO c.s.a.c.WorkShopController {modifyWorkShop} [main] END modifyWorkShop
2025-05-01 13:00:49,361 INFO c.s.a.c.WorkShopController {getWorkShop} [main] BEGIN getWorkShop
2025-05-01 13:00:49,363 INFO c.s.a.c.WorkShopController {getWorkShop} [main] END getWorkShop
2025-05-01 13:00:49,390 INFO c.s.a.c.WorkShopController {filterworkshops} [main] BEGIN getAll
2025-05-01 13:00:49,390 INFO c.s.a.c.WorkShopController {filterworkshops} [main] END getAll
2025-05-01 13:00:49,410 INFO c.s.a.c.WorkShopController {filterworkshops} [main] BEGIN getAll
2025-05-01 13:00:49,411 INFO c.s.a.c.WorkShopController {filterworkshops} [main] END getAll
2025-05-01 13:00:49,426 INFO c.s.a.c.WorkShopController {removeWorkShop} [main] BEGIN removeWorkShop
2025-05-01 13:00:49,428 INFO c.s.a.c.WorkShopController {removeWorkShop} [main] END removeWorkShop
2025-05-01 13:00:49,440 INFO c.s.a.c.WorkShopController {filterworkshops} [main] BEGIN getAll
2025-05-01 13:00:49,442 INFO c.s.a.c.WorkShopController {filterworkshops} [main] END getAll
2025-05-01 13:00:49,460 INFO c.s.a.c.WorkShopController {modifyWorkShop} [main] BEGIN modifyWorkShop
2025-05-01 13:00:49,523 INFO c.s.a.c.WorkShopController {removeWorkShop} [main] BEGIN removeWorkShop
2025-05-01 13:00:49,536 INFO c.s.a.c.WorkShopController {filterworkshops} [main] BEGIN getAll
2025-05-01 13:00:49,541 INFO c.s.a.c.WorkShopController {filterworkshops} [main] END getAll
2025-05-01 13:00:49,558 INFO c.s.a.c.WorkShopController {getWorkShop} [main] BEGIN getWorkShop
2025-05-01 13:00:49,581 INFO c.s.a.c.WorkShopController {filterworkshops} [main] BEGIN getAll
2025-05-01 13:00:49,586 INFO c.s.a.c.WorkShopController {filterworkshops} [main] END getAll
2025-05-01 13:00:49,602 INFO c.s.a.c.WorkShopController {addWorkShop} [main] BEGIN addWorkShop
2025-05-01 13:00:49,602 INFO c.s.a.c.WorkShopController {addWorkShop} [main] END addWorkShop
2025-05-01 13:01:09,189 INFO o.h.v.i.u.Version {<clinit>} [background-preinit] HV000001: Hibernate Validator 6.2.5.Final
2025-05-01 13:01:09,250 INFO o.s.b.StartupInfoLogger {logStarting} [main] Starting HellospringApplication using Java 21 on DESKTOP-A2Q7539 with PID 1048 (C:\Users\34618\Documents\2DAM Gdo. Superior\Acceso a datos 2DAM\hellospring\target\classes started by 34618 in C:\Users\34618\Documents\2DAM Gdo. Superior\Acceso a datos 2DAM\hellospring)
2025-05-01 13:01:09,264 INFO o.s.b.SpringApplication {logStartupProfileInfo} [main] No active profile set, falling back to 1 default profile: "default"
2025-05-01 13:01:11,172 INFO o.s.d.r.c.RepositoryConfigurationDelegate {registerRepositoriesIn} [main] Bootstrapping Spring Data JPA repositories in DEFAULT mode.
2025-05-01 13:01:11,341 INFO o.s.d.r.c.RepositoryConfigurationDelegate {registerRepositoriesIn} [main] Finished Spring Data repository scanning in 142 ms. Found 5 JPA repository interfaces.
2025-05-01 13:01:12,903 INFO o.s.b.w.e.t.TomcatWebServer {initialize} [main] Tomcat initialized with port(s): 8080 (http)
2025-05-01 13:01:12,921 INFO o.a.j.l.DirectJDKLog {log} [main] Initializing ProtocolHandler ["http-nio-8080"]
2025-05-01 13:01:12,934 INFO o.a.j.l.DirectJDKLog {log} [main] Starting service [Tomcat]
2025-05-01 13:01:12,934 INFO o.a.j.l.DirectJDKLog {log} [main] Starting Servlet engine: [Apache Tomcat/9.0.83]
2025-05-01 13:01:13,237 INFO o.a.j.l.DirectJDKLog {log} [main] Initializing Spring embedded WebApplicationContext
2025-05-01 13:01:13,237 INFO o.s.b.w.s.c.ServletWebServerApplicationContext {prepareWebApplicationContext} [main] Root WebApplicationContext: initialization completed in 3803 ms
2025-05-01 13:01:13,303 INFO c.z.h.HikariDataSource {getConnection} [main] HikariPool-1 - Starting...
2025-05-01 13:01:13,964 INFO c.z.h.HikariDataSource {getConnection} [main] HikariPool-1 - Start completed.
2025-05-01 13:01:13,989 INFO o.s.b.a.h.H2ConsoleAutoConfiguration {logDataSources} [main] H2 console available at '/h2-console'. Database available at 'jdbc:h2:file:C:/Users/34618/bikes.db'
2025-05-01 13:01:14,113 WARN o.s.b.a.o.j.JpaBaseConfiguration$JpaWebConfiguration {openEntityManagerInViewInterceptor} [main] spring.jpa.open-in-view is enabled by default. Therefore, database queries may be performed during view rendering. Explicitly configure spring.jpa.open-in-view to disable this warning
2025-05-01 13:01:14,304 INFO o.h.j.i.u.LogHelper {logPersistenceUnitInformation} [main] HHH000204: Processing PersistenceUnitInfo [name: default]
2025-05-01 13:01:14,479 INFO o.h.Version {logVersion} [main] HHH000412: Hibernate ORM core version 5.6.15.Final
2025-05-01 13:01:14,861 INFO o.h.a.c.r.j.JavaReflectionManager {<clinit>} [main] HCANN000001: Hibernate Commons Annotations {5.1.2.Final}
2025-05-01 13:01:15,164 INFO o.h.d.Dialect {<init>} [main] HHH000400: Using dialect: org.hibernate.dialect.H2Dialect
2025-05-01 13:01:16,997 INFO o.h.e.t.j.p.i.JtaPlatformInitiator {initiateService} [main] HHH000490: Using JtaPlatform implementation: [org.hibernate.engine.transaction.jta.platform.internal.NoJtaPlatform]
2025-05-01 13:01:17,011 INFO o.s.o.j.AbstractEntityManagerFactoryBean {buildNativeEntityManagerFactory} [main] Initialized JPA EntityManagerFactory for persistence unit 'default'
2025-05-01 13:01:19,478 INFO o.s.s.w.DefaultSecurityFilterChain {<init>} [main] Will secure any request with [org.springframework.security.web.session.DisableEncodeUrlFilter@7dc963be, org.springframework.security.web.context.request.async.WebAsyncManagerIntegrationFilter@61c4fc34, org.springframework.security.web.context.SecurityContextPersistenceFilter@5cea47a1, org.springframework.security.web.header.HeaderWriterFilter@2eb9c7ad, org.springframework.web.filter.CorsFilter@6f9999f6, org.springframework.security.web.authentication.logout.LogoutFilter@682d8dad, com.svalero.apibikes.security.AuthTokenFilter@7ce760af, org.springframework.security.web.savedrequest.RequestCacheAwareFilter@451cef67, org.springframework.security.web.servletapi.SecurityContextHolderAwareRequestFilter@4a977146, org.springframework.security.web.authentication.AnonymousAuthenticationFilter@5e085259, org.springframework.security.web.session.SessionManagementFilter@1d7d968c, org.springframework.security.web.access.ExceptionTranslationFilter@1fb61db4, org.springframework.security.web.access.intercept.FilterSecurityInterceptor@6ce8bf64]
2025-05-01 13:01:19,956 INFO o.a.j.l.DirectJDKLog {log} [main] Starting ProtocolHandler ["http-nio-8080"]
2025-05-01 13:01:20,022 INFO o.s.b.w.e.t.TomcatWebServer {start} [main] Tomcat started on port(s): 8080 (http) with context path ''
2025-05-01 13:01:20,037 INFO o.s.b.StartupInfoLogger {logStarted} [main] Started HellospringApplication in 12.065 seconds (JVM running for 13.052)
